duplicate_group,sha256,bytes,subject,relative_path,canonical,canonical_path
DUP-0001,0096a88f39eb80f375fe695ff289cea4b5bb09d1aeb48092ed301b1c02056d4f,122,컨트롤로직설계,fulladd_[STUDENT-ID]_[AUTHOR]__extracted\fulladd\fulladd\fulladd.sim\sim_1\behav\xsim\xsim.dir\fulladd_tb_behav\xsim.rtti,False,학부 과제 및 프로젝트\컨트롤로직설계\fulladd_[STUDENT-ID]_[AUTHOR]__extracted\fulladd\fulladd.sim\sim_1\behav\xsim\xsim.dir\fulladd_tb_behav\xsim.rtti
DUP-0001,0096a88f39eb80f375fe695ff289cea4b5bb09d1aeb48092ed301b1c02056d4f,122,컨트롤로직설계,fulladd_[STUDENT-ID]_[AUTHOR]__extracted\fulladd\fulladd.sim\sim_1\behav\xsim\xsim.dir\fulladd_tb_behav\xsim.rtti,True,학부 과제 및 프로젝트\컨트롤로직설계\fulladd_[STUDENT-ID]_[AUTHOR]__extracted\fulladd\fulladd.sim\sim_1\behav\xsim\xsim.dir\fulladd_tb_behav\xsim.rtti
DUP-0002,00e051bcb6d9756a65eec3dc3e5b0cef999c6c1b0ae9c98839084a36e3b5a506,52113,고주파공학,사진\homework5\ex12-3(시뮬하다가 중단)\5.png,True,학부 과제 및 프로젝트\고주파공학\사진\homework5\ex12-3(시뮬하다가 중단)\5.png
DUP-0002,00e051bcb6d9756a65eec3dc3e5b0cef999c6c1b0ae9c98839084a36e3b5a506,52113,고주파공학,사진\homework5\시뮬사진\스크린샷 2026-06-09 234714.png,False,학부 과제 및 프로젝트\고주파공학\사진\homework5\ex12-3(시뮬하다가 중단)\5.png
DUP-0003,01e4c01131c6f7ee3ba592c8db9680f16144ac485a2fb8f9d610c555fe81f13a,2164,컨트롤로직설계,fulladd_[STUDENT-ID]_[AUTHOR]__extracted\fulladd\fulladd\fulladd.sim\sim_1\behav\xsim\xsim.dir\xil_defaultlib\fulladd.vdb,False,학부 과제 및 프로젝트\컨트롤로직설계\fulladd_[STUDENT-ID]_[AUTHOR]__extracted\fulladd\fulladd.sim\sim_1\behav\xsim\xsim.dir\xil_defaultlib\fulladd.vdb
DUP-0003,01e4c01131c6f7ee3ba592c8db9680f16144ac485a2fb8f9d610c555fe81f13a,2164,컨트롤로직설계,fulladd_[STUDENT-ID]_[AUTHOR]__extracted\fulladd\fulladd.sim\sim_1\behav\xsim\xsim.dir\xil_defaultlib\fulladd.vdb,True,학부 과제 및 프로젝트\컨트롤로직설계\fulladd_[STUDENT-ID]_[AUTHOR]__extracted\fulladd\fulladd.sim\sim_1\behav\xsim\xsim.dir\xil_defaultlib\fulladd.vdb
DUP-0004,0a9bcda08552dff25163b13ad15886732a4d90ac1cf23758c397344f6d870c48,111761,고주파공학,사진\homework5\ex7-5\3.png,True,학부 과제 및 프로젝트\고주파공학\사진\homework5\ex7-5\3.png
DUP-0004,0a9bcda08552dff25163b13ad15886732a4d90ac1cf23758c397344f6d870c48,111761,고주파공학,사진\homework5\시뮬사진\스크린샷 2026-06-09 221938.png,False,학부 과제 및 프로젝트\고주파공학\사진\homework5\ex7-5\3.png
DUP-0005,0e126fcc5f0a42aba5569cac225a2879a0382620ef02a41ff913a248e84ec864,460,컨트롤로직설계,101 Sequence Recognizer_[STUDENT-ID]_[AUTHOR]__extracted\mealy_[STUDENT-ID]_[AUTHOR]\mealy.sim\sim_1\behav\xsim\mealy_tb.tcl,False,학부 과제 및 프로젝트\컨트롤로직설계\FSM__extracted\FSM\FSM.sim\sim_1\behav\xsim\mealy_tb.tcl
DUP-0005,0e126fcc5f0a42aba5569cac225a2879a0382620ef02a41ff913a248e84ec864,460,컨트롤로직설계,FSM__extracted\FSM\FSM.sim\sim_1\behav\xsim\mealy_tb.tcl,True,학부 과제 및 프로젝트\컨트롤로직설계\FSM__extracted\FSM\FSM.sim\sim_1\behav\xsim\mealy_tb.tcl
DUP-0005,0e126fcc5f0a42aba5569cac225a2879a0382620ef02a41ff913a248e84ec864,460,컨트롤로직설계,fulladd_[STUDENT-ID]_[AUTHOR]__extracted\fulladd\fulladd\fulladd.sim\sim_1\behav\xsim\add_4bits_tb.tcl,False,학부 과제 및 프로젝트\컨트롤로직설계\FSM__extracted\FSM\FSM.sim\sim_1\behav\xsim\mealy_tb.tcl
DUP-0005,0e126fcc5f0a42aba5569cac225a2879a0382620ef02a41ff913a248e84ec864,460,컨트롤로직설계,fulladd_[STUDENT-ID]_[AUTHOR]__extracted\fulladd\fulladd\fulladd.sim\sim_1\behav\xsim\fulladd_tb.tcl,False,학부 과제 및 프로젝트\컨트롤로직설계\FSM__extracted\FSM\FSM.sim\sim_1\behav\xsim\mealy_tb.tcl
DUP-0005,0e126fcc5f0a42aba5569cac225a2879a0382620ef02a41ff913a248e84ec864,460,컨트롤로직설계,fulladd_[STUDENT-ID]_[AUTHOR]__extracted\fulladd\fulladd.sim\sim_1\behav\xsim\add_4bits_tb.tcl,False,학부 과제 및 프로젝트\컨트롤로직설계\FSM__extracted\FSM\FSM.sim\sim_1\behav\xsim\mealy_tb.tcl
DUP-0005,0e126fcc5f0a42aba5569cac225a2879a0382620ef02a41ff913a248e84ec864,460,컨트롤로직설계,fulladd_[STUDENT-ID]_[AUTHOR]__extracted\fulladd\fulladd.sim\sim_1\behav\xsim\fulladd_tb.tcl,False,학부 과제 및 프로젝트\컨트롤로직설계\FSM__extracted\FSM\FSM.sim\sim_1\behav\xsim\mealy_tb.tcl
DUP-0005,0e126fcc5f0a42aba5569cac225a2879a0382620ef02a41ff913a248e84ec864,460,컨트롤로직설계,mealy_[STUDENT-ID]_[AUTHOR]__extracted\mealy_[STUDENT-ID]_[AUTHOR]\mealy.sim\sim_1\behav\xsim\mealy_tb.tcl,False,학부 과제 및 프로젝트\컨트롤로직설계\FSM__extracted\FSM\FSM.sim\sim_1\behav\xsim\mealy_tb.tcl
DUP-0005,0e126fcc5f0a42aba5569cac225a2879a0382620ef02a41ff913a248e84ec864,460,컨트롤로직설계,mux_8to1_[STUDENT-ID]_[AUTHOR]__extracted\mux_8to1.sim\sim_1\behav\xsim\dec_3to8_tb.tcl,False,학부 과제 및 프로젝트\컨트롤로직설계\FSM__extracted\FSM\FSM.sim\sim_1\behav\xsim\mealy_tb.tcl
DUP-0005,0e126fcc5f0a42aba5569cac225a2879a0382620ef02a41ff913a248e84ec864,460,컨트롤로직설계,mux_8to1_[STUDENT-ID]_[AUTHOR]__extracted\mux_8to1.sim\sim_1\behav\xsim\mux_8to1_tb.tcl,False,학부 과제 및 프로젝트\컨트롤로직설계\FSM__extracted\FSM\FSM.sim\sim_1\behav\xsim\mealy_tb.tcl
DUP-0006,10e1fbb839723da186802f6608e6d8ff61c58f84b2d37cfef83b5eb207090758,531,컨트롤로직설계,101 Sequence Recognizer_[STUDENT-ID]_[AUTHOR]__extracted\mealy_[STUDENT-ID]_[AUTHOR]\mealy.sim\sim_1\behav\xsim\elaborate.log,False,학부 과제 및 프로젝트\컨트롤로직설계\mealy_[STUDENT-ID]_[AUTHOR]__extracted\mealy_[STUDENT-ID]_[AUTHOR]\mealy.sim\sim_1\behav\xsim\elaborate.log
DUP-0006,10e1fbb839723da186802f6608e6d8ff61c58f84b2d37cfef83b5eb207090758,531,컨트롤로직설계,mealy_[STUDENT-ID]_[AUTHOR]__extracted\mealy_[STUDENT-ID]_[AUTHOR]\mealy.sim\sim_1\behav\xsim\elaborate.log,True,학부 과제 및 프로젝트\컨트롤로직설계\mealy_[STUDENT-ID]_[AUTHOR]__extracted\mealy_[STUDENT-ID]_[AUTHOR]\mealy.sim\sim_1\behav\xsim\elaborate.log
DUP-0007,11bcd6c2103604ee97ec7dc0f7c9fe43203cf081e7d6a9eb6db4e9f1a1f56688,6072,컨트롤로직설계,fulladd_[STUDENT-ID]_[AUTHOR]__extracted\fulladd\fulladd\fulladd.sim\sim_1\behav\xsim\xsim.dir\add_4bits_tb_behav\xsim.type,False,학부 과제 및 프로젝트\컨트롤로직설계\fulladd_[STUDENT-ID]_[AUTHOR]__extracted\fulladd\fulladd.sim\sim_1\behav\xsim\xsim.dir\add_4bits_tb_behav\xsim.type
DUP-0007,11bcd6c2103604ee97ec7dc0f7c9fe43203cf081e7d6a9eb6db4e9f1a1f56688,6072,컨트롤로직설계,fulladd_[STUDENT-ID]_[AUTHOR]__extracted\fulladd\fulladd.sim\sim_1\behav\xsim\xsim.dir\add_4bits_tb_behav\xsim.type,True,학부 과제 및 프로젝트\컨트롤로직설계\fulladd_[STUDENT-ID]_[AUTHOR]__extracted\fulladd\fulladd.sim\sim_1\behav\xsim\xsim.dir\add_4bits_tb_behav\xsim.type
DUP-0008,12cdb251b6cc792d7053598fde88f36e5b87fd0efb1d5183b7138e538e2dedb6,162112,고주파공학,사진\homework4\ex5-1\3.png,True,학부 과제 및 프로젝트\고주파공학\사진\homework4\ex5-1\3.png
DUP-0008,12cdb251b6cc792d7053598fde88f36e5b87fd0efb1d5183b7138e538e2dedb6,162112,고주파공학,사진\homework5\시뮬사진\스크린샷 2026-06-02 013103.png,False,학부 과제 및 프로젝트\고주파공학\사진\homework4\ex5-1\3.png
DUP-0009,12ed9173553bc2ada218f2277f151a5fda8b45b83ec87e9eb28c050e286ed58a,370,컨트롤로직설계,mux_8to1_[STUDENT-ID]_[AUTHOR]__extracted\mux_8to1.sim\sim_1\behav\xsim\compile.log,False,학부 과제 및 프로젝트\컨트롤로직설계\mux_8to1_[STUDENT-ID]_[AUTHOR]__extracted\mux_8to1.sim\sim_1\behav\xsim\xvhdl.log
DUP-0009,12ed9173553bc2ada218f2277f151a5fda8b45b83ec87e9eb28c050e286ed58a,370,컨트롤로직설계,mux_8to1_[STUDENT-ID]_[AUTHOR]__extracted\mux_8to1.sim\sim_1\behav\xsim\xvhdl.log,True,학부 과제 및 프로젝트\컨트롤로직설계\mux_8to1_[STUDENT-ID]_[AUTHOR]__extracted\mux_8to1.sim\sim_1\behav\xsim\xvhdl.log
DUP-0010,134a473c26689a80c81ab48f3448efbf375d3d0218da32ec3e965c3e74664ec1,1029,컨트롤로직설계,fulladd_[STUDENT-ID]_[AUTHOR]__extracted\fulladd\fulladd\fulladd.sim\sim_1\behav\xsim\simulate.bat,False,학부 과제 및 프로젝트\컨트롤로직설계\fulladd_[STUDENT-ID]_[AUTHOR]__extracted\fulladd\fulladd.sim\sim_1\behav\xsim\simulate.bat
DUP-0010,134a473c26689a80c81ab48f3448efbf375d3d0218da32ec3e965c3e74664ec1,1029,컨트롤로직설계,fulladd_[STUDENT-ID]_[AUTHOR]__extracted\fulladd\fulladd.sim\sim_1\behav\xsim\simulate.bat,True,학부 과제 및 프로젝트\컨트롤로직설계\fulladd_[STUDENT-ID]_[AUTHOR]__extracted\fulladd\fulladd.sim\sim_1\behav\xsim\simulate.bat
DUP-0011,17176de307ffd321146be4c804b88dc01ca0aaadb367af34f92dedc54c31e773,939,컨트롤로직설계,101 Sequence Recognizer_[STUDENT-ID]_[AUTHOR]__extracted\mealy_[STUDENT-ID]_[AUTHOR]\mealy.sim\sim_1\behav\xsim\compile.bat,False,학부 과제 및 프로젝트\컨트롤로직설계\mealy_[STUDENT-ID]_[AUTHOR]__extracted\mealy_[STUDENT-ID]_[AUTHOR]\mealy.sim\sim_1\behav\xsim\compile.bat
DUP-0011,17176de307ffd321146be4c804b88dc01ca0aaadb367af34f92dedc54c31e773,939,컨트롤로직설계,mealy_[STUDENT-ID]_[AUTHOR]__extracted\mealy_[STUDENT-ID]_[AUTHOR]\mealy.sim\sim_1\behav\xsim\compile.bat,True,학부 과제 및 프로젝트\컨트롤로직설계\mealy_[STUDENT-ID]_[AUTHOR]__extracted\mealy_[STUDENT-ID]_[AUTHOR]\mealy.sim\sim_1\behav\xsim\compile.bat
DUP-0012,1ca71b0f59d0ee5c6b0718a86c75a1f26d837daba2703eebf200c68de44251bf,651727,전력시스템공학,사진\서지임피던스 계산 및 프로그램 실행_[STUDENT-ID]_[AUTHOR].pdf,True,학부 과제 및 프로젝트\전력시스템공학\사진\서지임피던스 계산 및 프로그램 실행_[STUDENT-ID]_[AUTHOR].pdf
DUP-0012,1ca71b0f59d0ee5c6b0718a86c75a1f26d837daba2703eebf200c68de44251bf,651727,전력시스템공학,중간과제\[STUDENT-ID]_[AUTHOR]\서지임피던스 계산 및 프로그램 실행_[STUDENT-ID]_[AUTHOR].pdf,False,학부 과제 및 프로젝트\전력시스템공학\사진\서지임피던스 계산 및 프로그램 실행_[STUDENT-ID]_[AUTHOR].pdf
DUP-0012,1ca71b0f59d0ee5c6b0718a86c75a1f26d837daba2703eebf200c68de44251bf,651727,전력시스템공학,중간과제\[STUDENT-ID]_[AUTHOR]__extracted\서지임피던스 계산 및 프로그램 실행_[STUDENT-ID]_[AUTHOR].pdf,False,학부 과제 및 프로젝트\전력시스템공학\사진\서지임피던스 계산 및 프로그램 실행_[STUDENT-ID]_[AUTHOR].pdf
DUP-0012,1ca71b0f59d0ee5c6b0718a86c75a1f26d837daba2703eebf200c68de44251bf,651727,전력시스템공학,중간과제\서지임피던스 계산 및 프로그램 실행_[STUDENT-ID]_[AUTHOR].pdf,False,학부 과제 및 프로젝트\전력시스템공학\사진\서지임피던스 계산 및 프로그램 실행_[STUDENT-ID]_[AUTHOR].pdf
DUP-0013,1e1efef69f96654a0291cbd4007a150cb608fb67cee55e8db15144e739e899e7,392,컨트롤로직설계,101 Sequence Recognizer_[STUDENT-ID]_[AUTHOR]__extracted\mealy_[STUDENT-ID]_[AUTHOR]\mealy.sim\sim_1\behav\xsim\xsim.dir\mealy_tb_behav\xsim.xdbg,False,학부 과제 및 프로젝트\컨트롤로직설계\mealy_[STUDENT-ID]_[AUTHOR]__extracted\mealy_[STUDENT-ID]_[AUTHOR]\mealy.sim\sim_1\behav\xsim\xsim.dir\mealy_tb_behav\xsim.xdbg
DUP-0013,1e1efef69f96654a0291cbd4007a150cb608fb67cee55e8db15144e739e899e7,392,컨트롤로직설계,mealy_[STUDENT-ID]_[AUTHOR]__extracted\mealy_[STUDENT-ID]_[AUTHOR]\mealy.sim\sim_1\behav\xsim\xsim.dir\mealy_tb_behav\xsim.xdbg,True,학부 과제 및 프로젝트\컨트롤로직설계\mealy_[STUDENT-ID]_[AUTHOR]__extracted\mealy_[STUDENT-ID]_[AUTHOR]\mealy.sim\sim_1\behav\xsim\xsim.dir\mealy_tb_behav\xsim.xdbg
DUP-0014,2181df29523d237366cec8ad07f5df860b1881b145505cf617982deffdc45141,1707,컨트롤로직설계,fulladd_[STUDENT-ID]_[AUTHOR]__extracted\fulladd\fulladd\fulladd.sim\sim_1\behav\xsim\xelab.pb,False,학부 과제 및 프로젝트\컨트롤로직설계\fulladd_[STUDENT-ID]_[AUTHOR]__extracted\fulladd\fulladd.sim\sim_1\behav\xsim\xelab.pb
DUP-0014,2181df29523d237366cec8ad07f5df860b1881b145505cf617982deffdc45141,1707,컨트롤로직설계,fulladd_[STUDENT-ID]_[AUTHOR]__extracted\fulladd\fulladd.sim\sim_1\behav\xsim\xelab.pb,True,학부 과제 및 프로젝트\컨트롤로직설계\fulladd_[STUDENT-ID]_[AUTHOR]__extracted\fulladd\fulladd.sim\sim_1\behav\xsim\xelab.pb
DUP-0015,23ceae32a75682b42374981d08b04fee7939d8a736393cbf8d53521ba94c33f5,2541,컨트롤로직설계,101 Sequence Recognizer_[STUDENT-ID]_[AUTHOR]__extracted\mealy_[STUDENT-ID]_[AUTHOR]\mealy.srcs\sources_1\new\mealy.vhd,False,학부 과제 및 프로젝트\컨트롤로직설계\mealy_[STUDENT-ID]_[AUTHOR]__extracted\mealy_[STUDENT-ID]_[AUTHOR]\mealy.srcs\sources_1\new\mealy.vhd
DUP-0015,23ceae32a75682b42374981d08b04fee7939d8a736393cbf8d53521ba94c33f5,2541,컨트롤로직설계,mealy_[STUDENT-ID]_[AUTHOR]__extracted\mealy_[STUDENT-ID]_[AUTHOR]\mealy.srcs\sources_1\new\mealy.vhd,True,학부 과제 및 프로젝트\컨트롤로직설계\mealy_[STUDENT-ID]_[AUTHOR]__extracted\mealy_[STUDENT-ID]_[AUTHOR]\mealy.srcs\sources_1\new\mealy.vhd
DUP-0016,264ddf871a958165c1160a871bfa9982a900ffbb6fca7b0139d50dd17ea2b111,3136,컨트롤로직설계,fulladd_[STUDENT-ID]_[AUTHOR]__extracted\fulladd\fulladd\fulladd.sim\sim_1\behav\xsim\xsim.dir\add_4bits_tb_behav\xsim.mem,False,학부 과제 및 프로젝트\컨트롤로직설계\fulladd_[STUDENT-ID]_[AUTHOR]__extracted\fulladd\fulladd.sim\sim_1\behav\xsim\xsim.dir\add_4bits_tb_behav\xsim.mem
DUP-0016,264ddf871a958165c1160a871bfa9982a900ffbb6fca7b0139d50dd17ea2b111,3136,컨트롤로직설계,fulladd_[STUDENT-ID]_[AUTHOR]__extracted\fulladd\fulladd.sim\sim_1\behav\xsim\xsim.dir\add_4bits_tb_behav\xsim.mem,True,학부 과제 및 프로젝트\컨트롤로직설계\fulladd_[STUDENT-ID]_[AUTHOR]__extracted\fulladd\fulladd.sim\sim_1\behav\xsim\xsim.dir\add_4bits_tb_behav\xsim.mem
DUP-0017,26bb4b9fc34cbc6b3e52deab06dfec29e251862b1f51c43bc40f5f83fbd7a023,22955,전력시스템공학,중간과제\[STUDENT-ID]_[AUTHOR]\B7flatlp.aux,True,학부 과제 및 프로젝트\전력시스템공학\중간과제\[STUDENT-ID]_[AUTHOR]\B7flatlp.aux
DUP-0017,26bb4b9fc34cbc6b3e52deab06dfec29e251862b1f51c43bc40f5f83fbd7a023,22955,전력시스템공학,중간과제\[STUDENT-ID]_[AUTHOR]__extracted\B7flatlp.aux,False,학부 과제 및 프로젝트\전력시스템공학\중간과제\[STUDENT-ID]_[AUTHOR]\B7flatlp.aux
DUP-0018,26e07c858b8d80282be18b10e16ce0e19d25a4cc8bc2cd561f06dc7257bede64,218,컨트롤로직설계,101 Sequence Recognizer_[STUDENT-ID]_[AUTHOR]__extracted\mealy_[STUDENT-ID]_[AUTHOR]\mealy.sim\sim_1\behav\xsim\xsim.dir\xil_defaultlib\xil_defaultlib.rlx,False,학부 과제 및 프로젝트\컨트롤로직설계\mealy_[STUDENT-ID]_[AUTHOR]__extracted\mealy_[STUDENT-ID]_[AUTHOR]\mealy.sim\sim_1\behav\xsim\xsim.dir\xil_defaultlib\xil_defaultlib.rlx
DUP-0018,26e07c858b8d80282be18b10e16ce0e19d25a4cc8bc2cd561f06dc7257bede64,218,컨트롤로직설계,mealy_[STUDENT-ID]_[AUTHOR]__extracted\mealy_[STUDENT-ID]_[AUTHOR]\mealy.sim\sim_1\behav\xsim\xsim.dir\xil_defaultlib\xil_defaultlib.rlx,True,학부 과제 및 프로젝트\컨트롤로직설계\mealy_[STUDENT-ID]_[AUTHOR]__extracted\mealy_[STUDENT-ID]_[AUTHOR]\mealy.sim\sim_1\behav\xsim\xsim.dir\xil_defaultlib\xil_defaultlib.rlx
DUP-0019,27396d4b6b6c1c0cb3c3a211fadea8bb144873e4225419debede58fbcc618967,440,컨트롤로직설계,fulladd_[STUDENT-ID]_[AUTHOR]__extracted\fulladd\fulladd\fulladd.sim\sim_1\behav\xsim\xsim.dir\xil_defaultlib\xil_defaultlib.rlx,False,학부 과제 및 프로젝트\컨트롤로직설계\fulladd_[STUDENT-ID]_[AUTHOR]__extracted\fulladd\fulladd.sim\sim_1\behav\xsim\xsim.dir\xil_defaultlib\xil_defaultlib.rlx
DUP-0019,27396d4b6b6c1c0cb3c3a211fadea8bb144873e4225419debede58fbcc618967,440,컨트롤로직설계,fulladd_[STUDENT-ID]_[AUTHOR]__extracted\fulladd\fulladd.sim\sim_1\behav\xsim\xsim.dir\xil_defaultlib\xil_defaultlib.rlx,True,학부 과제 및 프로젝트\컨트롤로직설계\fulladd_[STUDENT-ID]_[AUTHOR]__extracted\fulladd\fulladd.sim\sim_1\behav\xsim\xsim.dir\xil_defaultlib\xil_defaultlib.rlx
DUP-0020,2cdc363cad3b81b6228aa1eeaf979649a38f00b0081f5ed220f096cd0a06217d,7670,전력시스템공학,중간과제\[STUDENT-ID]_[AUTHOR]\B7flatlp.pwb,True,학부 과제 및 프로젝트\전력시스템공학\중간과제\[STUDENT-ID]_[AUTHOR]\B7flatlp.pwb
DUP-0020,2cdc363cad3b81b6228aa1eeaf979649a38f00b0081f5ed220f096cd0a06217d,7670,전력시스템공학,중간과제\[STUDENT-ID]_[AUTHOR]__extracted\B7flatlp.pwb,False,학부 과제 및 프로젝트\전력시스템공학\중간과제\[STUDENT-ID]_[AUTHOR]\B7flatlp.pwb
DUP-0021,30755bdbf0e71978950dee58d29dd33c2800258205ec859cc30a9de31722fe96,24373,전력시스템공학,중간과제\[STUDENT-ID]_[AUTHOR]\sample1 test.PWB,False,학부 과제 및 프로젝트\전력시스템공학\중간과제\sample1 test.PWB
DUP-0021,30755bdbf0e71978950dee58d29dd33c2800258205ec859cc30a9de31722fe96,24373,전력시스템공학,중간과제\[STUDENT-ID]_[AUTHOR]__extracted\sample1 test.PWB,False,학부 과제 및 프로젝트\전력시스템공학\중간과제\sample1 test.PWB
DUP-0021,30755bdbf0e71978950dee58d29dd33c2800258205ec859cc30a9de31722fe96,24373,전력시스템공학,중간과제\sample1 test.PWB,True,학부 과제 및 프로젝트\전력시스템공학\중간과제\sample1 test.PWB
DUP-0022,30b9090a58bee4a6f998147eeac4aec51e986d33413ba98b948d1969e82075cf,2550,컨트롤로직설계,fulladd_[STUDENT-ID]_[AUTHOR]__extracted\fulladd\fulladd\fulladd.sim\sim_1\behav\xsim\xsim.dir\fulladd_tb_behav\xsim.mem,False,학부 과제 및 프로젝트\컨트롤로직설계\fulladd_[STUDENT-ID]_[AUTHOR]__extracted\fulladd\fulladd.sim\sim_1\behav\xsim\xsim.dir\fulladd_tb_behav\xsim.mem
DUP-0022,30b9090a58bee4a6f998147eeac4aec51e986d33413ba98b948d1969e82075cf,2550,컨트롤로직설계,fulladd_[STUDENT-ID]_[AUTHOR]__extracted\fulladd\fulladd.sim\sim_1\behav\xsim\xsim.dir\fulladd_tb_behav\xsim.mem,True,학부 과제 및 프로젝트\컨트롤로직설계\fulladd_[STUDENT-ID]_[AUTHOR]__extracted\fulladd\fulladd.sim\sim_1\behav\xsim\xsim.dir\fulladd_tb_behav\xsim.mem
DUP-0023,33dfadf9e61de5dd1067a364bb9486440c932071e4b7fbbb3b7615b0427ab37b,1546,컨트롤로직설계,fulladd_[STUDENT-ID]_[AUTHOR]__extracted\fulladd\fulladd\fulladd.srcs\sources_1\new\add_4bits.vhd,False,학부 과제 및 프로젝트\컨트롤로직설계\fulladd_[STUDENT-ID]_[AUTHOR]__extracted\fulladd\fulladd.srcs\sources_1\new\add_4bits.vhd
DUP-0023,33dfadf9e61de5dd1067a364bb9486440c932071e4b7fbbb3b7615b0427ab37b,1546,컨트롤로직설계,fulladd_[STUDENT-ID]_[AUTHOR]__extracted\fulladd\fulladd.srcs\sources_1\new\add_4bits.vhd,True,학부 과제 및 프로젝트\컨트롤로직설계\fulladd_[STUDENT-ID]_[AUTHOR]__extracted\fulladd\fulladd.srcs\sources_1\new\add_4bits.vhd
DUP-0024,35909ab2f7f18ecc8ac245ae92e9492c974af1d02a296ce7db6ea79bdf5ba922,11766,컨트롤로직설계,fulladd_[STUDENT-ID]_[AUTHOR]__extracted\fulladd\fulladd\fulladd.xpr,False,학부 과제 및 프로젝트\컨트롤로직설계\fulladd_[STUDENT-ID]_[AUTHOR]__extracted\fulladd\fulladd.xpr
DUP-0024,35909ab2f7f18ecc8ac245ae92e9492c974af1d02a296ce7db6ea79bdf5ba922,11766,컨트롤로직설계,fulladd_[STUDENT-ID]_[AUTHOR]__extracted\fulladd\fulladd.xpr,True,학부 과제 및 프로젝트\컨트롤로직설계\fulladd_[STUDENT-ID]_[AUTHOR]__extracted\fulladd\fulladd.xpr
DUP-0025,3667bbeca788c3c1a4aaa42e93ad95a7b9ccea871f4782991ffa2a383f80181e,15403,고주파공학,사진\homework5\ex7-5\1.png,True,학부 과제 및 프로젝트\고주파공학\사진\homework5\ex7-5\1.png
DUP-0025,3667bbeca788c3c1a4aaa42e93ad95a7b9ccea871f4782991ffa2a383f80181e,15403,고주파공학,사진\homework5\시뮬사진\스크린샷 2026-06-09 221825.png,False,학부 과제 및 프로젝트\고주파공학\사진\homework5\ex7-5\1.png
DUP-0026,371a5f17f1ea347b2a743eecd257c5fbcbb5298c0e1ce765ff966479f59c7ace,47506,고주파공학,사진\homework5\ex7-2\7.png,True,학부 과제 및 프로젝트\고주파공학\사진\homework5\ex7-2\7.png
DUP-0026,371a5f17f1ea347b2a743eecd257c5fbcbb5298c0e1ce765ff966479f59c7ace,47506,고주파공학,사진\homework5\시뮬사진\스크린샷 2026-06-09 214737.png,False,학부 과제 및 프로젝트\고주파공학\사진\homework5\ex7-2\7.png
DUP-0027,3776b9eb99e3f8cf05977d338046023cebf3eec52ef78398dd363e37626677d3,3758,전동기제어,전동기 프로젝트\dc모터 최종 코드.txt,True,학부 과제 및 프로젝트\전동기제어\전동기 프로젝트\dc모터 최종 코드.txt
DUP-0027,3776b9eb99e3f8cf05977d338046023cebf3eec52ef78398dd363e37626677d3,3758,전동기제어,전동기 프로젝트__extracted\dc모터 최종 코드.txt,False,학부 과제 및 프로젝트\전동기제어\전동기 프로젝트\dc모터 최종 코드.txt
DUP-0028,37997c252bb8774ed625fa362256c5712fd18c4b7b7f455c3b839221d1d91225,22286,전동기제어,사진\속도응답.png,True,학부 과제 및 프로젝트\전동기제어\사진\속도응답.png
DUP-0028,37997c252bb8774ed625fa362256c5712fd18c4b7b7f455c3b839221d1d91225,22286,전동기제어,전동기 프로젝트\속도응답.png,False,학부 과제 및 프로젝트\전동기제어\사진\속도응답.png
DUP-0028,37997c252bb8774ed625fa362256c5712fd18c4b7b7f455c3b839221d1d91225,22286,전동기제어,전동기 프로젝트__extracted\속도응답.png,False,학부 과제 및 프로젝트\전동기제어\사진\속도응답.png
DUP-0029,38adc31b96dda4911dfbb2724e2411c30b13078589fdcff3edb0abfcc710d031,121336,고주파공학,사진\homework4\ex5-2\design ex5-7.png,True,학부 과제 및 프로젝트\고주파공학\사진\homework4\ex5-2\design ex5-7.png
DUP-0029,38adc31b96dda4911dfbb2724e2411c30b13078589fdcff3edb0abfcc710d031,121336,고주파공학,사진\homework5\시뮬사진\스크린샷 2026-05-28 163648.png,False,학부 과제 및 프로젝트\고주파공학\사진\homework4\ex5-2\design ex5-7.png
DUP-0030,38c6b2759b1899a5b5f3efd2e88cb22dc9b121734b02f5485c33694ab561a80f,262558,고주파공학,사진\homework4\ex5-1\5.png,True,학부 과제 및 프로젝트\고주파공학\사진\homework4\ex5-1\5.png
DUP-0030,38c6b2759b1899a5b5f3efd2e88cb22dc9b121734b02f5485c33694ab561a80f,262558,고주파공학,사진\homework5\시뮬사진\스크린샷 2026-05-31 201127.png,False,학부 과제 및 프로젝트\고주파공학\사진\homework4\ex5-1\5.png
DUP-0031,3989b8fb143692a6803cf75f727cb6e3d2902eace942a208d86440568b1e5f3f,1005,컨트롤로직설계,101 Sequence Recognizer_[STUDENT-ID]_[AUTHOR]__extracted\mealy_[STUDENT-ID]_[AUTHOR]\mealy.sim\sim_1\behav\xsim\simulate.bat,False,학부 과제 및 프로젝트\컨트롤로직설계\mealy_[STUDENT-ID]_[AUTHOR]__extracted\mealy_[STUDENT-ID]_[AUTHOR]\mealy.sim\sim_1\behav\xsim\simulate.bat
DUP-0031,3989b8fb143692a6803cf75f727cb6e3d2902eace942a208d86440568b1e5f3f,1005,컨트롤로직설계,mealy_[STUDENT-ID]_[AUTHOR]__extracted\mealy_[STUDENT-ID]_[AUTHOR]\mealy.sim\sim_1\behav\xsim\simulate.bat,True,학부 과제 및 프로젝트\컨트롤로직설계\mealy_[STUDENT-ID]_[AUTHOR]__extracted\mealy_[STUDENT-ID]_[AUTHOR]\mealy.sim\sim_1\behav\xsim\simulate.bat
DUP-0032,39d8024d8316fc33106337f53560d78edf039a9469e04f1337b1ef0a5452d23c,322,컨트롤로직설계,101 Sequence Recognizer_[STUDENT-ID]_[AUTHOR]__extracted\mealy_[STUDENT-ID]_[AUTHOR]\mealy.sim\sim_1\behav\xsim\xsim.dir\mealy_tb_behav\xsimkernel.log,False,학부 과제 및 프로젝트\컨트롤로직설계\mealy_[STUDENT-ID]_[AUTHOR]__extracted\mealy_[STUDENT-ID]_[AUTHOR]\mealy.sim\sim_1\behav\xsim\xsim.dir\mealy_tb_behav\xsimkernel.log
DUP-0032,39d8024d8316fc33106337f53560d78edf039a9469e04f1337b1ef0a5452d23c,322,컨트롤로직설계,mealy_[STUDENT-ID]_[AUTHOR]__extracted\mealy_[STUDENT-ID]_[AUTHOR]\mealy.sim\sim_1\behav\xsim\xsim.dir\mealy_tb_behav\xsimkernel.log,True,학부 과제 및 프로젝트\컨트롤로직설계\mealy_[STUDENT-ID]_[AUTHOR]__extracted\mealy_[STUDENT-ID]_[AUTHOR]\mealy.sim\sim_1\behav\xsim\xsim.dir\mealy_tb_behav\xsimkernel.log
DUP-0033,3b161adce444fc7a8268080110cf120730dd4bc09554d7209b143b63a83843f2,111012,고주파공학,사진\homework5\ex7-2\3.png,True,학부 과제 및 프로젝트\고주파공학\사진\homework5\ex7-2\3.png
DUP-0033,3b161adce444fc7a8268080110cf120730dd4bc09554d7209b143b63a83843f2,111012,고주파공학,사진\homework5\시뮬사진\스크린샷 2026-06-09 210307.png,False,학부 과제 및 프로젝트\고주파공학\사진\homework5\ex7-2\3.png
DUP-0034,3b621ed539a48af134f58aed4ef610e42c717f35b499f3f6e078ec5155d1b055,2490,전동기제어,전동기 프로젝트\속도응답 매트랩코드.txt,True,학부 과제 및 프로젝트\전동기제어\전동기 프로젝트\속도응답 매트랩코드.txt
DUP-0034,3b621ed539a48af134f58aed4ef610e42c717f35b499f3f6e078ec5155d1b055,2490,전동기제어,전동기 프로젝트__extracted\속도응답 매트랩코드.txt,False,학부 과제 및 프로젝트\전동기제어\전동기 프로젝트\속도응답 매트랩코드.txt
DUP-0035,3bdff42b8b561ba75629af55eaa1ab6580e3dce3eeac5d42b6d277db4a462089,144855,고주파공학,사진\homework5\ex7-5\ex7.5.png,True,학부 과제 및 프로젝트\고주파공학\사진\homework5\ex7-5\ex7.5.png
DUP-0035,3bdff42b8b561ba75629af55eaa1ab6580e3dce3eeac5d42b6d277db4a462089,144855,고주파공학,사진\homework5\시뮬사진\스크린샷 2026-06-09 144855.png,False,학부 과제 및 프로젝트\고주파공학\사진\homework5\ex7-5\ex7.5.png
DUP-0036,3e007a0c3af1e7dcd521720e3388d5ddedaece0ebde0d4fa74ba43759e7bff6c,105359,고주파공학,사진\homework4\ex5-1\design ex5-6.png,True,학부 과제 및 프로젝트\고주파공학\사진\homework4\ex5-1\design ex5-6.png
DUP-0036,3e007a0c3af1e7dcd521720e3388d5ddedaece0ebde0d4fa74ba43759e7bff6c,105359,고주파공학,사진\homework5\시뮬사진\스크린샷 2026-05-28 163634.png,False,학부 과제 및 프로젝트\고주파공학\사진\homework4\ex5-1\design ex5-6.png
DUP-0037,433f3b84dddc9d8adf4cebcc5c5e55fb8fa4b086eacc6141716fc079e54a0123,691,컨트롤로직설계,101 Sequence Recognizer_[STUDENT-ID]_[AUTHOR]__extracted\mealy_[STUDENT-ID]_[AUTHOR]\mealy.sim\sim_1\behav\xsim\xsim.dir\mealy_tb_behav\xsim.rlx,False,학부 과제 및 프로젝트\컨트롤로직설계\mealy_[STUDENT-ID]_[AUTHOR]__extracted\mealy_[STUDENT-ID]_[AUTHOR]\mealy.sim\sim_1\behav\xsim\xsim.dir\mealy_tb_behav\xsim.rlx
DUP-0037,433f3b84dddc9d8adf4cebcc5c5e55fb8fa4b086eacc6141716fc079e54a0123,691,컨트롤로직설계,mealy_[STUDENT-ID]_[AUTHOR]__extracted\mealy_[STUDENT-ID]_[AUTHOR]\mealy.sim\sim_1\behav\xsim\xsim.dir\mealy_tb_behav\xsim.rlx,True,학부 과제 및 프로젝트\컨트롤로직설계\mealy_[STUDENT-ID]_[AUTHOR]__extracted\mealy_[STUDENT-ID]_[AUTHOR]\mealy.sim\sim_1\behav\xsim\xsim.dir\mealy_tb_behav\xsim.rlx
DUP-0038,435e2f49b5a7466a095090614a7f7a65bdae38fb4c89c537fc08f95970b0fbc1,838,컨트롤로직설계,101 Sequence Recognizer_[STUDENT-ID]_[AUTHOR]__extracted\mealy_[STUDENT-ID]_[AUTHOR]\mealy.sim\sim_1\behav\xsim\xelab.pb,False,학부 과제 및 프로젝트\컨트롤로직설계\mealy_[STUDENT-ID]_[AUTHOR]__extracted\mealy_[STUDENT-ID]_[AUTHOR]\mealy.sim\sim_1\behav\xsim\xelab.pb
DUP-0038,435e2f49b5a7466a095090614a7f7a65bdae38fb4c89c537fc08f95970b0fbc1,838,컨트롤로직설계,mealy_[STUDENT-ID]_[AUTHOR]__extracted\mealy_[STUDENT-ID]_[AUTHOR]\mealy.sim\sim_1\behav\xsim\xelab.pb,True,학부 과제 및 프로젝트\컨트롤로직설계\mealy_[STUDENT-ID]_[AUTHOR]__extracted\mealy_[STUDENT-ID]_[AUTHOR]\mealy.sim\sim_1\behav\xsim\xelab.pb
DUP-0039,44379583071a26053af9a2fb276211277956c40ec82ad684cc273fa5171df92e,43103,전동기제어,사진\전류응답matlab.png,True,학부 과제 및 프로젝트\전동기제어\사진\전류응답matlab.png
DUP-0039,44379583071a26053af9a2fb276211277956c40ec82ad684cc273fa5171df92e,43103,전동기제어,전동기 프로젝트\전류응답matlab.png,False,학부 과제 및 프로젝트\전동기제어\사진\전류응답matlab.png
DUP-0039,44379583071a26053af9a2fb276211277956c40ec82ad684cc273fa5171df92e,43103,전동기제어,전동기 프로젝트__extracted\전류응답matlab.png,False,학부 과제 및 프로젝트\전동기제어\사진\전류응답matlab.png
DUP-0040,480d436446d173686d15c411150a77734d1819827bb12010afaba289f003f796,21601,고주파공학,사진\homework5\ex12-3(시뮬하다가 중단)\1.png,True,학부 과제 및 프로젝트\고주파공학\사진\homework5\ex12-3(시뮬하다가 중단)\1.png
DUP-0040,480d436446d173686d15c411150a77734d1819827bb12010afaba289f003f796,21601,고주파공학,사진\homework5\시뮬사진\스크린샷 2026-06-09 233922.png,False,학부 과제 및 프로젝트\고주파공학\사진\homework5\ex12-3(시뮬하다가 중단)\1.png
DUP-0041,4ce43d247aa5885feb217e0849376c1530b19d1483cff18e4af0227e81ad64de,202,컨트롤로직설계,101 Sequence Recognizer_[STUDENT-ID]_[AUTHOR]__extracted\mealy_[STUDENT-ID]_[AUTHOR]\mealy.sim\sim_1\behav\xsim\mealy_tb_vhdl.prj,False,학부 과제 및 프로젝트\컨트롤로직설계\mealy_[STUDENT-ID]_[AUTHOR]__extracted\mealy_[STUDENT-ID]_[AUTHOR]\mealy.sim\sim_1\behav\xsim\mealy_tb_vhdl.prj
DUP-0041,4ce43d247aa5885feb217e0849376c1530b19d1483cff18e4af0227e81ad64de,202,컨트롤로직설계,mealy_[STUDENT-ID]_[AUTHOR]__extracted\mealy_[STUDENT-ID]_[AUTHOR]\mealy.sim\sim_1\behav\xsim\mealy_tb_vhdl.prj,True,학부 과제 및 프로젝트\컨트롤로직설계\mealy_[STUDENT-ID]_[AUTHOR]__extracted\mealy_[STUDENT-ID]_[AUTHOR]\mealy.sim\sim_1\behav\xsim\mealy_tb_vhdl.prj
DUP-0042,4e33c153410159dcc37f58e043f5caeb631cdb548dea000240b850787d0ddc63,299,컨트롤로직설계,101 Sequence Recognizer_[STUDENT-ID]_[AUTHOR]__extracted\mealy_[STUDENT-ID]_[AUTHOR]\mealy.sim\sim_1\behav\xsim\xsim.dir\mealy_tb_behav\xsim.rtti,False,학부 과제 및 프로젝트\컨트롤로직설계\mealy_[STUDENT-ID]_[AUTHOR]__extracted\mealy_[STUDENT-ID]_[AUTHOR]\mealy.sim\sim_1\behav\xsim\xsim.dir\mealy_tb_behav\xsim.rtti
DUP-0042,4e33c153410159dcc37f58e043f5caeb631cdb548dea000240b850787d0ddc63,299,컨트롤로직설계,mealy_[STUDENT-ID]_[AUTHOR]__extracted\mealy_[STUDENT-ID]_[AUTHOR]\mealy.sim\sim_1\behav\xsim\xsim.dir\mealy_tb_behav\xsim.rtti,True,학부 과제 및 프로젝트\컨트롤로직설계\mealy_[STUDENT-ID]_[AUTHOR]__extracted\mealy_[STUDENT-ID]_[AUTHOR]\mealy.sim\sim_1\behav\xsim\xsim.dir\mealy_tb_behav\xsim.rtti
DUP-0043,4f6bb5d08c582e016018e609e891905dbd9e198b74a51eaff1908118671fdd1a,2553,전동기제어,전동기 프로젝트\전류응답 코드.txt,True,학부 과제 및 프로젝트\전동기제어\전동기 프로젝트\전류응답 코드.txt
DUP-0043,4f6bb5d08c582e016018e609e891905dbd9e198b74a51eaff1908118671fdd1a,2553,전동기제어,전동기 프로젝트__extracted\전류응답 코드.txt,False,학부 과제 및 프로젝트\전동기제어\전동기 프로젝트\전류응답 코드.txt
DUP-0044,4fc333ab26b10a8988ad26661cba25a88c46a9e6206cda0b0e3e6bc9b48b7f29,480,컨트롤로직설계,fulladd_[STUDENT-ID]_[AUTHOR]__extracted\fulladd\fulladd\fulladd.sim\sim_1\behav\xsim\xsim.dir\fulladd_tb_behav\xsim.xdbg,False,학부 과제 및 프로젝트\컨트롤로직설계\fulladd_[STUDENT-ID]_[AUTHOR]__extracted\fulladd\fulladd.sim\sim_1\behav\xsim\xsim.dir\fulladd_tb_behav\xsim.xdbg
DUP-0044,4fc333ab26b10a8988ad26661cba25a88c46a9e6206cda0b0e3e6bc9b48b7f29,480,컨트롤로직설계,fulladd_[STUDENT-ID]_[AUTHOR]__extracted\fulladd\fulladd.sim\sim_1\behav\xsim\xsim.dir\fulladd_tb_behav\xsim.xdbg,True,학부 과제 및 프로젝트\컨트롤로직설계\fulladd_[STUDENT-ID]_[AUTHOR]__extracted\fulladd\fulladd.sim\sim_1\behav\xsim\xsim.dir\fulladd_tb_behav\xsim.xdbg
DUP-0045,5025d18cd4f9a91ba6d23a907ea51c7fccb214923a3f539e2278e9aa0c697303,4734,컨트롤로직설계,101 Sequence Recognizer_[STUDENT-ID]_[AUTHOR]__extracted\mealy_[STUDENT-ID]_[AUTHOR]\mealy.sim\sim_1\behav\xsim\xsim.dir\mealy_tb_behav\obj\xsim_0.win64.obj,False,학부 과제 및 프로젝트\컨트롤로직설계\mealy_[STUDENT-ID]_[AUTHOR]__extracted\mealy_[STUDENT-ID]_[AUTHOR]\mealy.sim\sim_1\behav\xsim\xsim.dir\mealy_tb_behav\obj\xsim_0.win64.obj
DUP-0045,5025d18cd4f9a91ba6d23a907ea51c7fccb214923a3f539e2278e9aa0c697303,4734,컨트롤로직설계,mealy_[STUDENT-ID]_[AUTHOR]__extracted\mealy_[STUDENT-ID]_[AUTHOR]\mealy.sim\sim_1\behav\xsim\xsim.dir\mealy_tb_behav\obj\xsim_0.win64.obj,True,학부 과제 및 프로젝트\컨트롤로직설계\mealy_[STUDENT-ID]_[AUTHOR]__extracted\mealy_[STUDENT-ID]_[AUTHOR]\mealy.sim\sim_1\behav\xsim\xsim.dir\mealy_tb_behav\obj\xsim_0.win64.obj
DUP-0046,50ebbac325364ec17b7a6cde6c5e2469d57439920cb6ccf7501f4e733eb0505e,8094,전력시스템공학,중간과제\[STUDENT-ID]_[AUTHOR]\sample1 test.pwd,False,학부 과제 및 프로젝트\전력시스템공학\중간과제\sample1 test.pwd
DUP-0046,50ebbac325364ec17b7a6cde6c5e2469d57439920cb6ccf7501f4e733eb0505e,8094,전력시스템공학,중간과제\[STUDENT-ID]_[AUTHOR]__extracted\sample1 test.pwd,False,학부 과제 및 프로젝트\전력시스템공학\중간과제\sample1 test.pwd
DUP-0046,50ebbac325364ec17b7a6cde6c5e2469d57439920cb6ccf7501f4e733eb0505e,8094,전력시스템공학,중간과제\sample1 test.pwd,True,학부 과제 및 프로젝트\전력시스템공학\중간과제\sample1 test.pwd
DUP-0047,50ef1547648b46dc830d2d87cec71eb1e67f4419cafb895fe6e0dba07f9c7dd9,1597,전동기제어,전동기 프로젝트\전류응답 매트랩코드.txt,True,학부 과제 및 프로젝트\전동기제어\전동기 프로젝트\전류응답 매트랩코드.txt
DUP-0047,50ef1547648b46dc830d2d87cec71eb1e67f4419cafb895fe6e0dba07f9c7dd9,1597,전동기제어,전동기 프로젝트__extracted\전류응답 매트랩코드.txt,False,학부 과제 및 프로젝트\전동기제어\전동기 프로젝트\전류응답 매트랩코드.txt
DUP-0048,5679c26d98fe3154455ee165dd8c794b36851b2590a982a3249cd9100a640dd8,161,컨트롤로직설계,fulladd_[STUDENT-ID]_[AUTHOR]__extracted\fulladd\fulladd\fulladd.sim\sim_1\behav\xsim\xsim.dir\add_4bits_tb_behav\Compile_Options.txt,False,학부 과제 및 프로젝트\컨트롤로직설계\fulladd_[STUDENT-ID]_[AUTHOR]__extracted\fulladd\fulladd.sim\sim_1\behav\xsim\xsim.dir\add_4bits_tb_behav\Compile_Options.txt
DUP-0048,5679c26d98fe3154455ee165dd8c794b36851b2590a982a3249cd9100a640dd8,161,컨트롤로직설계,fulladd_[STUDENT-ID]_[AUTHOR]__extracted\fulladd\fulladd.sim\sim_1\behav\xsim\xsim.dir\add_4bits_tb_behav\Compile_Options.txt,True,학부 과제 및 프로젝트\컨트롤로직설계\fulladd_[STUDENT-ID]_[AUTHOR]__extracted\fulladd\fulladd.sim\sim_1\behav\xsim\xsim.dir\add_4bits_tb_behav\Compile_Options.txt
DUP-0049,56c992448e317e1048d3a6c30c0be13211309a0ddb827f1cc58a9c8935186ad7,538,컨트롤로직설계,fulladd_[STUDENT-ID]_[AUTHOR]__extracted\fulladd\fulladd\fulladd.cache\sim\ssm.db,False,학부 과제 및 프로젝트\컨트롤로직설계\fulladd_[STUDENT-ID]_[AUTHOR]__extracted\fulladd\fulladd.cache\sim\ssm.db
DUP-0049,56c992448e317e1048d3a6c30c0be13211309a0ddb827f1cc58a9c8935186ad7,538,컨트롤로직설계,fulladd_[STUDENT-ID]_[AUTHOR]__extracted\fulladd\fulladd.cache\sim\ssm.db,True,학부 과제 및 프로젝트\컨트롤로직설계\fulladd_[STUDENT-ID]_[AUTHOR]__extracted\fulladd\fulladd.cache\sim\ssm.db
DUP-0050,573b26b4e148f1cbb0990b743a87876c0775853c4510d247de25d5622e3f228f,6781,컨트롤로직설계,fulladd_[STUDENT-ID]_[AUTHOR]__extracted\fulladd\fulladd\fulladd.sim\sim_1\behav\xsim\fulladd_tb_behav.wdb,False,학부 과제 및 프로젝트\컨트롤로직설계\fulladd_[STUDENT-ID]_[AUTHOR]__extracted\fulladd\fulladd.sim\sim_1\behav\xsim\fulladd_tb_behav.wdb
DUP-0050,573b26b4e148f1cbb0990b743a87876c0775853c4510d247de25d5622e3f228f,6781,컨트롤로직설계,fulladd_[STUDENT-ID]_[AUTHOR]__extracted\fulladd\fulladd.sim\sim_1\behav\xsim\fulladd_tb_behav.wdb,True,학부 과제 및 프로젝트\컨트롤로직설계\fulladd_[STUDENT-ID]_[AUTHOR]__extracted\fulladd\fulladd.sim\sim_1\behav\xsim\fulladd_tb_behav.wdb
DUP-0051,5c54074b096f4e7f6cdee4e4d484954f2f8b909ac8fcf227b406fc959f532a58,1427,컨트롤로직설계,101 Sequence Recognizer_[STUDENT-ID]_[AUTHOR]__extracted\mealy_[STUDENT-ID]_[AUTHOR]\mealy.sim\sim_1\behav\xsim\xsim.dir\mealy_tb_behav\xsimSettings.ini,False,학부 과제 및 프로젝트\컨트롤로직설계\mealy_[STUDENT-ID]_[AUTHOR]__extracted\mealy_[STUDENT-ID]_[AUTHOR]\mealy.sim\sim_1\behav\xsim\xsim.dir\mealy_tb_behav\xsimSettings.ini
DUP-0051,5c54074b096f4e7f6cdee4e4d484954f2f8b909ac8fcf227b406fc959f532a58,1427,컨트롤로직설계,mealy_[STUDENT-ID]_[AUTHOR]__extracted\mealy_[STUDENT-ID]_[AUTHOR]\mealy.sim\sim_1\behav\xsim\xsim.dir\mealy_tb_behav\xsimSettings.ini,True,학부 과제 및 프로젝트\컨트롤로직설계\mealy_[STUDENT-ID]_[AUTHOR]__extracted\mealy_[STUDENT-ID]_[AUTHOR]\mealy.sim\sim_1\behav\xsim\xsim.dir\mealy_tb_behav\xsimSettings.ini
DUP-0052,5e89fd2b2c161c9fd379536375593644b23862a41e72889be42870dde29de64c,129083,고주파공학,사진\homework5\ex12-3(시뮬하다가 중단)\6.png,True,학부 과제 및 프로젝트\고주파공학\사진\homework5\ex12-3(시뮬하다가 중단)\6.png
DUP-0052,5e89fd2b2c161c9fd379536375593644b23862a41e72889be42870dde29de64c,129083,고주파공학,사진\homework5\시뮬사진\스크린샷 2026-06-09 234525.png,False,학부 과제 및 프로젝트\고주파공학\사진\homework5\ex12-3(시뮬하다가 중단)\6.png
DUP-0053,5ef2cdd1591bda6e7c8fde143b55f6d0b615bb851c87c4ec7574900d6e8bd4c6,270,컨트롤로직설계,fulladd_[STUDENT-ID]_[AUTHOR]__extracted\fulladd\fulladd\fulladd.sim\sim_1\behav\xsim\add_4bits_tb_vhdl.prj,False,학부 과제 및 프로젝트\컨트롤로직설계\fulladd_[STUDENT-ID]_[AUTHOR]__extracted\fulladd\fulladd.sim\sim_1\behav\xsim\add_4bits_tb_vhdl.prj
DUP-0053,5ef2cdd1591bda6e7c8fde143b55f6d0b615bb851c87c4ec7574900d6e8bd4c6,270,컨트롤로직설계,fulladd_[STUDENT-ID]_[AUTHOR]__extracted\fulladd\fulladd.sim\sim_1\behav\xsim\add_4bits_tb_vhdl.prj,True,학부 과제 및 프로젝트\컨트롤로직설계\fulladd_[STUDENT-ID]_[AUTHOR]__extracted\fulladd\fulladd.sim\sim_1\behav\xsim\add_4bits_tb_vhdl.prj
DUP-0054,613c668c120f0aebff1883f3dfec1e5537a25a322ba19be3ae4e3041b9ff858e,104759,고주파공학,사진\homework5\ex7-2\8.png,True,학부 과제 및 프로젝트\고주파공학\사진\homework5\ex7-2\8.png
DUP-0054,613c668c120f0aebff1883f3dfec1e5537a25a322ba19be3ae4e3041b9ff858e,104759,고주파공학,사진\homework5\시뮬사진\스크린샷 2026-06-09 214827.png,False,학부 과제 및 프로젝트\고주파공학\사진\homework5\ex7-2\8.png
DUP-0055,6482e32dddcd9c27de923de37d4e4b95c2935b966456fdc025228bb0a2da6466,326,컨트롤로직설계,fulladd_[STUDENT-ID]_[AUTHOR]__extracted\fulladd\fulladd\fulladd.sim\sim_1\behav\xsim\xsim.dir\fulladd_tb_behav\xsimkernel.log,False,학부 과제 및 프로젝트\컨트롤로직설계\fulladd_[STUDENT-ID]_[AUTHOR]__extracted\fulladd\fulladd.sim\sim_1\behav\xsim\xsim.dir\fulladd_tb_behav\xsimkernel.log
DUP-0055,6482e32dddcd9c27de923de37d4e4b95c2935b966456fdc025228bb0a2da6466,326,컨트롤로직설계,fulladd_[STUDENT-ID]_[AUTHOR]__extracted\fulladd\fulladd.sim\sim_1\behav\xsim\xsim.dir\fulladd_tb_behav\xsimkernel.log,True,학부 과제 및 프로젝트\컨트롤로직설계\fulladd_[STUDENT-ID]_[AUTHOR]__extracted\fulladd\fulladd.sim\sim_1\behav\xsim\xsim.dir\fulladd_tb_behav\xsimkernel.log
DUP-0056,669317b9c9efd9be20f416d606df09a73c64a650c1e153a12a8b11849d651b1e,90025,고주파공학,사진\homework5\ex12-3(시뮬하다가 중단)\4.png,True,학부 과제 및 프로젝트\고주파공학\사진\homework5\ex12-3(시뮬하다가 중단)\4.png
DUP-0056,669317b9c9efd9be20f416d606df09a73c64a650c1e153a12a8b11849d651b1e,90025,고주파공학,사진\homework5\시뮬사진\스크린샷 2026-06-09 234731.png,False,학부 과제 및 프로젝트\고주파공학\사진\homework5\ex12-3(시뮬하다가 중단)\4.png
DUP-0057,6a61faf53646b2a1ee3d00d22fb9d810d49e632bf1b0348e06e5ac659e9f710b,1067,컨트롤로직설계,101 Sequence Recognizer_[STUDENT-ID]_[AUTHOR]__extracted\mealy_[STUDENT-ID]_[AUTHOR]\mealy.sim\sim_1\behav\xsim\elaborate.bat,False,학부 과제 및 프로젝트\컨트롤로직설계\mealy_[STUDENT-ID]_[AUTHOR]__extracted\mealy_[STUDENT-ID]_[AUTHOR]\mealy.sim\sim_1\behav\xsim\elaborate.bat
DUP-0057,6a61faf53646b2a1ee3d00d22fb9d810d49e632bf1b0348e06e5ac659e9f710b,1067,컨트롤로직설계,mealy_[STUDENT-ID]_[AUTHOR]__extracted\mealy_[STUDENT-ID]_[AUTHOR]\mealy.sim\sim_1\behav\xsim\elaborate.bat,True,학부 과제 및 프로젝트\컨트롤로직설계\mealy_[STUDENT-ID]_[AUTHOR]__extracted\mealy_[STUDENT-ID]_[AUTHOR]\mealy.sim\sim_1\behav\xsim\elaborate.bat
DUP-0058,6a70cdcb068210f92e22b002125db1eec309e97d8ed5e7146dc5a594036b934e,23882,전력시스템공학,중간과제\[STUDENT-ID]_[AUTHOR]\과제 문제.PWB,False,학부 과제 및 프로젝트\전력시스템공학\중간과제\과제 문제.PWB
DUP-0058,6a70cdcb068210f92e22b002125db1eec309e97d8ed5e7146dc5a594036b934e,23882,전력시스템공학,중간과제\[STUDENT-ID]_[AUTHOR]__extracted\과제 문제.PWB,False,학부 과제 및 프로젝트\전력시스템공학\중간과제\과제 문제.PWB
DUP-0058,6a70cdcb068210f92e22b002125db1eec309e97d8ed5e7146dc5a594036b934e,23882,전력시스템공학,중간과제\과제 문제.PWB,True,학부 과제 및 프로젝트\전력시스템공학\중간과제\과제 문제.PWB
DUP-0059,6aa3065160084c43de26ab06cda23115e6b02c4159f7dfd09be5231ce349a09c,104379,고주파공학,사진\homework5\ex7-2\5.png,True,학부 과제 및 프로젝트\고주파공학\사진\homework5\ex7-2\5.png
DUP-0059,6aa3065160084c43de26ab06cda23115e6b02c4159f7dfd09be5231ce349a09c,104379,고주파공학,사진\homework5\시뮬사진\스크린샷 2026-06-09 210903.png,False,학부 과제 및 프로젝트\고주파공학\사진\homework5\ex7-2\5.png
DUP-0060,6b2fcdf39e1fd9ec218cb6b2569f2c4d6e0ba926cf06fbc746b86e3d738cef33,2733,컨트롤로직설계,101 Sequence Recognizer_[STUDENT-ID]_[AUTHOR]__extracted\mealy_[STUDENT-ID]_[AUTHOR]\mealy.sim\sim_1\behav\xsim\xsim.dir\mealy_tb_behav\obj\xsim_1.win64.obj,False,학부 과제 및 프로젝트\컨트롤로직설계\FSM__extracted\FSM\FSM.sim\sim_1\behav\xsim\xsim.dir\mealy_tb_behav\obj\xsim_1.win64.obj
DUP-0060,6b2fcdf39e1fd9ec218cb6b2569f2c4d6e0ba926cf06fbc746b86e3d738cef33,2733,컨트롤로직설계,FSM__extracted\FSM\FSM.sim\sim_1\behav\xsim\xsim.dir\mealy_tb_behav\obj\xsim_1.win64.obj,True,학부 과제 및 프로젝트\컨트롤로직설계\FSM__extracted\FSM\FSM.sim\sim_1\behav\xsim\xsim.dir\mealy_tb_behav\obj\xsim_1.win64.obj
DUP-0060,6b2fcdf39e1fd9ec218cb6b2569f2c4d6e0ba926cf06fbc746b86e3d738cef33,2733,컨트롤로직설계,mealy_[STUDENT-ID]_[AUTHOR]__extracted\mealy_[STUDENT-ID]_[AUTHOR]\mealy.sim\sim_1\behav\xsim\xsim.dir\mealy_tb_behav\obj\xsim_1.win64.obj,False,학부 과제 및 프로젝트\컨트롤로직설계\FSM__extracted\FSM\FSM.sim\sim_1\behav\xsim\xsim.dir\mealy_tb_behav\obj\xsim_1.win64.obj
DUP-0061,6d80cadd83f37b4725a68b578ccb8d8417f9cdb809f8f0c6d9f00da1493a7b08,923689,전력시스템공학,사진\전력시스템공학__서지임피던스 계산 및 프로그램 실행 보고서_32210488_김동혁.pdf,True,학부 과제 및 프로젝트\전력시스템공학\사진\전력시스템공학__서지임피던스 계산 및 프로그램 실행 보고서_32210488_김동혁.pdf
DUP-0061,6d80cadd83f37b4725a68b578ccb8d8417f9cdb809f8f0c6d9f00da1493a7b08,923689,전력시스템공학,중간과제\전력시스템공학__서지임피던스 계산 및 프로그램 실행 보고서_32210488_김동혁.pdf,False,학부 과제 및 프로젝트\전력시스템공학\사진\전력시스템공학__서지임피던스 계산 및 프로그램 실행 보고서_32210488_김동혁.pdf
DUP-0062,6dc4f0b86f13b04a010cd3ad8fbfb34dcf38ca90740c894c2263cc82037a74e0,20641,전동기제어,사진\프정격조건 속도 그래.png,True,학부 과제 및 프로젝트\전동기제어\사진\프정격조건 속도 그래.png
DUP-0062,6dc4f0b86f13b04a010cd3ad8fbfb34dcf38ca90740c894c2263cc82037a74e0,20641,전동기제어,전동기 프로젝트\프정격조건 속도 그래.png,False,학부 과제 및 프로젝트\전동기제어\사진\프정격조건 속도 그래.png
DUP-0062,6dc4f0b86f13b04a010cd3ad8fbfb34dcf38ca90740c894c2263cc82037a74e0,20641,전동기제어,전동기 프로젝트__extracted\프정격조건 속도 그래.png,False,학부 과제 및 프로젝트\전동기제어\사진\프정격조건 속도 그래.png
DUP-0063,71423de74a96e1daa185c765d623d5407ae60efa28615697bba94bf5c7c362a8,3936,컨트롤로직설계,fulladd_[STUDENT-ID]_[AUTHOR]__extracted\fulladd\fulladd\fulladd.sim\sim_1\behav\xsim\xsim.dir\fulladd_tb_behav\obj\xsim_0.win64.obj,False,학부 과제 및 프로젝트\컨트롤로직설계\fulladd_[STUDENT-ID]_[AUTHOR]__extracted\fulladd\fulladd.sim\sim_1\behav\xsim\xsim.dir\fulladd_tb_behav\obj\xsim_0.win64.obj
DUP-0063,71423de74a96e1daa185c765d623d5407ae60efa28615697bba94bf5c7c362a8,3936,컨트롤로직설계,fulladd_[STUDENT-ID]_[AUTHOR]__extracted\fulladd\fulladd.sim\sim_1\behav\xsim\xsim.dir\fulladd_tb_behav\obj\xsim_0.win64.obj,True,학부 과제 및 프로젝트\컨트롤로직설계\fulladd_[STUDENT-ID]_[AUTHOR]__extracted\fulladd\fulladd.sim\sim_1\behav\xsim\xsim.dir\fulladd_tb_behav\obj\xsim_0.win64.obj
DUP-0064,71e5948dd6e7f527700cb6ec006683b80bd998c4bd32a81d1852d3ad37065adc,3678,컨트롤로직설계,fulladd_[STUDENT-ID]_[AUTHOR]__extracted\fulladd\fulladd\fulladd.sim\sim_1\behav\xsim\xsim.dir\xil_defaultlib\add_4bits.vdb,False,학부 과제 및 프로젝트\컨트롤로직설계\fulladd_[STUDENT-ID]_[AUTHOR]__extracted\fulladd\fulladd.sim\sim_1\behav\xsim\xsim.dir\xil_defaultlib\add_4bits.vdb
DUP-0064,71e5948dd6e7f527700cb6ec006683b80bd998c4bd32a81d1852d3ad37065adc,3678,컨트롤로직설계,fulladd_[STUDENT-ID]_[AUTHOR]__extracted\fulladd\fulladd.sim\sim_1\behav\xsim\xsim.dir\xil_defaultlib\add_4bits.vdb,True,학부 과제 및 프로젝트\컨트롤로직설계\fulladd_[STUDENT-ID]_[AUTHOR]__extracted\fulladd\fulladd.sim\sim_1\behav\xsim\xsim.dir\xil_defaultlib\add_4bits.vdb
DUP-0065,725732f7f445e09f7a519f3190637187320a5084b721a0f62ec223b43712f1fa,31278,고주파공학,사진\homework4\ex5-1\1.png,True,학부 과제 및 프로젝트\고주파공학\사진\homework4\ex5-1\1.png
DUP-0065,725732f7f445e09f7a519f3190637187320a5084b721a0f62ec223b43712f1fa,31278,고주파공학,사진\homework5\시뮬사진\스크린샷 2026-06-02 015309.png,False,학부 과제 및 프로젝트\고주파공학\사진\homework4\ex5-1\1.png
DUP-0066,72eadfeaf007ce48704bbdbe20ba457af96767e1d009a3a0e9a35fce5da79a41,65219,컨트롤로직설계,101 Sequence Recognizer_[STUDENT-ID]_[AUTHOR]__extracted\mealy_[STUDENT-ID]_[AUTHOR]\mealy.sim\sim_1\behav\xsim\xsim.dir\mealy_tb_behav\xsimk.exe,False,학부 과제 및 프로젝트\컨트롤로직설계\mealy_[STUDENT-ID]_[AUTHOR]__extracted\mealy_[STUDENT-ID]_[AUTHOR]\mealy.sim\sim_1\behav\xsim\xsim.dir\mealy_tb_behav\xsimk.exe
DUP-0066,72eadfeaf007ce48704bbdbe20ba457af96767e1d009a3a0e9a35fce5da79a41,65219,컨트롤로직설계,mealy_[STUDENT-ID]_[AUTHOR]__extracted\mealy_[STUDENT-ID]_[AUTHOR]\mealy.sim\sim_1\behav\xsim\xsim.dir\mealy_tb_behav\xsimk.exe,True,학부 과제 및 프로젝트\컨트롤로직설계\mealy_[STUDENT-ID]_[AUTHOR]__extracted\mealy_[STUDENT-ID]_[AUTHOR]\mealy.sim\sim_1\behav\xsim\xsim.dir\mealy_tb_behav\xsimk.exe
DUP-0067,74926fa0428e1902df0fbfbe20b496a892e42c856fb4ca089e8683ad1b7e133d,110634,고주파공학,사진\homework5\ex7-5\6.png,True,학부 과제 및 프로젝트\고주파공학\사진\homework5\ex7-5\6.png
DUP-0067,74926fa0428e1902df0fbfbe20b496a892e42c856fb4ca089e8683ad1b7e133d,110634,고주파공학,사진\homework5\시뮬사진\스크린샷 2026-06-09 222728.png,False,학부 과제 및 프로젝트\고주파공학\사진\homework5\ex7-5\6.png
DUP-0068,7792ad98d605a36c5802f00f29c3b2e878c87630dafb7e8ce3e4b818d9b4b23f,3600,컨트롤로직설계,fulladd_[STUDENT-ID]_[AUTHOR]__extracted\fulladd\fulladd\fulladd.sim\sim_1\behav\xsim\xsim.dir\xil_defaultlib\add_4bits_tb.vdb,False,학부 과제 및 프로젝트\컨트롤로직설계\fulladd_[STUDENT-ID]_[AUTHOR]__extracted\fulladd\fulladd.sim\sim_1\behav\xsim\xsim.dir\xil_defaultlib\add_4bits_tb.vdb
DUP-0068,7792ad98d605a36c5802f00f29c3b2e878c87630dafb7e8ce3e4b818d9b4b23f,3600,컨트롤로직설계,fulladd_[STUDENT-ID]_[AUTHOR]__extracted\fulladd\fulladd.sim\sim_1\behav\xsim\xsim.dir\xil_defaultlib\add_4bits_tb.vdb,True,학부 과제 및 프로젝트\컨트롤로직설계\fulladd_[STUDENT-ID]_[AUTHOR]__extracted\fulladd\fulladd.sim\sim_1\behav\xsim\xsim.dir\xil_defaultlib\add_4bits_tb.vdb
DUP-0069,78dabb74386735f34c2c8c0190842392b21818654c2080543be8308cd7cff9eb,1427,컨트롤로직설계,fulladd_[STUDENT-ID]_[AUTHOR]__extracted\fulladd\fulladd\fulladd.sim\sim_1\behav\xsim\xsim.dir\add_4bits_tb_behav\xsimSettings.ini,False,학부 과제 및 프로젝트\컨트롤로직설계\fulladd_[STUDENT-ID]_[AUTHOR]__extracted\fulladd\fulladd.sim\sim_1\behav\xsim\xsim.dir\add_4bits_tb_behav\xsimSettings.ini
DUP-0069,78dabb74386735f34c2c8c0190842392b21818654c2080543be8308cd7cff9eb,1427,컨트롤로직설계,fulladd_[STUDENT-ID]_[AUTHOR]__extracted\fulladd\fulladd.sim\sim_1\behav\xsim\xsim.dir\add_4bits_tb_behav\xsimSettings.ini,True,학부 과제 및 프로젝트\컨트롤로직설계\fulladd_[STUDENT-ID]_[AUTHOR]__extracted\fulladd\fulladd.sim\sim_1\behav\xsim\xsim.dir\add_4bits_tb_behav\xsimSettings.ini
DUP-0070,7a207302afc475f45b3a2d7c511e5ce39a2649dcd02cd614cf1770c4bf8d8176,11501,컨트롤로직설계,101 Sequence Recognizer_[STUDENT-ID]_[AUTHOR]__extracted\mealy_[STUDENT-ID]_[AUTHOR]\mealy.xpr,False,학부 과제 및 프로젝트\컨트롤로직설계\mealy_[STUDENT-ID]_[AUTHOR]__extracted\mealy_[STUDENT-ID]_[AUTHOR]\mealy.xpr
DUP-0070,7a207302afc475f45b3a2d7c511e5ce39a2649dcd02cd614cf1770c4bf8d8176,11501,컨트롤로직설계,mealy_[STUDENT-ID]_[AUTHOR]__extracted\mealy_[STUDENT-ID]_[AUTHOR]\mealy.xpr,True,학부 과제 및 프로젝트\컨트롤로직설계\mealy_[STUDENT-ID]_[AUTHOR]__extracted\mealy_[STUDENT-ID]_[AUTHOR]\mealy.xpr
DUP-0071,7bf4735131a72248e6cc0ab32d736b6fb4d5d7fff300b050b4d2e6e88871fcca,44134,전동기제어,사진\토크리플 10000.png,True,학부 과제 및 프로젝트\전동기제어\사진\토크리플 10000.png
DUP-0071,7bf4735131a72248e6cc0ab32d736b6fb4d5d7fff300b050b4d2e6e88871fcca,44134,전동기제어,전동기 프로젝트\토크리플 10000.png,False,학부 과제 및 프로젝트\전동기제어\사진\토크리플 10000.png
DUP-0071,7bf4735131a72248e6cc0ab32d736b6fb4d5d7fff300b050b4d2e6e88871fcca,44134,전동기제어,전동기 프로젝트__extracted\토크리플 10000.png,False,학부 과제 및 프로젝트\전동기제어\사진\토크리플 10000.png
DUP-0072,7e2763d2b0d54a0cffee0f0a8d03a63e4a39f0f01da0ed30a990d93a7fdfd4b2,147552,고주파공학,사진\homework5\ex12-3(시뮬하다가 중단)\10.png,True,학부 과제 및 프로젝트\고주파공학\사진\homework5\ex12-3(시뮬하다가 중단)\10.png
DUP-0072,7e2763d2b0d54a0cffee0f0a8d03a63e4a39f0f01da0ed30a990d93a7fdfd4b2,147552,고주파공학,사진\homework5\시뮬사진\스크린샷 2026-06-09 235700.png,False,학부 과제 및 프로젝트\고주파공학\사진\homework5\ex12-3(시뮬하다가 중단)\10.png
DUP-0073,7f53692b82f4dd518a034cf19047af9f53760c912d9b1f4c2c5b32fdea9b9327,24195,전동기제어,사진\전류응답.png,True,학부 과제 및 프로젝트\전동기제어\사진\전류응답.png
DUP-0073,7f53692b82f4dd518a034cf19047af9f53760c912d9b1f4c2c5b32fdea9b9327,24195,전동기제어,전동기 프로젝트\전류응답.png,False,학부 과제 및 프로젝트\전동기제어\사진\전류응답.png
DUP-0073,7f53692b82f4dd518a034cf19047af9f53760c912d9b1f4c2c5b32fdea9b9327,24195,전동기제어,전동기 프로젝트__extracted\전류응답.png,False,학부 과제 및 프로젝트\전동기제어\사진\전류응답.png
DUP-0074,813d702fe80317b12421205e89a187b1d479bf586f7e8f2ed05b386f3caa7652,16,컨트롤로직설계,101 Sequence Recognizer_[STUDENT-ID]_[AUTHOR]__extracted\mealy_[STUDENT-ID]_[AUTHOR]\mealy.sim\sim_1\behav\xsim\xvhdl.pb,False,학부 과제 및 프로젝트\컨트롤로직설계\mealy_[STUDENT-ID]_[AUTHOR]__extracted\mealy_[STUDENT-ID]_[AUTHOR]\mealy.sim\sim_1\behav\xsim\xvhdl.pb
DUP-0074,813d702fe80317b12421205e89a187b1d479bf586f7e8f2ed05b386f3caa7652,16,컨트롤로직설계,mealy_[STUDENT-ID]_[AUTHOR]__extracted\mealy_[STUDENT-ID]_[AUTHOR]\mealy.sim\sim_1\behav\xsim\xvhdl.pb,True,학부 과제 및 프로젝트\컨트롤로직설계\mealy_[STUDENT-ID]_[AUTHOR]__extracted\mealy_[STUDENT-ID]_[AUTHOR]\mealy.sim\sim_1\behav\xsim\xvhdl.pb
DUP-0075,832d1fd063d67c96626c488d99b6bbe530de5ee8602debaa69bcec6cd6884b22,3633,컨트롤로직설계,fulladd_[STUDENT-ID]_[AUTHOR]__extracted\fulladd\fulladd\fulladd.sim\sim_1\behav\xsim\xsim.dir\add_4bits_tb_behav\obj\xsim_0.win64.obj,False,학부 과제 및 프로젝트\컨트롤로직설계\fulladd_[STUDENT-ID]_[AUTHOR]__extracted\fulladd\fulladd.sim\sim_1\behav\xsim\xsim.dir\add_4bits_tb_behav\obj\xsim_0.win64.obj
DUP-0075,832d1fd063d67c96626c488d99b6bbe530de5ee8602debaa69bcec6cd6884b22,3633,컨트롤로직설계,fulladd_[STUDENT-ID]_[AUTHOR]__extracted\fulladd\fulladd.sim\sim_1\behav\xsim\xsim.dir\add_4bits_tb_behav\obj\xsim_0.win64.obj,True,학부 과제 및 프로젝트\컨트롤로직설계\fulladd_[STUDENT-ID]_[AUTHOR]__extracted\fulladd\fulladd.sim\sim_1\behav\xsim\xsim.dir\add_4bits_tb_behav\obj\xsim_0.win64.obj
DUP-0076,8349fdf2a69c3f90d10993bea5fbded3eebba0ec59f61536bc1465b22f7943ac,950,컨트롤로직설계,fulladd_[STUDENT-ID]_[AUTHOR]__extracted\fulladd\fulladd\fulladd.sim\sim_1\behav\xsim\elaborate.log,False,학부 과제 및 프로젝트\컨트롤로직설계\fulladd_[STUDENT-ID]_[AUTHOR]__extracted\fulladd\fulladd.sim\sim_1\behav\xsim\elaborate.log
DUP-0076,8349fdf2a69c3f90d10993bea5fbded3eebba0ec59f61536bc1465b22f7943ac,950,컨트롤로직설계,fulladd_[STUDENT-ID]_[AUTHOR]__extracted\fulladd\fulladd.sim\sim_1\behav\xsim\elaborate.log,True,학부 과제 및 프로젝트\컨트롤로직설계\fulladd_[STUDENT-ID]_[AUTHOR]__extracted\fulladd\fulladd.sim\sim_1\behav\xsim\elaborate.log
DUP-0077,868826f37ffb4c6f5b92e253c7d473f0effa236e823a5923a3691677b870cadb,61,컨트롤로직설계,101 Sequence Recognizer_[STUDENT-ID]_[AUTHOR]__extracted\mealy_[STUDENT-ID]_[AUTHOR]\mealy.cache\wt\project.wpc,False,학부 과제 및 프로젝트\컨트롤로직설계\mealy_[STUDENT-ID]_[AUTHOR]__extracted\mealy_[STUDENT-ID]_[AUTHOR]\mealy.cache\wt\project.wpc
DUP-0077,868826f37ffb4c6f5b92e253c7d473f0effa236e823a5923a3691677b870cadb,61,컨트롤로직설계,mealy_[STUDENT-ID]_[AUTHOR]__extracted\mealy_[STUDENT-ID]_[AUTHOR]\mealy.cache\wt\project.wpc,True,학부 과제 및 프로젝트\컨트롤로직설계\mealy_[STUDENT-ID]_[AUTHOR]__extracted\mealy_[STUDENT-ID]_[AUTHOR]\mealy.cache\wt\project.wpc
DUP-0078,89bd34ab9b7056058ec7acc5470f6ec95f1ef47b9aeb329d53e24d38b9607451,29,컨트롤로직설계,101 Sequence Recognizer_[STUDENT-ID]_[AUTHOR]__extracted\mealy_[STUDENT-ID]_[AUTHOR]\mealy.sim\sim_1\behav\xsim\xsim.dir\mealy_tb_behav\TempBreakPointFile.txt,False,학부 과제 및 프로젝트\컨트롤로직설계\FSM__extracted\FSM\FSM.sim\sim_1\behav\xsim\xsim.dir\mealy_tb_behav\TempBreakPointFile.txt
DUP-0078,89bd34ab9b7056058ec7acc5470f6ec95f1ef47b9aeb329d53e24d38b9607451,29,컨트롤로직설계,FSM__extracted\FSM\FSM.sim\sim_1\behav\xsim\xsim.dir\mealy_tb_behav\TempBreakPointFile.txt,True,학부 과제 및 프로젝트\컨트롤로직설계\FSM__extracted\FSM\FSM.sim\sim_1\behav\xsim\xsim.dir\mealy_tb_behav\TempBreakPointFile.txt
DUP-0078,89bd34ab9b7056058ec7acc5470f6ec95f1ef47b9aeb329d53e24d38b9607451,29,컨트롤로직설계,fulladd_[STUDENT-ID]_[AUTHOR]__extracted\fulladd\fulladd\fulladd.sim\sim_1\behav\xsim\xsim.dir\add_4bits_tb_behav\TempBreakPointFile.txt,False,학부 과제 및 프로젝트\컨트롤로직설계\FSM__extracted\FSM\FSM.sim\sim_1\behav\xsim\xsim.dir\mealy_tb_behav\TempBreakPointFile.txt
DUP-0078,89bd34ab9b7056058ec7acc5470f6ec95f1ef47b9aeb329d53e24d38b9607451,29,컨트롤로직설계,fulladd_[STUDENT-ID]_[AUTHOR]__extracted\fulladd\fulladd\fulladd.sim\sim_1\behav\xsim\xsim.dir\fulladd_tb_behav\TempBreakPointFile.txt,False,학부 과제 및 프로젝트\컨트롤로직설계\FSM__extracted\FSM\FSM.sim\sim_1\behav\xsim\xsim.dir\mealy_tb_behav\TempBreakPointFile.txt
DUP-0078,89bd34ab9b7056058ec7acc5470f6ec95f1ef47b9aeb329d53e24d38b9607451,29,컨트롤로직설계,fulladd_[STUDENT-ID]_[AUTHOR]__extracted\fulladd\fulladd.sim\sim_1\behav\xsim\xsim.dir\add_4bits_tb_behav\TempBreakPointFile.txt,False,학부 과제 및 프로젝트\컨트롤로직설계\FSM__extracted\FSM\FSM.sim\sim_1\behav\xsim\xsim.dir\mealy_tb_behav\TempBreakPointFile.txt
DUP-0078,89bd34ab9b7056058ec7acc5470f6ec95f1ef47b9aeb329d53e24d38b9607451,29,컨트롤로직설계,fulladd_[STUDENT-ID]_[AUTHOR]__extracted\fulladd\fulladd.sim\sim_1\behav\xsim\xsim.dir\fulladd_tb_behav\TempBreakPointFile.txt,False,학부 과제 및 프로젝트\컨트롤로직설계\FSM__extracted\FSM\FSM.sim\sim_1\behav\xsim\xsim.dir\mealy_tb_behav\TempBreakPointFile.txt
DUP-0078,89bd34ab9b7056058ec7acc5470f6ec95f1ef47b9aeb329d53e24d38b9607451,29,컨트롤로직설계,mealy_[STUDENT-ID]_[AUTHOR]__extracted\mealy_[STUDENT-ID]_[AUTHOR]\mealy.sim\sim_1\behav\xsim\xsim.dir\mealy_tb_behav\TempBreakPointFile.txt,False,학부 과제 및 프로젝트\컨트롤로직설계\FSM__extracted\FSM\FSM.sim\sim_1\behav\xsim\xsim.dir\mealy_tb_behav\TempBreakPointFile.txt
DUP-0078,89bd34ab9b7056058ec7acc5470f6ec95f1ef47b9aeb329d53e24d38b9607451,29,컨트롤로직설계,mux_8to1_[STUDENT-ID]_[AUTHOR]__extracted\mux_8to1.sim\sim_1\behav\xsim\xsim.dir\dec_3to8_tb_behav\TempBreakPointFile.txt,False,학부 과제 및 프로젝트\컨트롤로직설계\FSM__extracted\FSM\FSM.sim\sim_1\behav\xsim\xsim.dir\mealy_tb_behav\TempBreakPointFile.txt
DUP-0078,89bd34ab9b7056058ec7acc5470f6ec95f1ef47b9aeb329d53e24d38b9607451,29,컨트롤로직설계,mux_8to1_[STUDENT-ID]_[AUTHOR]__extracted\mux_8to1.sim\sim_1\behav\xsim\xsim.dir\mux_8to1_tb_behav\TempBreakPointFile.txt,False,학부 과제 및 프로젝트\컨트롤로직설계\FSM__extracted\FSM\FSM.sim\sim_1\behav\xsim\xsim.dir\mealy_tb_behav\TempBreakPointFile.txt
DUP-0079,8cc3f93bbd599da92eec6da8c2abd6f5d78c5d5532bf943bab62eb5f5b6c3b41,64293,고주파공학,사진\homework5\ex7-2\6.png,True,학부 과제 및 프로젝트\고주파공학\사진\homework5\ex7-2\6.png
DUP-0079,8cc3f93bbd599da92eec6da8c2abd6f5d78c5d5532bf943bab62eb5f5b6c3b41,64293,고주파공학,사진\homework5\시뮬사진\스크린샷 2026-06-09 214612.png,False,학부 과제 및 프로젝트\고주파공학\사진\homework5\ex7-2\6.png
DUP-0080,8de75d7d7f267427f7d734ec5b5b4dc169860a087d9c582f453d1fc12ad4a0f1,429574,전동기제어,전동기 프로젝트\Project2025.pdf,True,학부 과제 및 프로젝트\전동기제어\전동기 프로젝트\Project2025.pdf
DUP-0080,8de75d7d7f267427f7d734ec5b5b4dc169860a087d9c582f453d1fc12ad4a0f1,429574,전동기제어,전동기 프로젝트__extracted\Project2025.pdf,False,학부 과제 및 프로젝트\전동기제어\전동기 프로젝트\Project2025.pdf
DUP-0081,8f5e9b41ce477ce00f8d74e6469046529c7d5aa63c9a609e7437605af1cc1d33,4664,컨트롤로직설계,fulladd_[STUDENT-ID]_[AUTHOR]__extracted\fulladd\fulladd\fulladd.sim\sim_1\behav\xsim\xsim.dir\add_4bits_tb_behav\obj\xsim_1.c,False,학부 과제 및 프로젝트\컨트롤로직설계\fulladd_[STUDENT-ID]_[AUTHOR]__extracted\fulladd\fulladd.sim\sim_1\behav\xsim\xsim.dir\add_4bits_tb_behav\obj\xsim_1.c
DUP-0081,8f5e9b41ce477ce00f8d74e6469046529c7d5aa63c9a609e7437605af1cc1d33,4664,컨트롤로직설계,fulladd_[STUDENT-ID]_[AUTHOR]__extracted\fulladd\fulladd.sim\sim_1\behav\xsim\xsim.dir\add_4bits_tb_behav\obj\xsim_1.c,True,학부 과제 및 프로젝트\컨트롤로직설계\fulladd_[STUDENT-ID]_[AUTHOR]__extracted\fulladd\fulladd.sim\sim_1\behav\xsim\xsim.dir\add_4bits_tb_behav\obj\xsim_1.c
DUP-0082,8f67524bd73f106bd4482ea18993d5925ee975f25bce1e3bc29455b4a21b6157,256,컨트롤로직설계,fulladd_[STUDENT-ID]_[AUTHOR]__extracted\fulladd\fulladd\fulladd.cache\wt\xsim.wdf,False,학부 과제 및 프로젝트\컨트롤로직설계\mux_8to1_[STUDENT-ID]_[AUTHOR]__extracted\mux_8to1.cache\wt\xsim.wdf
DUP-0082,8f67524bd73f106bd4482ea18993d5925ee975f25bce1e3bc29455b4a21b6157,256,컨트롤로직설계,fulladd_[STUDENT-ID]_[AUTHOR]__extracted\fulladd\fulladd.cache\wt\xsim.wdf,False,학부 과제 및 프로젝트\컨트롤로직설계\mux_8to1_[STUDENT-ID]_[AUTHOR]__extracted\mux_8to1.cache\wt\xsim.wdf
DUP-0082,8f67524bd73f106bd4482ea18993d5925ee975f25bce1e3bc29455b4a21b6157,256,컨트롤로직설계,mux_8to1_[STUDENT-ID]_[AUTHOR]__extracted\mux_8to1.cache\wt\xsim.wdf,True,학부 과제 및 프로젝트\컨트롤로직설계\mux_8to1_[STUDENT-ID]_[AUTHOR]__extracted\mux_8to1.cache\wt\xsim.wdf
DUP-0083,911eef34ee48ef1462af728ac12eb6dc9e91f2bf52b8d92a8b33367b963a426b,2526,전동기제어,전동기 프로젝트\속도응답 코드.txt,True,학부 과제 및 프로젝트\전동기제어\전동기 프로젝트\속도응답 코드.txt
DUP-0083,911eef34ee48ef1462af728ac12eb6dc9e91f2bf52b8d92a8b33367b963a426b,2526,전동기제어,전동기 프로젝트__extracted\속도응답 코드.txt,False,학부 과제 및 프로젝트\전동기제어\전동기 프로젝트\속도응답 코드.txt
DUP-0084,94131580ef32a33f582908bf843f679acce479bc7c7324410d542f5d13ad6b50,2786,컨트롤로직설계,fulladd_[STUDENT-ID]_[AUTHOR]__extracted\fulladd\fulladd\fulladd.sim\sim_1\behav\xsim\xsim.dir\add_4bits_tb_behav\obj\xsim_1.win64.obj,False,학부 과제 및 프로젝트\컨트롤로직설계\fulladd_[STUDENT-ID]_[AUTHOR]__extracted\fulladd\fulladd.sim\sim_1\behav\xsim\xsim.dir\add_4bits_tb_behav\obj\xsim_1.win64.obj
DUP-0084,94131580ef32a33f582908bf843f679acce479bc7c7324410d542f5d13ad6b50,2786,컨트롤로직설계,fulladd_[STUDENT-ID]_[AUTHOR]__extracted\fulladd\fulladd.sim\sim_1\behav\xsim\xsim.dir\add_4bits_tb_behav\obj\xsim_1.win64.obj,True,학부 과제 및 프로젝트\컨트롤로직설계\fulladd_[STUDENT-ID]_[AUTHOR]__extracted\fulladd\fulladd.sim\sim_1\behav\xsim\xsim.dir\add_4bits_tb_behav\obj\xsim_1.win64.obj
DUP-0085,956ac2b2222073e9f7a75d89a32126f47576bd26f6cf1538d09866305512d6ce,425,컨트롤로직설계,101 Sequence Recognizer_[STUDENT-ID]_[AUTHOR]__extracted\mealy_[STUDENT-ID]_[AUTHOR]\mealy.hw\mealy.lpr,False,학부 과제 및 프로젝트\컨트롤로직설계\FSM__extracted\FSM\FSM.hw\FSM.lpr
DUP-0085,956ac2b2222073e9f7a75d89a32126f47576bd26f6cf1538d09866305512d6ce,425,컨트롤로직설계,FSM__extracted\FSM\FSM.hw\FSM.lpr,True,학부 과제 및 프로젝트\컨트롤로직설계\FSM__extracted\FSM\FSM.hw\FSM.lpr
DUP-0085,956ac2b2222073e9f7a75d89a32126f47576bd26f6cf1538d09866305512d6ce,425,컨트롤로직설계,fulladd_[STUDENT-ID]_[AUTHOR]__extracted\fulladd\fulladd\fulladd.hw\fulladd.lpr,False,학부 과제 및 프로젝트\컨트롤로직설계\FSM__extracted\FSM\FSM.hw\FSM.lpr
DUP-0085,956ac2b2222073e9f7a75d89a32126f47576bd26f6cf1538d09866305512d6ce,425,컨트롤로직설계,fulladd_[STUDENT-ID]_[AUTHOR]__extracted\fulladd\fulladd.hw\fulladd.lpr,False,학부 과제 및 프로젝트\컨트롤로직설계\FSM__extracted\FSM\FSM.hw\FSM.lpr
DUP-0085,956ac2b2222073e9f7a75d89a32126f47576bd26f6cf1538d09866305512d6ce,425,컨트롤로직설계,mealy_[STUDENT-ID]_[AUTHOR]__extracted\mealy_[STUDENT-ID]_[AUTHOR]\mealy.hw\mealy.lpr,False,학부 과제 및 프로젝트\컨트롤로직설계\FSM__extracted\FSM\FSM.hw\FSM.lpr
DUP-0085,956ac2b2222073e9f7a75d89a32126f47576bd26f6cf1538d09866305512d6ce,425,컨트롤로직설계,mux_8to1_[STUDENT-ID]_[AUTHOR]__extracted\mux_8to1.hw\mux_8to1.lpr,False,학부 과제 및 프로젝트\컨트롤로직설계\FSM__extracted\FSM\FSM.hw\FSM.lpr
DUP-0086,958f8e67d123a4fd3942a588a4447f781501af6120487ff147b2cef0e5076421,12,컨트롤로직설계,101 Sequence Recognizer_[STUDENT-ID]_[AUTHOR]__extracted\mealy_[STUDENT-ID]_[AUTHOR]\mealy.sim\sim_1\behav\xsim\xsim.dir\mealy_tb_behav\xsim.svtype,False,학부 과제 및 프로젝트\컨트롤로직설계\FSM__extracted\FSM\FSM.sim\sim_1\behav\xsim\xsim.dir\mealy_tb_behav\xsim.svtype
DUP-0086,958f8e67d123a4fd3942a588a4447f781501af6120487ff147b2cef0e5076421,12,컨트롤로직설계,FSM__extracted\FSM\FSM.sim\sim_1\behav\xsim\xsim.dir\mealy_tb_behav\xsim.svtype,True,학부 과제 및 프로젝트\컨트롤로직설계\FSM__extracted\FSM\FSM.sim\sim_1\behav\xsim\xsim.dir\mealy_tb_behav\xsim.svtype
DUP-0086,958f8e67d123a4fd3942a588a4447f781501af6120487ff147b2cef0e5076421,12,컨트롤로직설계,fulladd_[STUDENT-ID]_[AUTHOR]__extracted\fulladd\fulladd\fulladd.sim\sim_1\behav\xsim\xsim.dir\add_4bits_tb_behav\xsim.svtype,False,학부 과제 및 프로젝트\컨트롤로직설계\FSM__extracted\FSM\FSM.sim\sim_1\behav\xsim\xsim.dir\mealy_tb_behav\xsim.svtype
DUP-0086,958f8e67d123a4fd3942a588a4447f781501af6120487ff147b2cef0e5076421,12,컨트롤로직설계,fulladd_[STUDENT-ID]_[AUTHOR]__extracted\fulladd\fulladd\fulladd.sim\sim_1\behav\xsim\xsim.dir\fulladd_tb_behav\xsim.svtype,False,학부 과제 및 프로젝트\컨트롤로직설계\FSM__extracted\FSM\FSM.sim\sim_1\behav\xsim\xsim.dir\mealy_tb_behav\xsim.svtype
DUP-0086,958f8e67d123a4fd3942a588a4447f781501af6120487ff147b2cef0e5076421,12,컨트롤로직설계,fulladd_[STUDENT-ID]_[AUTHOR]__extracted\fulladd\fulladd.sim\sim_1\behav\xsim\xsim.dir\add_4bits_tb_behav\xsim.svtype,False,학부 과제 및 프로젝트\컨트롤로직설계\FSM__extracted\FSM\FSM.sim\sim_1\behav\xsim\xsim.dir\mealy_tb_behav\xsim.svtype
DUP-0086,958f8e67d123a4fd3942a588a4447f781501af6120487ff147b2cef0e5076421,12,컨트롤로직설계,fulladd_[STUDENT-ID]_[AUTHOR]__extracted\fulladd\fulladd.sim\sim_1\behav\xsim\xsim.dir\fulladd_tb_behav\xsim.svtype,False,학부 과제 및 프로젝트\컨트롤로직설계\FSM__extracted\FSM\FSM.sim\sim_1\behav\xsim\xsim.dir\mealy_tb_behav\xsim.svtype
DUP-0086,958f8e67d123a4fd3942a588a4447f781501af6120487ff147b2cef0e5076421,12,컨트롤로직설계,mealy_[STUDENT-ID]_[AUTHOR]__extracted\mealy_[STUDENT-ID]_[AUTHOR]\mealy.sim\sim_1\behav\xsim\xsim.dir\mealy_tb_behav\xsim.svtype,False,학부 과제 및 프로젝트\컨트롤로직설계\FSM__extracted\FSM\FSM.sim\sim_1\behav\xsim\xsim.dir\mealy_tb_behav\xsim.svtype
DUP-0086,958f8e67d123a4fd3942a588a4447f781501af6120487ff147b2cef0e5076421,12,컨트롤로직설계,mux_8to1_[STUDENT-ID]_[AUTHOR]__extracted\mux_8to1.sim\sim_1\behav\xsim\xsim.dir\dec_3to8_tb_behav\xsim.svtype,False,학부 과제 및 프로젝트\컨트롤로직설계\FSM__extracted\FSM\FSM.sim\sim_1\behav\xsim\xsim.dir\mealy_tb_behav\xsim.svtype
DUP-0086,958f8e67d123a4fd3942a588a4447f781501af6120487ff147b2cef0e5076421,12,컨트롤로직설계,mux_8to1_[STUDENT-ID]_[AUTHOR]__extracted\mux_8to1.sim\sim_1\behav\xsim\xsim.dir\mux_8to1_tb_behav\xsim.svtype,False,학부 과제 및 프로젝트\컨트롤로직설계\FSM__extracted\FSM\FSM.sim\sim_1\behav\xsim\xsim.dir\mealy_tb_behav\xsim.svtype
DUP-0087,9752eb25fb7578be9925f7963a072bad6907471b43c0f9cd41e04943fc5cc738,7516,고주파공학,사진\homework4\ex5-1\회로도.png,True,학부 과제 및 프로젝트\고주파공학\사진\homework4\ex5-1\회로도.png
DUP-0087,9752eb25fb7578be9925f7963a072bad6907471b43c0f9cd41e04943fc5cc738,7516,고주파공학,사진\homework5\시뮬사진\스크린샷 2026-05-31 192127.png,False,학부 과제 및 프로젝트\고주파공학\사진\homework4\ex5-1\회로도.png
DUP-0088,97efea5820d132c9e1c55a4ecd4399fa5ffc02cd8d25374935b4631b7b64e528,52472,고주파공학,사진\homework5\ex7-2\4.png,True,학부 과제 및 프로젝트\고주파공학\사진\homework5\ex7-2\4.png
DUP-0088,97efea5820d132c9e1c55a4ecd4399fa5ffc02cd8d25374935b4631b7b64e528,52472,고주파공학,사진\homework5\시뮬사진\스크린샷 2026-06-09 210519.png,False,학부 과제 및 프로젝트\고주파공학\사진\homework5\ex7-2\4.png
DUP-0089,9c54b85fa1937386a28a7e18f6e2d78df36945cbb2a84d7ab186e84bdc1ee1da,101349,고주파공학,사진\homework2\스크린샷 2026-04-14 222606.png,True,학부 과제 및 프로젝트\고주파공학\사진\homework2\스크린샷 2026-04-14 222606.png
DUP-0089,9c54b85fa1937386a28a7e18f6e2d78df36945cbb2a84d7ab186e84bdc1ee1da,101349,고주파공학,사진\homework5\시뮬사진\스크린샷 2026-04-14 222606.png,False,학부 과제 및 프로젝트\고주파공학\사진\homework2\스크린샷 2026-04-14 222606.png
DUP-0090,9d10b01846666581775986c1097f16d5f1e1b0270f421ced45940d3340bb89bc,947,컨트롤로직설계,fulladd_[STUDENT-ID]_[AUTHOR]__extracted\fulladd\fulladd\fulladd.sim\sim_1\behav\xsim\compile.bat,False,학부 과제 및 프로젝트\컨트롤로직설계\fulladd_[STUDENT-ID]_[AUTHOR]__extracted\fulladd\fulladd.sim\sim_1\behav\xsim\compile.bat
DUP-0090,9d10b01846666581775986c1097f16d5f1e1b0270f421ced45940d3340bb89bc,947,컨트롤로직설계,fulladd_[STUDENT-ID]_[AUTHOR]__extracted\fulladd\fulladd.sim\sim_1\behav\xsim\compile.bat,True,학부 과제 및 프로젝트\컨트롤로직설계\fulladd_[STUDENT-ID]_[AUTHOR]__extracted\fulladd\fulladd.sim\sim_1\behav\xsim\compile.bat
DUP-0091,9d42b64188483d8275cc83ea9a838e9cc26bf6a907eb33044568c6a4e31cc408,2770,컨트롤로직설계,fulladd_[STUDENT-ID]_[AUTHOR]__extracted\fulladd\fulladd\fulladd.sim\sim_1\behav\xsim\xsim.dir\fulladd_tb_behav\obj\xsim_1.win64.obj,False,학부 과제 및 프로젝트\컨트롤로직설계\fulladd_[STUDENT-ID]_[AUTHOR]__extracted\fulladd\fulladd.sim\sim_1\behav\xsim\xsim.dir\fulladd_tb_behav\obj\xsim_1.win64.obj
DUP-0091,9d42b64188483d8275cc83ea9a838e9cc26bf6a907eb33044568c6a4e31cc408,2770,컨트롤로직설계,fulladd_[STUDENT-ID]_[AUTHOR]__extracted\fulladd\fulladd.sim\sim_1\behav\xsim\xsim.dir\fulladd_tb_behav\obj\xsim_1.win64.obj,True,학부 과제 및 프로젝트\컨트롤로직설계\fulladd_[STUDENT-ID]_[AUTHOR]__extracted\fulladd\fulladd.sim\sim_1\behav\xsim\xsim.dir\fulladd_tb_behav\obj\xsim_1.win64.obj
DUP-0092,9e678c9eee5a5f6edbed87c5822eb4ed4afb81d75c2fd08bed0b37fd1c32db6f,91270,고주파공학,사진\homework4\ex5-1\4.png,True,학부 과제 및 프로젝트\고주파공학\사진\homework4\ex5-1\4.png
DUP-0092,9e678c9eee5a5f6edbed87c5822eb4ed4afb81d75c2fd08bed0b37fd1c32db6f,91270,고주파공학,사진\homework5\시뮬사진\스크린샷 2026-06-02 013442.png,False,학부 과제 및 프로젝트\고주파공학\사진\homework4\ex5-1\4.png
DUP-0093,a253a6afecbdf063490aba48787727b6f1bfd0df8e9bcea7e2bad486ba4b3ab2,1083,컨트롤로직설계,fulladd_[STUDENT-ID]_[AUTHOR]__extracted\fulladd\fulladd\fulladd.sim\sim_1\behav\xsim\elaborate.bat,False,학부 과제 및 프로젝트\컨트롤로직설계\fulladd_[STUDENT-ID]_[AUTHOR]__extracted\fulladd\fulladd.sim\sim_1\behav\xsim\elaborate.bat
DUP-0093,a253a6afecbdf063490aba48787727b6f1bfd0df8e9bcea7e2bad486ba4b3ab2,1083,컨트롤로직설계,fulladd_[STUDENT-ID]_[AUTHOR]__extracted\fulladd\fulladd.sim\sim_1\behav\xsim\elaborate.bat,True,학부 과제 및 프로젝트\컨트롤로직설계\fulladd_[STUDENT-ID]_[AUTHOR]__extracted\fulladd\fulladd.sim\sim_1\behav\xsim\elaborate.bat
DUP-0094,a5a5e037582559d3cdca6eede78c60c08a27274d2318732608f1f79401403072,98573,고주파공학,사진\homework5\ex12-3(시뮬하다가 중단)\11.png,True,학부 과제 및 프로젝트\고주파공학\사진\homework5\ex12-3(시뮬하다가 중단)\11.png
DUP-0094,a5a5e037582559d3cdca6eede78c60c08a27274d2318732608f1f79401403072,98573,고주파공학,사진\homework5\시뮬사진\스크린샷 2026-06-09 235751.png,False,학부 과제 및 프로젝트\고주파공학\사진\homework5\ex12-3(시뮬하다가 중단)\11.png
DUP-0095,a7e7c72b9c9675b95c3c156284d7f872512545f18577a71db13fb8dc9f5c384d,64792,컨트롤로직설계,fulladd_[STUDENT-ID]_[AUTHOR]__extracted\fulladd\fulladd\fulladd.sim\sim_1\behav\xsim\xsim.dir\add_4bits_tb_behav\xsimk.exe,False,학부 과제 및 프로젝트\컨트롤로직설계\fulladd_[STUDENT-ID]_[AUTHOR]__extracted\fulladd\fulladd.sim\sim_1\behav\xsim\xsim.dir\add_4bits_tb_behav\xsimk.exe
DUP-0095,a7e7c72b9c9675b95c3c156284d7f872512545f18577a71db13fb8dc9f5c384d,64792,컨트롤로직설계,fulladd_[STUDENT-ID]_[AUTHOR]__extracted\fulladd\fulladd.sim\sim_1\behav\xsim\xsim.dir\add_4bits_tb_behav\xsimk.exe,True,학부 과제 및 프로젝트\컨트롤로직설계\fulladd_[STUDENT-ID]_[AUTHOR]__extracted\fulladd\fulladd.sim\sim_1\behav\xsim\xsim.dir\add_4bits_tb_behav\xsimk.exe
DUP-0096,a95d58da6355ac1b8a41fede3b18f8057490517b8fcd56fb7ad49826d2cd1139,8859,컨트롤로직설계,101 Sequence Recognizer_[STUDENT-ID]_[AUTHOR]__extracted\mealy_[STUDENT-ID]_[AUTHOR]\mealy.sim\sim_1\behav\xsim\mealy_tb_behav.wdb,False,학부 과제 및 프로젝트\컨트롤로직설계\mealy_[STUDENT-ID]_[AUTHOR]__extracted\mealy_[STUDENT-ID]_[AUTHOR]\mealy.sim\sim_1\behav\xsim\mealy_tb_behav.wdb
DUP-0096,a95d58da6355ac1b8a41fede3b18f8057490517b8fcd56fb7ad49826d2cd1139,8859,컨트롤로직설계,mealy_[STUDENT-ID]_[AUTHOR]__extracted\mealy_[STUDENT-ID]_[AUTHOR]\mealy.sim\sim_1\behav\xsim\mealy_tb_behav.wdb,True,학부 과제 및 프로젝트\컨트롤로직설계\mealy_[STUDENT-ID]_[AUTHOR]__extracted\mealy_[STUDENT-ID]_[AUTHOR]\mealy.sim\sim_1\behav\xsim\mealy_tb_behav.wdb
DUP-0097,a9b44e34ccdaf1be406346dbc5b6244e6109d0c11776936cba1a19c4d76dc046,63797,컨트롤로직설계,fulladd_[STUDENT-ID]_[AUTHOR]__extracted\fulladd\fulladd\fulladd.sim\sim_1\behav\xsim\xsim.dir\fulladd_tb_behav\xsimk.exe,False,학부 과제 및 프로젝트\컨트롤로직설계\fulladd_[STUDENT-ID]_[AUTHOR]__extracted\fulladd\fulladd.sim\sim_1\behav\xsim\xsim.dir\fulladd_tb_behav\xsimk.exe
DUP-0097,a9b44e34ccdaf1be406346dbc5b6244e6109d0c11776936cba1a19c4d76dc046,63797,컨트롤로직설계,fulladd_[STUDENT-ID]_[AUTHOR]__extracted\fulladd\fulladd.sim\sim_1\behav\xsim\xsim.dir\fulladd_tb_behav\xsimk.exe,True,학부 과제 및 프로젝트\컨트롤로직설계\fulladd_[STUDENT-ID]_[AUTHOR]__extracted\fulladd\fulladd.sim\sim_1\behav\xsim\xsim.dir\fulladd_tb_behav\xsimk.exe
DUP-0098,a9d7256a5e362310f905904215b358cd4d80ae43712d49843917d853c2adfef5,10020,컨트롤로직설계,fulladd_[STUDENT-ID]_[AUTHOR]__extracted\fulladd\fulladd\fulladd.sim\sim_1\behav\xsim\add_4bits_tb_behav.wdb,False,학부 과제 및 프로젝트\컨트롤로직설계\fulladd_[STUDENT-ID]_[AUTHOR]__extracted\fulladd\fulladd.sim\sim_1\behav\xsim\add_4bits_tb_behav.wdb
DUP-0098,a9d7256a5e362310f905904215b358cd4d80ae43712d49843917d853c2adfef5,10020,컨트롤로직설계,fulladd_[STUDENT-ID]_[AUTHOR]__extracted\fulladd\fulladd.sim\sim_1\behav\xsim\add_4bits_tb_behav.wdb,True,학부 과제 및 프로젝트\컨트롤로직설계\fulladd_[STUDENT-ID]_[AUTHOR]__extracted\fulladd\fulladd.sim\sim_1\behav\xsim\add_4bits_tb_behav.wdb
DUP-0099,acc220de165b8928be5beb7dffde70c8b5566a0694d14d28d547b4d7f97d5df6,61,컨트롤로직설계,fulladd_[STUDENT-ID]_[AUTHOR]__extracted\fulladd\fulladd\fulladd.cache\wt\project.wpc,False,학부 과제 및 프로젝트\컨트롤로직설계\fulladd_[STUDENT-ID]_[AUTHOR]__extracted\fulladd\fulladd.cache\wt\project.wpc
DUP-0099,acc220de165b8928be5beb7dffde70c8b5566a0694d14d28d547b4d7f97d5df6,61,컨트롤로직설계,fulladd_[STUDENT-ID]_[AUTHOR]__extracted\fulladd\fulladd.cache\wt\project.wpc,True,학부 과제 및 프로젝트\컨트롤로직설계\fulladd_[STUDENT-ID]_[AUTHOR]__extracted\fulladd\fulladd.cache\wt\project.wpc
DUP-0100,ae79223988ae80cbd37e4b0902a580a661cd85541ac92d744c9852f0b14b2bd6,153,컨트롤로직설계,101 Sequence Recognizer_[STUDENT-ID]_[AUTHOR]__extracted\mealy_[STUDENT-ID]_[AUTHOR]\mealy.sim\sim_1\behav\xsim\xsim.dir\mealy_tb_behav\Compile_Options.txt,False,학부 과제 및 프로젝트\컨트롤로직설계\FSM__extracted\FSM\FSM.sim\sim_1\behav\xsim\xsim.dir\mealy_tb_behav\Compile_Options.txt
DUP-0100,ae79223988ae80cbd37e4b0902a580a661cd85541ac92d744c9852f0b14b2bd6,153,컨트롤로직설계,FSM__extracted\FSM\FSM.sim\sim_1\behav\xsim\xsim.dir\mealy_tb_behav\Compile_Options.txt,True,학부 과제 및 프로젝트\컨트롤로직설계\FSM__extracted\FSM\FSM.sim\sim_1\behav\xsim\xsim.dir\mealy_tb_behav\Compile_Options.txt
DUP-0100,ae79223988ae80cbd37e4b0902a580a661cd85541ac92d744c9852f0b14b2bd6,153,컨트롤로직설계,mealy_[STUDENT-ID]_[AUTHOR]__extracted\mealy_[STUDENT-ID]_[AUTHOR]\mealy.sim\sim_1\behav\xsim\xsim.dir\mealy_tb_behav\Compile_Options.txt,False,학부 과제 및 프로젝트\컨트롤로직설계\FSM__extracted\FSM\FSM.sim\sim_1\behav\xsim\xsim.dir\mealy_tb_behav\Compile_Options.txt
DUP-0101,af9ab043276cee876cdb7d5fda679f0ab06b82ba9c5dbe28df926393949183b7,1536,컨트롤로직설계,fulladd_[STUDENT-ID]_[AUTHOR]__extracted\fulladd\fulladd\fulladd.sim\sim_1\behav\xsim\xsim.dir\add_4bits_tb_behav\xsim.xdbg,False,학부 과제 및 프로젝트\컨트롤로직설계\fulladd_[STUDENT-ID]_[AUTHOR]__extracted\fulladd\fulladd.sim\sim_1\behav\xsim\xsim.dir\add_4bits_tb_behav\xsim.xdbg
DUP-0101,af9ab043276cee876cdb7d5fda679f0ab06b82ba9c5dbe28df926393949183b7,1536,컨트롤로직설계,fulladd_[STUDENT-ID]_[AUTHOR]__extracted\fulladd\fulladd.sim\sim_1\behav\xsim\xsim.dir\add_4bits_tb_behav\xsim.xdbg,True,학부 과제 및 프로젝트\컨트롤로직설계\fulladd_[STUDENT-ID]_[AUTHOR]__extracted\fulladd\fulladd.sim\sim_1\behav\xsim\xsim.dir\add_4bits_tb_behav\xsim.xdbg
DUP-0102,afbb8bcef957d44228be712c93784e8405fff266e009ace9660ff70c5036289d,49407,고주파공학,사진\homework5\ex7-5\2.png,True,학부 과제 및 프로젝트\고주파공학\사진\homework5\ex7-5\2.png
DUP-0102,afbb8bcef957d44228be712c93784e8405fff266e009ace9660ff70c5036289d,49407,고주파공학,사진\homework5\시뮬사진\스크린샷 2026-06-09 221848.png,False,학부 과제 및 프로젝트\고주파공학\사진\homework5\ex7-5\2.png
DUP-0103,b498cb5b75ff59abe46598d6840bd56c75c980f2eafeedda0c2add4b206dfd5f,318,컨트롤로직설계,fulladd_[STUDENT-ID]_[AUTHOR]__extracted\fulladd\fulladd\fulladd.sim\sim_1\behav\xsim\xsim.dir\add_4bits_tb_behav\xsim.rtti,False,학부 과제 및 프로젝트\컨트롤로직설계\fulladd_[STUDENT-ID]_[AUTHOR]__extracted\fulladd\fulladd.sim\sim_1\behav\xsim\xsim.dir\add_4bits_tb_behav\xsim.rtti
DUP-0103,b498cb5b75ff59abe46598d6840bd56c75c980f2eafeedda0c2add4b206dfd5f,318,컨트롤로직설계,fulladd_[STUDENT-ID]_[AUTHOR]__extracted\fulladd\fulladd.sim\sim_1\behav\xsim\xsim.dir\add_4bits_tb_behav\xsim.rtti,True,학부 과제 및 프로젝트\컨트롤로직설계\fulladd_[STUDENT-ID]_[AUTHOR]__extracted\fulladd\fulladd.sim\sim_1\behav\xsim\xsim.dir\add_4bits_tb_behav\xsim.rtti
DUP-0104,b51e9c437b6f8ab908f204ef3ef57562c91dc897e7c7b74b92c0604e52ac2ffe,119250,고주파공학,사진\homework5\ex12-3(시뮬하다가 중단)\3.png,True,학부 과제 및 프로젝트\고주파공학\사진\homework5\ex12-3(시뮬하다가 중단)\3.png
DUP-0104,b51e9c437b6f8ab908f204ef3ef57562c91dc897e7c7b74b92c0604e52ac2ffe,119250,고주파공학,사진\homework5\시뮬사진\스크린샷 2026-06-09 234018.png,False,학부 과제 및 프로젝트\고주파공학\사진\homework5\ex12-3(시뮬하다가 중단)\3.png
DUP-0105,b74e313ae399da95ba06789a0626063d8aaa66e87a42ff3e8bec58024ed4a832,3128,컨트롤로직설계,101 Sequence Recognizer_[STUDENT-ID]_[AUTHOR]__extracted\mealy_[STUDENT-ID]_[AUTHOR]\mealy.sim\sim_1\behav\xsim\xsim.dir\mealy_tb_behav\xsim.dbg,False,학부 과제 및 프로젝트\컨트롤로직설계\mealy_[STUDENT-ID]_[AUTHOR]__extracted\mealy_[STUDENT-ID]_[AUTHOR]\mealy.sim\sim_1\behav\xsim\xsim.dir\mealy_tb_behav\xsim.dbg
DUP-0105,b74e313ae399da95ba06789a0626063d8aaa66e87a42ff3e8bec58024ed4a832,3128,컨트롤로직설계,mealy_[STUDENT-ID]_[AUTHOR]__extracted\mealy_[STUDENT-ID]_[AUTHOR]\mealy.sim\sim_1\behav\xsim\xsim.dir\mealy_tb_behav\xsim.dbg,True,학부 과제 및 프로젝트\컨트롤로직설계\mealy_[STUDENT-ID]_[AUTHOR]__extracted\mealy_[STUDENT-ID]_[AUTHOR]\mealy.sim\sim_1\behav\xsim\xsim.dir\mealy_tb_behav\xsim.dbg
DUP-0106,b75cbdf22faf488b1762e4176f498955e263f150f3e842dc399ff347db8bc2dd,1429,컨트롤로직설계,fulladd_[STUDENT-ID]_[AUTHOR]__extracted\fulladd\fulladd\fulladd.sim\sim_1\behav\xsim\xsim.dir\fulladd_tb_behav\xsimSettings.ini,False,학부 과제 및 프로젝트\컨트롤로직설계\fulladd_[STUDENT-ID]_[AUTHOR]__extracted\fulladd\fulladd.sim\sim_1\behav\xsim\xsim.dir\fulladd_tb_behav\xsimSettings.ini
DUP-0106,b75cbdf22faf488b1762e4176f498955e263f150f3e842dc399ff347db8bc2dd,1429,컨트롤로직설계,fulladd_[STUDENT-ID]_[AUTHOR]__extracted\fulladd\fulladd.sim\sim_1\behav\xsim\xsim.dir\fulladd_tb_behav\xsimSettings.ini,True,학부 과제 및 프로젝트\컨트롤로직설계\fulladd_[STUDENT-ID]_[AUTHOR]__extracted\fulladd\fulladd.sim\sim_1\behav\xsim\xsim.dir\fulladd_tb_behav\xsimSettings.ini
DUP-0107,b8b16d9f08894fbfc16ccd231a6888c3d2ca66e7c8910721caf9ead002dbb751,332,컨트롤로직설계,fulladd_[STUDENT-ID]_[AUTHOR]__extracted\fulladd\fulladd\fulladd.sim\sim_1\behav\xsim\xsim.dir\add_4bits_tb_behav\xsimkernel.log,False,학부 과제 및 프로젝트\컨트롤로직설계\fulladd_[STUDENT-ID]_[AUTHOR]__extracted\fulladd\fulladd.sim\sim_1\behav\xsim\xsim.dir\add_4bits_tb_behav\xsimkernel.log
DUP-0107,b8b16d9f08894fbfc16ccd231a6888c3d2ca66e7c8910721caf9ead002dbb751,332,컨트롤로직설계,fulladd_[STUDENT-ID]_[AUTHOR]__extracted\fulladd\fulladd.sim\sim_1\behav\xsim\xsim.dir\add_4bits_tb_behav\xsimkernel.log,True,학부 과제 및 프로젝트\컨트롤로직설계\fulladd_[STUDENT-ID]_[AUTHOR]__extracted\fulladd\fulladd.sim\sim_1\behav\xsim\xsim.dir\add_4bits_tb_behav\xsimkernel.log
DUP-0108,b986f962cc352b71cac258678a0d4733322cc86dcac7a75a58cfc03cc7fbac68,239,컨트롤로직설계,101 Sequence Recognizer_[STUDENT-ID]_[AUTHOR]__extracted\mealy_[STUDENT-ID]_[AUTHOR]\mealy.cache\wt\xsim.wdf,False,학부 과제 및 프로젝트\컨트롤로직설계\FSM__extracted\FSM\FSM.cache\wt\xsim.wdf
DUP-0108,b986f962cc352b71cac258678a0d4733322cc86dcac7a75a58cfc03cc7fbac68,239,컨트롤로직설계,FSM__extracted\FSM\FSM.cache\wt\xsim.wdf,True,학부 과제 및 프로젝트\컨트롤로직설계\FSM__extracted\FSM\FSM.cache\wt\xsim.wdf
DUP-0108,b986f962cc352b71cac258678a0d4733322cc86dcac7a75a58cfc03cc7fbac68,239,컨트롤로직설계,mealy_[STUDENT-ID]_[AUTHOR]__extracted\mealy_[STUDENT-ID]_[AUTHOR]\mealy.cache\wt\xsim.wdf,False,학부 과제 및 프로젝트\컨트롤로직설계\FSM__extracted\FSM\FSM.cache\wt\xsim.wdf
DUP-0109,bc85f5e8e5f43c72be13fd2a8ad416ac29e68f97fd852397d8a4652164b65c21,46221,고주파공학,사진\homework5\ex12-3(시뮬하다가 중단)\2.png,True,학부 과제 및 프로젝트\고주파공학\사진\homework5\ex12-3(시뮬하다가 중단)\2.png
DUP-0109,bc85f5e8e5f43c72be13fd2a8ad416ac29e68f97fd852397d8a4652164b65c21,46221,고주파공학,사진\homework5\시뮬사진\스크린샷 2026-06-09 233950.png,False,학부 과제 및 프로젝트\고주파공학\사진\homework5\ex12-3(시뮬하다가 중단)\2.png
DUP-0110,be76eb22f872769a006ac2d2648129c5ec0aa96c45200561158ccb0b5dac94ce,120413,고주파공학,사진\homework5\ex7-2\ex7.2.png,True,학부 과제 및 프로젝트\고주파공학\사진\homework5\ex7-2\ex7.2.png
DUP-0110,be76eb22f872769a006ac2d2648129c5ec0aa96c45200561158ccb0b5dac94ce,120413,고주파공학,사진\homework5\시뮬사진\스크린샷 2026-06-09 144807.png,False,학부 과제 및 프로젝트\고주파공학\사진\homework5\ex7-2\ex7.2.png
DUP-0111,c01a483fea80e23abcec36b1c4a0d92b9a3a3dcb61fd796bf5abaaa16e6e3b9e,157,컨트롤로직설계,fulladd_[STUDENT-ID]_[AUTHOR]__extracted\fulladd\fulladd\fulladd.sim\sim_1\behav\xsim\xsim.dir\fulladd_tb_behav\Compile_Options.txt,False,학부 과제 및 프로젝트\컨트롤로직설계\fulladd_[STUDENT-ID]_[AUTHOR]__extracted\fulladd\fulladd.sim\sim_1\behav\xsim\xsim.dir\fulladd_tb_behav\Compile_Options.txt
DUP-0111,c01a483fea80e23abcec36b1c4a0d92b9a3a3dcb61fd796bf5abaaa16e6e3b9e,157,컨트롤로직설계,fulladd_[STUDENT-ID]_[AUTHOR]__extracted\fulladd\fulladd.sim\sim_1\behav\xsim\xsim.dir\fulladd_tb_behav\Compile_Options.txt,True,학부 과제 및 프로젝트\컨트롤로직설계\fulladd_[STUDENT-ID]_[AUTHOR]__extracted\fulladd\fulladd.sim\sim_1\behav\xsim\xsim.dir\fulladd_tb_behav\Compile_Options.txt
DUP-0112,c3010a11fe802ab44438e8118ebc44fcdf776f650837cfcd429ef0d2dd4f6de0,25,컨트롤로직설계,101 Sequence Recognizer_[STUDENT-ID]_[AUTHOR]__extracted\mealy_[STUDENT-ID]_[AUTHOR]\mealy.sim\sim_1\behav\xsim\simulate.log,False,학부 과제 및 프로젝트\컨트롤로직설계\FSM__extracted\FSM\FSM.sim\sim_1\behav\xsim\simulate.log
DUP-0112,c3010a11fe802ab44438e8118ebc44fcdf776f650837cfcd429ef0d2dd4f6de0,25,컨트롤로직설계,FSM__extracted\FSM\FSM.sim\sim_1\behav\xsim\simulate.log,True,학부 과제 및 프로젝트\컨트롤로직설계\FSM__extracted\FSM\FSM.sim\sim_1\behav\xsim\simulate.log
DUP-0112,c3010a11fe802ab44438e8118ebc44fcdf776f650837cfcd429ef0d2dd4f6de0,25,컨트롤로직설계,fulladd_[STUDENT-ID]_[AUTHOR]__extracted\fulladd\fulladd\fulladd.sim\sim_1\behav\xsim\simulate.log,False,학부 과제 및 프로젝트\컨트롤로직설계\FSM__extracted\FSM\FSM.sim\sim_1\behav\xsim\simulate.log
DUP-0112,c3010a11fe802ab44438e8118ebc44fcdf776f650837cfcd429ef0d2dd4f6de0,25,컨트롤로직설계,fulladd_[STUDENT-ID]_[AUTHOR]__extracted\fulladd\fulladd.sim\sim_1\behav\xsim\simulate.log,False,학부 과제 및 프로젝트\컨트롤로직설계\FSM__extracted\FSM\FSM.sim\sim_1\behav\xsim\simulate.log
DUP-0112,c3010a11fe802ab44438e8118ebc44fcdf776f650837cfcd429ef0d2dd4f6de0,25,컨트롤로직설계,mealy_[STUDENT-ID]_[AUTHOR]__extracted\mealy_[STUDENT-ID]_[AUTHOR]\mealy.sim\sim_1\behav\xsim\simulate.log,False,학부 과제 및 프로젝트\컨트롤로직설계\FSM__extracted\FSM\FSM.sim\sim_1\behav\xsim\simulate.log
DUP-0112,c3010a11fe802ab44438e8118ebc44fcdf776f650837cfcd429ef0d2dd4f6de0,25,컨트롤로직설계,mux_8to1_[STUDENT-ID]_[AUTHOR]__extracted\mux_8to1.sim\sim_1\behav\xsim\simulate.log,False,학부 과제 및 프로젝트\컨트롤로직설계\FSM__extracted\FSM\FSM.sim\sim_1\behav\xsim\simulate.log
DUP-0113,c3c0600ac3e9a55dd57d70e371eb11afe77e82d39955cab8ed6d69bc6329f2ef,6072,컨트롤로직설계,fulladd_[STUDENT-ID]_[AUTHOR]__extracted\fulladd\fulladd\fulladd.sim\sim_1\behav\xsim\xsim.dir\fulladd_tb_behav\xsim.type,False,학부 과제 및 프로젝트\컨트롤로직설계\fulladd_[STUDENT-ID]_[AUTHOR]__extracted\fulladd\fulladd.sim\sim_1\behav\xsim\xsim.dir\fulladd_tb_behav\xsim.type
DUP-0113,c3c0600ac3e9a55dd57d70e371eb11afe77e82d39955cab8ed6d69bc6329f2ef,6072,컨트롤로직설계,fulladd_[STUDENT-ID]_[AUTHOR]__extracted\fulladd\fulladd.sim\sim_1\behav\xsim\xsim.dir\fulladd_tb_behav\xsim.type,True,학부 과제 및 프로젝트\컨트롤로직설계\fulladd_[STUDENT-ID]_[AUTHOR]__extracted\fulladd\fulladd.sim\sim_1\behav\xsim\xsim.dir\fulladd_tb_behav\xsim.type
DUP-0114,c53fab79a3c562a28058f13c5ffc927a563f4f192d0a41196fc68ef6f6b17f33,376,컨트롤로직설계,fulladd_[STUDENT-ID]_[AUTHOR]__extracted\fulladd\fulladd\fulladd.sim\sim_1\behav\xsim\xsim.dir\fulladd_tb_behav\xsim.reloc,False,학부 과제 및 프로젝트\컨트롤로직설계\fulladd_[STUDENT-ID]_[AUTHOR]__extracted\fulladd\fulladd.sim\sim_1\behav\xsim\xsim.dir\fulladd_tb_behav\xsim.reloc
DUP-0114,c53fab79a3c562a28058f13c5ffc927a563f4f192d0a41196fc68ef6f6b17f33,376,컨트롤로직설계,fulladd_[STUDENT-ID]_[AUTHOR]__extracted\fulladd\fulladd.sim\sim_1\behav\xsim\xsim.dir\fulladd_tb_behav\xsim.reloc,True,학부 과제 및 프로젝트\컨트롤로직설계\fulladd_[STUDENT-ID]_[AUTHOR]__extracted\fulladd\fulladd.sim\sim_1\behav\xsim\xsim.dir\fulladd_tb_behav\xsim.reloc
DUP-0115,ca01ed4d8f65a4aa27407ae8d0f1f076ec644a8449335ef1a81869c662747de1,21260,전동기제어,사진\aim3 결과.png,True,학부 과제 및 프로젝트\전동기제어\사진\aim3 결과.png
DUP-0115,ca01ed4d8f65a4aa27407ae8d0f1f076ec644a8449335ef1a81869c662747de1,21260,전동기제어,전동기 프로젝트\aim3 결과.png,False,학부 과제 및 프로젝트\전동기제어\사진\aim3 결과.png
DUP-0115,ca01ed4d8f65a4aa27407ae8d0f1f076ec644a8449335ef1a81869c662747de1,21260,전동기제어,전동기 프로젝트__extracted\aim3 결과.png,False,학부 과제 및 프로젝트\전동기제어\사진\aim3 결과.png
DUP-0116,ca99e52874c52970cdd4c6a81b9160dd375a7751396ff2ed590d5b051639b6c3,3987,컨트롤로직설계,fulladd_[STUDENT-ID]_[AUTHOR]__extracted\fulladd\fulladd\fulladd.sim\sim_1\behav\xsim\xsim.dir\xil_defaultlib\fulladd_tb.vdb,False,학부 과제 및 프로젝트\컨트롤로직설계\fulladd_[STUDENT-ID]_[AUTHOR]__extracted\fulladd\fulladd.sim\sim_1\behav\xsim\xsim.dir\xil_defaultlib\fulladd_tb.vdb
DUP-0116,ca99e52874c52970cdd4c6a81b9160dd375a7751396ff2ed590d5b051639b6c3,3987,컨트롤로직설계,fulladd_[STUDENT-ID]_[AUTHOR]__extracted\fulladd\fulladd.sim\sim_1\behav\xsim\xsim.dir\xil_defaultlib\fulladd_tb.vdb,True,학부 과제 및 프로젝트\컨트롤로직설계\fulladd_[STUDENT-ID]_[AUTHOR]__extracted\fulladd\fulladd.sim\sim_1\behav\xsim\xsim.dir\xil_defaultlib\fulladd_tb.vdb
DUP-0117,d1ca3d8a22cf36d9aa9c287e8d31975bd96265b57ff41b4a1b9a479a099321fb,1700,컨트롤로직설계,fulladd_[STUDENT-ID]_[AUTHOR]__extracted\fulladd\fulladd\fulladd.srcs\sim_1\new\fulladd_tb.vhd,False,학부 과제 및 프로젝트\컨트롤로직설계\fulladd_[STUDENT-ID]_[AUTHOR]__extracted\fulladd\fulladd.srcs\sim_1\new\fulladd_tb.vhd
DUP-0117,d1ca3d8a22cf36d9aa9c287e8d31975bd96265b57ff41b4a1b9a479a099321fb,1700,컨트롤로직설계,fulladd_[STUDENT-ID]_[AUTHOR]__extracted\fulladd\fulladd.srcs\sim_1\new\fulladd_tb.vhd,True,학부 과제 및 프로젝트\컨트롤로직설계\fulladd_[STUDENT-ID]_[AUTHOR]__extracted\fulladd\fulladd.srcs\sim_1\new\fulladd_tb.vhd
DUP-0118,d205eb8eedfa5d0284908d4e8d1408294a2371c267eae2c14d831c9521e2091f,20794414,고주파공학,고주파공학 1분반_homework4_[STUDENT-ID]_[AUTHOR].pdf,True,학부 과제 및 프로젝트\고주파공학\고주파공학 1분반_homework4_[STUDENT-ID]_[AUTHOR].pdf
DUP-0118,d205eb8eedfa5d0284908d4e8d1408294a2371c267eae2c14d831c9521e2091f,20794414,고주파공학,사진\homework4\고주파공학 1분반_homework4_[STUDENT-ID]_[AUTHOR].pdf,False,학부 과제 및 프로젝트\고주파공학\고주파공학 1분반_homework4_[STUDENT-ID]_[AUTHOR].pdf
DUP-0119,d371a8ddc810575541a461b90e77b2ee72c4df6b61eb8863a0d3db64f4637478,6419,전력시스템공학,중간과제\[STUDENT-ID]_[AUTHOR]\과제 문제.pwd,False,학부 과제 및 프로젝트\전력시스템공학\중간과제\과제 문제.pwd
DUP-0119,d371a8ddc810575541a461b90e77b2ee72c4df6b61eb8863a0d3db64f4637478,6419,전력시스템공학,중간과제\[STUDENT-ID]_[AUTHOR]__extracted\과제 문제.pwd,False,학부 과제 및 프로젝트\전력시스템공학\중간과제\과제 문제.pwd
DUP-0119,d371a8ddc810575541a461b90e77b2ee72c4df6b61eb8863a0d3db64f4637478,6419,전력시스템공학,중간과제\과제 문제.pwd,True,학부 과제 및 프로젝트\전력시스템공학\중간과제\과제 문제.pwd
DUP-0120,d3ecd163ea70852d56a429fcb9f461dc1ea86bf44aa7725f90e3482ccf5734c0,6152,컨트롤로직설계,101 Sequence Recognizer_[STUDENT-ID]_[AUTHOR]__extracted\mealy_[STUDENT-ID]_[AUTHOR]\mealy.sim\sim_1\behav\xsim\xsim.dir\mealy_tb_behav\xsim.type,False,학부 과제 및 프로젝트\컨트롤로직설계\mealy_[STUDENT-ID]_[AUTHOR]__extracted\mealy_[STUDENT-ID]_[AUTHOR]\mealy.sim\sim_1\behav\xsim\xsim.dir\mealy_tb_behav\xsim.type
DUP-0120,d3ecd163ea70852d56a429fcb9f461dc1ea86bf44aa7725f90e3482ccf5734c0,6152,컨트롤로직설계,mealy_[STUDENT-ID]_[AUTHOR]__extracted\mealy_[STUDENT-ID]_[AUTHOR]\mealy.sim\sim_1\behav\xsim\xsim.dir\mealy_tb_behav\xsim.type,True,학부 과제 및 프로젝트\컨트롤로직설계\mealy_[STUDENT-ID]_[AUTHOR]__extracted\mealy_[STUDENT-ID]_[AUTHOR]\mealy.sim\sim_1\behav\xsim\xsim.dir\mealy_tb_behav\xsim.type
DUP-0121,d492d46c86d1123133258c9a46f11e9c3f31cb3934ad29556b498957ef258ada,702,컨트롤로직설계,fulladd_[STUDENT-ID]_[AUTHOR]__extracted\fulladd\fulladd\fulladd.sim\sim_1\behav\xsim\xsim.dir\fulladd_tb_behav\xsim.rlx,False,학부 과제 및 프로젝트\컨트롤로직설계\fulladd_[STUDENT-ID]_[AUTHOR]__extracted\fulladd\fulladd.sim\sim_1\behav\xsim\xsim.dir\fulladd_tb_behav\xsim.rlx
DUP-0121,d492d46c86d1123133258c9a46f11e9c3f31cb3934ad29556b498957ef258ada,702,컨트롤로직설계,fulladd_[STUDENT-ID]_[AUTHOR]__extracted\fulladd\fulladd.sim\sim_1\behav\xsim\xsim.dir\fulladd_tb_behav\xsim.rlx,True,학부 과제 및 프로젝트\컨트롤로직설계\fulladd_[STUDENT-ID]_[AUTHOR]__extracted\fulladd\fulladd.sim\sim_1\behav\xsim\xsim.dir\fulladd_tb_behav\xsim.rlx
DUP-0122,d64f4fd0bfefe0536e46919ec0e23695974405b86260a51e1daa0e2d90b2b323,40,컨트롤로직설계,101 Sequence Recognizer_[STUDENT-ID]_[AUTHOR]__extracted\mealy_[STUDENT-ID]_[AUTHOR]\mealy.sim\sim_1\behav\xsim\xsim.ini,False,학부 과제 및 프로젝트\컨트롤로직설계\FSM__extracted\FSM\FSM.sim\sim_1\behav\xsim\xsim.ini
DUP-0122,d64f4fd0bfefe0536e46919ec0e23695974405b86260a51e1daa0e2d90b2b323,40,컨트롤로직설계,FSM__extracted\FSM\FSM.sim\sim_1\behav\xsim\xsim.ini,True,학부 과제 및 프로젝트\컨트롤로직설계\FSM__extracted\FSM\FSM.sim\sim_1\behav\xsim\xsim.ini
DUP-0122,d64f4fd0bfefe0536e46919ec0e23695974405b86260a51e1daa0e2d90b2b323,40,컨트롤로직설계,fulladd_[STUDENT-ID]_[AUTHOR]__extracted\fulladd\fulladd\fulladd.sim\sim_1\behav\xsim\xsim.ini,False,학부 과제 및 프로젝트\컨트롤로직설계\FSM__extracted\FSM\FSM.sim\sim_1\behav\xsim\xsim.ini
DUP-0122,d64f4fd0bfefe0536e46919ec0e23695974405b86260a51e1daa0e2d90b2b323,40,컨트롤로직설계,fulladd_[STUDENT-ID]_[AUTHOR]__extracted\fulladd\fulladd.sim\sim_1\behav\xsim\xsim.ini,False,학부 과제 및 프로젝트\컨트롤로직설계\FSM__extracted\FSM\FSM.sim\sim_1\behav\xsim\xsim.ini
DUP-0122,d64f4fd0bfefe0536e46919ec0e23695974405b86260a51e1daa0e2d90b2b323,40,컨트롤로직설계,mealy_[STUDENT-ID]_[AUTHOR]__extracted\mealy_[STUDENT-ID]_[AUTHOR]\mealy.sim\sim_1\behav\xsim\xsim.ini,False,학부 과제 및 프로젝트\컨트롤로직설계\FSM__extracted\FSM\FSM.sim\sim_1\behav\xsim\xsim.ini
DUP-0122,d64f4fd0bfefe0536e46919ec0e23695974405b86260a51e1daa0e2d90b2b323,40,컨트롤로직설계,mux_8to1_[STUDENT-ID]_[AUTHOR]__extracted\mux_8to1.sim\sim_1\behav\xsim\xsim.ini,False,학부 과제 및 프로젝트\컨트롤로직설계\FSM__extracted\FSM\FSM.sim\sim_1\behav\xsim\xsim.ini
DUP-0123,d80b75138f9287c98ff0541a5894ba9b34f1ad68de8c754cd92ef2ea758219ed,1825,컨트롤로직설계,fulladd_[STUDENT-ID]_[AUTHOR]__extracted\fulladd\fulladd\fulladd.srcs\sim_1\new\add_4bits_tb.vhd,False,학부 과제 및 프로젝트\컨트롤로직설계\fulladd_[STUDENT-ID]_[AUTHOR]__extracted\fulladd\fulladd.srcs\sim_1\new\add_4bits_tb.vhd
DUP-0123,d80b75138f9287c98ff0541a5894ba9b34f1ad68de8c754cd92ef2ea758219ed,1825,컨트롤로직설계,fulladd_[STUDENT-ID]_[AUTHOR]__extracted\fulladd\fulladd.srcs\sim_1\new\add_4bits_tb.vhd,True,학부 과제 및 프로젝트\컨트롤로직설계\fulladd_[STUDENT-ID]_[AUTHOR]__extracted\fulladd\fulladd.srcs\sim_1\new\add_4bits_tb.vhd
DUP-0124,d94c17e5a33b4a99856ce058e6058335bef5380c0f4ce7136cd164a755ea873c,84936,고주파공학,사진\homework5\ex7-5\4-1.png,True,학부 과제 및 프로젝트\고주파공학\사진\homework5\ex7-5\4-1.png
DUP-0124,d94c17e5a33b4a99856ce058e6058335bef5380c0f4ce7136cd164a755ea873c,84936,고주파공학,사진\homework5\시뮬사진\스크린샷 2026-06-09 222753.png,False,학부 과제 및 프로젝트\고주파공학\사진\homework5\ex7-5\4-1.png
DUP-0125,da2e7451a9d09502ccc4f7bbeae5cd5af8753f67efbbe843d074ed872afa1006,4601,컨트롤로직설계,101 Sequence Recognizer_[STUDENT-ID]_[AUTHOR]__extracted\mealy_[STUDENT-ID]_[AUTHOR]\mealy.sim\sim_1\behav\xsim\xsim.dir\mealy_tb_behav\obj\xsim_1.c,False,학부 과제 및 프로젝트\컨트롤로직설계\FSM__extracted\FSM\FSM.sim\sim_1\behav\xsim\xsim.dir\mealy_tb_behav\obj\xsim_1.c
DUP-0125,da2e7451a9d09502ccc4f7bbeae5cd5af8753f67efbbe843d074ed872afa1006,4601,컨트롤로직설계,FSM__extracted\FSM\FSM.sim\sim_1\behav\xsim\xsim.dir\mealy_tb_behav\obj\xsim_1.c,True,학부 과제 및 프로젝트\컨트롤로직설계\FSM__extracted\FSM\FSM.sim\sim_1\behav\xsim\xsim.dir\mealy_tb_behav\obj\xsim_1.c
DUP-0125,da2e7451a9d09502ccc4f7bbeae5cd5af8753f67efbbe843d074ed872afa1006,4601,컨트롤로직설계,mealy_[STUDENT-ID]_[AUTHOR]__extracted\mealy_[STUDENT-ID]_[AUTHOR]\mealy.sim\sim_1\behav\xsim\xsim.dir\mealy_tb_behav\obj\xsim_1.c,False,학부 과제 및 프로젝트\컨트롤로직설계\FSM__extracted\FSM\FSM.sim\sim_1\behav\xsim\xsim.dir\mealy_tb_behav\obj\xsim_1.c
DUP-0126,da2ed4b1eec5a5079a8401e812f260417636b2a6b3cc61610aeeaa7b686e7af3,71544,고주파공학,사진\homework5\ex7-2\2.png,True,학부 과제 및 프로젝트\고주파공학\사진\homework5\ex7-2\2.png
DUP-0126,da2ed4b1eec5a5079a8401e812f260417636b2a6b3cc61610aeeaa7b686e7af3,71544,고주파공학,사진\homework5\시뮬사진\스크린샷 2026-06-09 210327.png,False,학부 과제 및 프로젝트\고주파공학\사진\homework5\ex7-2\2.png
DUP-0127,dcb0c0f0c14f487eef1f82c4f8e63591ea6660f0c3ad5ecb0cbea845caa24bf2,1078,컨트롤로직설계,fulladd_[STUDENT-ID]_[AUTHOR]__extracted\fulladd\fulladd\fulladd.sim\sim_1\behav\xsim\xsim.dir\add_4bits_tb_behav\xsim.reloc,False,학부 과제 및 프로젝트\컨트롤로직설계\fulladd_[STUDENT-ID]_[AUTHOR]__extracted\fulladd\fulladd.sim\sim_1\behav\xsim\xsim.dir\add_4bits_tb_behav\xsim.reloc
DUP-0127,dcb0c0f0c14f487eef1f82c4f8e63591ea6660f0c3ad5ecb0cbea845caa24bf2,1078,컨트롤로직설계,fulladd_[STUDENT-ID]_[AUTHOR]__extracted\fulladd\fulladd.sim\sim_1\behav\xsim\xsim.dir\add_4bits_tb_behav\xsim.reloc,True,학부 과제 및 프로젝트\컨트롤로직설계\fulladd_[STUDENT-ID]_[AUTHOR]__extracted\fulladd\fulladd.sim\sim_1\behav\xsim\xsim.dir\add_4bits_tb_behav\xsim.reloc
DUP-0128,de22f62939c6c83fbaabb03871765614b73a7efd05733fcf0aa64b827faaa035,43384,전동기제어,사진\속도응답matlab.png,True,학부 과제 및 프로젝트\전동기제어\사진\속도응답matlab.png
DUP-0128,de22f62939c6c83fbaabb03871765614b73a7efd05733fcf0aa64b827faaa035,43384,전동기제어,전동기 프로젝트\속도응답matlab.png,False,학부 과제 및 프로젝트\전동기제어\사진\속도응답matlab.png
DUP-0128,de22f62939c6c83fbaabb03871765614b73a7efd05733fcf0aa64b827faaa035,43384,전동기제어,전동기 프로젝트__extracted\속도응답matlab.png,False,학부 과제 및 프로젝트\전동기제어\사진\속도응답matlab.png
DUP-0129,de708146726f2550953ad36331e9e593b9faaa50794c87571d6529a1071928d6,3416,컨트롤로직설계,fulladd_[STUDENT-ID]_[AUTHOR]__extracted\fulladd\fulladd\fulladd.sim\sim_1\behav\xsim\xsim.dir\fulladd_tb_behav\xsim.dbg,False,학부 과제 및 프로젝트\컨트롤로직설계\fulladd_[STUDENT-ID]_[AUTHOR]__extracted\fulladd\fulladd.sim\sim_1\behav\xsim\xsim.dir\fulladd_tb_behav\xsim.dbg
DUP-0129,de708146726f2550953ad36331e9e593b9faaa50794c87571d6529a1071928d6,3416,컨트롤로직설계,fulladd_[STUDENT-ID]_[AUTHOR]__extracted\fulladd\fulladd.sim\sim_1\behav\xsim\xsim.dir\fulladd_tb_behav\xsim.dbg,True,학부 과제 및 프로젝트\컨트롤로직설계\fulladd_[STUDENT-ID]_[AUTHOR]__extracted\fulladd\fulladd.sim\sim_1\behav\xsim\xsim.dir\fulladd_tb_behav\xsim.dbg
DUP-0130,df5bcbe498b4e0eea0adaa1e9d0817f5210d3d740231ff10b50f0e968e1633e7,288,컨트롤로직설계,101 Sequence Recognizer_[STUDENT-ID]_[AUTHOR]__extracted\mealy_[STUDENT-ID]_[AUTHOR]\mealy.sim\sim_1\behav\xsim\xsim.dir\mealy_tb_behav\xsim.reloc,False,학부 과제 및 프로젝트\컨트롤로직설계\FSM__extracted\FSM\FSM.sim\sim_1\behav\xsim\xsim.dir\mealy_tb_behav\xsim.reloc
DUP-0130,df5bcbe498b4e0eea0adaa1e9d0817f5210d3d740231ff10b50f0e968e1633e7,288,컨트롤로직설계,FSM__extracted\FSM\FSM.sim\sim_1\behav\xsim\xsim.dir\mealy_tb_behav\xsim.reloc,True,학부 과제 및 프로젝트\컨트롤로직설계\FSM__extracted\FSM\FSM.sim\sim_1\behav\xsim\xsim.dir\mealy_tb_behav\xsim.reloc
DUP-0130,df5bcbe498b4e0eea0adaa1e9d0817f5210d3d740231ff10b50f0e968e1633e7,288,컨트롤로직설계,mealy_[STUDENT-ID]_[AUTHOR]__extracted\mealy_[STUDENT-ID]_[AUTHOR]\mealy.sim\sim_1\behav\xsim\xsim.dir\mealy_tb_behav\xsim.reloc,False,학부 과제 및 프로젝트\컨트롤로직설계\FSM__extracted\FSM\FSM.sim\sim_1\behav\xsim\xsim.dir\mealy_tb_behav\xsim.reloc
DUP-0131,e22bdbd5ce65ca19e677e6b8ef6bdf61644edbe59e5c66334b43dfba76d7ac28,2044,컨트롤로직설계,101 Sequence Recognizer_[STUDENT-ID]_[AUTHOR]__extracted\mealy_[STUDENT-ID]_[AUTHOR]\mealy.srcs\sim_1\new\mealy_tb.vhd,False,학부 과제 및 프로젝트\컨트롤로직설계\mealy_[STUDENT-ID]_[AUTHOR]__extracted\mealy_[STUDENT-ID]_[AUTHOR]\mealy.srcs\sim_1\new\mealy_tb.vhd
DUP-0131,e22bdbd5ce65ca19e677e6b8ef6bdf61644edbe59e5c66334b43dfba76d7ac28,2044,컨트롤로직설계,mealy_[STUDENT-ID]_[AUTHOR]__extracted\mealy_[STUDENT-ID]_[AUTHOR]\mealy.srcs\sim_1\new\mealy_tb.vhd,True,학부 과제 및 프로젝트\컨트롤로직설계\mealy_[STUDENT-ID]_[AUTHOR]__extracted\mealy_[STUDENT-ID]_[AUTHOR]\mealy.srcs\sim_1\new\mealy_tb.vhd
DUP-0132,e3b0c44298fc1c149afbf4c8996fb92427ae41e4649b934ca495991b7852b855,0,컨트롤로직설계,101 Sequence Recognizer_[STUDENT-ID]_[AUTHOR]__extracted\mealy_[STUDENT-ID]_[AUTHOR]\mealy.sim\sim_1\behav\xsim\xsim.dir\mealy_tb_behav\xsimcrash.log,False,학부 과제 및 프로젝트\컨트롤로직설계\FSM__extracted\FSM\FSM.sim\sim_1\behav\xsim\xsim.dir\mealy_tb_behav\xsimcrash.log
DUP-0132,e3b0c44298fc1c149afbf4c8996fb92427ae41e4649b934ca495991b7852b855,0,컨트롤로직설계,101 Sequence Recognizer_[STUDENT-ID]_[AUTHOR]__extracted\mealy_[STUDENT-ID]_[AUTHOR]\mealy.sim\sim_1\behav\xsim\xvhdl.log,False,학부 과제 및 프로젝트\컨트롤로직설계\FSM__extracted\FSM\FSM.sim\sim_1\behav\xsim\xsim.dir\mealy_tb_behav\xsimcrash.log
DUP-0132,e3b0c44298fc1c149afbf4c8996fb92427ae41e4649b934ca495991b7852b855,0,컨트롤로직설계,FSM__extracted\FSM\FSM.sim\sim_1\behav\xsim\xsim.dir\mealy_tb_behav\xsimcrash.log,True,학부 과제 및 프로젝트\컨트롤로직설계\FSM__extracted\FSM\FSM.sim\sim_1\behav\xsim\xsim.dir\mealy_tb_behav\xsimcrash.log
DUP-0132,e3b0c44298fc1c149afbf4c8996fb92427ae41e4649b934ca495991b7852b855,0,컨트롤로직설계,fulladd_[STUDENT-ID]_[AUTHOR]__extracted\fulladd\fulladd\fulladd.sim\sim_1\behav\xsim\xsim.dir\add_4bits_tb_behav\xsimcrash.log,False,학부 과제 및 프로젝트\컨트롤로직설계\FSM__extracted\FSM\FSM.sim\sim_1\behav\xsim\xsim.dir\mealy_tb_behav\xsimcrash.log
DUP-0132,e3b0c44298fc1c149afbf4c8996fb92427ae41e4649b934ca495991b7852b855,0,컨트롤로직설계,fulladd_[STUDENT-ID]_[AUTHOR]__extracted\fulladd\fulladd\fulladd.sim\sim_1\behav\xsim\xsim.dir\fulladd_tb_behav\xsimcrash.log,False,학부 과제 및 프로젝트\컨트롤로직설계\FSM__extracted\FSM\FSM.sim\sim_1\behav\xsim\xsim.dir\mealy_tb_behav\xsimcrash.log
DUP-0132,e3b0c44298fc1c149afbf4c8996fb92427ae41e4649b934ca495991b7852b855,0,컨트롤로직설계,fulladd_[STUDENT-ID]_[AUTHOR]__extracted\fulladd\fulladd.sim\sim_1\behav\xsim\xsim.dir\add_4bits_tb_behav\xsimcrash.log,False,학부 과제 및 프로젝트\컨트롤로직설계\FSM__extracted\FSM\FSM.sim\sim_1\behav\xsim\xsim.dir\mealy_tb_behav\xsimcrash.log
DUP-0132,e3b0c44298fc1c149afbf4c8996fb92427ae41e4649b934ca495991b7852b855,0,컨트롤로직설계,fulladd_[STUDENT-ID]_[AUTHOR]__extracted\fulladd\fulladd.sim\sim_1\behav\xsim\xsim.dir\fulladd_tb_behav\xsimcrash.log,False,학부 과제 및 프로젝트\컨트롤로직설계\FSM__extracted\FSM\FSM.sim\sim_1\behav\xsim\xsim.dir\mealy_tb_behav\xsimcrash.log
DUP-0132,e3b0c44298fc1c149afbf4c8996fb92427ae41e4649b934ca495991b7852b855,0,컨트롤로직설계,mealy_[STUDENT-ID]_[AUTHOR]__extracted\mealy_[STUDENT-ID]_[AUTHOR]\mealy.sim\sim_1\behav\xsim\xsim.dir\mealy_tb_behav\xsimcrash.log,False,학부 과제 및 프로젝트\컨트롤로직설계\FSM__extracted\FSM\FSM.sim\sim_1\behav\xsim\xsim.dir\mealy_tb_behav\xsimcrash.log
DUP-0132,e3b0c44298fc1c149afbf4c8996fb92427ae41e4649b934ca495991b7852b855,0,컨트롤로직설계,mealy_[STUDENT-ID]_[AUTHOR]__extracted\mealy_[STUDENT-ID]_[AUTHOR]\mealy.sim\sim_1\behav\xsim\xvhdl.log,False,학부 과제 및 프로젝트\컨트롤로직설계\FSM__extracted\FSM\FSM.sim\sim_1\behav\xsim\xsim.dir\mealy_tb_behav\xsimcrash.log
DUP-0132,e3b0c44298fc1c149afbf4c8996fb92427ae41e4649b934ca495991b7852b855,0,컨트롤로직설계,mux_8to1_[STUDENT-ID]_[AUTHOR]__extracted\mux_8to1.sim\sim_1\behav\xsim\xsim.dir\dec_3to8_tb_behav\xsimcrash.log,False,학부 과제 및 프로젝트\컨트롤로직설계\FSM__extracted\FSM\FSM.sim\sim_1\behav\xsim\xsim.dir\mealy_tb_behav\xsimcrash.log
DUP-0132,e3b0c44298fc1c149afbf4c8996fb92427ae41e4649b934ca495991b7852b855,0,컨트롤로직설계,mux_8to1_[STUDENT-ID]_[AUTHOR]__extracted\mux_8to1.sim\sim_1\behav\xsim\xsim.dir\mux_8to1_tb_behav\xsimcrash.log,False,학부 과제 및 프로젝트\컨트롤로직설계\FSM__extracted\FSM\FSM.sim\sim_1\behav\xsim\xsim.dir\mealy_tb_behav\xsimcrash.log
DUP-0133,e535b6859692e7bd251ac0a6148bed5c843aeaefe75c7de26afd3f7a3dc2d2af,1213,컨트롤로직설계,fulladd_[STUDENT-ID]_[AUTHOR]__extracted\fulladd\fulladd\fulladd.srcs\sources_1\new\fulladd.vhd,False,학부 과제 및 프로젝트\컨트롤로직설계\fulladd_[STUDENT-ID]_[AUTHOR]__extracted\fulladd\fulladd.srcs\sources_1\new\fulladd.vhd
DUP-0133,e535b6859692e7bd251ac0a6148bed5c843aeaefe75c7de26afd3f7a3dc2d2af,1213,컨트롤로직설계,fulladd_[STUDENT-ID]_[AUTHOR]__extracted\fulladd\fulladd.srcs\sources_1\new\fulladd.vhd,True,학부 과제 및 프로젝트\컨트롤로직설계\fulladd_[STUDENT-ID]_[AUTHOR]__extracted\fulladd\fulladd.srcs\sources_1\new\fulladd.vhd
DUP-0134,e79eaec106196b844cb69c4a96f3a645fc4cfec3eb960f2a7b6480f1f4ee3239,186,컨트롤로직설계,fulladd_[STUDENT-ID]_[AUTHOR]__extracted\fulladd\fulladd\fulladd.sim\sim_1\behav\xsim\compile.log,False,학부 과제 및 프로젝트\컨트롤로직설계\fulladd_[STUDENT-ID]_[AUTHOR]__extracted\fulladd\fulladd.sim\sim_1\behav\xsim\xvhdl.log
DUP-0134,e79eaec106196b844cb69c4a96f3a645fc4cfec3eb960f2a7b6480f1f4ee3239,186,컨트롤로직설계,fulladd_[STUDENT-ID]_[AUTHOR]__extracted\fulladd\fulladd\fulladd.sim\sim_1\behav\xsim\xvhdl.log,False,학부 과제 및 프로젝트\컨트롤로직설계\fulladd_[STUDENT-ID]_[AUTHOR]__extracted\fulladd\fulladd.sim\sim_1\behav\xsim\xvhdl.log
DUP-0134,e79eaec106196b844cb69c4a96f3a645fc4cfec3eb960f2a7b6480f1f4ee3239,186,컨트롤로직설계,fulladd_[STUDENT-ID]_[AUTHOR]__extracted\fulladd\fulladd.sim\sim_1\behav\xsim\compile.log,False,학부 과제 및 프로젝트\컨트롤로직설계\fulladd_[STUDENT-ID]_[AUTHOR]__extracted\fulladd\fulladd.sim\sim_1\behav\xsim\xvhdl.log
DUP-0134,e79eaec106196b844cb69c4a96f3a645fc4cfec3eb960f2a7b6480f1f4ee3239,186,컨트롤로직설계,fulladd_[STUDENT-ID]_[AUTHOR]__extracted\fulladd\fulladd.sim\sim_1\behav\xsim\xvhdl.log,True,학부 과제 및 프로젝트\컨트롤로직설계\fulladd_[STUDENT-ID]_[AUTHOR]__extracted\fulladd\fulladd.sim\sim_1\behav\xsim\xvhdl.log
DUP-0135,e9a362a5103963b03689b8bcc91f08ca1d343c08780c6a760c02ad93a8324d5f,18153076,고주파공학,고주파공학 1분반_homework2_[STUDENT-ID]_[AUTHOR].pdf,True,학부 과제 및 프로젝트\고주파공학\고주파공학 1분반_homework2_[STUDENT-ID]_[AUTHOR].pdf
DUP-0135,e9a362a5103963b03689b8bcc91f08ca1d343c08780c6a760c02ad93a8324d5f,18153076,고주파공학,사진\homework2\고주파공학 1분반_homework2_[STUDENT-ID]_[AUTHOR].pdf,False,학부 과제 및 프로젝트\고주파공학\고주파공학 1분반_homework2_[STUDENT-ID]_[AUTHOR].pdf
DUP-0136,e9f1edfaf29401398b1be15adfd2dc64a30756fee65815d80a61be40a76ebc08,266,컨트롤로직설계,fulladd_[STUDENT-ID]_[AUTHOR]__extracted\fulladd\fulladd\fulladd.sim\sim_1\behav\xsim\xvhdl.pb,False,학부 과제 및 프로젝트\컨트롤로직설계\fulladd_[STUDENT-ID]_[AUTHOR]__extracted\fulladd\fulladd.sim\sim_1\behav\xsim\xvhdl.pb
DUP-0136,e9f1edfaf29401398b1be15adfd2dc64a30756fee65815d80a61be40a76ebc08,266,컨트롤로직설계,fulladd_[STUDENT-ID]_[AUTHOR]__extracted\fulladd\fulladd.sim\sim_1\behav\xsim\xvhdl.pb,True,학부 과제 및 프로젝트\컨트롤로직설계\fulladd_[STUDENT-ID]_[AUTHOR]__extracted\fulladd\fulladd.sim\sim_1\behav\xsim\xvhdl.pb
DUP-0137,ea016cd45b796f7b523e3f677a13e50a1522978ece63a99d8ce25e51e9a31364,6480,컨트롤로직설계,fulladd_[STUDENT-ID]_[AUTHOR]__extracted\fulladd\fulladd\fulladd.sim\sim_1\behav\xsim\xsim.dir\add_4bits_tb_behav\xsim.dbg,False,학부 과제 및 프로젝트\컨트롤로직설계\fulladd_[STUDENT-ID]_[AUTHOR]__extracted\fulladd\fulladd.sim\sim_1\behav\xsim\xsim.dir\add_4bits_tb_behav\xsim.dbg
DUP-0137,ea016cd45b796f7b523e3f677a13e50a1522978ece63a99d8ce25e51e9a31364,6480,컨트롤로직설계,fulladd_[STUDENT-ID]_[AUTHOR]__extracted\fulladd\fulladd.sim\sim_1\behav\xsim\xsim.dir\add_4bits_tb_behav\xsim.dbg,True,학부 과제 및 프로젝트\컨트롤로직설계\fulladd_[STUDENT-ID]_[AUTHOR]__extracted\fulladd\fulladd.sim\sim_1\behav\xsim\xsim.dir\add_4bits_tb_behav\xsim.dbg
DUP-0138,ea2f40ff389c0c2a04490587f62687e2d327b18f9bc9ec9c07748f048322f537,61,컨트롤로직설계,FSM__extracted\FSM\FSM.cache\wt\project.wpc,True,학부 과제 및 프로젝트\컨트롤로직설계\FSM__extracted\FSM\FSM.cache\wt\project.wpc
DUP-0138,ea2f40ff389c0c2a04490587f62687e2d327b18f9bc9ec9c07748f048322f537,61,컨트롤로직설계,mux_8to1_[STUDENT-ID]_[AUTHOR]__extracted\mux_8to1.cache\wt\project.wpc,False,학부 과제 및 프로젝트\컨트롤로직설계\FSM__extracted\FSM\FSM.cache\wt\project.wpc
DUP-0139,eb320dd7eee125252cd46ffed7bf863aafaf69d6d77c212dffef26ba7838603c,726312,전력시스템공학,사진\서지임피던스 계산 및 프로그램 실행_[STUDENT-ID]_[AUTHOR].hwpx,True,학부 과제 및 프로젝트\전력시스템공학\사진\서지임피던스 계산 및 프로그램 실행_[STUDENT-ID]_[AUTHOR].hwpx
DUP-0139,eb320dd7eee125252cd46ffed7bf863aafaf69d6d77c212dffef26ba7838603c,726312,전력시스템공학,중간과제\서지임피던스 계산 및 프로그램 실행_[STUDENT-ID]_[AUTHOR].hwpx,False,학부 과제 및 프로젝트\전력시스템공학\사진\서지임피던스 계산 및 프로그램 실행_[STUDENT-ID]_[AUTHOR].hwpx
DUP-0140,ec7a75cdc928884ebc940d09ad8be4e5cf4d678ffb6ed94ffd6fc2ccaff3dff2,4053,컨트롤로직설계,101 Sequence Recognizer_[STUDENT-ID]_[AUTHOR]__extracted\mealy_[STUDENT-ID]_[AUTHOR]\mealy.sim\sim_1\behav\xsim\xsim.dir\xil_defaultlib\mealy.vdb,False,학부 과제 및 프로젝트\컨트롤로직설계\mealy_[STUDENT-ID]_[AUTHOR]__extracted\mealy_[STUDENT-ID]_[AUTHOR]\mealy.sim\sim_1\behav\xsim\xsim.dir\xil_defaultlib\mealy.vdb
DUP-0140,ec7a75cdc928884ebc940d09ad8be4e5cf4d678ffb6ed94ffd6fc2ccaff3dff2,4053,컨트롤로직설계,mealy_[STUDENT-ID]_[AUTHOR]__extracted\mealy_[STUDENT-ID]_[AUTHOR]\mealy.sim\sim_1\behav\xsim\xsim.dir\xil_defaultlib\mealy.vdb,True,학부 과제 및 프로젝트\컨트롤로직설계\mealy_[STUDENT-ID]_[AUTHOR]__extracted\mealy_[STUDENT-ID]_[AUTHOR]\mealy.sim\sim_1\behav\xsim\xsim.dir\xil_defaultlib\mealy.vdb
DUP-0141,ecaa5ffeeb5e8b929a6f92b05e387217b3e5daa4377bea67cfaff07d027160b3,164648,고주파공학,사진\homework4\ex5-1\2.png,True,학부 과제 및 프로젝트\고주파공학\사진\homework4\ex5-1\2.png
DUP-0141,ecaa5ffeeb5e8b929a6f92b05e387217b3e5daa4377bea67cfaff07d027160b3,164648,고주파공학,사진\homework5\시뮬사진\스크린샷 2026-06-02 013019.png,False,학부 과제 및 프로젝트\고주파공학\사진\homework4\ex5-1\2.png
DUP-0142,f05157bf7bd339fd4bb9dae736e899d03dc1eeca9112dd864fd734f63a5c6dff,1857,전동기제어,dc machine__extracted\dc machine\PI contorller calculator\.vs\PI contorller calculator.slnx\v18\DocumentLayout.backup.json,False,학부 과제 및 프로젝트\전동기제어\dc machine__extracted\dc machine\PI contorller calculator\.vs\PI contorller calculator.slnx\v18\DocumentLayout.json
DUP-0142,f05157bf7bd339fd4bb9dae736e899d03dc1eeca9112dd864fd734f63a5c6dff,1857,전동기제어,dc machine__extracted\dc machine\PI contorller calculator\.vs\PI contorller calculator.slnx\v18\DocumentLayout.json,True,학부 과제 및 프로젝트\전동기제어\dc machine__extracted\dc machine\PI contorller calculator\.vs\PI contorller calculator.slnx\v18\DocumentLayout.json
DUP-0143,f1c80849e2648e7c0ced686c31377258b84f4520e5abf744324446b7724d8bac,709,컨트롤로직설계,fulladd_[STUDENT-ID]_[AUTHOR]__extracted\fulladd\fulladd\fulladd.sim\sim_1\behav\xsim\xsim.dir\add_4bits_tb_behav\xsim.rlx,False,학부 과제 및 프로젝트\컨트롤로직설계\fulladd_[STUDENT-ID]_[AUTHOR]__extracted\fulladd\fulladd.sim\sim_1\behav\xsim\xsim.dir\add_4bits_tb_behav\xsim.rlx
DUP-0143,f1c80849e2648e7c0ced686c31377258b84f4520e5abf744324446b7724d8bac,709,컨트롤로직설계,fulladd_[STUDENT-ID]_[AUTHOR]__extracted\fulladd\fulladd.sim\sim_1\behav\xsim\xsim.dir\add_4bits_tb_behav\xsim.rlx,True,학부 과제 및 프로젝트\컨트롤로직설계\fulladd_[STUDENT-ID]_[AUTHOR]__extracted\fulladd\fulladd.sim\sim_1\behav\xsim\xsim.dir\add_4bits_tb_behav\xsim.rlx
DUP-0144,f2dfe5d300e2c60cefa6d08eb273bb2f31c1cef7912a8cd024ceebd0252adbc0,3655,전동기제어,전동기 프로젝트\dc모터 제어 코드.txt,True,학부 과제 및 프로젝트\전동기제어\전동기 프로젝트\dc모터 제어 코드.txt
DUP-0144,f2dfe5d300e2c60cefa6d08eb273bb2f31c1cef7912a8cd024ceebd0252adbc0,3655,전동기제어,전동기 프로젝트__extracted\dc모터 제어 코드.txt,False,학부 과제 및 프로젝트\전동기제어\전동기 프로젝트\dc모터 제어 코드.txt
DUP-0145,f337bd86980db47d61ec8efbc2ddb2d3921b699567851c0548ab81e052635f05,3913,컨트롤로직설계,101 Sequence Recognizer_[STUDENT-ID]_[AUTHOR]__extracted\mealy_[STUDENT-ID]_[AUTHOR]\mealy.sim\sim_1\behav\xsim\xsim.dir\xil_defaultlib\mealy_tb.vdb,False,학부 과제 및 프로젝트\컨트롤로직설계\mealy_[STUDENT-ID]_[AUTHOR]__extracted\mealy_[STUDENT-ID]_[AUTHOR]\mealy.sim\sim_1\behav\xsim\xsim.dir\xil_defaultlib\mealy_tb.vdb
DUP-0145,f337bd86980db47d61ec8efbc2ddb2d3921b699567851c0548ab81e052635f05,3913,컨트롤로직설계,mealy_[STUDENT-ID]_[AUTHOR]__extracted\mealy_[STUDENT-ID]_[AUTHOR]\mealy.sim\sim_1\behav\xsim\xsim.dir\xil_defaultlib\mealy_tb.vdb,True,학부 과제 및 프로젝트\컨트롤로직설계\mealy_[STUDENT-ID]_[AUTHOR]__extracted\mealy_[STUDENT-ID]_[AUTHOR]\mealy.sim\sim_1\behav\xsim\xsim.dir\xil_defaultlib\mealy_tb.vdb
DUP-0146,f37493c95554bf1f50a831212d5d76e972a6dab0adc71b89ee6417e1672486a4,126080,고주파공학,사진\homework5\ex12-3(시뮬하다가 중단)\8.png,True,학부 과제 및 프로젝트\고주파공학\사진\homework5\ex12-3(시뮬하다가 중단)\8.png
DUP-0146,f37493c95554bf1f50a831212d5d76e972a6dab0adc71b89ee6417e1672486a4,126080,고주파공학,사진\homework5\시뮬사진\스크린샷 2026-06-09 235101.png,False,학부 과제 및 프로젝트\고주파공학\사진\homework5\ex12-3(시뮬하다가 중단)\8.png
DUP-0147,f39336d0303a49d00a46c56fd5f01740f7f624d936cb6449bea69ab4df1743aa,86616,고주파공학,사진\homework5\ex7-5\4-2.png,True,학부 과제 및 프로젝트\고주파공학\사진\homework5\ex7-5\4-2.png
DUP-0147,f39336d0303a49d00a46c56fd5f01740f7f624d936cb6449bea69ab4df1743aa,86616,고주파공학,사진\homework5\시뮬사진\스크린샷 2026-06-09 222815.png,False,학부 과제 및 프로젝트\고주파공학\사진\homework5\ex7-5\4-2.png
DUP-0148,f3f295981cf2206f9e1202bc684a62e99f2c92d40e8c66e79882859252ed1554,18230,전동기제어,사진\회로도.png,True,학부 과제 및 프로젝트\전동기제어\사진\회로도.png
DUP-0148,f3f295981cf2206f9e1202bc684a62e99f2c92d40e8c66e79882859252ed1554,18230,전동기제어,전동기 프로젝트\회로도.png,False,학부 과제 및 프로젝트\전동기제어\사진\회로도.png
DUP-0148,f3f295981cf2206f9e1202bc684a62e99f2c92d40e8c66e79882859252ed1554,18230,전동기제어,전동기 프로젝트__extracted\회로도.png,False,학부 과제 및 프로젝트\전동기제어\사진\회로도.png
DUP-0149,f474e2106b70726ad6181fb9f033d1df78317bcafb95259d19700bf4e216fc4d,41706,전동기제어,사진\토크리플 25000.png,True,학부 과제 및 프로젝트\전동기제어\사진\토크리플 25000.png
DUP-0149,f474e2106b70726ad6181fb9f033d1df78317bcafb95259d19700bf4e216fc4d,41706,전동기제어,전동기 프로젝트\토크리플 25000.png,False,학부 과제 및 프로젝트\전동기제어\사진\토크리플 25000.png
DUP-0149,f474e2106b70726ad6181fb9f033d1df78317bcafb95259d19700bf4e216fc4d,41706,전동기제어,전동기 프로젝트__extracted\토크리플 25000.png,False,학부 과제 및 프로젝트\전동기제어\사진\토크리플 25000.png
DUP-0150,f679d88153ee2f16e0867c2ca5df2b5fabc700af4a46bdd1b61ca62095823147,111102,고주파공학,사진\homework5\ex12-3(시뮬하다가 중단)\9.png,True,학부 과제 및 프로젝트\고주파공학\사진\homework5\ex12-3(시뮬하다가 중단)\9.png
DUP-0150,f679d88153ee2f16e0867c2ca5df2b5fabc700af4a46bdd1b61ca62095823147,111102,고주파공학,사진\homework5\시뮬사진\스크린샷 2026-06-09 235350.png,False,학부 과제 및 프로젝트\고주파공학\사진\homework5\ex12-3(시뮬하다가 중단)\9.png
DUP-0151,f94b3dc06d896862f3ef92b14e2b4a0508fffb200b0cbf7a13e726e50b4cbce4,71115,고주파공학,사진\homework5\ex7-5\5.png,True,학부 과제 및 프로젝트\고주파공학\사진\homework5\ex7-5\5.png
DUP-0151,f94b3dc06d896862f3ef92b14e2b4a0508fffb200b0cbf7a13e726e50b4cbce4,71115,고주파공학,사진\homework5\시뮬사진\스크린샷 2026-06-09 222712.png,False,학부 과제 및 프로젝트\고주파공학\사진\homework5\ex7-5\5.png
DUP-0152,fb313cc5e71013fe5f16389058da5dedfe1eb61bdbcb26053cd0f91e2931d377,2504,컨트롤로직설계,101 Sequence Recognizer_[STUDENT-ID]_[AUTHOR]__extracted\mealy_[STUDENT-ID]_[AUTHOR]\mealy.sim\sim_1\behav\xsim\xsim.dir\mealy_tb_behav\xsim.mem,False,학부 과제 및 프로젝트\컨트롤로직설계\mealy_[STUDENT-ID]_[AUTHOR]__extracted\mealy_[STUDENT-ID]_[AUTHOR]\mealy.sim\sim_1\behav\xsim\xsim.dir\mealy_tb_behav\xsim.mem
DUP-0152,fb313cc5e71013fe5f16389058da5dedfe1eb61bdbcb26053cd0f91e2931d377,2504,컨트롤로직설계,mealy_[STUDENT-ID]_[AUTHOR]__extracted\mealy_[STUDENT-ID]_[AUTHOR]\mealy.sim\sim_1\behav\xsim\xsim.dir\mealy_tb_behav\xsim.mem,True,학부 과제 및 프로젝트\컨트롤로직설계\mealy_[STUDENT-ID]_[AUTHOR]__extracted\mealy_[STUDENT-ID]_[AUTHOR]\mealy.sim\sim_1\behav\xsim\xsim.dir\mealy_tb_behav\xsim.mem
DUP-0153,fb3ab9fd7b16a190b685d9318d580d2027727835dc1e975db84eae51c361ef59,14262,고주파공학,사진\homework5\ex7-2\1.png,True,학부 과제 및 프로젝트\고주파공학\사진\homework5\ex7-2\1.png
DUP-0153,fb3ab9fd7b16a190b685d9318d580d2027727835dc1e975db84eae51c361ef59,14262,고주파공학,사진\homework5\시뮬사진\스크린샷 2026-06-09 210211.png,False,학부 과제 및 프로젝트\고주파공학\사진\homework5\ex7-2\1.png
DUP-0154,fc913b6bffc3e15c5399bd1637427b3af8d41a62e59db7e9d5c7b76dc6a9d007,538,컨트롤로직설계,101 Sequence Recognizer_[STUDENT-ID]_[AUTHOR]__extracted\mealy_[STUDENT-ID]_[AUTHOR]\mealy.cache\sim\ssm.db,False,학부 과제 및 프로젝트\컨트롤로직설계\mealy_[STUDENT-ID]_[AUTHOR]__extracted\mealy_[STUDENT-ID]_[AUTHOR]\mealy.cache\sim\ssm.db
DUP-0154,fc913b6bffc3e15c5399bd1637427b3af8d41a62e59db7e9d5c7b76dc6a9d007,538,컨트롤로직설계,mealy_[STUDENT-ID]_[AUTHOR]__extracted\mealy_[STUDENT-ID]_[AUTHOR]\mealy.cache\sim\ssm.db,True,학부 과제 및 프로젝트\컨트롤로직설계\mealy_[STUDENT-ID]_[AUTHOR]__extracted\mealy_[STUDENT-ID]_[AUTHOR]\mealy.cache\sim\ssm.db
DUP-0155,fd7476e1c22a85245a83cc8ed2964abd4be4cbede8c1af879093b69d89860e7c,4652,컨트롤로직설계,fulladd_[STUDENT-ID]_[AUTHOR]__extracted\fulladd\fulladd\fulladd.sim\sim_1\behav\xsim\xsim.dir\fulladd_tb_behav\obj\xsim_1.c,False,학부 과제 및 프로젝트\컨트롤로직설계\fulladd_[STUDENT-ID]_[AUTHOR]__extracted\fulladd\fulladd.sim\sim_1\behav\xsim\xsim.dir\fulladd_tb_behav\obj\xsim_1.c
DUP-0155,fd7476e1c22a85245a83cc8ed2964abd4be4cbede8c1af879093b69d89860e7c,4652,컨트롤로직설계,fulladd_[STUDENT-ID]_[AUTHOR]__extracted\fulladd\fulladd.sim\sim_1\behav\xsim\xsim.dir\fulladd_tb_behav\obj\xsim_1.c,True,학부 과제 및 프로젝트\컨트롤로직설계\fulladd_[STUDENT-ID]_[AUTHOR]__extracted\fulladd\fulladd.sim\sim_1\behav\xsim\xsim.dir\fulladd_tb_behav\obj\xsim_1.c
DUP-0156,fe9e48b0b3fcff2e6267f4bc6bdef859fa1201c41ac49c473b9e414120b0a8c4,130,컨트롤로직설계,101 Sequence Recognizer_[STUDENT-ID]_[AUTHOR]__extracted\mealy_[STUDENT-ID]_[AUTHOR]\mealy.ip_user_files\README.txt,False,학부 과제 및 프로젝트\컨트롤로직설계\FSM__extracted\FSM\FSM.ip_user_files\README.txt
DUP-0156,fe9e48b0b3fcff2e6267f4bc6bdef859fa1201c41ac49c473b9e414120b0a8c4,130,컨트롤로직설계,FSM__extracted\FSM\FSM.ip_user_files\README.txt,True,학부 과제 및 프로젝트\컨트롤로직설계\FSM__extracted\FSM\FSM.ip_user_files\README.txt
DUP-0156,fe9e48b0b3fcff2e6267f4bc6bdef859fa1201c41ac49c473b9e414120b0a8c4,130,컨트롤로직설계,fulladd_[STUDENT-ID]_[AUTHOR]__extracted\fulladd\fulladd\fulladd.ip_user_files\README.txt,False,학부 과제 및 프로젝트\컨트롤로직설계\FSM__extracted\FSM\FSM.ip_user_files\README.txt
DUP-0156,fe9e48b0b3fcff2e6267f4bc6bdef859fa1201c41ac49c473b9e414120b0a8c4,130,컨트롤로직설계,fulladd_[STUDENT-ID]_[AUTHOR]__extracted\fulladd\fulladd.ip_user_files\README.txt,False,학부 과제 및 프로젝트\컨트롤로직설계\FSM__extracted\FSM\FSM.ip_user_files\README.txt
DUP-0156,fe9e48b0b3fcff2e6267f4bc6bdef859fa1201c41ac49c473b9e414120b0a8c4,130,컨트롤로직설계,mealy_[STUDENT-ID]_[AUTHOR]__extracted\mealy_[STUDENT-ID]_[AUTHOR]\mealy.ip_user_files\README.txt,False,학부 과제 및 프로젝트\컨트롤로직설계\FSM__extracted\FSM\FSM.ip_user_files\README.txt
DUP-0156,fe9e48b0b3fcff2e6267f4bc6bdef859fa1201c41ac49c473b9e414120b0a8c4,130,컨트롤로직설계,mux_8to1_[STUDENT-ID]_[AUTHOR]__extracted\mux_8to1.ip_user_files\README.txt,False,학부 과제 및 프로젝트\컨트롤로직설계\FSM__extracted\FSM\FSM.ip_user_files\README.txt
