source_id,subject,relative_path,decision,public_action,reason
SRC-0001,VRET (withheld),[WITHHELD]/VRET-0001.hwp,PRIVATE_OR_CONFIDENTIAL,Withhold; prepare redacted draft only after review.,Industry R&D material; withheld pending explicit disclosure review and redaction.
SRC-0002,VRET (withheld),[WITHHELD]/VRET-0002.docx,PRIVATE_OR_CONFIDENTIAL,Withhold; prepare redacted draft only after review.,Industry R&D material; withheld pending explicit disclosure review and redaction.
SRC-0003,VRET (withheld),[WITHHELD]/VRET-0003.pdf,PRIVATE_OR_CONFIDENTIAL,Withhold; prepare redacted draft only after review.,Industry R&D material; withheld pending explicit disclosure review and redaction.
SRC-0004,VRET (withheld),[WITHHELD]/VRET-0004.pdf,PRIVATE_OR_CONFIDENTIAL,Withhold; prepare redacted draft only after review.,Industry R&D material; withheld pending explicit disclosure review and redaction.
SRC-0005,VRET (withheld),[WITHHELD]/VRET-0005.xlsx,PRIVATE_OR_CONFIDENTIAL,Withhold; prepare redacted draft only after review.,Industry R&D material; withheld pending explicit disclosure review and redaction.
SRC-0006,VRET (withheld),[WITHHELD]/VRET-0006.txt,PRIVATE_OR_CONFIDENTIAL,Withhold; prepare redacted draft only after review.,Industry R&D material; withheld pending explicit disclosure review and redaction.
SRC-0007,VRET (withheld),[WITHHELD]/VRET-0007.hwpx,PRIVATE_OR_CONFIDENTIAL,Withhold; prepare redacted draft only after review.,Industry R&D material; withheld pending explicit disclosure review and redaction.
SRC-0008,VRET (withheld),[WITHHELD]/VRET-0008.hwpx,PRIVATE_OR_CONFIDENTIAL,Withhold; prepare redacted draft only after review.,Industry R&D material; withheld pending explicit disclosure review and redaction.
SRC-0009,VRET (withheld),[WITHHELD]/VRET-0009.hwpx,PRIVATE_OR_CONFIDENTIAL,Withhold; prepare redacted draft only after review.,Industry R&D material; withheld pending explicit disclosure review and redaction.
SRC-0010,고주파공학,Cadence Tutorial (3).pdf,THIRD_PARTY,Cite bibliographically; do not copy full asset.,"Lecture/tutorial/teammate/government reference; cite, do not republish."
SRC-0011,고주파공학,Cadence Tutorial2 (1).pdf,THIRD_PARTY,Cite bibliographically; do not copy full asset.,"Lecture/tutorial/teammate/government reference; cite, do not republish."
SRC-0012,고주파공학,고주파공학 1분반_homework2_[STUDENT-ID]_[AUTHOR].pdf,PUBLIC_USED,Curate into case study with source label/redaction.,"Primary student-authored report, source, calculation, or visual evidence."
SRC-0013,고주파공학,고주파공학 1분반_homework4_[STUDENT-ID]_[AUTHOR].pdf,PUBLIC_USED,Curate into case study with source label/redaction.,"Primary student-authored report, source, calculation, or visual evidence."
SRC-0014,고주파공학,고주파공학 1분반_homework5_[STUDENT-ID]_[AUTHOR].pdf,PUBLIC_USED,Curate into case study with source label/redaction.,"Primary student-authored report, source, calculation, or visual evidence."
SRC-0015,고주파공학,사진\homework2\dessign1.png,PUBLIC_USED,Curate into case study with source label/redaction.,"Primary student-authored report, source, calculation, or visual evidence."
SRC-0016,고주파공학,사진\homework2\homework2.pdf,PUBLIC_USED,Curate into case study with source label/redaction.,"Primary student-authored report, source, calculation, or visual evidence."
SRC-0017,고주파공학,사진\homework2\KakaoTalk_20260414_221106302.png,PUBLIC_USED,Curate into case study with source label/redaction.,"Primary student-authored report, source, calculation, or visual evidence."
SRC-0018,고주파공학,사진\homework2\KakaoTalk_20260414_221117923.png,PUBLIC_USED,Curate into case study with source label/redaction.,"Primary student-authored report, source, calculation, or visual evidence."
SRC-0019,고주파공학,사진\homework2\KakaoTalk_20260414_221352505.png,PUBLIC_USED,Curate into case study with source label/redaction.,"Primary student-authored report, source, calculation, or visual evidence."
SRC-0020,고주파공학,사진\homework2\KakaoTalk_20260414_221403220.png,PUBLIC_USED,Curate into case study with source label/redaction.,"Primary student-authored report, source, calculation, or visual evidence."
SRC-0021,고주파공학,사진\homework2\KakaoTalk_20260414_221425558.png,PUBLIC_USED,Curate into case study with source label/redaction.,"Primary student-authored report, source, calculation, or visual evidence."
SRC-0022,고주파공학,사진\homework2\KakaoTalk_20260414_221451343.png,PUBLIC_USED,Curate into case study with source label/redaction.,"Primary student-authored report, source, calculation, or visual evidence."
SRC-0023,고주파공학,사진\homework2\KakaoTalk_20260414_221506800.png,PUBLIC_USED,Curate into case study with source label/redaction.,"Primary student-authored report, source, calculation, or visual evidence."
SRC-0024,고주파공학,사진\homework2\KakaoTalk_20260414_221514460.png,PUBLIC_USED,Curate into case study with source label/redaction.,"Primary student-authored report, source, calculation, or visual evidence."
SRC-0025,고주파공학,사진\homework2\KakaoTalk_20260414_221522227.png,PUBLIC_USED,Curate into case study with source label/redaction.,"Primary student-authored report, source, calculation, or visual evidence."
SRC-0026,고주파공학,사진\homework2\KakaoTalk_20260414_221548576.png,PUBLIC_USED,Curate into case study with source label/redaction.,"Primary student-authored report, source, calculation, or visual evidence."
SRC-0027,고주파공학,사진\homework2\고주파공학 1분반_homework2_[STUDENT-ID]_[AUTHOR].pdf,DUPLICATE,Do not republish duplicate bytes.,Exact SHA-256 duplicate of the canonical source record.
SRC-0028,고주파공학,사진\homework2\스크린샷 2026-04-14 222606.png,PUBLIC_USED,Curate into case study with source label/redaction.,"Primary student-authored report, source, calculation, or visual evidence."
SRC-0029,고주파공학,사진\homework2\합치기.hwpx,PUBLIC_USED,Curate into case study with source label/redaction.,"Primary student-authored report, source, calculation, or visual evidence."
SRC-0030,고주파공학,사진\homework4\ex5-1\1.png,PUBLIC_USED,Curate into case study with source label/redaction.,"Primary student-authored report, source, calculation, or visual evidence."
SRC-0031,고주파공학,사진\homework4\ex5-1\2.png,PUBLIC_USED,Curate into case study with source label/redaction.,"Primary student-authored report, source, calculation, or visual evidence."
SRC-0032,고주파공학,사진\homework4\ex5-1\3.png,PUBLIC_USED,Curate into case study with source label/redaction.,"Primary student-authored report, source, calculation, or visual evidence."
SRC-0033,고주파공학,사진\homework4\ex5-1\4.png,PUBLIC_USED,Curate into case study with source label/redaction.,"Primary student-authored report, source, calculation, or visual evidence."
SRC-0034,고주파공학,사진\homework4\ex5-1\5.png,PUBLIC_USED,Curate into case study with source label/redaction.,"Primary student-authored report, source, calculation, or visual evidence."
SRC-0035,고주파공학,사진\homework4\ex5-1\design ex5-6.png,PUBLIC_USED,Curate into case study with source label/redaction.,"Primary student-authored report, source, calculation, or visual evidence."
SRC-0036,고주파공학,사진\homework4\ex5-1\회로도.png,PUBLIC_USED,Curate into case study with source label/redaction.,"Primary student-authored report, source, calculation, or visual evidence."
SRC-0037,고주파공학,사진\homework4\ex5-2\db20sol1.PNG,PUBLIC_USED,Curate into case study with source label/redaction.,"Primary student-authored report, source, calculation, or visual evidence."
SRC-0038,고주파공학,사진\homework4\ex5-2\db20sol2.PNG,PUBLIC_USED,Curate into case study with source label/redaction.,"Primary student-authored report, source, calculation, or visual evidence."
SRC-0039,고주파공학,사진\homework4\ex5-2\design ex5-7.png,PUBLIC_USED,Curate into case study with source label/redaction.,"Primary student-authored report, source, calculation, or visual evidence."
SRC-0040,고주파공학,사진\homework4\ex5-2\main sol1.PNG,PUBLIC_USED,Curate into case study with source label/redaction.,"Primary student-authored report, source, calculation, or visual evidence."
SRC-0041,고주파공학,사진\homework4\ex5-2\main sol2.PNG,PUBLIC_USED,Curate into case study with source label/redaction.,"Primary student-authored report, source, calculation, or visual evidence."
SRC-0042,고주파공학,사진\homework4\ex5-2\stub sol1.PNG,PUBLIC_USED,Curate into case study with source label/redaction.,"Primary student-authored report, source, calculation, or visual evidence."
SRC-0043,고주파공학,사진\homework4\ex5-2\stub sol2.PNG,PUBLIC_USED,Curate into case study with source label/redaction.,"Primary student-authored report, source, calculation, or visual evidence."
SRC-0044,고주파공학,사진\homework4\ex5-2\회로도.PNG,PUBLIC_USED,Curate into case study with source label/redaction.,"Primary student-authored report, source, calculation, or visual evidence."
SRC-0045,고주파공학,사진\homework4\homework 4.pdf,PUBLIC_USED,Curate into case study with source label/redaction.,"Primary student-authored report, source, calculation, or visual evidence."
SRC-0046,고주파공학,사진\homework4\고주파공학 1분반_homework4_[STUDENT-ID]_[AUTHOR].pdf,DUPLICATE,Do not republish duplicate bytes.,Exact SHA-256 duplicate of the canonical source record.
SRC-0047,고주파공학,사진\homework4\합치기.hwpx,PUBLIC_USED,Curate into case study with source label/redaction.,"Primary student-authored report, source, calculation, or visual evidence."
SRC-0048,고주파공학,사진\homework5\ex12-3(시뮬하다가 중단)\1.png,INCOMPLETE_WORK,Show only as an explicitly incomplete engineering boundary.,Source directory explicitly records an unfinished simulation.
SRC-0049,고주파공학,사진\homework5\ex12-3(시뮬하다가 중단)\10.png,INCOMPLETE_WORK,Show only as an explicitly incomplete engineering boundary.,Source directory explicitly records an unfinished simulation.
SRC-0050,고주파공학,사진\homework5\ex12-3(시뮬하다가 중단)\11.png,INCOMPLETE_WORK,Show only as an explicitly incomplete engineering boundary.,Source directory explicitly records an unfinished simulation.
SRC-0051,고주파공학,사진\homework5\ex12-3(시뮬하다가 중단)\2.png,INCOMPLETE_WORK,Show only as an explicitly incomplete engineering boundary.,Source directory explicitly records an unfinished simulation.
SRC-0052,고주파공학,사진\homework5\ex12-3(시뮬하다가 중단)\3.png,INCOMPLETE_WORK,Show only as an explicitly incomplete engineering boundary.,Source directory explicitly records an unfinished simulation.
SRC-0053,고주파공학,사진\homework5\ex12-3(시뮬하다가 중단)\4.png,INCOMPLETE_WORK,Show only as an explicitly incomplete engineering boundary.,Source directory explicitly records an unfinished simulation.
SRC-0054,고주파공학,사진\homework5\ex12-3(시뮬하다가 중단)\5.png,INCOMPLETE_WORK,Show only as an explicitly incomplete engineering boundary.,Source directory explicitly records an unfinished simulation.
SRC-0055,고주파공학,사진\homework5\ex12-3(시뮬하다가 중단)\6.png,INCOMPLETE_WORK,Show only as an explicitly incomplete engineering boundary.,Source directory explicitly records an unfinished simulation.
SRC-0056,고주파공학,사진\homework5\ex12-3(시뮬하다가 중단)\8.png,INCOMPLETE_WORK,Show only as an explicitly incomplete engineering boundary.,Source directory explicitly records an unfinished simulation.
SRC-0057,고주파공학,사진\homework5\ex12-3(시뮬하다가 중단)\9.png,INCOMPLETE_WORK,Show only as an explicitly incomplete engineering boundary.,Source directory explicitly records an unfinished simulation.
SRC-0058,고주파공학,사진\homework5\ex12-3(시뮬하다가 중단)\스크린샷 2026-07-29 104524.png,INCOMPLETE_WORK,Show only as an explicitly incomplete engineering boundary.,Source directory explicitly records an unfinished simulation.
SRC-0059,고주파공학,사진\homework5\ex12-3(시뮬하다가 중단)\스크린샷 2026-07-29 104534.png,INCOMPLETE_WORK,Show only as an explicitly incomplete engineering boundary.,Source directory explicitly records an unfinished simulation.
SRC-0060,고주파공학,사진\homework5\ex12-3(시뮬하다가 중단)\스크린샷 2026-07-29 104541.png,INCOMPLETE_WORK,Show only as an explicitly incomplete engineering boundary.,Source directory explicitly records an unfinished simulation.
SRC-0061,고주파공학,사진\homework5\ex12-3(시뮬하다가 중단)\스크린샷 2026-07-29 104547.png,INCOMPLETE_WORK,Show only as an explicitly incomplete engineering boundary.,Source directory explicitly records an unfinished simulation.
SRC-0062,고주파공학,사진\homework5\ex12-3(시뮬하다가 중단)\스크린샷 2026-07-29 104550.png,INCOMPLETE_WORK,Show only as an explicitly incomplete engineering boundary.,Source directory explicitly records an unfinished simulation.
SRC-0063,고주파공학,사진\homework5\ex7-2\1.png,PUBLIC_USED,Curate into case study with source label/redaction.,"Primary student-authored report, source, calculation, or visual evidence."
SRC-0064,고주파공학,사진\homework5\ex7-2\2.png,PUBLIC_USED,Curate into case study with source label/redaction.,"Primary student-authored report, source, calculation, or visual evidence."
SRC-0065,고주파공학,사진\homework5\ex7-2\3.png,PUBLIC_USED,Curate into case study with source label/redaction.,"Primary student-authored report, source, calculation, or visual evidence."
SRC-0066,고주파공학,사진\homework5\ex7-2\4.png,PUBLIC_USED,Curate into case study with source label/redaction.,"Primary student-authored report, source, calculation, or visual evidence."
SRC-0067,고주파공학,사진\homework5\ex7-2\5.png,PUBLIC_USED,Curate into case study with source label/redaction.,"Primary student-authored report, source, calculation, or visual evidence."
SRC-0068,고주파공학,사진\homework5\ex7-2\6.png,PUBLIC_USED,Curate into case study with source label/redaction.,"Primary student-authored report, source, calculation, or visual evidence."
SRC-0069,고주파공학,사진\homework5\ex7-2\7.png,PUBLIC_USED,Curate into case study with source label/redaction.,"Primary student-authored report, source, calculation, or visual evidence."
SRC-0070,고주파공학,사진\homework5\ex7-2\8.png,PUBLIC_USED,Curate into case study with source label/redaction.,"Primary student-authored report, source, calculation, or visual evidence."
SRC-0071,고주파공학,사진\homework5\ex7-2\ex7.2.png,PUBLIC_USED,Curate into case study with source label/redaction.,"Primary student-authored report, source, calculation, or visual evidence."
SRC-0072,고주파공학,사진\homework5\ex7-5\1.png,PUBLIC_USED,Curate into case study with source label/redaction.,"Primary student-authored report, source, calculation, or visual evidence."
SRC-0073,고주파공학,사진\homework5\ex7-5\2.png,PUBLIC_USED,Curate into case study with source label/redaction.,"Primary student-authored report, source, calculation, or visual evidence."
SRC-0074,고주파공학,사진\homework5\ex7-5\3.png,PUBLIC_USED,Curate into case study with source label/redaction.,"Primary student-authored report, source, calculation, or visual evidence."
SRC-0075,고주파공학,사진\homework5\ex7-5\4-1.png,PUBLIC_USED,Curate into case study with source label/redaction.,"Primary student-authored report, source, calculation, or visual evidence."
SRC-0076,고주파공학,사진\homework5\ex7-5\4-2.png,PUBLIC_USED,Curate into case study with source label/redaction.,"Primary student-authored report, source, calculation, or visual evidence."
SRC-0077,고주파공학,사진\homework5\ex7-5\5.png,PUBLIC_USED,Curate into case study with source label/redaction.,"Primary student-authored report, source, calculation, or visual evidence."
SRC-0078,고주파공학,사진\homework5\ex7-5\6.png,PUBLIC_USED,Curate into case study with source label/redaction.,"Primary student-authored report, source, calculation, or visual evidence."
SRC-0079,고주파공학,사진\homework5\ex7-5\ex7.5.png,PUBLIC_USED,Curate into case study with source label/redaction.,"Primary student-authored report, source, calculation, or visual evidence."
SRC-0080,고주파공학,사진\homework5\Ex7_2_Ex7_5_RF_Design_Report.docx,PUBLIC_USED,Curate into case study with source label/redaction.,"Primary student-authored report, source, calculation, or visual evidence."
SRC-0081,고주파공학,사진\homework5\homework 5.pdf,PUBLIC_USED,Curate into case study with source label/redaction.,"Primary student-authored report, source, calculation, or visual evidence."
SRC-0082,고주파공학,사진\homework5\시뮬사진\스크린샷 2026-04-13 230356.png,PUBLIC_REFERENCE_ONLY,Retain in private audit; link only if useful and safe.,Large sequential Cadence screenshot set; select only decision-relevant frames.
SRC-0083,고주파공학,사진\homework5\시뮬사진\스크린샷 2026-04-13 230413.png,PUBLIC_REFERENCE_ONLY,Retain in private audit; link only if useful and safe.,Large sequential Cadence screenshot set; select only decision-relevant frames.
SRC-0084,고주파공학,사진\homework5\시뮬사진\스크린샷 2026-04-14 132756.png,PUBLIC_REFERENCE_ONLY,Retain in private audit; link only if useful and safe.,Large sequential Cadence screenshot set; select only decision-relevant frames.
SRC-0085,고주파공학,사진\homework5\시뮬사진\스크린샷 2026-04-14 133338.png,PUBLIC_REFERENCE_ONLY,Retain in private audit; link only if useful and safe.,Large sequential Cadence screenshot set; select only decision-relevant frames.
SRC-0086,고주파공학,사진\homework5\시뮬사진\스크린샷 2026-04-14 133510.png,PUBLIC_REFERENCE_ONLY,Retain in private audit; link only if useful and safe.,Large sequential Cadence screenshot set; select only decision-relevant frames.
SRC-0087,고주파공학,사진\homework5\시뮬사진\스크린샷 2026-04-14 135049.png,PUBLIC_REFERENCE_ONLY,Retain in private audit; link only if useful and safe.,Large sequential Cadence screenshot set; select only decision-relevant frames.
SRC-0088,고주파공학,사진\homework5\시뮬사진\스크린샷 2026-04-14 135152.png,PUBLIC_REFERENCE_ONLY,Retain in private audit; link only if useful and safe.,Large sequential Cadence screenshot set; select only decision-relevant frames.
SRC-0089,고주파공학,사진\homework5\시뮬사진\스크린샷 2026-04-14 135358.png,PUBLIC_REFERENCE_ONLY,Retain in private audit; link only if useful and safe.,Large sequential Cadence screenshot set; select only decision-relevant frames.
SRC-0090,고주파공학,사진\homework5\시뮬사진\스크린샷 2026-04-14 135602.png,PUBLIC_REFERENCE_ONLY,Retain in private audit; link only if useful and safe.,Large sequential Cadence screenshot set; select only decision-relevant frames.
SRC-0091,고주파공학,사진\homework5\시뮬사진\스크린샷 2026-04-14 135937.png,PUBLIC_REFERENCE_ONLY,Retain in private audit; link only if useful and safe.,Large sequential Cadence screenshot set; select only decision-relevant frames.
SRC-0092,고주파공학,사진\homework5\시뮬사진\스크린샷 2026-04-14 140037.png,PUBLIC_REFERENCE_ONLY,Retain in private audit; link only if useful and safe.,Large sequential Cadence screenshot set; select only decision-relevant frames.
SRC-0093,고주파공학,사진\homework5\시뮬사진\스크린샷 2026-04-14 140114.png,PUBLIC_REFERENCE_ONLY,Retain in private audit; link only if useful and safe.,Large sequential Cadence screenshot set; select only decision-relevant frames.
SRC-0094,고주파공학,사진\homework5\시뮬사진\스크린샷 2026-04-14 143646.png,PUBLIC_REFERENCE_ONLY,Retain in private audit; link only if useful and safe.,Large sequential Cadence screenshot set; select only decision-relevant frames.
SRC-0095,고주파공학,사진\homework5\시뮬사진\스크린샷 2026-04-14 144610.png,PUBLIC_REFERENCE_ONLY,Retain in private audit; link only if useful and safe.,Large sequential Cadence screenshot set; select only decision-relevant frames.
SRC-0096,고주파공학,사진\homework5\시뮬사진\스크린샷 2026-04-14 144626.png,PUBLIC_REFERENCE_ONLY,Retain in private audit; link only if useful and safe.,Large sequential Cadence screenshot set; select only decision-relevant frames.
SRC-0097,고주파공학,사진\homework5\시뮬사진\스크린샷 2026-04-14 144634.png,PUBLIC_REFERENCE_ONLY,Retain in private audit; link only if useful and safe.,Large sequential Cadence screenshot set; select only decision-relevant frames.
SRC-0098,고주파공학,사진\homework5\시뮬사진\스크린샷 2026-04-14 144743.png,PUBLIC_REFERENCE_ONLY,Retain in private audit; link only if useful and safe.,Large sequential Cadence screenshot set; select only decision-relevant frames.
SRC-0099,고주파공학,사진\homework5\시뮬사진\스크린샷 2026-04-14 154838.png,PUBLIC_REFERENCE_ONLY,Retain in private audit; link only if useful and safe.,Large sequential Cadence screenshot set; select only decision-relevant frames.
SRC-0100,고주파공학,사진\homework5\시뮬사진\스크린샷 2026-04-14 154930.png,PUBLIC_REFERENCE_ONLY,Retain in private audit; link only if useful and safe.,Large sequential Cadence screenshot set; select only decision-relevant frames.
SRC-0101,고주파공학,사진\homework5\시뮬사진\스크린샷 2026-04-14 154945.png,PUBLIC_REFERENCE_ONLY,Retain in private audit; link only if useful and safe.,Large sequential Cadence screenshot set; select only decision-relevant frames.
SRC-0102,고주파공학,사진\homework5\시뮬사진\스크린샷 2026-04-14 155733.png,PUBLIC_REFERENCE_ONLY,Retain in private audit; link only if useful and safe.,Large sequential Cadence screenshot set; select only decision-relevant frames.
SRC-0103,고주파공학,사진\homework5\시뮬사진\스크린샷 2026-04-14 155838.png,PUBLIC_REFERENCE_ONLY,Retain in private audit; link only if useful and safe.,Large sequential Cadence screenshot set; select only decision-relevant frames.
SRC-0104,고주파공학,사진\homework5\시뮬사진\스크린샷 2026-04-14 160721.png,PUBLIC_REFERENCE_ONLY,Retain in private audit; link only if useful and safe.,Large sequential Cadence screenshot set; select only decision-relevant frames.
SRC-0105,고주파공학,사진\homework5\시뮬사진\스크린샷 2026-04-14 160735.png,PUBLIC_REFERENCE_ONLY,Retain in private audit; link only if useful and safe.,Large sequential Cadence screenshot set; select only decision-relevant frames.
SRC-0106,고주파공학,사진\homework5\시뮬사진\스크린샷 2026-04-14 161506.png,PUBLIC_REFERENCE_ONLY,Retain in private audit; link only if useful and safe.,Large sequential Cadence screenshot set; select only decision-relevant frames.
SRC-0107,고주파공학,사진\homework5\시뮬사진\스크린샷 2026-04-14 161542.png,PUBLIC_REFERENCE_ONLY,Retain in private audit; link only if useful and safe.,Large sequential Cadence screenshot set; select only decision-relevant frames.
SRC-0108,고주파공학,사진\homework5\시뮬사진\스크린샷 2026-04-14 161635.png,PUBLIC_REFERENCE_ONLY,Retain in private audit; link only if useful and safe.,Large sequential Cadence screenshot set; select only decision-relevant frames.
SRC-0109,고주파공학,사진\homework5\시뮬사진\스크린샷 2026-04-14 163927.png,PUBLIC_REFERENCE_ONLY,Retain in private audit; link only if useful and safe.,Large sequential Cadence screenshot set; select only decision-relevant frames.
SRC-0110,고주파공학,사진\homework5\시뮬사진\스크린샷 2026-04-14 163950.png,PUBLIC_REFERENCE_ONLY,Retain in private audit; link only if useful and safe.,Large sequential Cadence screenshot set; select only decision-relevant frames.
SRC-0111,고주파공학,사진\homework5\시뮬사진\스크린샷 2026-04-14 164141.png,PUBLIC_REFERENCE_ONLY,Retain in private audit; link only if useful and safe.,Large sequential Cadence screenshot set; select only decision-relevant frames.
SRC-0112,고주파공학,사진\homework5\시뮬사진\스크린샷 2026-04-14 164722.png,PUBLIC_REFERENCE_ONLY,Retain in private audit; link only if useful and safe.,Large sequential Cadence screenshot set; select only decision-relevant frames.
SRC-0113,고주파공학,사진\homework5\시뮬사진\스크린샷 2026-04-14 165210.png,PUBLIC_REFERENCE_ONLY,Retain in private audit; link only if useful and safe.,Large sequential Cadence screenshot set; select only decision-relevant frames.
SRC-0114,고주파공학,사진\homework5\시뮬사진\스크린샷 2026-04-14 165421.png,PUBLIC_REFERENCE_ONLY,Retain in private audit; link only if useful and safe.,Large sequential Cadence screenshot set; select only decision-relevant frames.
SRC-0115,고주파공학,사진\homework5\시뮬사진\스크린샷 2026-04-14 165434.png,PUBLIC_REFERENCE_ONLY,Retain in private audit; link only if useful and safe.,Large sequential Cadence screenshot set; select only decision-relevant frames.
SRC-0116,고주파공학,사진\homework5\시뮬사진\스크린샷 2026-04-14 165555.png,PUBLIC_REFERENCE_ONLY,Retain in private audit; link only if useful and safe.,Large sequential Cadence screenshot set; select only decision-relevant frames.
SRC-0117,고주파공학,사진\homework5\시뮬사진\스크린샷 2026-04-14 165721.png,PUBLIC_REFERENCE_ONLY,Retain in private audit; link only if useful and safe.,Large sequential Cadence screenshot set; select only decision-relevant frames.
SRC-0118,고주파공학,사진\homework5\시뮬사진\스크린샷 2026-04-14 165941.png,PUBLIC_REFERENCE_ONLY,Retain in private audit; link only if useful and safe.,Large sequential Cadence screenshot set; select only decision-relevant frames.
SRC-0119,고주파공학,사진\homework5\시뮬사진\스크린샷 2026-04-14 170057.png,PUBLIC_REFERENCE_ONLY,Retain in private audit; link only if useful and safe.,Large sequential Cadence screenshot set; select only decision-relevant frames.
SRC-0120,고주파공학,사진\homework5\시뮬사진\스크린샷 2026-04-14 174542.png,PUBLIC_REFERENCE_ONLY,Retain in private audit; link only if useful and safe.,Large sequential Cadence screenshot set; select only decision-relevant frames.
SRC-0121,고주파공학,사진\homework5\시뮬사진\스크린샷 2026-04-14 175623.png,PUBLIC_REFERENCE_ONLY,Retain in private audit; link only if useful and safe.,Large sequential Cadence screenshot set; select only decision-relevant frames.
SRC-0122,고주파공학,사진\homework5\시뮬사진\스크린샷 2026-04-14 175651.png,PUBLIC_REFERENCE_ONLY,Retain in private audit; link only if useful and safe.,Large sequential Cadence screenshot set; select only decision-relevant frames.
SRC-0123,고주파공학,사진\homework5\시뮬사진\스크린샷 2026-04-14 175735.png,PUBLIC_REFERENCE_ONLY,Retain in private audit; link only if useful and safe.,Large sequential Cadence screenshot set; select only decision-relevant frames.
SRC-0124,고주파공학,사진\homework5\시뮬사진\스크린샷 2026-04-14 175847.png,PUBLIC_REFERENCE_ONLY,Retain in private audit; link only if useful and safe.,Large sequential Cadence screenshot set; select only decision-relevant frames.
SRC-0125,고주파공학,사진\homework5\시뮬사진\스크린샷 2026-04-14 175859.png,PUBLIC_REFERENCE_ONLY,Retain in private audit; link only if useful and safe.,Large sequential Cadence screenshot set; select only decision-relevant frames.
SRC-0126,고주파공학,사진\homework5\시뮬사진\스크린샷 2026-04-14 175908.png,PUBLIC_REFERENCE_ONLY,Retain in private audit; link only if useful and safe.,Large sequential Cadence screenshot set; select only decision-relevant frames.
SRC-0127,고주파공학,사진\homework5\시뮬사진\스크린샷 2026-04-14 175914.png,PUBLIC_REFERENCE_ONLY,Retain in private audit; link only if useful and safe.,Large sequential Cadence screenshot set; select only decision-relevant frames.
SRC-0128,고주파공학,사진\homework5\시뮬사진\스크린샷 2026-04-14 175922.png,PUBLIC_REFERENCE_ONLY,Retain in private audit; link only if useful and safe.,Large sequential Cadence screenshot set; select only decision-relevant frames.
SRC-0129,고주파공학,사진\homework5\시뮬사진\스크린샷 2026-04-14 180339.png,PUBLIC_REFERENCE_ONLY,Retain in private audit; link only if useful and safe.,Large sequential Cadence screenshot set; select only decision-relevant frames.
SRC-0130,고주파공학,사진\homework5\시뮬사진\스크린샷 2026-04-14 191333.png,PUBLIC_REFERENCE_ONLY,Retain in private audit; link only if useful and safe.,Large sequential Cadence screenshot set; select only decision-relevant frames.
SRC-0131,고주파공학,사진\homework5\시뮬사진\스크린샷 2026-04-14 191733.png,PUBLIC_REFERENCE_ONLY,Retain in private audit; link only if useful and safe.,Large sequential Cadence screenshot set; select only decision-relevant frames.
SRC-0132,고주파공학,사진\homework5\시뮬사진\스크린샷 2026-04-14 192021.png,PUBLIC_REFERENCE_ONLY,Retain in private audit; link only if useful and safe.,Large sequential Cadence screenshot set; select only decision-relevant frames.
SRC-0133,고주파공학,사진\homework5\시뮬사진\스크린샷 2026-04-14 193003.png,PUBLIC_REFERENCE_ONLY,Retain in private audit; link only if useful and safe.,Large sequential Cadence screenshot set; select only decision-relevant frames.
SRC-0134,고주파공학,사진\homework5\시뮬사진\스크린샷 2026-04-14 193556.png,PUBLIC_REFERENCE_ONLY,Retain in private audit; link only if useful and safe.,Large sequential Cadence screenshot set; select only decision-relevant frames.
SRC-0135,고주파공학,사진\homework5\시뮬사진\스크린샷 2026-04-14 195211.png,PUBLIC_REFERENCE_ONLY,Retain in private audit; link only if useful and safe.,Large sequential Cadence screenshot set; select only decision-relevant frames.
SRC-0136,고주파공학,사진\homework5\시뮬사진\스크린샷 2026-04-14 200628.png,PUBLIC_REFERENCE_ONLY,Retain in private audit; link only if useful and safe.,Large sequential Cadence screenshot set; select only decision-relevant frames.
SRC-0137,고주파공학,사진\homework5\시뮬사진\스크린샷 2026-04-14 201112.png,PUBLIC_REFERENCE_ONLY,Retain in private audit; link only if useful and safe.,Large sequential Cadence screenshot set; select only decision-relevant frames.
SRC-0138,고주파공학,사진\homework5\시뮬사진\스크린샷 2026-04-14 201540.png,PUBLIC_REFERENCE_ONLY,Retain in private audit; link only if useful and safe.,Large sequential Cadence screenshot set; select only decision-relevant frames.
SRC-0139,고주파공학,사진\homework5\시뮬사진\스크린샷 2026-04-14 202315.png,PUBLIC_REFERENCE_ONLY,Retain in private audit; link only if useful and safe.,Large sequential Cadence screenshot set; select only decision-relevant frames.
SRC-0140,고주파공학,사진\homework5\시뮬사진\스크린샷 2026-04-14 202433.png,PUBLIC_REFERENCE_ONLY,Retain in private audit; link only if useful and safe.,Large sequential Cadence screenshot set; select only decision-relevant frames.
SRC-0141,고주파공학,사진\homework5\시뮬사진\스크린샷 2026-04-14 202522.png,PUBLIC_REFERENCE_ONLY,Retain in private audit; link only if useful and safe.,Large sequential Cadence screenshot set; select only decision-relevant frames.
SRC-0142,고주파공학,사진\homework5\시뮬사진\스크린샷 2026-04-14 202530.png,PUBLIC_REFERENCE_ONLY,Retain in private audit; link only if useful and safe.,Large sequential Cadence screenshot set; select only decision-relevant frames.
SRC-0143,고주파공학,사진\homework5\시뮬사진\스크린샷 2026-04-14 202558.png,PUBLIC_REFERENCE_ONLY,Retain in private audit; link only if useful and safe.,Large sequential Cadence screenshot set; select only decision-relevant frames.
SRC-0144,고주파공학,사진\homework5\시뮬사진\스크린샷 2026-04-14 202603.png,PUBLIC_REFERENCE_ONLY,Retain in private audit; link only if useful and safe.,Large sequential Cadence screenshot set; select only decision-relevant frames.
SRC-0145,고주파공학,사진\homework5\시뮬사진\스크린샷 2026-04-14 202614.png,PUBLIC_REFERENCE_ONLY,Retain in private audit; link only if useful and safe.,Large sequential Cadence screenshot set; select only decision-relevant frames.
SRC-0146,고주파공학,사진\homework5\시뮬사진\스크린샷 2026-04-14 202624.png,PUBLIC_REFERENCE_ONLY,Retain in private audit; link only if useful and safe.,Large sequential Cadence screenshot set; select only decision-relevant frames.
SRC-0147,고주파공학,사진\homework5\시뮬사진\스크린샷 2026-04-14 202654.png,PUBLIC_REFERENCE_ONLY,Retain in private audit; link only if useful and safe.,Large sequential Cadence screenshot set; select only decision-relevant frames.
SRC-0148,고주파공학,사진\homework5\시뮬사진\스크린샷 2026-04-14 202743.png,PUBLIC_REFERENCE_ONLY,Retain in private audit; link only if useful and safe.,Large sequential Cadence screenshot set; select only decision-relevant frames.
SRC-0149,고주파공학,사진\homework5\시뮬사진\스크린샷 2026-04-14 203837.png,PUBLIC_REFERENCE_ONLY,Retain in private audit; link only if useful and safe.,Large sequential Cadence screenshot set; select only decision-relevant frames.
SRC-0150,고주파공학,사진\homework5\시뮬사진\스크린샷 2026-04-14 203849.png,PUBLIC_REFERENCE_ONLY,Retain in private audit; link only if useful and safe.,Large sequential Cadence screenshot set; select only decision-relevant frames.
SRC-0151,고주파공학,사진\homework5\시뮬사진\스크린샷 2026-04-14 204129.png,PUBLIC_REFERENCE_ONLY,Retain in private audit; link only if useful and safe.,Large sequential Cadence screenshot set; select only decision-relevant frames.
SRC-0152,고주파공학,사진\homework5\시뮬사진\스크린샷 2026-04-14 204158.png,PUBLIC_REFERENCE_ONLY,Retain in private audit; link only if useful and safe.,Large sequential Cadence screenshot set; select only decision-relevant frames.
SRC-0153,고주파공학,사진\homework5\시뮬사진\스크린샷 2026-04-14 204445.png,PUBLIC_REFERENCE_ONLY,Retain in private audit; link only if useful and safe.,Large sequential Cadence screenshot set; select only decision-relevant frames.
SRC-0154,고주파공학,사진\homework5\시뮬사진\스크린샷 2026-04-14 204516.png,PUBLIC_REFERENCE_ONLY,Retain in private audit; link only if useful and safe.,Large sequential Cadence screenshot set; select only decision-relevant frames.
SRC-0155,고주파공학,사진\homework5\시뮬사진\스크린샷 2026-04-14 210036.png,PUBLIC_REFERENCE_ONLY,Retain in private audit; link only if useful and safe.,Large sequential Cadence screenshot set; select only decision-relevant frames.
SRC-0156,고주파공학,사진\homework5\시뮬사진\스크린샷 2026-04-14 210041.png,PUBLIC_REFERENCE_ONLY,Retain in private audit; link only if useful and safe.,Large sequential Cadence screenshot set; select only decision-relevant frames.
SRC-0157,고주파공학,사진\homework5\시뮬사진\스크린샷 2026-04-14 210856.png,PUBLIC_REFERENCE_ONLY,Retain in private audit; link only if useful and safe.,Large sequential Cadence screenshot set; select only decision-relevant frames.
SRC-0158,고주파공학,사진\homework5\시뮬사진\스크린샷 2026-04-14 210942.png,PUBLIC_REFERENCE_ONLY,Retain in private audit; link only if useful and safe.,Large sequential Cadence screenshot set; select only decision-relevant frames.
SRC-0159,고주파공학,사진\homework5\시뮬사진\스크린샷 2026-04-14 211030.png,PUBLIC_REFERENCE_ONLY,Retain in private audit; link only if useful and safe.,Large sequential Cadence screenshot set; select only decision-relevant frames.
SRC-0160,고주파공학,사진\homework5\시뮬사진\스크린샷 2026-04-14 211040.png,PUBLIC_REFERENCE_ONLY,Retain in private audit; link only if useful and safe.,Large sequential Cadence screenshot set; select only decision-relevant frames.
SRC-0161,고주파공학,사진\homework5\시뮬사진\스크린샷 2026-04-14 211051.png,PUBLIC_REFERENCE_ONLY,Retain in private audit; link only if useful and safe.,Large sequential Cadence screenshot set; select only decision-relevant frames.
SRC-0162,고주파공학,사진\homework5\시뮬사진\스크린샷 2026-04-14 211104.png,PUBLIC_REFERENCE_ONLY,Retain in private audit; link only if useful and safe.,Large sequential Cadence screenshot set; select only decision-relevant frames.
SRC-0163,고주파공학,사진\homework5\시뮬사진\스크린샷 2026-04-14 211129.png,PUBLIC_REFERENCE_ONLY,Retain in private audit; link only if useful and safe.,Large sequential Cadence screenshot set; select only decision-relevant frames.
SRC-0164,고주파공학,사진\homework5\시뮬사진\스크린샷 2026-04-14 211137.png,PUBLIC_REFERENCE_ONLY,Retain in private audit; link only if useful and safe.,Large sequential Cadence screenshot set; select only decision-relevant frames.
SRC-0165,고주파공학,사진\homework5\시뮬사진\스크린샷 2026-04-14 211334.png,PUBLIC_REFERENCE_ONLY,Retain in private audit; link only if useful and safe.,Large sequential Cadence screenshot set; select only decision-relevant frames.
SRC-0166,고주파공학,사진\homework5\시뮬사진\스크린샷 2026-04-14 211340.png,PUBLIC_REFERENCE_ONLY,Retain in private audit; link only if useful and safe.,Large sequential Cadence screenshot set; select only decision-relevant frames.
SRC-0167,고주파공학,사진\homework5\시뮬사진\스크린샷 2026-04-14 211722.png,PUBLIC_REFERENCE_ONLY,Retain in private audit; link only if useful and safe.,Large sequential Cadence screenshot set; select only decision-relevant frames.
SRC-0168,고주파공학,사진\homework5\시뮬사진\스크린샷 2026-04-14 211833.png,PUBLIC_REFERENCE_ONLY,Retain in private audit; link only if useful and safe.,Large sequential Cadence screenshot set; select only decision-relevant frames.
SRC-0169,고주파공학,사진\homework5\시뮬사진\스크린샷 2026-04-14 214226.png,PUBLIC_REFERENCE_ONLY,Retain in private audit; link only if useful and safe.,Large sequential Cadence screenshot set; select only decision-relevant frames.
SRC-0170,고주파공학,사진\homework5\시뮬사진\스크린샷 2026-04-14 214229.png,PUBLIC_REFERENCE_ONLY,Retain in private audit; link only if useful and safe.,Large sequential Cadence screenshot set; select only decision-relevant frames.
SRC-0171,고주파공학,사진\homework5\시뮬사진\스크린샷 2026-04-14 214542.png,PUBLIC_REFERENCE_ONLY,Retain in private audit; link only if useful and safe.,Large sequential Cadence screenshot set; select only decision-relevant frames.
SRC-0172,고주파공학,사진\homework5\시뮬사진\스크린샷 2026-04-14 214819.png,PUBLIC_REFERENCE_ONLY,Retain in private audit; link only if useful and safe.,Large sequential Cadence screenshot set; select only decision-relevant frames.
SRC-0173,고주파공학,사진\homework5\시뮬사진\스크린샷 2026-04-14 215624.png,PUBLIC_REFERENCE_ONLY,Retain in private audit; link only if useful and safe.,Large sequential Cadence screenshot set; select only decision-relevant frames.
SRC-0174,고주파공학,사진\homework5\시뮬사진\스크린샷 2026-04-14 215632.png,PUBLIC_REFERENCE_ONLY,Retain in private audit; link only if useful and safe.,Large sequential Cadence screenshot set; select only decision-relevant frames.
SRC-0175,고주파공학,사진\homework5\시뮬사진\스크린샷 2026-04-14 215702.png,PUBLIC_REFERENCE_ONLY,Retain in private audit; link only if useful and safe.,Large sequential Cadence screenshot set; select only decision-relevant frames.
SRC-0176,고주파공학,사진\homework5\시뮬사진\스크린샷 2026-04-14 215820.png,PUBLIC_REFERENCE_ONLY,Retain in private audit; link only if useful and safe.,Large sequential Cadence screenshot set; select only decision-relevant frames.
SRC-0177,고주파공학,사진\homework5\시뮬사진\스크린샷 2026-04-14 215829.png,PUBLIC_REFERENCE_ONLY,Retain in private audit; link only if useful and safe.,Large sequential Cadence screenshot set; select only decision-relevant frames.
SRC-0178,고주파공학,사진\homework5\시뮬사진\스크린샷 2026-04-14 215957.png,PUBLIC_REFERENCE_ONLY,Retain in private audit; link only if useful and safe.,Large sequential Cadence screenshot set; select only decision-relevant frames.
SRC-0179,고주파공학,사진\homework5\시뮬사진\스크린샷 2026-04-14 220300.png,PUBLIC_REFERENCE_ONLY,Retain in private audit; link only if useful and safe.,Large sequential Cadence screenshot set; select only decision-relevant frames.
SRC-0180,고주파공학,사진\homework5\시뮬사진\스크린샷 2026-04-14 220308.png,PUBLIC_REFERENCE_ONLY,Retain in private audit; link only if useful and safe.,Large sequential Cadence screenshot set; select only decision-relevant frames.
SRC-0181,고주파공학,사진\homework5\시뮬사진\스크린샷 2026-04-14 220321.png,PUBLIC_REFERENCE_ONLY,Retain in private audit; link only if useful and safe.,Large sequential Cadence screenshot set; select only decision-relevant frames.
SRC-0182,고주파공학,사진\homework5\시뮬사진\스크린샷 2026-04-14 221102.png,PUBLIC_REFERENCE_ONLY,Retain in private audit; link only if useful and safe.,Large sequential Cadence screenshot set; select only decision-relevant frames.
SRC-0183,고주파공학,사진\homework5\시뮬사진\스크린샷 2026-04-14 221116.png,PUBLIC_REFERENCE_ONLY,Retain in private audit; link only if useful and safe.,Large sequential Cadence screenshot set; select only decision-relevant frames.
SRC-0184,고주파공학,사진\homework5\시뮬사진\스크린샷 2026-04-14 221351.png,PUBLIC_REFERENCE_ONLY,Retain in private audit; link only if useful and safe.,Large sequential Cadence screenshot set; select only decision-relevant frames.
SRC-0185,고주파공학,사진\homework5\시뮬사진\스크린샷 2026-04-14 221401.png,PUBLIC_REFERENCE_ONLY,Retain in private audit; link only if useful and safe.,Large sequential Cadence screenshot set; select only decision-relevant frames.
SRC-0186,고주파공학,사진\homework5\시뮬사진\스크린샷 2026-04-14 221417.png,PUBLIC_REFERENCE_ONLY,Retain in private audit; link only if useful and safe.,Large sequential Cadence screenshot set; select only decision-relevant frames.
SRC-0187,고주파공학,사진\homework5\시뮬사진\스크린샷 2026-04-14 221424.png,PUBLIC_REFERENCE_ONLY,Retain in private audit; link only if useful and safe.,Large sequential Cadence screenshot set; select only decision-relevant frames.
SRC-0188,고주파공학,사진\homework5\시뮬사진\스크린샷 2026-04-14 221437.png,PUBLIC_REFERENCE_ONLY,Retain in private audit; link only if useful and safe.,Large sequential Cadence screenshot set; select only decision-relevant frames.
SRC-0189,고주파공학,사진\homework5\시뮬사진\스크린샷 2026-04-14 221449.png,PUBLIC_REFERENCE_ONLY,Retain in private audit; link only if useful and safe.,Large sequential Cadence screenshot set; select only decision-relevant frames.
SRC-0190,고주파공학,사진\homework5\시뮬사진\스크린샷 2026-04-14 221505.png,PUBLIC_REFERENCE_ONLY,Retain in private audit; link only if useful and safe.,Large sequential Cadence screenshot set; select only decision-relevant frames.
SRC-0191,고주파공학,사진\homework5\시뮬사진\스크린샷 2026-04-14 221512.png,PUBLIC_REFERENCE_ONLY,Retain in private audit; link only if useful and safe.,Large sequential Cadence screenshot set; select only decision-relevant frames.
SRC-0192,고주파공학,사진\homework5\시뮬사진\스크린샷 2026-04-14 221521.png,PUBLIC_REFERENCE_ONLY,Retain in private audit; link only if useful and safe.,Large sequential Cadence screenshot set; select only decision-relevant frames.
SRC-0193,고주파공학,사진\homework5\시뮬사진\스크린샷 2026-04-14 221542.png,PUBLIC_REFERENCE_ONLY,Retain in private audit; link only if useful and safe.,Large sequential Cadence screenshot set; select only decision-relevant frames.
SRC-0194,고주파공학,사진\homework5\시뮬사진\스크린샷 2026-04-14 221553.png,PUBLIC_REFERENCE_ONLY,Retain in private audit; link only if useful and safe.,Large sequential Cadence screenshot set; select only decision-relevant frames.
SRC-0195,고주파공학,사진\homework5\시뮬사진\스크린샷 2026-04-14 221627.png,PUBLIC_REFERENCE_ONLY,Retain in private audit; link only if useful and safe.,Large sequential Cadence screenshot set; select only decision-relevant frames.
SRC-0196,고주파공학,사진\homework5\시뮬사진\스크린샷 2026-04-14 221711.png,PUBLIC_REFERENCE_ONLY,Retain in private audit; link only if useful and safe.,Large sequential Cadence screenshot set; select only decision-relevant frames.
SRC-0197,고주파공학,사진\homework5\시뮬사진\스크린샷 2026-04-14 222407.png,PUBLIC_REFERENCE_ONLY,Retain in private audit; link only if useful and safe.,Large sequential Cadence screenshot set; select only decision-relevant frames.
SRC-0198,고주파공학,사진\homework5\시뮬사진\스크린샷 2026-04-14 222410.png,PUBLIC_REFERENCE_ONLY,Retain in private audit; link only if useful and safe.,Large sequential Cadence screenshot set; select only decision-relevant frames.
SRC-0199,고주파공학,사진\homework5\시뮬사진\스크린샷 2026-04-14 222606.png,DUPLICATE,Do not republish duplicate bytes.,Exact SHA-256 duplicate of the canonical source record.
SRC-0200,고주파공학,사진\homework5\시뮬사진\스크린샷 2026-05-28 163230.png,PUBLIC_REFERENCE_ONLY,Retain in private audit; link only if useful and safe.,Large sequential Cadence screenshot set; select only decision-relevant frames.
SRC-0201,고주파공학,사진\homework5\시뮬사진\스크린샷 2026-05-28 163316.png,PUBLIC_REFERENCE_ONLY,Retain in private audit; link only if useful and safe.,Large sequential Cadence screenshot set; select only decision-relevant frames.
SRC-0202,고주파공학,사진\homework5\시뮬사진\스크린샷 2026-05-28 163341.png,PUBLIC_REFERENCE_ONLY,Retain in private audit; link only if useful and safe.,Large sequential Cadence screenshot set; select only decision-relevant frames.
SRC-0203,고주파공학,사진\homework5\시뮬사진\스크린샷 2026-05-28 163405.png,PUBLIC_REFERENCE_ONLY,Retain in private audit; link only if useful and safe.,Large sequential Cadence screenshot set; select only decision-relevant frames.
SRC-0204,고주파공학,사진\homework5\시뮬사진\스크린샷 2026-05-28 163416.png,PUBLIC_REFERENCE_ONLY,Retain in private audit; link only if useful and safe.,Large sequential Cadence screenshot set; select only decision-relevant frames.
SRC-0205,고주파공학,사진\homework5\시뮬사진\스크린샷 2026-05-28 163432.png,PUBLIC_REFERENCE_ONLY,Retain in private audit; link only if useful and safe.,Large sequential Cadence screenshot set; select only decision-relevant frames.
SRC-0206,고주파공학,사진\homework5\시뮬사진\스크린샷 2026-05-28 163520.png,PUBLIC_REFERENCE_ONLY,Retain in private audit; link only if useful and safe.,Large sequential Cadence screenshot set; select only decision-relevant frames.
SRC-0207,고주파공학,사진\homework5\시뮬사진\스크린샷 2026-05-28 163540.png,PUBLIC_REFERENCE_ONLY,Retain in private audit; link only if useful and safe.,Large sequential Cadence screenshot set; select only decision-relevant frames.
SRC-0208,고주파공학,사진\homework5\시뮬사진\스크린샷 2026-05-28 163547.png,PUBLIC_REFERENCE_ONLY,Retain in private audit; link only if useful and safe.,Large sequential Cadence screenshot set; select only decision-relevant frames.
SRC-0209,고주파공학,사진\homework5\시뮬사진\스크린샷 2026-05-28 163603.png,PUBLIC_REFERENCE_ONLY,Retain in private audit; link only if useful and safe.,Large sequential Cadence screenshot set; select only decision-relevant frames.
SRC-0210,고주파공학,사진\homework5\시뮬사진\스크린샷 2026-05-28 163619.png,PUBLIC_REFERENCE_ONLY,Retain in private audit; link only if useful and safe.,Large sequential Cadence screenshot set; select only decision-relevant frames.
SRC-0211,고주파공학,사진\homework5\시뮬사진\스크린샷 2026-05-28 163634.png,DUPLICATE,Do not republish duplicate bytes.,Exact SHA-256 duplicate of the canonical source record.
SRC-0212,고주파공학,사진\homework5\시뮬사진\스크린샷 2026-05-28 163648.png,DUPLICATE,Do not republish duplicate bytes.,Exact SHA-256 duplicate of the canonical source record.
SRC-0213,고주파공학,사진\homework5\시뮬사진\스크린샷 2026-05-29 141655.png,PUBLIC_REFERENCE_ONLY,Retain in private audit; link only if useful and safe.,Large sequential Cadence screenshot set; select only decision-relevant frames.
SRC-0214,고주파공학,사진\homework5\시뮬사진\스크린샷 2026-05-29 141701.png,PUBLIC_REFERENCE_ONLY,Retain in private audit; link only if useful and safe.,Large sequential Cadence screenshot set; select only decision-relevant frames.
SRC-0215,고주파공학,사진\homework5\시뮬사진\스크린샷 2026-05-29 141712.png,PUBLIC_REFERENCE_ONLY,Retain in private audit; link only if useful and safe.,Large sequential Cadence screenshot set; select only decision-relevant frames.
SRC-0216,고주파공학,사진\homework5\시뮬사진\스크린샷 2026-05-29 141723.png,PUBLIC_REFERENCE_ONLY,Retain in private audit; link only if useful and safe.,Large sequential Cadence screenshot set; select only decision-relevant frames.
SRC-0217,고주파공학,사진\homework5\시뮬사진\스크린샷 2026-05-29 141734.png,PUBLIC_REFERENCE_ONLY,Retain in private audit; link only if useful and safe.,Large sequential Cadence screenshot set; select only decision-relevant frames.
SRC-0218,고주파공학,사진\homework5\시뮬사진\스크린샷 2026-05-29 141954.png,PUBLIC_REFERENCE_ONLY,Retain in private audit; link only if useful and safe.,Large sequential Cadence screenshot set; select only decision-relevant frames.
SRC-0219,고주파공학,사진\homework5\시뮬사진\스크린샷 2026-05-29 143858.png,PUBLIC_REFERENCE_ONLY,Retain in private audit; link only if useful and safe.,Large sequential Cadence screenshot set; select only decision-relevant frames.
SRC-0220,고주파공학,사진\homework5\시뮬사진\스크린샷 2026-05-29 143913.png,PUBLIC_REFERENCE_ONLY,Retain in private audit; link only if useful and safe.,Large sequential Cadence screenshot set; select only decision-relevant frames.
SRC-0221,고주파공학,사진\homework5\시뮬사진\스크린샷 2026-05-29 143929.png,PUBLIC_REFERENCE_ONLY,Retain in private audit; link only if useful and safe.,Large sequential Cadence screenshot set; select only decision-relevant frames.
SRC-0222,고주파공학,사진\homework5\시뮬사진\스크린샷 2026-05-29 143937.png,PUBLIC_REFERENCE_ONLY,Retain in private audit; link only if useful and safe.,Large sequential Cadence screenshot set; select only decision-relevant frames.
SRC-0223,고주파공학,사진\homework5\시뮬사진\스크린샷 2026-05-31 192127.png,DUPLICATE,Do not republish duplicate bytes.,Exact SHA-256 duplicate of the canonical source record.
SRC-0224,고주파공학,사진\homework5\시뮬사진\스크린샷 2026-05-31 192218.png,PUBLIC_REFERENCE_ONLY,Retain in private audit; link only if useful and safe.,Large sequential Cadence screenshot set; select only decision-relevant frames.
SRC-0225,고주파공학,사진\homework5\시뮬사진\스크린샷 2026-05-31 195223.png,PUBLIC_REFERENCE_ONLY,Retain in private audit; link only if useful and safe.,Large sequential Cadence screenshot set; select only decision-relevant frames.
SRC-0226,고주파공학,사진\homework5\시뮬사진\스크린샷 2026-05-31 195232.png,PUBLIC_REFERENCE_ONLY,Retain in private audit; link only if useful and safe.,Large sequential Cadence screenshot set; select only decision-relevant frames.
SRC-0227,고주파공학,사진\homework5\시뮬사진\스크린샷 2026-05-31 195239.png,PUBLIC_REFERENCE_ONLY,Retain in private audit; link only if useful and safe.,Large sequential Cadence screenshot set; select only decision-relevant frames.
SRC-0228,고주파공학,사진\homework5\시뮬사진\스크린샷 2026-05-31 195357.png,PUBLIC_REFERENCE_ONLY,Retain in private audit; link only if useful and safe.,Large sequential Cadence screenshot set; select only decision-relevant frames.
SRC-0229,고주파공학,사진\homework5\시뮬사진\스크린샷 2026-05-31 195421.png,PUBLIC_REFERENCE_ONLY,Retain in private audit; link only if useful and safe.,Large sequential Cadence screenshot set; select only decision-relevant frames.
SRC-0230,고주파공학,사진\homework5\시뮬사진\스크린샷 2026-05-31 195706.png,PUBLIC_REFERENCE_ONLY,Retain in private audit; link only if useful and safe.,Large sequential Cadence screenshot set; select only decision-relevant frames.
SRC-0231,고주파공학,사진\homework5\시뮬사진\스크린샷 2026-05-31 195738.png,PUBLIC_REFERENCE_ONLY,Retain in private audit; link only if useful and safe.,Large sequential Cadence screenshot set; select only decision-relevant frames.
SRC-0232,고주파공학,사진\homework5\시뮬사진\스크린샷 2026-05-31 200123.png,PUBLIC_REFERENCE_ONLY,Retain in private audit; link only if useful and safe.,Large sequential Cadence screenshot set; select only decision-relevant frames.
SRC-0233,고주파공학,사진\homework5\시뮬사진\스크린샷 2026-05-31 200502.png,PUBLIC_REFERENCE_ONLY,Retain in private audit; link only if useful and safe.,Large sequential Cadence screenshot set; select only decision-relevant frames.
SRC-0234,고주파공학,사진\homework5\시뮬사진\스크린샷 2026-05-31 200507.png,PUBLIC_REFERENCE_ONLY,Retain in private audit; link only if useful and safe.,Large sequential Cadence screenshot set; select only decision-relevant frames.
SRC-0235,고주파공학,사진\homework5\시뮬사진\스크린샷 2026-05-31 200513.png,PUBLIC_REFERENCE_ONLY,Retain in private audit; link only if useful and safe.,Large sequential Cadence screenshot set; select only decision-relevant frames.
SRC-0236,고주파공학,사진\homework5\시뮬사진\스크린샷 2026-05-31 200525.png,PUBLIC_REFERENCE_ONLY,Retain in private audit; link only if useful and safe.,Large sequential Cadence screenshot set; select only decision-relevant frames.
SRC-0237,고주파공학,사진\homework5\시뮬사진\스크린샷 2026-05-31 200531.png,PUBLIC_REFERENCE_ONLY,Retain in private audit; link only if useful and safe.,Large sequential Cadence screenshot set; select only decision-relevant frames.
SRC-0238,고주파공학,사진\homework5\시뮬사진\스크린샷 2026-05-31 200548.png,PUBLIC_REFERENCE_ONLY,Retain in private audit; link only if useful and safe.,Large sequential Cadence screenshot set; select only decision-relevant frames.
SRC-0239,고주파공학,사진\homework5\시뮬사진\스크린샷 2026-05-31 200610.png,PUBLIC_REFERENCE_ONLY,Retain in private audit; link only if useful and safe.,Large sequential Cadence screenshot set; select only decision-relevant frames.
SRC-0240,고주파공학,사진\homework5\시뮬사진\스크린샷 2026-05-31 200618.png,PUBLIC_REFERENCE_ONLY,Retain in private audit; link only if useful and safe.,Large sequential Cadence screenshot set; select only decision-relevant frames.
SRC-0241,고주파공학,사진\homework5\시뮬사진\스크린샷 2026-05-31 200915.png,PUBLIC_REFERENCE_ONLY,Retain in private audit; link only if useful and safe.,Large sequential Cadence screenshot set; select only decision-relevant frames.
SRC-0242,고주파공학,사진\homework5\시뮬사진\스크린샷 2026-05-31 200937.png,PUBLIC_REFERENCE_ONLY,Retain in private audit; link only if useful and safe.,Large sequential Cadence screenshot set; select only decision-relevant frames.
SRC-0243,고주파공학,사진\homework5\시뮬사진\스크린샷 2026-05-31 201127.png,DUPLICATE,Do not republish duplicate bytes.,Exact SHA-256 duplicate of the canonical source record.
SRC-0244,고주파공학,사진\homework5\시뮬사진\스크린샷 2026-05-31 201320.png,PUBLIC_REFERENCE_ONLY,Retain in private audit; link only if useful and safe.,Large sequential Cadence screenshot set; select only decision-relevant frames.
SRC-0245,고주파공학,사진\homework5\시뮬사진\스크린샷 2026-05-31 203551.png,PUBLIC_REFERENCE_ONLY,Retain in private audit; link only if useful and safe.,Large sequential Cadence screenshot set; select only decision-relevant frames.
SRC-0246,고주파공학,사진\homework5\시뮬사진\스크린샷 2026-05-31 203601.png,PUBLIC_REFERENCE_ONLY,Retain in private audit; link only if useful and safe.,Large sequential Cadence screenshot set; select only decision-relevant frames.
SRC-0247,고주파공학,사진\homework5\시뮬사진\스크린샷 2026-05-31 203608.png,PUBLIC_REFERENCE_ONLY,Retain in private audit; link only if useful and safe.,Large sequential Cadence screenshot set; select only decision-relevant frames.
SRC-0248,고주파공학,사진\homework5\시뮬사진\스크린샷 2026-06-01 164836.png,PUBLIC_REFERENCE_ONLY,Retain in private audit; link only if useful and safe.,Large sequential Cadence screenshot set; select only decision-relevant frames.
SRC-0249,고주파공학,사진\homework5\시뮬사진\스크린샷 2026-06-01 193348.png,PUBLIC_REFERENCE_ONLY,Retain in private audit; link only if useful and safe.,Large sequential Cadence screenshot set; select only decision-relevant frames.
SRC-0250,고주파공학,사진\homework5\시뮬사진\스크린샷 2026-06-01 193352.png,PUBLIC_REFERENCE_ONLY,Retain in private audit; link only if useful and safe.,Large sequential Cadence screenshot set; select only decision-relevant frames.
SRC-0251,고주파공학,사진\homework5\시뮬사진\스크린샷 2026-06-01 193657.png,PUBLIC_REFERENCE_ONLY,Retain in private audit; link only if useful and safe.,Large sequential Cadence screenshot set; select only decision-relevant frames.
SRC-0252,고주파공학,사진\homework5\시뮬사진\스크린샷 2026-06-01 193707.png,PUBLIC_REFERENCE_ONLY,Retain in private audit; link only if useful and safe.,Large sequential Cadence screenshot set; select only decision-relevant frames.
SRC-0253,고주파공학,사진\homework5\시뮬사진\스크린샷 2026-06-01 193717.png,PUBLIC_REFERENCE_ONLY,Retain in private audit; link only if useful and safe.,Large sequential Cadence screenshot set; select only decision-relevant frames.
SRC-0254,고주파공학,사진\homework5\시뮬사진\스크린샷 2026-06-01 193724.png,PUBLIC_REFERENCE_ONLY,Retain in private audit; link only if useful and safe.,Large sequential Cadence screenshot set; select only decision-relevant frames.
SRC-0255,고주파공학,사진\homework5\시뮬사진\스크린샷 2026-06-01 193732.png,PUBLIC_REFERENCE_ONLY,Retain in private audit; link only if useful and safe.,Large sequential Cadence screenshot set; select only decision-relevant frames.
SRC-0256,고주파공학,사진\homework5\시뮬사진\스크린샷 2026-06-01 193741.png,PUBLIC_REFERENCE_ONLY,Retain in private audit; link only if useful and safe.,Large sequential Cadence screenshot set; select only decision-relevant frames.
SRC-0257,고주파공학,사진\homework5\시뮬사진\스크린샷 2026-06-01 194023.png,PUBLIC_REFERENCE_ONLY,Retain in private audit; link only if useful and safe.,Large sequential Cadence screenshot set; select only decision-relevant frames.
SRC-0258,고주파공학,사진\homework5\시뮬사진\스크린샷 2026-06-01 194421.png,PUBLIC_REFERENCE_ONLY,Retain in private audit; link only if useful and safe.,Large sequential Cadence screenshot set; select only decision-relevant frames.
SRC-0259,고주파공학,사진\homework5\시뮬사진\스크린샷 2026-06-01 194426.png,PUBLIC_REFERENCE_ONLY,Retain in private audit; link only if useful and safe.,Large sequential Cadence screenshot set; select only decision-relevant frames.
SRC-0260,고주파공학,사진\homework5\시뮬사진\스크린샷 2026-06-01 220830.png,PUBLIC_REFERENCE_ONLY,Retain in private audit; link only if useful and safe.,Large sequential Cadence screenshot set; select only decision-relevant frames.
SRC-0261,고주파공학,사진\homework5\시뮬사진\스크린샷 2026-06-01 220841.png,PUBLIC_REFERENCE_ONLY,Retain in private audit; link only if useful and safe.,Large sequential Cadence screenshot set; select only decision-relevant frames.
SRC-0262,고주파공학,사진\homework5\시뮬사진\스크린샷 2026-06-01 220913.png,PUBLIC_REFERENCE_ONLY,Retain in private audit; link only if useful and safe.,Large sequential Cadence screenshot set; select only decision-relevant frames.
SRC-0263,고주파공학,사진\homework5\시뮬사진\스크린샷 2026-06-01 220946.png,PUBLIC_REFERENCE_ONLY,Retain in private audit; link only if useful and safe.,Large sequential Cadence screenshot set; select only decision-relevant frames.
SRC-0264,고주파공학,사진\homework5\시뮬사진\스크린샷 2026-06-01 220956.png,PUBLIC_REFERENCE_ONLY,Retain in private audit; link only if useful and safe.,Large sequential Cadence screenshot set; select only decision-relevant frames.
SRC-0265,고주파공학,사진\homework5\시뮬사진\스크린샷 2026-06-01 221002.png,PUBLIC_REFERENCE_ONLY,Retain in private audit; link only if useful and safe.,Large sequential Cadence screenshot set; select only decision-relevant frames.
SRC-0266,고주파공학,사진\homework5\시뮬사진\스크린샷 2026-06-01 221007.png,PUBLIC_REFERENCE_ONLY,Retain in private audit; link only if useful and safe.,Large sequential Cadence screenshot set; select only decision-relevant frames.
SRC-0267,고주파공학,사진\homework5\시뮬사진\스크린샷 2026-06-01 221018.png,PUBLIC_REFERENCE_ONLY,Retain in private audit; link only if useful and safe.,Large sequential Cadence screenshot set; select only decision-relevant frames.
SRC-0268,고주파공학,사진\homework5\시뮬사진\스크린샷 2026-06-01 221029.png,PUBLIC_REFERENCE_ONLY,Retain in private audit; link only if useful and safe.,Large sequential Cadence screenshot set; select only decision-relevant frames.
SRC-0269,고주파공학,사진\homework5\시뮬사진\스크린샷 2026-06-01 221035.png,PUBLIC_REFERENCE_ONLY,Retain in private audit; link only if useful and safe.,Large sequential Cadence screenshot set; select only decision-relevant frames.
SRC-0270,고주파공학,사진\homework5\시뮬사진\스크린샷 2026-06-01 221041.png,PUBLIC_REFERENCE_ONLY,Retain in private audit; link only if useful and safe.,Large sequential Cadence screenshot set; select only decision-relevant frames.
SRC-0271,고주파공학,사진\homework5\시뮬사진\스크린샷 2026-06-01 221207.png,PUBLIC_REFERENCE_ONLY,Retain in private audit; link only if useful and safe.,Large sequential Cadence screenshot set; select only decision-relevant frames.
SRC-0272,고주파공학,사진\homework5\시뮬사진\스크린샷 2026-06-01 221213.png,PUBLIC_REFERENCE_ONLY,Retain in private audit; link only if useful and safe.,Large sequential Cadence screenshot set; select only decision-relevant frames.
SRC-0273,고주파공학,사진\homework5\시뮬사진\스크린샷 2026-06-01 221218.png,PUBLIC_REFERENCE_ONLY,Retain in private audit; link only if useful and safe.,Large sequential Cadence screenshot set; select only decision-relevant frames.
SRC-0274,고주파공학,사진\homework5\시뮬사진\스크린샷 2026-06-01 221227.png,PUBLIC_REFERENCE_ONLY,Retain in private audit; link only if useful and safe.,Large sequential Cadence screenshot set; select only decision-relevant frames.
SRC-0275,고주파공학,사진\homework5\시뮬사진\스크린샷 2026-06-01 221231.png,PUBLIC_REFERENCE_ONLY,Retain in private audit; link only if useful and safe.,Large sequential Cadence screenshot set; select only decision-relevant frames.
SRC-0276,고주파공학,사진\homework5\시뮬사진\스크린샷 2026-06-01 221236.png,PUBLIC_REFERENCE_ONLY,Retain in private audit; link only if useful and safe.,Large sequential Cadence screenshot set; select only decision-relevant frames.
SRC-0277,고주파공학,사진\homework5\시뮬사진\스크린샷 2026-06-01 221241.png,PUBLIC_REFERENCE_ONLY,Retain in private audit; link only if useful and safe.,Large sequential Cadence screenshot set; select only decision-relevant frames.
SRC-0278,고주파공학,사진\homework5\시뮬사진\스크린샷 2026-06-01 221245.png,PUBLIC_REFERENCE_ONLY,Retain in private audit; link only if useful and safe.,Large sequential Cadence screenshot set; select only decision-relevant frames.
SRC-0279,고주파공학,사진\homework5\시뮬사진\스크린샷 2026-06-01 221251.png,PUBLIC_REFERENCE_ONLY,Retain in private audit; link only if useful and safe.,Large sequential Cadence screenshot set; select only decision-relevant frames.
SRC-0280,고주파공학,사진\homework5\시뮬사진\스크린샷 2026-06-01 221258.png,PUBLIC_REFERENCE_ONLY,Retain in private audit; link only if useful and safe.,Large sequential Cadence screenshot set; select only decision-relevant frames.
SRC-0281,고주파공학,사진\homework5\시뮬사진\스크린샷 2026-06-01 221306.png,PUBLIC_REFERENCE_ONLY,Retain in private audit; link only if useful and safe.,Large sequential Cadence screenshot set; select only decision-relevant frames.
SRC-0282,고주파공학,사진\homework5\시뮬사진\스크린샷 2026-06-02 013019.png,DUPLICATE,Do not republish duplicate bytes.,Exact SHA-256 duplicate of the canonical source record.
SRC-0283,고주파공학,사진\homework5\시뮬사진\스크린샷 2026-06-02 013103.png,DUPLICATE,Do not republish duplicate bytes.,Exact SHA-256 duplicate of the canonical source record.
SRC-0284,고주파공학,사진\homework5\시뮬사진\스크린샷 2026-06-02 013442.png,DUPLICATE,Do not republish duplicate bytes.,Exact SHA-256 duplicate of the canonical source record.
SRC-0285,고주파공학,사진\homework5\시뮬사진\스크린샷 2026-06-02 015309.png,DUPLICATE,Do not republish duplicate bytes.,Exact SHA-256 duplicate of the canonical source record.
SRC-0286,고주파공학,사진\homework5\시뮬사진\스크린샷 2026-06-08 131213.png,PUBLIC_REFERENCE_ONLY,Retain in private audit; link only if useful and safe.,Large sequential Cadence screenshot set; select only decision-relevant frames.
SRC-0287,고주파공학,사진\homework5\시뮬사진\스크린샷 2026-06-08 131331.png,PUBLIC_REFERENCE_ONLY,Retain in private audit; link only if useful and safe.,Large sequential Cadence screenshot set; select only decision-relevant frames.
SRC-0288,고주파공학,사진\homework5\시뮬사진\스크린샷 2026-06-08 131346.png,PUBLIC_REFERENCE_ONLY,Retain in private audit; link only if useful and safe.,Large sequential Cadence screenshot set; select only decision-relevant frames.
SRC-0289,고주파공학,사진\homework5\시뮬사진\스크린샷 2026-06-08 131423.png,PUBLIC_REFERENCE_ONLY,Retain in private audit; link only if useful and safe.,Large sequential Cadence screenshot set; select only decision-relevant frames.
SRC-0290,고주파공학,사진\homework5\시뮬사진\스크린샷 2026-06-08 131439.png,PUBLIC_REFERENCE_ONLY,Retain in private audit; link only if useful and safe.,Large sequential Cadence screenshot set; select only decision-relevant frames.
SRC-0291,고주파공학,사진\homework5\시뮬사진\스크린샷 2026-06-08 131539.png,PUBLIC_REFERENCE_ONLY,Retain in private audit; link only if useful and safe.,Large sequential Cadence screenshot set; select only decision-relevant frames.
SRC-0292,고주파공학,사진\homework5\시뮬사진\스크린샷 2026-06-08 131553.png,PUBLIC_REFERENCE_ONLY,Retain in private audit; link only if useful and safe.,Large sequential Cadence screenshot set; select only decision-relevant frames.
SRC-0293,고주파공학,사진\homework5\시뮬사진\스크린샷 2026-06-08 131604.png,PUBLIC_REFERENCE_ONLY,Retain in private audit; link only if useful and safe.,Large sequential Cadence screenshot set; select only decision-relevant frames.
SRC-0294,고주파공학,사진\homework5\시뮬사진\스크린샷 2026-06-08 131617.png,PUBLIC_REFERENCE_ONLY,Retain in private audit; link only if useful and safe.,Large sequential Cadence screenshot set; select only decision-relevant frames.
SRC-0295,고주파공학,사진\homework5\시뮬사진\스크린샷 2026-06-08 131630.png,PUBLIC_REFERENCE_ONLY,Retain in private audit; link only if useful and safe.,Large sequential Cadence screenshot set; select only decision-relevant frames.
SRC-0296,고주파공학,사진\homework5\시뮬사진\스크린샷 2026-06-08 131828.png,PUBLIC_REFERENCE_ONLY,Retain in private audit; link only if useful and safe.,Large sequential Cadence screenshot set; select only decision-relevant frames.
SRC-0297,고주파공학,사진\homework5\시뮬사진\스크린샷 2026-06-08 151942.png,PUBLIC_REFERENCE_ONLY,Retain in private audit; link only if useful and safe.,Large sequential Cadence screenshot set; select only decision-relevant frames.
SRC-0298,고주파공학,사진\homework5\시뮬사진\스크린샷 2026-06-08 162010.png,PUBLIC_REFERENCE_ONLY,Retain in private audit; link only if useful and safe.,Large sequential Cadence screenshot set; select only decision-relevant frames.
SRC-0299,고주파공학,사진\homework5\시뮬사진\스크린샷 2026-06-08 164932.png,PUBLIC_REFERENCE_ONLY,Retain in private audit; link only if useful and safe.,Large sequential Cadence screenshot set; select only decision-relevant frames.
SRC-0300,고주파공학,사진\homework5\시뮬사진\스크린샷 2026-06-08 165021.png,PUBLIC_REFERENCE_ONLY,Retain in private audit; link only if useful and safe.,Large sequential Cadence screenshot set; select only decision-relevant frames.
SRC-0301,고주파공학,사진\homework5\시뮬사진\스크린샷 2026-06-08 165420.png,PUBLIC_REFERENCE_ONLY,Retain in private audit; link only if useful and safe.,Large sequential Cadence screenshot set; select only decision-relevant frames.
SRC-0302,고주파공학,사진\homework5\시뮬사진\스크린샷 2026-06-08 165457.png,PUBLIC_REFERENCE_ONLY,Retain in private audit; link only if useful and safe.,Large sequential Cadence screenshot set; select only decision-relevant frames.
SRC-0303,고주파공학,사진\homework5\시뮬사진\스크린샷 2026-06-08 171620.png,PUBLIC_REFERENCE_ONLY,Retain in private audit; link only if useful and safe.,Large sequential Cadence screenshot set; select only decision-relevant frames.
SRC-0304,고주파공학,사진\homework5\시뮬사진\스크린샷 2026-06-09 144807.png,DUPLICATE,Do not republish duplicate bytes.,Exact SHA-256 duplicate of the canonical source record.
SRC-0305,고주파공학,사진\homework5\시뮬사진\스크린샷 2026-06-09 144855.png,DUPLICATE,Do not republish duplicate bytes.,Exact SHA-256 duplicate of the canonical source record.
SRC-0306,고주파공학,사진\homework5\시뮬사진\스크린샷 2026-06-09 144914.png,PUBLIC_REFERENCE_ONLY,Retain in private audit; link only if useful and safe.,Large sequential Cadence screenshot set; select only decision-relevant frames.
SRC-0307,고주파공학,사진\homework5\시뮬사진\스크린샷 2026-06-09 182007.png,PUBLIC_REFERENCE_ONLY,Retain in private audit; link only if useful and safe.,Large sequential Cadence screenshot set; select only decision-relevant frames.
SRC-0308,고주파공학,사진\homework5\시뮬사진\스크린샷 2026-06-09 182858.png,PUBLIC_REFERENCE_ONLY,Retain in private audit; link only if useful and safe.,Large sequential Cadence screenshot set; select only decision-relevant frames.
SRC-0309,고주파공학,사진\homework5\시뮬사진\스크린샷 2026-06-09 183956.png,PUBLIC_REFERENCE_ONLY,Retain in private audit; link only if useful and safe.,Large sequential Cadence screenshot set; select only decision-relevant frames.
SRC-0310,고주파공학,사진\homework5\시뮬사진\스크린샷 2026-06-09 184010.png,PUBLIC_REFERENCE_ONLY,Retain in private audit; link only if useful and safe.,Large sequential Cadence screenshot set; select only decision-relevant frames.
SRC-0311,고주파공학,사진\homework5\시뮬사진\스크린샷 2026-06-09 184020.png,PUBLIC_REFERENCE_ONLY,Retain in private audit; link only if useful and safe.,Large sequential Cadence screenshot set; select only decision-relevant frames.
SRC-0312,고주파공학,사진\homework5\시뮬사진\스크린샷 2026-06-09 184611.png,PUBLIC_REFERENCE_ONLY,Retain in private audit; link only if useful and safe.,Large sequential Cadence screenshot set; select only decision-relevant frames.
SRC-0313,고주파공학,사진\homework5\시뮬사진\스크린샷 2026-06-09 184620.png,PUBLIC_REFERENCE_ONLY,Retain in private audit; link only if useful and safe.,Large sequential Cadence screenshot set; select only decision-relevant frames.
SRC-0314,고주파공학,사진\homework5\시뮬사진\스크린샷 2026-06-09 185008.png,PUBLIC_REFERENCE_ONLY,Retain in private audit; link only if useful and safe.,Large sequential Cadence screenshot set; select only decision-relevant frames.
SRC-0315,고주파공학,사진\homework5\시뮬사진\스크린샷 2026-06-09 185258.png,PUBLIC_REFERENCE_ONLY,Retain in private audit; link only if useful and safe.,Large sequential Cadence screenshot set; select only decision-relevant frames.
SRC-0316,고주파공학,사진\homework5\시뮬사진\스크린샷 2026-06-09 185409.png,PUBLIC_REFERENCE_ONLY,Retain in private audit; link only if useful and safe.,Large sequential Cadence screenshot set; select only decision-relevant frames.
SRC-0317,고주파공학,사진\homework5\시뮬사진\스크린샷 2026-06-09 185520.png,PUBLIC_REFERENCE_ONLY,Retain in private audit; link only if useful and safe.,Large sequential Cadence screenshot set; select only decision-relevant frames.
SRC-0318,고주파공학,사진\homework5\시뮬사진\스크린샷 2026-06-09 190122.png,PUBLIC_REFERENCE_ONLY,Retain in private audit; link only if useful and safe.,Large sequential Cadence screenshot set; select only decision-relevant frames.
SRC-0319,고주파공학,사진\homework5\시뮬사진\스크린샷 2026-06-09 190713.png,PUBLIC_REFERENCE_ONLY,Retain in private audit; link only if useful and safe.,Large sequential Cadence screenshot set; select only decision-relevant frames.
SRC-0320,고주파공학,사진\homework5\시뮬사진\스크린샷 2026-06-09 191415.png,PUBLIC_REFERENCE_ONLY,Retain in private audit; link only if useful and safe.,Large sequential Cadence screenshot set; select only decision-relevant frames.
SRC-0321,고주파공학,사진\homework5\시뮬사진\스크린샷 2026-06-09 191813.png,PUBLIC_REFERENCE_ONLY,Retain in private audit; link only if useful and safe.,Large sequential Cadence screenshot set; select only decision-relevant frames.
SRC-0322,고주파공학,사진\homework5\시뮬사진\스크린샷 2026-06-09 192550.png,PUBLIC_REFERENCE_ONLY,Retain in private audit; link only if useful and safe.,Large sequential Cadence screenshot set; select only decision-relevant frames.
SRC-0323,고주파공학,사진\homework5\시뮬사진\스크린샷 2026-06-09 192817.png,PUBLIC_REFERENCE_ONLY,Retain in private audit; link only if useful and safe.,Large sequential Cadence screenshot set; select only decision-relevant frames.
SRC-0324,고주파공학,사진\homework5\시뮬사진\스크린샷 2026-06-09 210058.png,PUBLIC_REFERENCE_ONLY,Retain in private audit; link only if useful and safe.,Large sequential Cadence screenshot set; select only decision-relevant frames.
SRC-0325,고주파공학,사진\homework5\시뮬사진\스크린샷 2026-06-09 210211.png,DUPLICATE,Do not republish duplicate bytes.,Exact SHA-256 duplicate of the canonical source record.
SRC-0326,고주파공학,사진\homework5\시뮬사진\스크린샷 2026-06-09 210229.png,PUBLIC_REFERENCE_ONLY,Retain in private audit; link only if useful and safe.,Large sequential Cadence screenshot set; select only decision-relevant frames.
SRC-0327,고주파공학,사진\homework5\시뮬사진\스크린샷 2026-06-09 210307.png,DUPLICATE,Do not republish duplicate bytes.,Exact SHA-256 duplicate of the canonical source record.
SRC-0328,고주파공학,사진\homework5\시뮬사진\스크린샷 2026-06-09 210327.png,DUPLICATE,Do not republish duplicate bytes.,Exact SHA-256 duplicate of the canonical source record.
SRC-0329,고주파공학,사진\homework5\시뮬사진\스크린샷 2026-06-09 210424.png,PUBLIC_REFERENCE_ONLY,Retain in private audit; link only if useful and safe.,Large sequential Cadence screenshot set; select only decision-relevant frames.
SRC-0330,고주파공학,사진\homework5\시뮬사진\스크린샷 2026-06-09 210519.png,DUPLICATE,Do not republish duplicate bytes.,Exact SHA-256 duplicate of the canonical source record.
SRC-0331,고주파공학,사진\homework5\시뮬사진\스크린샷 2026-06-09 210903.png,DUPLICATE,Do not republish duplicate bytes.,Exact SHA-256 duplicate of the canonical source record.
SRC-0332,고주파공학,사진\homework5\시뮬사진\스크린샷 2026-06-09 211310.png,PUBLIC_REFERENCE_ONLY,Retain in private audit; link only if useful and safe.,Large sequential Cadence screenshot set; select only decision-relevant frames.
SRC-0333,고주파공학,사진\homework5\시뮬사진\스크린샷 2026-06-09 211654.png,PUBLIC_REFERENCE_ONLY,Retain in private audit; link only if useful and safe.,Large sequential Cadence screenshot set; select only decision-relevant frames.
SRC-0334,고주파공학,사진\homework5\시뮬사진\스크린샷 2026-06-09 211700.png,PUBLIC_REFERENCE_ONLY,Retain in private audit; link only if useful and safe.,Large sequential Cadence screenshot set; select only decision-relevant frames.
SRC-0335,고주파공학,사진\homework5\시뮬사진\스크린샷 2026-06-09 211707.png,PUBLIC_REFERENCE_ONLY,Retain in private audit; link only if useful and safe.,Large sequential Cadence screenshot set; select only decision-relevant frames.
SRC-0336,고주파공학,사진\homework5\시뮬사진\스크린샷 2026-06-09 212749.png,PUBLIC_REFERENCE_ONLY,Retain in private audit; link only if useful and safe.,Large sequential Cadence screenshot set; select only decision-relevant frames.
SRC-0337,고주파공학,사진\homework5\시뮬사진\스크린샷 2026-06-09 212753.png,PUBLIC_REFERENCE_ONLY,Retain in private audit; link only if useful and safe.,Large sequential Cadence screenshot set; select only decision-relevant frames.
SRC-0338,고주파공학,사진\homework5\시뮬사진\스크린샷 2026-06-09 212801.png,PUBLIC_REFERENCE_ONLY,Retain in private audit; link only if useful and safe.,Large sequential Cadence screenshot set; select only decision-relevant frames.
SRC-0339,고주파공학,사진\homework5\시뮬사진\스크린샷 2026-06-09 213044.png,PUBLIC_REFERENCE_ONLY,Retain in private audit; link only if useful and safe.,Large sequential Cadence screenshot set; select only decision-relevant frames.
SRC-0340,고주파공학,사진\homework5\시뮬사진\스크린샷 2026-06-09 213839.png,PUBLIC_REFERENCE_ONLY,Retain in private audit; link only if useful and safe.,Large sequential Cadence screenshot set; select only decision-relevant frames.
SRC-0341,고주파공학,사진\homework5\시뮬사진\스크린샷 2026-06-09 214022.png,PUBLIC_REFERENCE_ONLY,Retain in private audit; link only if useful and safe.,Large sequential Cadence screenshot set; select only decision-relevant frames.
SRC-0342,고주파공학,사진\homework5\시뮬사진\스크린샷 2026-06-09 214125.png,PUBLIC_REFERENCE_ONLY,Retain in private audit; link only if useful and safe.,Large sequential Cadence screenshot set; select only decision-relevant frames.
SRC-0343,고주파공학,사진\homework5\시뮬사진\스크린샷 2026-06-09 214432.png,PUBLIC_REFERENCE_ONLY,Retain in private audit; link only if useful and safe.,Large sequential Cadence screenshot set; select only decision-relevant frames.
SRC-0344,고주파공학,사진\homework5\시뮬사진\스크린샷 2026-06-09 214508.png,PUBLIC_REFERENCE_ONLY,Retain in private audit; link only if useful and safe.,Large sequential Cadence screenshot set; select only decision-relevant frames.
SRC-0345,고주파공학,사진\homework5\시뮬사진\스크린샷 2026-06-09 214518.png,PUBLIC_REFERENCE_ONLY,Retain in private audit; link only if useful and safe.,Large sequential Cadence screenshot set; select only decision-relevant frames.
SRC-0346,고주파공학,사진\homework5\시뮬사진\스크린샷 2026-06-09 214537.png,PUBLIC_REFERENCE_ONLY,Retain in private audit; link only if useful and safe.,Large sequential Cadence screenshot set; select only decision-relevant frames.
SRC-0347,고주파공학,사진\homework5\시뮬사진\스크린샷 2026-06-09 214550.png,PUBLIC_REFERENCE_ONLY,Retain in private audit; link only if useful and safe.,Large sequential Cadence screenshot set; select only decision-relevant frames.
SRC-0348,고주파공학,사진\homework5\시뮬사진\스크린샷 2026-06-09 214607.png,PUBLIC_REFERENCE_ONLY,Retain in private audit; link only if useful and safe.,Large sequential Cadence screenshot set; select only decision-relevant frames.
SRC-0349,고주파공학,사진\homework5\시뮬사진\스크린샷 2026-06-09 214612.png,DUPLICATE,Do not republish duplicate bytes.,Exact SHA-256 duplicate of the canonical source record.
SRC-0350,고주파공학,사진\homework5\시뮬사진\스크린샷 2026-06-09 214737.png,DUPLICATE,Do not republish duplicate bytes.,Exact SHA-256 duplicate of the canonical source record.
SRC-0351,고주파공학,사진\homework5\시뮬사진\스크린샷 2026-06-09 214827.png,DUPLICATE,Do not republish duplicate bytes.,Exact SHA-256 duplicate of the canonical source record.
SRC-0352,고주파공학,사진\homework5\시뮬사진\스크린샷 2026-06-09 221801.png,PUBLIC_REFERENCE_ONLY,Retain in private audit; link only if useful and safe.,Large sequential Cadence screenshot set; select only decision-relevant frames.
SRC-0353,고주파공학,사진\homework5\시뮬사진\스크린샷 2026-06-09 221825.png,DUPLICATE,Do not republish duplicate bytes.,Exact SHA-256 duplicate of the canonical source record.
SRC-0354,고주파공학,사진\homework5\시뮬사진\스크린샷 2026-06-09 221848.png,DUPLICATE,Do not republish duplicate bytes.,Exact SHA-256 duplicate of the canonical source record.
SRC-0355,고주파공학,사진\homework5\시뮬사진\스크린샷 2026-06-09 221938.png,DUPLICATE,Do not republish duplicate bytes.,Exact SHA-256 duplicate of the canonical source record.
SRC-0356,고주파공학,사진\homework5\시뮬사진\스크린샷 2026-06-09 222102.png,PUBLIC_REFERENCE_ONLY,Retain in private audit; link only if useful and safe.,Large sequential Cadence screenshot set; select only decision-relevant frames.
SRC-0357,고주파공학,사진\homework5\시뮬사진\스크린샷 2026-06-09 222110.png,PUBLIC_REFERENCE_ONLY,Retain in private audit; link only if useful and safe.,Large sequential Cadence screenshot set; select only decision-relevant frames.
SRC-0358,고주파공학,사진\homework5\시뮬사진\스크린샷 2026-06-09 222242.png,PUBLIC_REFERENCE_ONLY,Retain in private audit; link only if useful and safe.,Large sequential Cadence screenshot set; select only decision-relevant frames.
SRC-0359,고주파공학,사진\homework5\시뮬사진\스크린샷 2026-06-09 222426.png,PUBLIC_REFERENCE_ONLY,Retain in private audit; link only if useful and safe.,Large sequential Cadence screenshot set; select only decision-relevant frames.
SRC-0360,고주파공학,사진\homework5\시뮬사진\스크린샷 2026-06-09 222640.png,PUBLIC_REFERENCE_ONLY,Retain in private audit; link only if useful and safe.,Large sequential Cadence screenshot set; select only decision-relevant frames.
SRC-0361,고주파공학,사진\homework5\시뮬사진\스크린샷 2026-06-09 222712.png,DUPLICATE,Do not republish duplicate bytes.,Exact SHA-256 duplicate of the canonical source record.
SRC-0362,고주파공학,사진\homework5\시뮬사진\스크린샷 2026-06-09 222728.png,DUPLICATE,Do not republish duplicate bytes.,Exact SHA-256 duplicate of the canonical source record.
SRC-0363,고주파공학,사진\homework5\시뮬사진\스크린샷 2026-06-09 222753.png,DUPLICATE,Do not republish duplicate bytes.,Exact SHA-256 duplicate of the canonical source record.
SRC-0364,고주파공학,사진\homework5\시뮬사진\스크린샷 2026-06-09 222815.png,DUPLICATE,Do not republish duplicate bytes.,Exact SHA-256 duplicate of the canonical source record.
SRC-0365,고주파공학,사진\homework5\시뮬사진\스크린샷 2026-06-09 223246.png,PUBLIC_REFERENCE_ONLY,Retain in private audit; link only if useful and safe.,Large sequential Cadence screenshot set; select only decision-relevant frames.
SRC-0366,고주파공학,사진\homework5\시뮬사진\스크린샷 2026-06-09 223553.png,PUBLIC_REFERENCE_ONLY,Retain in private audit; link only if useful and safe.,Large sequential Cadence screenshot set; select only decision-relevant frames.
SRC-0367,고주파공학,사진\homework5\시뮬사진\스크린샷 2026-06-09 223618.png,PUBLIC_REFERENCE_ONLY,Retain in private audit; link only if useful and safe.,Large sequential Cadence screenshot set; select only decision-relevant frames.
SRC-0368,고주파공학,사진\homework5\시뮬사진\스크린샷 2026-06-09 225617.png,PUBLIC_REFERENCE_ONLY,Retain in private audit; link only if useful and safe.,Large sequential Cadence screenshot set; select only decision-relevant frames.
SRC-0369,고주파공학,사진\homework5\시뮬사진\스크린샷 2026-06-09 225624.png,PUBLIC_REFERENCE_ONLY,Retain in private audit; link only if useful and safe.,Large sequential Cadence screenshot set; select only decision-relevant frames.
SRC-0370,고주파공학,사진\homework5\시뮬사진\스크린샷 2026-06-09 230236.png,PUBLIC_REFERENCE_ONLY,Retain in private audit; link only if useful and safe.,Large sequential Cadence screenshot set; select only decision-relevant frames.
SRC-0371,고주파공학,사진\homework5\시뮬사진\스크린샷 2026-06-09 230421.png,PUBLIC_REFERENCE_ONLY,Retain in private audit; link only if useful and safe.,Large sequential Cadence screenshot set; select only decision-relevant frames.
SRC-0372,고주파공학,사진\homework5\시뮬사진\스크린샷 2026-06-09 230451.png,PUBLIC_REFERENCE_ONLY,Retain in private audit; link only if useful and safe.,Large sequential Cadence screenshot set; select only decision-relevant frames.
SRC-0373,고주파공학,사진\homework5\시뮬사진\스크린샷 2026-06-09 230504.png,PUBLIC_REFERENCE_ONLY,Retain in private audit; link only if useful and safe.,Large sequential Cadence screenshot set; select only decision-relevant frames.
SRC-0374,고주파공학,사진\homework5\시뮬사진\스크린샷 2026-06-09 230647.png,PUBLIC_REFERENCE_ONLY,Retain in private audit; link only if useful and safe.,Large sequential Cadence screenshot set; select only decision-relevant frames.
SRC-0375,고주파공학,사진\homework5\시뮬사진\스크린샷 2026-06-09 230926.png,PUBLIC_REFERENCE_ONLY,Retain in private audit; link only if useful and safe.,Large sequential Cadence screenshot set; select only decision-relevant frames.
SRC-0376,고주파공학,사진\homework5\시뮬사진\스크린샷 2026-06-09 233922.png,DUPLICATE,Do not republish duplicate bytes.,Exact SHA-256 duplicate of the canonical source record.
SRC-0377,고주파공학,사진\homework5\시뮬사진\스크린샷 2026-06-09 233950.png,DUPLICATE,Do not republish duplicate bytes.,Exact SHA-256 duplicate of the canonical source record.
SRC-0378,고주파공학,사진\homework5\시뮬사진\스크린샷 2026-06-09 234018.png,DUPLICATE,Do not republish duplicate bytes.,Exact SHA-256 duplicate of the canonical source record.
SRC-0379,고주파공학,사진\homework5\시뮬사진\스크린샷 2026-06-09 234414.png,PUBLIC_REFERENCE_ONLY,Retain in private audit; link only if useful and safe.,Large sequential Cadence screenshot set; select only decision-relevant frames.
SRC-0380,고주파공학,사진\homework5\시뮬사진\스크린샷 2026-06-09 234525.png,DUPLICATE,Do not republish duplicate bytes.,Exact SHA-256 duplicate of the canonical source record.
SRC-0381,고주파공학,사진\homework5\시뮬사진\스크린샷 2026-06-09 234714.png,DUPLICATE,Do not republish duplicate bytes.,Exact SHA-256 duplicate of the canonical source record.
SRC-0382,고주파공학,사진\homework5\시뮬사진\스크린샷 2026-06-09 234731.png,DUPLICATE,Do not republish duplicate bytes.,Exact SHA-256 duplicate of the canonical source record.
SRC-0383,고주파공학,사진\homework5\시뮬사진\스크린샷 2026-06-09 234938.png,PUBLIC_REFERENCE_ONLY,Retain in private audit; link only if useful and safe.,Large sequential Cadence screenshot set; select only decision-relevant frames.
SRC-0384,고주파공학,사진\homework5\시뮬사진\스크린샷 2026-06-09 235101.png,DUPLICATE,Do not republish duplicate bytes.,Exact SHA-256 duplicate of the canonical source record.
SRC-0385,고주파공학,사진\homework5\시뮬사진\스크린샷 2026-06-09 235200.png,PUBLIC_REFERENCE_ONLY,Retain in private audit; link only if useful and safe.,Large sequential Cadence screenshot set; select only decision-relevant frames.
SRC-0386,고주파공학,사진\homework5\시뮬사진\스크린샷 2026-06-09 235350.png,DUPLICATE,Do not republish duplicate bytes.,Exact SHA-256 duplicate of the canonical source record.
SRC-0387,고주파공학,사진\homework5\시뮬사진\스크린샷 2026-06-09 235410.png,PUBLIC_REFERENCE_ONLY,Retain in private audit; link only if useful and safe.,Large sequential Cadence screenshot set; select only decision-relevant frames.
SRC-0388,고주파공학,사진\homework5\시뮬사진\스크린샷 2026-06-09 235700.png,DUPLICATE,Do not republish duplicate bytes.,Exact SHA-256 duplicate of the canonical source record.
SRC-0389,고주파공학,사진\homework5\시뮬사진\스크린샷 2026-06-09 235751.png,DUPLICATE,Do not republish duplicate bytes.,Exact SHA-256 duplicate of the canonical source record.
SRC-0390,고주파공학,사진\homework5\시뮬사진\스크린샷 2026-06-09 235823.png,PUBLIC_REFERENCE_ONLY,Retain in private audit; link only if useful and safe.,Large sequential Cadence screenshot set; select only decision-relevant frames.
SRC-0391,고주파공학,사진\homework5\시뮬사진\스크린샷 2026-06-10 000140.png,PUBLIC_REFERENCE_ONLY,Retain in private audit; link only if useful and safe.,Large sequential Cadence screenshot set; select only decision-relevant frames.
SRC-0392,고주파공학,사진\homework5\시뮬사진\스크린샷 2026-06-10 000154.png,PUBLIC_REFERENCE_ONLY,Retain in private audit; link only if useful and safe.,Large sequential Cadence screenshot set; select only decision-relevant frames.
SRC-0393,고주파공학,사진\homework5\시뮬사진\스크린샷 2026-06-10 000156.png,PUBLIC_REFERENCE_ONLY,Retain in private audit; link only if useful and safe.,Large sequential Cadence screenshot set; select only decision-relevant frames.
SRC-0394,고주파공학,사진\homework5\시뮬사진\스크린샷 2026-06-10 000228.png,PUBLIC_REFERENCE_ONLY,Retain in private audit; link only if useful and safe.,Large sequential Cadence screenshot set; select only decision-relevant frames.
SRC-0395,고주파공학,사진\homework5\시뮬사진\스크린샷 2026-06-10 001638.png,PUBLIC_REFERENCE_ONLY,Retain in private audit; link only if useful and safe.,Large sequential Cadence screenshot set; select only decision-relevant frames.
SRC-0396,고주파공학,사진\homework5\시뮬사진\스크린샷 2026-06-10 001652.png,PUBLIC_REFERENCE_ONLY,Retain in private audit; link only if useful and safe.,Large sequential Cadence screenshot set; select only decision-relevant frames.
SRC-0397,고주파공학,사진\homework5\시뮬사진\스크린샷 2026-06-10 002147.png,PUBLIC_REFERENCE_ONLY,Retain in private audit; link only if useful and safe.,Large sequential Cadence screenshot set; select only decision-relevant frames.
SRC-0398,센서응용공학,사진\센서응용공학_[STUDENT-ID]_[AUTHOR]_4학년_AESA 기반 레이더 센서 시스템 분석 및 Diffusion Model 기반 SAR 영상 향상 방안.docx,PUBLIC_USED,Curate into case study with source label/redaction.,"Primary student-authored report, source, calculation, or visual evidence."
SRC-0399,센서응용공학,센서응용공학_[STUDENT-ID]_[AUTHOR]_4학년_AESA 기반 레이더 센서 시스템 분석 및 Diffusion Model 기반 SAR 영상 향상 방안.pdf,PUBLIC_USED,Curate into case study with source label/redaction.,"Primary student-authored report, source, calculation, or visual evidence."
SRC-0400,전기기기,Transformer Design calculator EI-190 (1).xlsx,PUBLIC_USED,Curate into case study with source label/redaction.,"Primary student-authored report, source, calculation, or visual evidence."
SRC-0401,전기기기,Transformer Design calculator UI-1.80MHW.xlsx,PUBLIC_USED,Curate into case study with source label/redaction.,"Primary student-authored report, source, calculation, or visual evidence."
SRC-0402,전기기기,Transformer Design calculator.xlsx,PUBLIC_USED,Curate into case study with source label/redaction.,"Primary student-authored report, source, calculation, or visual evidence."
SRC-0403,전기기기,사진\스크린샷 2026-07-29 102810.png,PUBLIC_USED,Curate into case study with source label/redaction.,"Primary student-authored report, source, calculation, or visual evidence."
SRC-0404,전기기기,사진\스크린샷 2026-07-29 102913.png,PUBLIC_USED,Curate into case study with source label/redaction.,"Primary student-authored report, source, calculation, or visual evidence."
SRC-0405,전기기기,사진\스크린샷 2026-07-29 102922.png,PUBLIC_USED,Curate into case study with source label/redaction.,"Primary student-authored report, source, calculation, or visual evidence."
SRC-0406,전기기기,사진\스크린샷 2026-07-29 102926.png,PUBLIC_USED,Curate into case study with source label/redaction.,"Primary student-authored report, source, calculation, or visual evidence."
SRC-0407,전기기기,사진\스크린샷 2026-07-29 102935.png,PUBLIC_USED,Curate into case study with source label/redaction.,"Primary student-authored report, source, calculation, or visual evidence."
SRC-0408,전기기기,사진\스크린샷 2026-07-29 102944.png,PUBLIC_USED,Curate into case study with source label/redaction.,"Primary student-authored report, source, calculation, or visual evidence."
SRC-0409,전기기기,사진\스크린샷 2026-07-29 103001.png,PUBLIC_USED,Curate into case study with source label/redaction.,"Primary student-authored report, source, calculation, or visual evidence."
SRC-0410,전기기기,사진\스크린샷 2026-07-29 103010.png,PUBLIC_USED,Curate into case study with source label/redaction.,"Primary student-authored report, source, calculation, or visual evidence."
SRC-0411,전기기기,사진\스크린샷 2026-07-29 103013.png,PUBLIC_USED,Curate into case study with source label/redaction.,"Primary student-authored report, source, calculation, or visual evidence."
SRC-0412,전기기기,사진\스크린샷 2026-07-29 103047.png,PUBLIC_USED,Curate into case study with source label/redaction.,"Primary student-authored report, source, calculation, or visual evidence."
SRC-0413,전기기기,전기기기__3분반(10조_변압기_설계_과제_보고서)_250326_162216.pdf,PUBLIC_USED,Curate into case study with source label/redaction.,"Primary student-authored report, source, calculation, or visual evidence."
SRC-0414,전동기제어,dc machine.zip,PUBLIC_REFERENCE_ONLY,Retain in private audit; link only if useful and safe.,Archive provenance retained; publish curated extracted sources only.
SRC-0415,전동기제어,dc machine__extracted\dc machine\PI contorller calculator\.vs\PI contorller calculator\CopilotIndices\18.0.934.24903\CodeChunks.db,NOT_RELEVANT_WITH_REASON,Exclude generated cache/build artifact from portfolio.,Generated IDE/simulator/compiler cache or binary build artifact.
SRC-0416,전동기제어,dc machine__extracted\dc machine\PI contorller calculator\.vs\PI contorller calculator\CopilotIndices\18.0.934.24903\SemanticSymbols.db,NOT_RELEVANT_WITH_REASON,Exclude generated cache/build artifact from portfolio.,Generated IDE/simulator/compiler cache or binary build artifact.
SRC-0417,전동기제어,dc machine__extracted\dc machine\PI contorller calculator\.vs\PI contorller calculator.slnx\FileContentIndex\034a2e9a-cf60-4eb1-ac0d-7936564f2ad9.vsidx,NOT_RELEVANT_WITH_REASON,Exclude generated cache/build artifact from portfolio.,Generated IDE/simulator/compiler cache or binary build artifact.
SRC-0418,전동기제어,dc machine__extracted\dc machine\PI contorller calculator\.vs\PI contorller calculator.slnx\v18\.suo,NOT_RELEVANT_WITH_REASON,Exclude generated cache/build artifact from portfolio.,Generated IDE/simulator/compiler cache or binary build artifact.
SRC-0419,전동기제어,dc machine__extracted\dc machine\PI contorller calculator\.vs\PI contorller calculator.slnx\v18\Browse.VC.db,NOT_RELEVANT_WITH_REASON,Exclude generated cache/build artifact from portfolio.,Generated IDE/simulator/compiler cache or binary build artifact.
SRC-0420,전동기제어,dc machine__extracted\dc machine\PI contorller calculator\.vs\PI contorller calculator.slnx\v18\DocumentLayout.backup.json,DUPLICATE,Do not republish duplicate bytes.,Exact SHA-256 duplicate of the canonical source record.
SRC-0421,전동기제어,dc machine__extracted\dc machine\PI contorller calculator\.vs\PI contorller calculator.slnx\v18\DocumentLayout.json,NOT_RELEVANT_WITH_REASON,Exclude generated cache/build artifact from portfolio.,Generated IDE/simulator/compiler cache or binary build artifact.
SRC-0422,전동기제어,dc machine__extracted\dc machine\PI contorller calculator\.vs\PI contorller calculator.slnx\v18\ipch\AutoPCH\fa4dffd68a4c7485\PI CONTORLLER CALCULATOR.ipch,NOT_RELEVANT_WITH_REASON,Exclude generated cache/build artifact from portfolio.,Generated IDE/simulator/compiler cache or binary build artifact.
SRC-0423,전동기제어,dc machine__extracted\dc machine\PI contorller calculator\.vs\PI contorller calculator.slnx\v18\Solution.VC.db,NOT_RELEVANT_WITH_REASON,Exclude generated cache/build artifact from portfolio.,Generated IDE/simulator/compiler cache or binary build artifact.
SRC-0424,전동기제어,dc machine__extracted\dc machine\PI contorller calculator\PI contorller calculator\PI contorller calculator.cpp,PUBLIC_USED,Curate into case study with source label/redaction.,"Primary student-authored report, source, calculation, or visual evidence."
SRC-0425,전동기제어,dc machine__extracted\dc machine\PI contorller calculator\PI contorller calculator\PI contorller calculator.vcxproj,PUBLIC_REFERENCE_ONLY,Retain in private audit; link only if useful and safe.,Retained for provenance; not selected for direct publication.
SRC-0426,전동기제어,dc machine__extracted\dc machine\PI contorller calculator\PI contorller calculator\PI contorller calculator.vcxproj.filters,PUBLIC_REFERENCE_ONLY,Retain in private audit; link only if useful and safe.,Retained for provenance; not selected for direct publication.
SRC-0427,전동기제어,dc machine__extracted\dc machine\PI contorller calculator\PI contorller calculator\PI contorller calculator.vcxproj.user,PUBLIC_REFERENCE_ONLY,Retain in private audit; link only if useful and safe.,Retained for provenance; not selected for direct publication.
SRC-0428,전동기제어,dc machine__extracted\dc machine\PI contorller calculator\PI contorller calculator\x64\Debug\PI conto.d3c742dd.tlog\CL.command.1.tlog,NOT_RELEVANT_WITH_REASON,Exclude generated cache/build artifact from portfolio.,Generated IDE/simulator/compiler cache or binary build artifact.
SRC-0429,전동기제어,dc machine__extracted\dc machine\PI contorller calculator\PI contorller calculator\x64\Debug\PI conto.d3c742dd.tlog\Cl.items.tlog,NOT_RELEVANT_WITH_REASON,Exclude generated cache/build artifact from portfolio.,Generated IDE/simulator/compiler cache or binary build artifact.
SRC-0430,전동기제어,dc machine__extracted\dc machine\PI contorller calculator\PI contorller calculator\x64\Debug\PI conto.d3c742dd.tlog\CL.read.1.tlog,NOT_RELEVANT_WITH_REASON,Exclude generated cache/build artifact from portfolio.,Generated IDE/simulator/compiler cache or binary build artifact.
SRC-0431,전동기제어,dc machine__extracted\dc machine\PI contorller calculator\PI contorller calculator\x64\Debug\PI conto.d3c742dd.tlog\CL.write.1.tlog,NOT_RELEVANT_WITH_REASON,Exclude generated cache/build artifact from portfolio.,Generated IDE/simulator/compiler cache or binary build artifact.
SRC-0432,전동기제어,dc machine__extracted\dc machine\PI contorller calculator\PI contorller calculator\x64\Debug\PI conto.d3c742dd.tlog\link.command.1.tlog,NOT_RELEVANT_WITH_REASON,Exclude generated cache/build artifact from portfolio.,Generated IDE/simulator/compiler cache or binary build artifact.
SRC-0433,전동기제어,dc machine__extracted\dc machine\PI contorller calculator\PI contorller calculator\x64\Debug\PI conto.d3c742dd.tlog\link.read.1.tlog,NOT_RELEVANT_WITH_REASON,Exclude generated cache/build artifact from portfolio.,Generated IDE/simulator/compiler cache or binary build artifact.
SRC-0434,전동기제어,dc machine__extracted\dc machine\PI contorller calculator\PI contorller calculator\x64\Debug\PI conto.d3c742dd.tlog\link.secondary.1.tlog,NOT_RELEVANT_WITH_REASON,Exclude generated cache/build artifact from portfolio.,Generated IDE/simulator/compiler cache or binary build artifact.
SRC-0435,전동기제어,dc machine__extracted\dc machine\PI contorller calculator\PI contorller calculator\x64\Debug\PI conto.d3c742dd.tlog\link.write.1.tlog,NOT_RELEVANT_WITH_REASON,Exclude generated cache/build artifact from portfolio.,Generated IDE/simulator/compiler cache or binary build artifact.
SRC-0436,전동기제어,dc machine__extracted\dc machine\PI contorller calculator\PI contorller calculator\x64\Debug\PI conto.d3c742dd.tlog\PI contorller calculator.lastbuildstate,NOT_RELEVANT_WITH_REASON,Exclude generated cache/build artifact from portfolio.,Generated IDE/simulator/compiler cache or binary build artifact.
SRC-0437,전동기제어,dc machine__extracted\dc machine\PI contorller calculator\PI contorller calculator\x64\Debug\PI contorller calculator.exe.recipe,NOT_RELEVANT_WITH_REASON,Exclude generated cache/build artifact from portfolio.,Generated IDE/simulator/compiler cache or binary build artifact.
SRC-0438,전동기제어,dc machine__extracted\dc machine\PI contorller calculator\PI contorller calculator\x64\Debug\PI contorller calculator.ilk,NOT_RELEVANT_WITH_REASON,Exclude generated cache/build artifact from portfolio.,Generated IDE/simulator/compiler cache or binary build artifact.
SRC-0439,전동기제어,dc machine__extracted\dc machine\PI contorller calculator\PI contorller calculator\x64\Debug\PI contorller calculator.log,NOT_RELEVANT_WITH_REASON,Exclude generated cache/build artifact from portfolio.,Generated IDE/simulator/compiler cache or binary build artifact.
SRC-0440,전동기제어,dc machine__extracted\dc machine\PI contorller calculator\PI contorller calculator\x64\Debug\PI contorller calculator.obj,NOT_RELEVANT_WITH_REASON,Exclude generated cache/build artifact from portfolio.,Generated IDE/simulator/compiler cache or binary build artifact.
SRC-0441,전동기제어,dc machine__extracted\dc machine\PI contorller calculator\PI contorller calculator\x64\Debug\vc145.idb,NOT_RELEVANT_WITH_REASON,Exclude generated cache/build artifact from portfolio.,Generated IDE/simulator/compiler cache or binary build artifact.
SRC-0442,전동기제어,dc machine__extracted\dc machine\PI contorller calculator\PI contorller calculator\x64\Debug\vc145.pdb,NOT_RELEVANT_WITH_REASON,Exclude generated cache/build artifact from portfolio.,Generated IDE/simulator/compiler cache or binary build artifact.
SRC-0443,전동기제어,dc machine__extracted\dc machine\PI contorller calculator\PI contorller calculator.slnx,PUBLIC_REFERENCE_ONLY,Retain in private audit; link only if useful and safe.,Retained for provenance; not selected for direct publication.
SRC-0444,전동기제어,dc machine__extracted\dc machine\PI contorller calculator\x64\Debug\PI contorller calculator.exe,NOT_RELEVANT_WITH_REASON,Exclude generated cache/build artifact from portfolio.,Generated IDE/simulator/compiler cache or binary build artifact.
SRC-0445,전동기제어,dc machine__extracted\dc machine\PI contorller calculator\x64\Debug\PI contorller calculator.pdb,NOT_RELEVANT_WITH_REASON,Exclude generated cache/build artifact from portfolio.,Generated IDE/simulator/compiler cache or binary build artifact.
SRC-0446,전동기제어,PI 계산기.xlsx,PUBLIC_USED,Curate into case study with source label/redaction.,"Primary student-authored report, source, calculation, or visual evidence."
SRC-0447,전동기제어,Project2025 -5조-1.pdf,PUBLIC_USED,Curate into case study with source label/redaction.,"Primary student-authored report, source, calculation, or visual evidence."
SRC-0448,전동기제어,사진\aim3 결과.png,PUBLIC_USED,Curate into case study with source label/redaction.,"Primary student-authored report, source, calculation, or visual evidence."
SRC-0449,전동기제어,사진\속도응답.png,PUBLIC_USED,Curate into case study with source label/redaction.,"Primary student-authored report, source, calculation, or visual evidence."
SRC-0450,전동기제어,사진\속도응답matlab.png,PUBLIC_USED,Curate into case study with source label/redaction.,"Primary student-authored report, source, calculation, or visual evidence."
SRC-0451,전동기제어,사진\스크린샷 2026-07-29 103254.png,PUBLIC_USED,Curate into case study with source label/redaction.,"Primary student-authored report, source, calculation, or visual evidence."
SRC-0452,전동기제어,사진\스크린샷 2026-07-29 103419.png,PUBLIC_USED,Curate into case study with source label/redaction.,"Primary student-authored report, source, calculation, or visual evidence."
SRC-0453,전동기제어,사진\스크린샷 2026-07-29 103428.png,PUBLIC_USED,Curate into case study with source label/redaction.,"Primary student-authored report, source, calculation, or visual evidence."
SRC-0454,전동기제어,사진\스크린샷 2026-07-29 103432.png,PUBLIC_USED,Curate into case study with source label/redaction.,"Primary student-authored report, source, calculation, or visual evidence."
SRC-0455,전동기제어,사진\스크린샷 2026-07-29 103436.png,PUBLIC_USED,Curate into case study with source label/redaction.,"Primary student-authored report, source, calculation, or visual evidence."
SRC-0456,전동기제어,사진\스크린샷 2026-07-29 103441.png,PUBLIC_USED,Curate into case study with source label/redaction.,"Primary student-authored report, source, calculation, or visual evidence."
SRC-0457,전동기제어,사진\스크린샷 2026-07-29 103446.png,PUBLIC_USED,Curate into case study with source label/redaction.,"Primary student-authored report, source, calculation, or visual evidence."
SRC-0458,전동기제어,사진\스크린샷 2026-07-29 103450.png,PUBLIC_USED,Curate into case study with source label/redaction.,"Primary student-authored report, source, calculation, or visual evidence."
SRC-0459,전동기제어,사진\스크린샷 2026-07-29 103455.png,PUBLIC_USED,Curate into case study with source label/redaction.,"Primary student-authored report, source, calculation, or visual evidence."
SRC-0460,전동기제어,사진\스크린샷 2026-07-29 103505.png,PUBLIC_USED,Curate into case study with source label/redaction.,"Primary student-authored report, source, calculation, or visual evidence."
SRC-0461,전동기제어,사진\스크린샷 2026-07-29 103509.png,PUBLIC_USED,Curate into case study with source label/redaction.,"Primary student-authored report, source, calculation, or visual evidence."
SRC-0462,전동기제어,사진\전류응답.png,PUBLIC_USED,Curate into case study with source label/redaction.,"Primary student-authored report, source, calculation, or visual evidence."
SRC-0463,전동기제어,사진\전류응답matlab.png,PUBLIC_USED,Curate into case study with source label/redaction.,"Primary student-authored report, source, calculation, or visual evidence."
SRC-0464,전동기제어,사진\토크리플 10000.png,PUBLIC_USED,Curate into case study with source label/redaction.,"Primary student-authored report, source, calculation, or visual evidence."
SRC-0465,전동기제어,사진\토크리플 25000.png,PUBLIC_USED,Curate into case study with source label/redaction.,"Primary student-authored report, source, calculation, or visual evidence."
SRC-0466,전동기제어,사진\프정격조건 속도 그래.png,PUBLIC_USED,Curate into case study with source label/redaction.,"Primary student-authored report, source, calculation, or visual evidence."
SRC-0467,전동기제어,사진\회로도.png,PUBLIC_USED,Curate into case study with source label/redaction.,"Primary student-authored report, source, calculation, or visual evidence."
SRC-0468,전동기제어,전동기 프로젝트\aim3 결과.png,DUPLICATE,Do not republish duplicate bytes.,Exact SHA-256 duplicate of the canonical source record.
SRC-0469,전동기제어,전동기 프로젝트\dc모터 제어 코드.txt,PUBLIC_USED,Curate into case study with source label/redaction.,"Primary student-authored report, source, calculation, or visual evidence."
SRC-0470,전동기제어,전동기 프로젝트\dc모터 최종 코드.txt,PUBLIC_USED,Curate into case study with source label/redaction.,"Primary student-authored report, source, calculation, or visual evidence."
SRC-0471,전동기제어,전동기 프로젝트\Project2025.pdf,PUBLIC_USED,Curate into case study with source label/redaction.,"Primary student-authored report, source, calculation, or visual evidence."
SRC-0472,전동기제어,전동기 프로젝트\속도응답 매트랩코드.txt,PUBLIC_USED,Curate into case study with source label/redaction.,"Primary student-authored report, source, calculation, or visual evidence."
SRC-0473,전동기제어,전동기 프로젝트\속도응답 코드.txt,PUBLIC_USED,Curate into case study with source label/redaction.,"Primary student-authored report, source, calculation, or visual evidence."
SRC-0474,전동기제어,전동기 프로젝트\속도응답.png,DUPLICATE,Do not republish duplicate bytes.,Exact SHA-256 duplicate of the canonical source record.
SRC-0475,전동기제어,전동기 프로젝트\속도응답matlab.png,DUPLICATE,Do not republish duplicate bytes.,Exact SHA-256 duplicate of the canonical source record.
SRC-0476,전동기제어,전동기 프로젝트\전류응답 매트랩코드.txt,PUBLIC_USED,Curate into case study with source label/redaction.,"Primary student-authored report, source, calculation, or visual evidence."
SRC-0477,전동기제어,전동기 프로젝트\전류응답 코드.txt,PUBLIC_USED,Curate into case study with source label/redaction.,"Primary student-authored report, source, calculation, or visual evidence."
SRC-0478,전동기제어,전동기 프로젝트\전류응답.png,DUPLICATE,Do not republish duplicate bytes.,Exact SHA-256 duplicate of the canonical source record.
SRC-0479,전동기제어,전동기 프로젝트\전류응답matlab.png,DUPLICATE,Do not republish duplicate bytes.,Exact SHA-256 duplicate of the canonical source record.
SRC-0480,전동기제어,전동기 프로젝트\토크리플 10000.png,DUPLICATE,Do not republish duplicate bytes.,Exact SHA-256 duplicate of the canonical source record.
SRC-0481,전동기제어,전동기 프로젝트\토크리플 25000.png,DUPLICATE,Do not republish duplicate bytes.,Exact SHA-256 duplicate of the canonical source record.
SRC-0482,전동기제어,전동기 프로젝트\프정격조건 속도 그래.png,DUPLICATE,Do not republish duplicate bytes.,Exact SHA-256 duplicate of the canonical source record.
SRC-0483,전동기제어,전동기 프로젝트\회로도.png,DUPLICATE,Do not republish duplicate bytes.,Exact SHA-256 duplicate of the canonical source record.
SRC-0484,전동기제어,전동기 프로젝트.zip,PUBLIC_REFERENCE_ONLY,Retain in private audit; link only if useful and safe.,Archive provenance retained; publish curated extracted sources only.
SRC-0485,전동기제어,전동기 프로젝트__extracted\aim3 결과.png,DUPLICATE,Do not republish duplicate bytes.,Exact SHA-256 duplicate of the canonical source record.
SRC-0486,전동기제어,전동기 프로젝트__extracted\dc모터 제어 코드.txt,DUPLICATE,Do not republish duplicate bytes.,Exact SHA-256 duplicate of the canonical source record.
SRC-0487,전동기제어,전동기 프로젝트__extracted\dc모터 최종 코드.txt,DUPLICATE,Do not republish duplicate bytes.,Exact SHA-256 duplicate of the canonical source record.
SRC-0488,전동기제어,전동기 프로젝트__extracted\Project2025.pdf,DUPLICATE,Do not republish duplicate bytes.,Exact SHA-256 duplicate of the canonical source record.
SRC-0489,전동기제어,전동기 프로젝트__extracted\속도응답 매트랩코드.txt,DUPLICATE,Do not republish duplicate bytes.,Exact SHA-256 duplicate of the canonical source record.
SRC-0490,전동기제어,전동기 프로젝트__extracted\속도응답 코드.txt,DUPLICATE,Do not republish duplicate bytes.,Exact SHA-256 duplicate of the canonical source record.
SRC-0491,전동기제어,전동기 프로젝트__extracted\속도응답.png,DUPLICATE,Do not republish duplicate bytes.,Exact SHA-256 duplicate of the canonical source record.
SRC-0492,전동기제어,전동기 프로젝트__extracted\속도응답matlab.png,DUPLICATE,Do not republish duplicate bytes.,Exact SHA-256 duplicate of the canonical source record.
SRC-0493,전동기제어,전동기 프로젝트__extracted\전류응답 매트랩코드.txt,DUPLICATE,Do not republish duplicate bytes.,Exact SHA-256 duplicate of the canonical source record.
SRC-0494,전동기제어,전동기 프로젝트__extracted\전류응답 코드.txt,DUPLICATE,Do not republish duplicate bytes.,Exact SHA-256 duplicate of the canonical source record.
SRC-0495,전동기제어,전동기 프로젝트__extracted\전류응답.png,DUPLICATE,Do not republish duplicate bytes.,Exact SHA-256 duplicate of the canonical source record.
SRC-0496,전동기제어,전동기 프로젝트__extracted\전류응답matlab.png,DUPLICATE,Do not republish duplicate bytes.,Exact SHA-256 duplicate of the canonical source record.
SRC-0497,전동기제어,전동기 프로젝트__extracted\토크리플 10000.png,DUPLICATE,Do not republish duplicate bytes.,Exact SHA-256 duplicate of the canonical source record.
SRC-0498,전동기제어,전동기 프로젝트__extracted\토크리플 25000.png,DUPLICATE,Do not republish duplicate bytes.,Exact SHA-256 duplicate of the canonical source record.
SRC-0499,전동기제어,전동기 프로젝트__extracted\프정격조건 속도 그래.png,DUPLICATE,Do not republish duplicate bytes.,Exact SHA-256 duplicate of the canonical source record.
SRC-0500,전동기제어,전동기 프로젝트__extracted\회로도.png,DUPLICATE,Do not republish duplicate bytes.,Exact SHA-256 duplicate of the canonical source record.
SRC-0501,전력시스템공학,사진\서지임피던스 계산 및 프로그램 실행_[STUDENT-ID]_[AUTHOR].hwpx,PUBLIC_USED,Curate into case study with source label/redaction.,"Primary student-authored report, source, calculation, or visual evidence."
SRC-0502,전력시스템공학,사진\서지임피던스 계산 및 프로그램 실행_[STUDENT-ID]_[AUTHOR].pdf,PUBLIC_USED,Curate into case study with source label/redaction.,"Primary student-authored report, source, calculation, or visual evidence."
SRC-0503,전력시스템공학,사진\전력시스템공학__서지임피던스 계산 및 프로그램 실행 보고서_32210488_김동혁.pdf,THIRD_PARTY,Cite bibliographically; do not copy full asset.,"Lecture/tutorial/teammate/government reference; cite, do not republish."
SRC-0504,전력시스템공학,제11차 전력수급기본계획요약_전력시스템공학_1분반_[AUTHOR].pdf,THIRD_PARTY,Cite bibliographically; do not copy full asset.,"Lecture/tutorial/teammate/government reference; cite, do not republish."
SRC-0505,전력시스템공학,중간과제\[STUDENT-ID]_[AUTHOR]\B7flatlp.aux,PUBLIC_REFERENCE_ONLY,Retain in private audit; link only if useful and safe.,Proprietary PowerWorld case retained for traceability; not directly web-publishable.
SRC-0506,전력시스템공학,중간과제\[STUDENT-ID]_[AUTHOR]\B7flatlp.pwb,PUBLIC_REFERENCE_ONLY,Retain in private audit; link only if useful and safe.,Proprietary PowerWorld case retained for traceability; not directly web-publishable.
SRC-0507,전력시스템공학,중간과제\[STUDENT-ID]_[AUTHOR]\sample1 test.PWB,DUPLICATE,Do not republish duplicate bytes.,Exact SHA-256 duplicate of the canonical source record.
SRC-0508,전력시스템공학,중간과제\[STUDENT-ID]_[AUTHOR]\sample1 test.pwd,DUPLICATE,Do not republish duplicate bytes.,Exact SHA-256 duplicate of the canonical source record.
SRC-0509,전력시스템공학,중간과제\[STUDENT-ID]_[AUTHOR]\과제 문제.PWB,DUPLICATE,Do not republish duplicate bytes.,Exact SHA-256 duplicate of the canonical source record.
SRC-0510,전력시스템공학,중간과제\[STUDENT-ID]_[AUTHOR]\과제 문제.pwd,DUPLICATE,Do not republish duplicate bytes.,Exact SHA-256 duplicate of the canonical source record.
SRC-0511,전력시스템공학,중간과제\[STUDENT-ID]_[AUTHOR]\서지임피던스 계산 및 프로그램 실행_[STUDENT-ID]_[AUTHOR].pdf,DUPLICATE,Do not republish duplicate bytes.,Exact SHA-256 duplicate of the canonical source record.
SRC-0512,전력시스템공학,중간과제\[STUDENT-ID]_[AUTHOR].zip,PUBLIC_REFERENCE_ONLY,Retain in private audit; link only if useful and safe.,Archive provenance retained; publish curated extracted sources only.
SRC-0513,전력시스템공학,중간과제\[STUDENT-ID]_[AUTHOR]__extracted\B7flatlp.aux,DUPLICATE,Do not republish duplicate bytes.,Exact SHA-256 duplicate of the canonical source record.
SRC-0514,전력시스템공학,중간과제\[STUDENT-ID]_[AUTHOR]__extracted\B7flatlp.pwb,DUPLICATE,Do not republish duplicate bytes.,Exact SHA-256 duplicate of the canonical source record.
SRC-0515,전력시스템공학,중간과제\[STUDENT-ID]_[AUTHOR]__extracted\sample1 test.PWB,DUPLICATE,Do not republish duplicate bytes.,Exact SHA-256 duplicate of the canonical source record.
SRC-0516,전력시스템공학,중간과제\[STUDENT-ID]_[AUTHOR]__extracted\sample1 test.pwd,DUPLICATE,Do not republish duplicate bytes.,Exact SHA-256 duplicate of the canonical source record.
SRC-0517,전력시스템공학,중간과제\[STUDENT-ID]_[AUTHOR]__extracted\과제 문제.PWB,DUPLICATE,Do not republish duplicate bytes.,Exact SHA-256 duplicate of the canonical source record.
SRC-0518,전력시스템공학,중간과제\[STUDENT-ID]_[AUTHOR]__extracted\과제 문제.pwd,DUPLICATE,Do not republish duplicate bytes.,Exact SHA-256 duplicate of the canonical source record.
SRC-0519,전력시스템공학,중간과제\[STUDENT-ID]_[AUTHOR]__extracted\서지임피던스 계산 및 프로그램 실행_[STUDENT-ID]_[AUTHOR].pdf,DUPLICATE,Do not republish duplicate bytes.,Exact SHA-256 duplicate of the canonical source record.
SRC-0520,전력시스템공학,중간과제\7과제6.png,PUBLIC_USED,Curate into case study with source label/redaction.,"Primary student-authored report, source, calculation, or visual evidence."
SRC-0521,전력시스템공학,중간과제\newcase.pwb,PUBLIC_REFERENCE_ONLY,Retain in private audit; link only if useful and safe.,Proprietary PowerWorld case retained for traceability; not directly web-publishable.
SRC-0522,전력시스템공학,중간과제\newcase.pwd,PUBLIC_REFERENCE_ONLY,Retain in private audit; link only if useful and safe.,Proprietary PowerWorld case retained for traceability; not directly web-publishable.
SRC-0523,전력시스템공학,중간과제\newsample1.png,PUBLIC_USED,Curate into case study with source label/redaction.,"Primary student-authored report, source, calculation, or visual evidence."
SRC-0524,전력시스템공학,중간과제\newsample2.png,PUBLIC_USED,Curate into case study with source label/redaction.,"Primary student-authored report, source, calculation, or visual evidence."
SRC-0525,전력시스템공학,중간과제\sample.png,PUBLIC_USED,Curate into case study with source label/redaction.,"Primary student-authored report, source, calculation, or visual evidence."
SRC-0526,전력시스템공학,중간과제\sample1 test.PWB,PUBLIC_REFERENCE_ONLY,Retain in private audit; link only if useful and safe.,Proprietary PowerWorld case retained for traceability; not directly web-publishable.
SRC-0527,전력시스템공학,중간과제\sample1 test.pwd,PUBLIC_REFERENCE_ONLY,Retain in private audit; link only if useful and safe.,Proprietary PowerWorld case retained for traceability; not directly web-publishable.
SRC-0528,전력시스템공학,중간과제\sample1.png,PUBLIC_USED,Curate into case study with source label/redaction.,"Primary student-authored report, source, calculation, or visual evidence."
SRC-0529,전력시스템공학,중간과제\sample2.png,PUBLIC_USED,Curate into case study with source label/redaction.,"Primary student-authored report, source, calculation, or visual evidence."
SRC-0530,전력시스템공학,중간과제\sample3.png,PUBLIC_USED,Curate into case study with source label/redaction.,"Primary student-authored report, source, calculation, or visual evidence."
SRC-0531,전력시스템공학,중간과제\sample4.png,PUBLIC_USED,Curate into case study with source label/redaction.,"Primary student-authored report, source, calculation, or visual evidence."
SRC-0532,전력시스템공학,중간과제\sample5.png,PUBLIC_USED,Curate into case study with source label/redaction.,"Primary student-authored report, source, calculation, or visual evidence."
SRC-0533,전력시스템공학,중간과제\과제 2400 강하.png,PUBLIC_USED,Curate into case study with source label/redaction.,"Primary student-authored report, source, calculation, or visual evidence."
SRC-0534,전력시스템공학,중간과제\과제 문제.PWB,PUBLIC_REFERENCE_ONLY,Retain in private audit; link only if useful and safe.,Proprietary PowerWorld case retained for traceability; not directly web-publishable.
SRC-0535,전력시스템공학,중간과제\과제 문제.pwd,PUBLIC_REFERENCE_ONLY,Retain in private audit; link only if useful and safe.,Proprietary PowerWorld case retained for traceability; not directly web-publishable.
SRC-0536,전력시스템공학,중간과제\과제.PWB,PUBLIC_REFERENCE_ONLY,Retain in private audit; link only if useful and safe.,Proprietary PowerWorld case retained for traceability; not directly web-publishable.
SRC-0537,전력시스템공학,중간과제\과제.pwd,PUBLIC_REFERENCE_ONLY,Retain in private audit; link only if useful and safe.,Proprietary PowerWorld case retained for traceability; not directly web-publishable.
SRC-0538,전력시스템공학,중간과제\과제1.png,PUBLIC_USED,Curate into case study with source label/redaction.,"Primary student-authored report, source, calculation, or visual evidence."
SRC-0539,전력시스템공학,중간과제\과제2.png,PUBLIC_USED,Curate into case study with source label/redaction.,"Primary student-authored report, source, calculation, or visual evidence."
SRC-0540,전력시스템공학,중간과제\과제3.png,PUBLIC_USED,Curate into case study with source label/redaction.,"Primary student-authored report, source, calculation, or visual evidence."
SRC-0541,전력시스템공학,중간과제\과제4.png,PUBLIC_USED,Curate into case study with source label/redaction.,"Primary student-authored report, source, calculation, or visual evidence."
SRC-0542,전력시스템공학,중간과제\과제5.png,PUBLIC_USED,Curate into case study with source label/redaction.,"Primary student-authored report, source, calculation, or visual evidence."
SRC-0543,전력시스템공학,중간과제\과제6.png,PUBLIC_USED,Curate into case study with source label/redaction.,"Primary student-authored report, source, calculation, or visual evidence."
SRC-0544,전력시스템공학,중간과제\과제7.png,PUBLIC_USED,Curate into case study with source label/redaction.,"Primary student-authored report, source, calculation, or visual evidence."
SRC-0545,전력시스템공학,중간과제\서지임피던스 계산 및 프로그램 실행_[STUDENT-ID]_[AUTHOR].hwpx,DUPLICATE,Do not republish duplicate bytes.,Exact SHA-256 duplicate of the canonical source record.
SRC-0546,전력시스템공학,중간과제\서지임피던스 계산 및 프로그램 실행_[STUDENT-ID]_[AUTHOR].pdf,DUPLICATE,Do not republish duplicate bytes.,Exact SHA-256 duplicate of the canonical source record.
SRC-0547,전력시스템공학,중간과제\전력시스템공학__서지임피던스 계산 및 프로그램 실행 보고서_32210488_김동혁.pdf,DUPLICATE,Do not republish duplicate bytes.,Exact SHA-256 duplicate of the canonical source record.
SRC-0548,전력시스템공학,중간과제\화면 캡처 2025-06-22 183946.png,PUBLIC_USED,Curate into case study with source label/redaction.,"Primary student-authored report, source, calculation, or visual evidence."
SRC-0549,전력시스템공학,중간과제\화면 캡처 2025-06-22 190327.png,PUBLIC_USED,Curate into case study with source label/redaction.,"Primary student-authored report, source, calculation, or visual evidence."
SRC-0550,컨트롤로직설계,04. Introduction to VHDL.pdf,THIRD_PARTY,Cite bibliographically; do not copy full asset.,"Lecture/tutorial/teammate/government reference; cite, do not republish."
SRC-0551,컨트롤로직설계,06. VHDL Modeling.pdf,THIRD_PARTY,Cite bibliographically; do not copy full asset.,"Lecture/tutorial/teammate/government reference; cite, do not republish."
SRC-0552,컨트롤로직설계,07. 4-bit Full Adder.pdf,THIRD_PARTY,Cite bibliographically; do not copy full asset.,"Lecture/tutorial/teammate/government reference; cite, do not republish."
SRC-0553,컨트롤로직설계,08. DEC and MUX.pdf,THIRD_PARTY,Cite bibliographically; do not copy full asset.,"Lecture/tutorial/teammate/government reference; cite, do not republish."
SRC-0554,컨트롤로직설계,09 Finite State MachineFSM_241121_133442.pdf,THIRD_PARTY,Cite bibliographically; do not copy full asset.,"Lecture/tutorial/teammate/government reference; cite, do not republish."
SRC-0555,컨트롤로직설계,10. Universal Shift Register.pdf,THIRD_PARTY,Cite bibliographically; do not copy full asset.,"Lecture/tutorial/teammate/government reference; cite, do not republish."
SRC-0556,컨트롤로직설계,101 Sequence Recognizer_[STUDENT-ID]_[AUTHOR].zip,PUBLIC_REFERENCE_ONLY,Retain in private audit; link only if useful and safe.,Archive provenance retained; publish curated extracted sources only.
SRC-0557,컨트롤로직설계,101 Sequence Recognizer_[STUDENT-ID]_[AUTHOR]__extracted\mealy_[STUDENT-ID]_[AUTHOR]\mealy.cache\sim\ssm.db,DUPLICATE,Do not republish duplicate bytes.,Exact SHA-256 duplicate of the canonical source record.
SRC-0558,컨트롤로직설계,101 Sequence Recognizer_[STUDENT-ID]_[AUTHOR]__extracted\mealy_[STUDENT-ID]_[AUTHOR]\mealy.cache\wt\project.wpc,DUPLICATE,Do not republish duplicate bytes.,Exact SHA-256 duplicate of the canonical source record.
SRC-0559,컨트롤로직설계,101 Sequence Recognizer_[STUDENT-ID]_[AUTHOR]__extracted\mealy_[STUDENT-ID]_[AUTHOR]\mealy.cache\wt\xsim.wdf,DUPLICATE,Do not republish duplicate bytes.,Exact SHA-256 duplicate of the canonical source record.
SRC-0560,컨트롤로직설계,101 Sequence Recognizer_[STUDENT-ID]_[AUTHOR]__extracted\mealy_[STUDENT-ID]_[AUTHOR]\mealy.hw\mealy.lpr,DUPLICATE,Do not republish duplicate bytes.,Exact SHA-256 duplicate of the canonical source record.
SRC-0561,컨트롤로직설계,101 Sequence Recognizer_[STUDENT-ID]_[AUTHOR]__extracted\mealy_[STUDENT-ID]_[AUTHOR]\mealy.ip_user_files\README.txt,DUPLICATE,Do not republish duplicate bytes.,Exact SHA-256 duplicate of the canonical source record.
SRC-0562,컨트롤로직설계,101 Sequence Recognizer_[STUDENT-ID]_[AUTHOR]__extracted\mealy_[STUDENT-ID]_[AUTHOR]\mealy.sim\sim_1\behav\xsim\compile.bat,DUPLICATE,Do not republish duplicate bytes.,Exact SHA-256 duplicate of the canonical source record.
SRC-0563,컨트롤로직설계,101 Sequence Recognizer_[STUDENT-ID]_[AUTHOR]__extracted\mealy_[STUDENT-ID]_[AUTHOR]\mealy.sim\sim_1\behav\xsim\elaborate.bat,DUPLICATE,Do not republish duplicate bytes.,Exact SHA-256 duplicate of the canonical source record.
SRC-0564,컨트롤로직설계,101 Sequence Recognizer_[STUDENT-ID]_[AUTHOR]__extracted\mealy_[STUDENT-ID]_[AUTHOR]\mealy.sim\sim_1\behav\xsim\elaborate.log,DUPLICATE,Do not republish duplicate bytes.,Exact SHA-256 duplicate of the canonical source record.
SRC-0565,컨트롤로직설계,101 Sequence Recognizer_[STUDENT-ID]_[AUTHOR]__extracted\mealy_[STUDENT-ID]_[AUTHOR]\mealy.sim\sim_1\behav\xsim\mealy_tb.tcl,DUPLICATE,Do not republish duplicate bytes.,Exact SHA-256 duplicate of the canonical source record.
SRC-0566,컨트롤로직설계,101 Sequence Recognizer_[STUDENT-ID]_[AUTHOR]__extracted\mealy_[STUDENT-ID]_[AUTHOR]\mealy.sim\sim_1\behav\xsim\mealy_tb_behav.wdb,DUPLICATE,Do not republish duplicate bytes.,Exact SHA-256 duplicate of the canonical source record.
SRC-0567,컨트롤로직설계,101 Sequence Recognizer_[STUDENT-ID]_[AUTHOR]__extracted\mealy_[STUDENT-ID]_[AUTHOR]\mealy.sim\sim_1\behav\xsim\mealy_tb_vhdl.prj,DUPLICATE,Do not republish duplicate bytes.,Exact SHA-256 duplicate of the canonical source record.
SRC-0568,컨트롤로직설계,101 Sequence Recognizer_[STUDENT-ID]_[AUTHOR]__extracted\mealy_[STUDENT-ID]_[AUTHOR]\mealy.sim\sim_1\behav\xsim\simulate.bat,DUPLICATE,Do not republish duplicate bytes.,Exact SHA-256 duplicate of the canonical source record.
SRC-0569,컨트롤로직설계,101 Sequence Recognizer_[STUDENT-ID]_[AUTHOR]__extracted\mealy_[STUDENT-ID]_[AUTHOR]\mealy.sim\sim_1\behav\xsim\simulate.log,DUPLICATE,Do not republish duplicate bytes.,Exact SHA-256 duplicate of the canonical source record.
SRC-0570,컨트롤로직설계,101 Sequence Recognizer_[STUDENT-ID]_[AUTHOR]__extracted\mealy_[STUDENT-ID]_[AUTHOR]\mealy.sim\sim_1\behav\xsim\xelab.pb,DUPLICATE,Do not republish duplicate bytes.,Exact SHA-256 duplicate of the canonical source record.
SRC-0571,컨트롤로직설계,101 Sequence Recognizer_[STUDENT-ID]_[AUTHOR]__extracted\mealy_[STUDENT-ID]_[AUTHOR]\mealy.sim\sim_1\behav\xsim\xsim.dir\mealy_tb_behav\Compile_Options.txt,DUPLICATE,Do not republish duplicate bytes.,Exact SHA-256 duplicate of the canonical source record.
SRC-0572,컨트롤로직설계,101 Sequence Recognizer_[STUDENT-ID]_[AUTHOR]__extracted\mealy_[STUDENT-ID]_[AUTHOR]\mealy.sim\sim_1\behav\xsim\xsim.dir\mealy_tb_behav\obj\xsim_0.win64.obj,DUPLICATE,Do not republish duplicate bytes.,Exact SHA-256 duplicate of the canonical source record.
SRC-0573,컨트롤로직설계,101 Sequence Recognizer_[STUDENT-ID]_[AUTHOR]__extracted\mealy_[STUDENT-ID]_[AUTHOR]\mealy.sim\sim_1\behav\xsim\xsim.dir\mealy_tb_behav\obj\xsim_1.c,DUPLICATE,Do not republish duplicate bytes.,Exact SHA-256 duplicate of the canonical source record.
SRC-0574,컨트롤로직설계,101 Sequence Recognizer_[STUDENT-ID]_[AUTHOR]__extracted\mealy_[STUDENT-ID]_[AUTHOR]\mealy.sim\sim_1\behav\xsim\xsim.dir\mealy_tb_behav\obj\xsim_1.win64.obj,DUPLICATE,Do not republish duplicate bytes.,Exact SHA-256 duplicate of the canonical source record.
SRC-0575,컨트롤로직설계,101 Sequence Recognizer_[STUDENT-ID]_[AUTHOR]__extracted\mealy_[STUDENT-ID]_[AUTHOR]\mealy.sim\sim_1\behav\xsim\xsim.dir\mealy_tb_behav\TempBreakPointFile.txt,DUPLICATE,Do not republish duplicate bytes.,Exact SHA-256 duplicate of the canonical source record.
SRC-0576,컨트롤로직설계,101 Sequence Recognizer_[STUDENT-ID]_[AUTHOR]__extracted\mealy_[STUDENT-ID]_[AUTHOR]\mealy.sim\sim_1\behav\xsim\xsim.dir\mealy_tb_behav\xsim.dbg,DUPLICATE,Do not republish duplicate bytes.,Exact SHA-256 duplicate of the canonical source record.
SRC-0577,컨트롤로직설계,101 Sequence Recognizer_[STUDENT-ID]_[AUTHOR]__extracted\mealy_[STUDENT-ID]_[AUTHOR]\mealy.sim\sim_1\behav\xsim\xsim.dir\mealy_tb_behav\xsim.mem,DUPLICATE,Do not republish duplicate bytes.,Exact SHA-256 duplicate of the canonical source record.
SRC-0578,컨트롤로직설계,101 Sequence Recognizer_[STUDENT-ID]_[AUTHOR]__extracted\mealy_[STUDENT-ID]_[AUTHOR]\mealy.sim\sim_1\behav\xsim\xsim.dir\mealy_tb_behav\xsim.reloc,DUPLICATE,Do not republish duplicate bytes.,Exact SHA-256 duplicate of the canonical source record.
SRC-0579,컨트롤로직설계,101 Sequence Recognizer_[STUDENT-ID]_[AUTHOR]__extracted\mealy_[STUDENT-ID]_[AUTHOR]\mealy.sim\sim_1\behav\xsim\xsim.dir\mealy_tb_behav\xsim.rlx,DUPLICATE,Do not republish duplicate bytes.,Exact SHA-256 duplicate of the canonical source record.
SRC-0580,컨트롤로직설계,101 Sequence Recognizer_[STUDENT-ID]_[AUTHOR]__extracted\mealy_[STUDENT-ID]_[AUTHOR]\mealy.sim\sim_1\behav\xsim\xsim.dir\mealy_tb_behav\xsim.rtti,DUPLICATE,Do not republish duplicate bytes.,Exact SHA-256 duplicate of the canonical source record.
SRC-0581,컨트롤로직설계,101 Sequence Recognizer_[STUDENT-ID]_[AUTHOR]__extracted\mealy_[STUDENT-ID]_[AUTHOR]\mealy.sim\sim_1\behav\xsim\xsim.dir\mealy_tb_behav\xsim.svtype,DUPLICATE,Do not republish duplicate bytes.,Exact SHA-256 duplicate of the canonical source record.
SRC-0582,컨트롤로직설계,101 Sequence Recognizer_[STUDENT-ID]_[AUTHOR]__extracted\mealy_[STUDENT-ID]_[AUTHOR]\mealy.sim\sim_1\behav\xsim\xsim.dir\mealy_tb_behav\xsim.type,DUPLICATE,Do not republish duplicate bytes.,Exact SHA-256 duplicate of the canonical source record.
SRC-0583,컨트롤로직설계,101 Sequence Recognizer_[STUDENT-ID]_[AUTHOR]__extracted\mealy_[STUDENT-ID]_[AUTHOR]\mealy.sim\sim_1\behav\xsim\xsim.dir\mealy_tb_behav\xsim.xdbg,DUPLICATE,Do not republish duplicate bytes.,Exact SHA-256 duplicate of the canonical source record.
SRC-0584,컨트롤로직설계,101 Sequence Recognizer_[STUDENT-ID]_[AUTHOR]__extracted\mealy_[STUDENT-ID]_[AUTHOR]\mealy.sim\sim_1\behav\xsim\xsim.dir\mealy_tb_behav\xsimcrash.log,DUPLICATE,Do not republish duplicate bytes.,Exact SHA-256 duplicate of the canonical source record.
SRC-0585,컨트롤로직설계,101 Sequence Recognizer_[STUDENT-ID]_[AUTHOR]__extracted\mealy_[STUDENT-ID]_[AUTHOR]\mealy.sim\sim_1\behav\xsim\xsim.dir\mealy_tb_behav\xsimk.exe,DUPLICATE,Do not republish duplicate bytes.,Exact SHA-256 duplicate of the canonical source record.
SRC-0586,컨트롤로직설계,101 Sequence Recognizer_[STUDENT-ID]_[AUTHOR]__extracted\mealy_[STUDENT-ID]_[AUTHOR]\mealy.sim\sim_1\behav\xsim\xsim.dir\mealy_tb_behav\xsimkernel.log,DUPLICATE,Do not republish duplicate bytes.,Exact SHA-256 duplicate of the canonical source record.
SRC-0587,컨트롤로직설계,101 Sequence Recognizer_[STUDENT-ID]_[AUTHOR]__extracted\mealy_[STUDENT-ID]_[AUTHOR]\mealy.sim\sim_1\behav\xsim\xsim.dir\mealy_tb_behav\xsimSettings.ini,DUPLICATE,Do not republish duplicate bytes.,Exact SHA-256 duplicate of the canonical source record.
SRC-0588,컨트롤로직설계,101 Sequence Recognizer_[STUDENT-ID]_[AUTHOR]__extracted\mealy_[STUDENT-ID]_[AUTHOR]\mealy.sim\sim_1\behav\xsim\xsim.dir\xil_defaultlib\mealy.vdb,DUPLICATE,Do not republish duplicate bytes.,Exact SHA-256 duplicate of the canonical source record.
SRC-0589,컨트롤로직설계,101 Sequence Recognizer_[STUDENT-ID]_[AUTHOR]__extracted\mealy_[STUDENT-ID]_[AUTHOR]\mealy.sim\sim_1\behav\xsim\xsim.dir\xil_defaultlib\mealy_tb.vdb,DUPLICATE,Do not republish duplicate bytes.,Exact SHA-256 duplicate of the canonical source record.
SRC-0590,컨트롤로직설계,101 Sequence Recognizer_[STUDENT-ID]_[AUTHOR]__extracted\mealy_[STUDENT-ID]_[AUTHOR]\mealy.sim\sim_1\behav\xsim\xsim.dir\xil_defaultlib\xil_defaultlib.rlx,DUPLICATE,Do not republish duplicate bytes.,Exact SHA-256 duplicate of the canonical source record.
SRC-0591,컨트롤로직설계,101 Sequence Recognizer_[STUDENT-ID]_[AUTHOR]__extracted\mealy_[STUDENT-ID]_[AUTHOR]\mealy.sim\sim_1\behav\xsim\xsim.ini,DUPLICATE,Do not republish duplicate bytes.,Exact SHA-256 duplicate of the canonical source record.
SRC-0592,컨트롤로직설계,101 Sequence Recognizer_[STUDENT-ID]_[AUTHOR]__extracted\mealy_[STUDENT-ID]_[AUTHOR]\mealy.sim\sim_1\behav\xsim\xvhdl.log,DUPLICATE,Do not republish duplicate bytes.,Exact SHA-256 duplicate of the canonical source record.
SRC-0593,컨트롤로직설계,101 Sequence Recognizer_[STUDENT-ID]_[AUTHOR]__extracted\mealy_[STUDENT-ID]_[AUTHOR]\mealy.sim\sim_1\behav\xsim\xvhdl.pb,DUPLICATE,Do not republish duplicate bytes.,Exact SHA-256 duplicate of the canonical source record.
SRC-0594,컨트롤로직설계,101 Sequence Recognizer_[STUDENT-ID]_[AUTHOR]__extracted\mealy_[STUDENT-ID]_[AUTHOR]\mealy.srcs\sim_1\new\mealy_tb.vhd,DUPLICATE,Do not republish duplicate bytes.,Exact SHA-256 duplicate of the canonical source record.
SRC-0595,컨트롤로직설계,101 Sequence Recognizer_[STUDENT-ID]_[AUTHOR]__extracted\mealy_[STUDENT-ID]_[AUTHOR]\mealy.srcs\sources_1\new\mealy.vhd,DUPLICATE,Do not republish duplicate bytes.,Exact SHA-256 duplicate of the canonical source record.
SRC-0596,컨트롤로직설계,101 Sequence Recognizer_[STUDENT-ID]_[AUTHOR]__extracted\mealy_[STUDENT-ID]_[AUTHOR]\mealy.xpr,DUPLICATE,Do not republish duplicate bytes.,Exact SHA-256 duplicate of the canonical source record.
SRC-0597,컨트롤로직설계,4 bit Universal Shift Register\스크린샷 2026-07-29 110723.png,PUBLIC_USED,Curate into case study with source label/redaction.,"Primary student-authored report, source, calculation, or visual evidence."
SRC-0598,컨트롤로직설계,4 bit Universal Shift Register\스크린샷 2026-07-29 110726.png,PUBLIC_USED,Curate into case study with source label/redaction.,"Primary student-authored report, source, calculation, or visual evidence."
SRC-0599,컨트롤로직설계,4 bit Universal Shift Register\스크린샷 2026-07-29 110732.png,PUBLIC_USED,Curate into case study with source label/redaction.,"Primary student-authored report, source, calculation, or visual evidence."
SRC-0600,컨트롤로직설계,4 bit Universal Shift Register\스크린샷 2026-07-29 110744.png,PUBLIC_USED,Curate into case study with source label/redaction.,"Primary student-authored report, source, calculation, or visual evidence."
SRC-0601,컨트롤로직설계,4 bit Universal Shift Register\스크린샷 2026-07-29 110750.png,PUBLIC_USED,Curate into case study with source label/redaction.,"Primary student-authored report, source, calculation, or visual evidence."
SRC-0602,컨트롤로직설계,4 bit Universal Shift Register\스크린샷 2026-07-29 110758.png,PUBLIC_USED,Curate into case study with source label/redaction.,"Primary student-authored report, source, calculation, or visual evidence."
SRC-0603,컨트롤로직설계,4 bit Universal Shift Register\스크린샷 2026-07-29 110805.png,PUBLIC_USED,Curate into case study with source label/redaction.,"Primary student-authored report, source, calculation, or visual evidence."
SRC-0604,컨트롤로직설계,4 bit Universal Shift Register\스크린샷 2026-07-29 110809.png,PUBLIC_USED,Curate into case study with source label/redaction.,"Primary student-authored report, source, calculation, or visual evidence."
SRC-0605,컨트롤로직설계,4bit-fulladder\스크린샷 2026-07-29 105828.png,PUBLIC_USED,Curate into case study with source label/redaction.,"Primary student-authored report, source, calculation, or visual evidence."
SRC-0606,컨트롤로직설계,4bit-fulladder\스크린샷 2026-07-29 105832.png,PUBLIC_USED,Curate into case study with source label/redaction.,"Primary student-authored report, source, calculation, or visual evidence."
SRC-0607,컨트롤로직설계,4bit-fulladder\스크린샷 2026-07-29 105836.png,PUBLIC_USED,Curate into case study with source label/redaction.,"Primary student-authored report, source, calculation, or visual evidence."
SRC-0608,컨트롤로직설계,4bit-fulladder\스크린샷 2026-07-29 105842.png,PUBLIC_USED,Curate into case study with source label/redaction.,"Primary student-authored report, source, calculation, or visual evidence."
SRC-0609,컨트롤로직설계,4bit-fulladder\스크린샷 2026-07-29 105849.png,PUBLIC_USED,Curate into case study with source label/redaction.,"Primary student-authored report, source, calculation, or visual evidence."
SRC-0610,컨트롤로직설계,4bit-fulladder\스크린샷 2026-07-29 105900.png,PUBLIC_USED,Curate into case study with source label/redaction.,"Primary student-authored report, source, calculation, or visual evidence."
SRC-0611,컨트롤로직설계,4bit-fulladder\스크린샷 2026-07-29 105907.png,PUBLIC_USED,Curate into case study with source label/redaction.,"Primary student-authored report, source, calculation, or visual evidence."
SRC-0612,컨트롤로직설계,fsm(FINITE-STATE MACHINE)\스크린샷 2026-07-29 110542.png,PUBLIC_USED,Curate into case study with source label/redaction.,"Primary student-authored report, source, calculation, or visual evidence."
SRC-0613,컨트롤로직설계,fsm(FINITE-STATE MACHINE)\스크린샷 2026-07-29 110548.png,PUBLIC_USED,Curate into case study with source label/redaction.,"Primary student-authored report, source, calculation, or visual evidence."
SRC-0614,컨트롤로직설계,fsm(FINITE-STATE MACHINE)\스크린샷 2026-07-29 110555.png,PUBLIC_USED,Curate into case study with source label/redaction.,"Primary student-authored report, source, calculation, or visual evidence."
SRC-0615,컨트롤로직설계,fsm(FINITE-STATE MACHINE)\스크린샷 2026-07-29 110600.png,PUBLIC_USED,Curate into case study with source label/redaction.,"Primary student-authored report, source, calculation, or visual evidence."
SRC-0616,컨트롤로직설계,fsm(FINITE-STATE MACHINE)\스크린샷 2026-07-29 110605.png,PUBLIC_USED,Curate into case study with source label/redaction.,"Primary student-authored report, source, calculation, or visual evidence."
SRC-0617,컨트롤로직설계,fsm(FINITE-STATE MACHINE)\스크린샷 2026-07-29 110608.png,PUBLIC_USED,Curate into case study with source label/redaction.,"Primary student-authored report, source, calculation, or visual evidence."
SRC-0618,컨트롤로직설계,fsm(FINITE-STATE MACHINE)\스크린샷 2026-07-29 110612.png,PUBLIC_USED,Curate into case study with source label/redaction.,"Primary student-authored report, source, calculation, or visual evidence."
SRC-0619,컨트롤로직설계,fsm(FINITE-STATE MACHINE)\스크린샷 2026-07-29 110620.png,PUBLIC_USED,Curate into case study with source label/redaction.,"Primary student-authored report, source, calculation, or visual evidence."
SRC-0620,컨트롤로직설계,fsm(FINITE-STATE MACHINE)\스크린샷 2026-07-29 110625.png,PUBLIC_USED,Curate into case study with source label/redaction.,"Primary student-authored report, source, calculation, or visual evidence."
SRC-0621,컨트롤로직설계,FSM.zip,PUBLIC_REFERENCE_ONLY,Retain in private audit; link only if useful and safe.,Archive provenance retained; publish curated extracted sources only.
SRC-0622,컨트롤로직설계,FSM__extracted\FSM\FSM.cache\sim\ssm.db,NOT_RELEVANT_WITH_REASON,Exclude generated cache/build artifact from portfolio.,Generated IDE/simulator/compiler cache or binary build artifact.
SRC-0623,컨트롤로직설계,FSM__extracted\FSM\FSM.cache\wt\project.wpc,NOT_RELEVANT_WITH_REASON,Exclude generated cache/build artifact from portfolio.,Generated IDE/simulator/compiler cache or binary build artifact.
SRC-0624,컨트롤로직설계,FSM__extracted\FSM\FSM.cache\wt\xsim.wdf,NOT_RELEVANT_WITH_REASON,Exclude generated cache/build artifact from portfolio.,Generated IDE/simulator/compiler cache or binary build artifact.
SRC-0625,컨트롤로직설계,FSM__extracted\FSM\FSM.hw\FSM.lpr,PUBLIC_REFERENCE_ONLY,Retain in private audit; link only if useful and safe.,Original project or simulator context retained as supporting execution evidence.
SRC-0626,컨트롤로직설계,FSM__extracted\FSM\FSM.ip_user_files\README.txt,PUBLIC_USED,Curate into case study with source label/redaction.,"Primary student-authored report, source, calculation, or visual evidence."
SRC-0627,컨트롤로직설계,FSM__extracted\FSM\FSM.sim\sim_1\behav\xsim\compile.bat,PUBLIC_REFERENCE_ONLY,Retain in private audit; link only if useful and safe.,Original project or simulator context retained as supporting execution evidence.
SRC-0628,컨트롤로직설계,FSM__extracted\FSM\FSM.sim\sim_1\behav\xsim\elaborate.bat,PUBLIC_REFERENCE_ONLY,Retain in private audit; link only if useful and safe.,Original project or simulator context retained as supporting execution evidence.
SRC-0629,컨트롤로직설계,FSM__extracted\FSM\FSM.sim\sim_1\behav\xsim\elaborate.log,PUBLIC_REFERENCE_ONLY,Retain in private audit; link only if useful and safe.,Original project or simulator context retained as supporting execution evidence.
SRC-0630,컨트롤로직설계,FSM__extracted\FSM\FSM.sim\sim_1\behav\xsim\mealy_tb.tcl,PUBLIC_REFERENCE_ONLY,Retain in private audit; link only if useful and safe.,Original project or simulator context retained as supporting execution evidence.
SRC-0631,컨트롤로직설계,FSM__extracted\FSM\FSM.sim\sim_1\behav\xsim\mealy_tb_behav.wdb,PUBLIC_REFERENCE_ONLY,Retain in private audit; link only if useful and safe.,Retained for provenance; not selected for direct publication.
SRC-0632,컨트롤로직설계,FSM__extracted\FSM\FSM.sim\sim_1\behav\xsim\mealy_tb_vhdl.prj,PUBLIC_REFERENCE_ONLY,Retain in private audit; link only if useful and safe.,Original project or simulator context retained as supporting execution evidence.
SRC-0633,컨트롤로직설계,FSM__extracted\FSM\FSM.sim\sim_1\behav\xsim\simulate.bat,PUBLIC_REFERENCE_ONLY,Retain in private audit; link only if useful and safe.,Original project or simulator context retained as supporting execution evidence.
SRC-0634,컨트롤로직설계,FSM__extracted\FSM\FSM.sim\sim_1\behav\xsim\simulate.log,PUBLIC_REFERENCE_ONLY,Retain in private audit; link only if useful and safe.,Original project or simulator context retained as supporting execution evidence.
SRC-0635,컨트롤로직설계,FSM__extracted\FSM\FSM.sim\sim_1\behav\xsim\xelab.pb,NOT_RELEVANT_WITH_REASON,Exclude generated cache/build artifact from portfolio.,Generated IDE/simulator/compiler cache or binary build artifact.
SRC-0636,컨트롤로직설계,FSM__extracted\FSM\FSM.sim\sim_1\behav\xsim\xsim.dir\mealy_tb_behav\Compile_Options.txt,NOT_RELEVANT_WITH_REASON,Exclude generated cache/build artifact from portfolio.,Generated IDE/simulator/compiler cache or binary build artifact.
SRC-0637,컨트롤로직설계,FSM__extracted\FSM\FSM.sim\sim_1\behav\xsim\xsim.dir\mealy_tb_behav\obj\xsim_0.win64.obj,NOT_RELEVANT_WITH_REASON,Exclude generated cache/build artifact from portfolio.,Generated IDE/simulator/compiler cache or binary build artifact.
SRC-0638,컨트롤로직설계,FSM__extracted\FSM\FSM.sim\sim_1\behav\xsim\xsim.dir\mealy_tb_behav\obj\xsim_1.c,NOT_RELEVANT_WITH_REASON,Exclude generated cache/build artifact from portfolio.,Generated IDE/simulator/compiler cache or binary build artifact.
SRC-0639,컨트롤로직설계,FSM__extracted\FSM\FSM.sim\sim_1\behav\xsim\xsim.dir\mealy_tb_behav\obj\xsim_1.win64.obj,NOT_RELEVANT_WITH_REASON,Exclude generated cache/build artifact from portfolio.,Generated IDE/simulator/compiler cache or binary build artifact.
SRC-0640,컨트롤로직설계,FSM__extracted\FSM\FSM.sim\sim_1\behav\xsim\xsim.dir\mealy_tb_behav\TempBreakPointFile.txt,NOT_RELEVANT_WITH_REASON,Exclude generated cache/build artifact from portfolio.,Generated IDE/simulator/compiler cache or binary build artifact.
SRC-0641,컨트롤로직설계,FSM__extracted\FSM\FSM.sim\sim_1\behav\xsim\xsim.dir\mealy_tb_behav\xsim.dbg,NOT_RELEVANT_WITH_REASON,Exclude generated cache/build artifact from portfolio.,Generated IDE/simulator/compiler cache or binary build artifact.
SRC-0642,컨트롤로직설계,FSM__extracted\FSM\FSM.sim\sim_1\behav\xsim\xsim.dir\mealy_tb_behav\xsim.mem,NOT_RELEVANT_WITH_REASON,Exclude generated cache/build artifact from portfolio.,Generated IDE/simulator/compiler cache or binary build artifact.
SRC-0643,컨트롤로직설계,FSM__extracted\FSM\FSM.sim\sim_1\behav\xsim\xsim.dir\mealy_tb_behav\xsim.reloc,NOT_RELEVANT_WITH_REASON,Exclude generated cache/build artifact from portfolio.,Generated IDE/simulator/compiler cache or binary build artifact.
SRC-0644,컨트롤로직설계,FSM__extracted\FSM\FSM.sim\sim_1\behav\xsim\xsim.dir\mealy_tb_behav\xsim.rlx,NOT_RELEVANT_WITH_REASON,Exclude generated cache/build artifact from portfolio.,Generated IDE/simulator/compiler cache or binary build artifact.
SRC-0645,컨트롤로직설계,FSM__extracted\FSM\FSM.sim\sim_1\behav\xsim\xsim.dir\mealy_tb_behav\xsim.rtti,NOT_RELEVANT_WITH_REASON,Exclude generated cache/build artifact from portfolio.,Generated IDE/simulator/compiler cache or binary build artifact.
SRC-0646,컨트롤로직설계,FSM__extracted\FSM\FSM.sim\sim_1\behav\xsim\xsim.dir\mealy_tb_behav\xsim.svtype,NOT_RELEVANT_WITH_REASON,Exclude generated cache/build artifact from portfolio.,Generated IDE/simulator/compiler cache or binary build artifact.
SRC-0647,컨트롤로직설계,FSM__extracted\FSM\FSM.sim\sim_1\behav\xsim\xsim.dir\mealy_tb_behav\xsim.type,NOT_RELEVANT_WITH_REASON,Exclude generated cache/build artifact from portfolio.,Generated IDE/simulator/compiler cache or binary build artifact.
SRC-0648,컨트롤로직설계,FSM__extracted\FSM\FSM.sim\sim_1\behav\xsim\xsim.dir\mealy_tb_behav\xsim.xdbg,NOT_RELEVANT_WITH_REASON,Exclude generated cache/build artifact from portfolio.,Generated IDE/simulator/compiler cache or binary build artifact.
SRC-0649,컨트롤로직설계,FSM__extracted\FSM\FSM.sim\sim_1\behav\xsim\xsim.dir\mealy_tb_behav\xsimcrash.log,NOT_RELEVANT_WITH_REASON,Exclude generated cache/build artifact from portfolio.,Generated IDE/simulator/compiler cache or binary build artifact.
SRC-0650,컨트롤로직설계,FSM__extracted\FSM\FSM.sim\sim_1\behav\xsim\xsim.dir\mealy_tb_behav\xsimk.exe,NOT_RELEVANT_WITH_REASON,Exclude generated cache/build artifact from portfolio.,Generated IDE/simulator/compiler cache or binary build artifact.
SRC-0651,컨트롤로직설계,FSM__extracted\FSM\FSM.sim\sim_1\behav\xsim\xsim.dir\mealy_tb_behav\xsimkernel.log,NOT_RELEVANT_WITH_REASON,Exclude generated cache/build artifact from portfolio.,Generated IDE/simulator/compiler cache or binary build artifact.
SRC-0652,컨트롤로직설계,FSM__extracted\FSM\FSM.sim\sim_1\behav\xsim\xsim.dir\mealy_tb_behav\xsimSettings.ini,NOT_RELEVANT_WITH_REASON,Exclude generated cache/build artifact from portfolio.,Generated IDE/simulator/compiler cache or binary build artifact.
SRC-0653,컨트롤로직설계,FSM__extracted\FSM\FSM.sim\sim_1\behav\xsim\xsim.dir\xil_defaultlib\mealy.vdb,NOT_RELEVANT_WITH_REASON,Exclude generated cache/build artifact from portfolio.,Generated IDE/simulator/compiler cache or binary build artifact.
SRC-0654,컨트롤로직설계,FSM__extracted\FSM\FSM.sim\sim_1\behav\xsim\xsim.dir\xil_defaultlib\mealy_tb.vdb,NOT_RELEVANT_WITH_REASON,Exclude generated cache/build artifact from portfolio.,Generated IDE/simulator/compiler cache or binary build artifact.
SRC-0655,컨트롤로직설계,FSM__extracted\FSM\FSM.sim\sim_1\behav\xsim\xsim.dir\xil_defaultlib\xil_defaultlib.rlx,NOT_RELEVANT_WITH_REASON,Exclude generated cache/build artifact from portfolio.,Generated IDE/simulator/compiler cache or binary build artifact.
SRC-0656,컨트롤로직설계,FSM__extracted\FSM\FSM.sim\sim_1\behav\xsim\xsim.ini,PUBLIC_REFERENCE_ONLY,Retain in private audit; link only if useful and safe.,Original project or simulator context retained as supporting execution evidence.
SRC-0657,컨트롤로직설계,FSM__extracted\FSM\FSM.sim\sim_1\behav\xsim\xvhdl.log,PUBLIC_REFERENCE_ONLY,Retain in private audit; link only if useful and safe.,Original project or simulator context retained as supporting execution evidence.
SRC-0658,컨트롤로직설계,FSM__extracted\FSM\FSM.sim\sim_1\behav\xsim\xvhdl.pb,NOT_RELEVANT_WITH_REASON,Exclude generated cache/build artifact from portfolio.,Generated IDE/simulator/compiler cache or binary build artifact.
SRC-0659,컨트롤로직설계,FSM__extracted\FSM\FSM.srcs\sim_1\new\mealy_tb.vhd,PUBLIC_USED,Curate into case study with source label/redaction.,"Primary student-authored report, source, calculation, or visual evidence."
SRC-0660,컨트롤로직설계,FSM__extracted\FSM\FSM.srcs\sources_1\new\FSM.vhd,PUBLIC_USED,Curate into case study with source label/redaction.,"Primary student-authored report, source, calculation, or visual evidence."
SRC-0661,컨트롤로직설계,FSM__extracted\FSM\FSM.xpr,PUBLIC_REFERENCE_ONLY,Retain in private audit; link only if useful and safe.,Original project or simulator context retained as supporting execution evidence.
SRC-0662,컨트롤로직설계,FSM__extracted\FSM\mealy_tb_behav.wcfg,PUBLIC_REFERENCE_ONLY,Retain in private audit; link only if useful and safe.,Original project or simulator context retained as supporting execution evidence.
SRC-0663,컨트롤로직설계,fulladd_[STUDENT-ID]_[AUTHOR].zip,PUBLIC_REFERENCE_ONLY,Retain in private audit; link only if useful and safe.,Archive provenance retained; publish curated extracted sources only.
SRC-0664,컨트롤로직설계,fulladd_[STUDENT-ID]_[AUTHOR]__extracted\fulladd\fulladd\fulladd.cache\sim\ssm.db,DUPLICATE,Do not republish duplicate bytes.,Exact SHA-256 duplicate of the canonical source record.
SRC-0665,컨트롤로직설계,fulladd_[STUDENT-ID]_[AUTHOR]__extracted\fulladd\fulladd\fulladd.cache\wt\project.wpc,DUPLICATE,Do not republish duplicate bytes.,Exact SHA-256 duplicate of the canonical source record.
SRC-0666,컨트롤로직설계,fulladd_[STUDENT-ID]_[AUTHOR]__extracted\fulladd\fulladd\fulladd.cache\wt\xsim.wdf,DUPLICATE,Do not republish duplicate bytes.,Exact SHA-256 duplicate of the canonical source record.
SRC-0667,컨트롤로직설계,fulladd_[STUDENT-ID]_[AUTHOR]__extracted\fulladd\fulladd\fulladd.hw\fulladd.lpr,DUPLICATE,Do not republish duplicate bytes.,Exact SHA-256 duplicate of the canonical source record.
SRC-0668,컨트롤로직설계,fulladd_[STUDENT-ID]_[AUTHOR]__extracted\fulladd\fulladd\fulladd.ip_user_files\README.txt,DUPLICATE,Do not republish duplicate bytes.,Exact SHA-256 duplicate of the canonical source record.
SRC-0669,컨트롤로직설계,fulladd_[STUDENT-ID]_[AUTHOR]__extracted\fulladd\fulladd\fulladd.sim\sim_1\behav\xsim\add_4bits_tb.tcl,DUPLICATE,Do not republish duplicate bytes.,Exact SHA-256 duplicate of the canonical source record.
SRC-0670,컨트롤로직설계,fulladd_[STUDENT-ID]_[AUTHOR]__extracted\fulladd\fulladd\fulladd.sim\sim_1\behav\xsim\add_4bits_tb_behav.wdb,DUPLICATE,Do not republish duplicate bytes.,Exact SHA-256 duplicate of the canonical source record.
SRC-0671,컨트롤로직설계,fulladd_[STUDENT-ID]_[AUTHOR]__extracted\fulladd\fulladd\fulladd.sim\sim_1\behav\xsim\add_4bits_tb_vhdl.prj,DUPLICATE,Do not republish duplicate bytes.,Exact SHA-256 duplicate of the canonical source record.
SRC-0672,컨트롤로직설계,fulladd_[STUDENT-ID]_[AUTHOR]__extracted\fulladd\fulladd\fulladd.sim\sim_1\behav\xsim\compile.bat,DUPLICATE,Do not republish duplicate bytes.,Exact SHA-256 duplicate of the canonical source record.
SRC-0673,컨트롤로직설계,fulladd_[STUDENT-ID]_[AUTHOR]__extracted\fulladd\fulladd\fulladd.sim\sim_1\behav\xsim\compile.log,DUPLICATE,Do not republish duplicate bytes.,Exact SHA-256 duplicate of the canonical source record.
SRC-0674,컨트롤로직설계,fulladd_[STUDENT-ID]_[AUTHOR]__extracted\fulladd\fulladd\fulladd.sim\sim_1\behav\xsim\elaborate.bat,DUPLICATE,Do not republish duplicate bytes.,Exact SHA-256 duplicate of the canonical source record.
SRC-0675,컨트롤로직설계,fulladd_[STUDENT-ID]_[AUTHOR]__extracted\fulladd\fulladd\fulladd.sim\sim_1\behav\xsim\elaborate.log,DUPLICATE,Do not republish duplicate bytes.,Exact SHA-256 duplicate of the canonical source record.
SRC-0676,컨트롤로직설계,fulladd_[STUDENT-ID]_[AUTHOR]__extracted\fulladd\fulladd\fulladd.sim\sim_1\behav\xsim\fulladd_tb.tcl,DUPLICATE,Do not republish duplicate bytes.,Exact SHA-256 duplicate of the canonical source record.
SRC-0677,컨트롤로직설계,fulladd_[STUDENT-ID]_[AUTHOR]__extracted\fulladd\fulladd\fulladd.sim\sim_1\behav\xsim\fulladd_tb_behav.wdb,DUPLICATE,Do not republish duplicate bytes.,Exact SHA-256 duplicate of the canonical source record.
SRC-0678,컨트롤로직설계,fulladd_[STUDENT-ID]_[AUTHOR]__extracted\fulladd\fulladd\fulladd.sim\sim_1\behav\xsim\simulate.bat,DUPLICATE,Do not republish duplicate bytes.,Exact SHA-256 duplicate of the canonical source record.
SRC-0679,컨트롤로직설계,fulladd_[STUDENT-ID]_[AUTHOR]__extracted\fulladd\fulladd\fulladd.sim\sim_1\behav\xsim\simulate.log,DUPLICATE,Do not republish duplicate bytes.,Exact SHA-256 duplicate of the canonical source record.
SRC-0680,컨트롤로직설계,fulladd_[STUDENT-ID]_[AUTHOR]__extracted\fulladd\fulladd\fulladd.sim\sim_1\behav\xsim\xelab.pb,DUPLICATE,Do not republish duplicate bytes.,Exact SHA-256 duplicate of the canonical source record.
SRC-0681,컨트롤로직설계,fulladd_[STUDENT-ID]_[AUTHOR]__extracted\fulladd\fulladd\fulladd.sim\sim_1\behav\xsim\xsim.dir\add_4bits_tb_behav\Compile_Options.txt,DUPLICATE,Do not republish duplicate bytes.,Exact SHA-256 duplicate of the canonical source record.
SRC-0682,컨트롤로직설계,fulladd_[STUDENT-ID]_[AUTHOR]__extracted\fulladd\fulladd\fulladd.sim\sim_1\behav\xsim\xsim.dir\add_4bits_tb_behav\obj\xsim_0.win64.obj,DUPLICATE,Do not republish duplicate bytes.,Exact SHA-256 duplicate of the canonical source record.
SRC-0683,컨트롤로직설계,fulladd_[STUDENT-ID]_[AUTHOR]__extracted\fulladd\fulladd\fulladd.sim\sim_1\behav\xsim\xsim.dir\add_4bits_tb_behav\obj\xsim_1.c,DUPLICATE,Do not republish duplicate bytes.,Exact SHA-256 duplicate of the canonical source record.
SRC-0684,컨트롤로직설계,fulladd_[STUDENT-ID]_[AUTHOR]__extracted\fulladd\fulladd\fulladd.sim\sim_1\behav\xsim\xsim.dir\add_4bits_tb_behav\obj\xsim_1.win64.obj,DUPLICATE,Do not republish duplicate bytes.,Exact SHA-256 duplicate of the canonical source record.
SRC-0685,컨트롤로직설계,fulladd_[STUDENT-ID]_[AUTHOR]__extracted\fulladd\fulladd\fulladd.sim\sim_1\behav\xsim\xsim.dir\add_4bits_tb_behav\TempBreakPointFile.txt,DUPLICATE,Do not republish duplicate bytes.,Exact SHA-256 duplicate of the canonical source record.
SRC-0686,컨트롤로직설계,fulladd_[STUDENT-ID]_[AUTHOR]__extracted\fulladd\fulladd\fulladd.sim\sim_1\behav\xsim\xsim.dir\add_4bits_tb_behav\xsim.dbg,DUPLICATE,Do not republish duplicate bytes.,Exact SHA-256 duplicate of the canonical source record.
SRC-0687,컨트롤로직설계,fulladd_[STUDENT-ID]_[AUTHOR]__extracted\fulladd\fulladd\fulladd.sim\sim_1\behav\xsim\xsim.dir\add_4bits_tb_behav\xsim.mem,DUPLICATE,Do not republish duplicate bytes.,Exact SHA-256 duplicate of the canonical source record.
SRC-0688,컨트롤로직설계,fulladd_[STUDENT-ID]_[AUTHOR]__extracted\fulladd\fulladd\fulladd.sim\sim_1\behav\xsim\xsim.dir\add_4bits_tb_behav\xsim.reloc,DUPLICATE,Do not republish duplicate bytes.,Exact SHA-256 duplicate of the canonical source record.
SRC-0689,컨트롤로직설계,fulladd_[STUDENT-ID]_[AUTHOR]__extracted\fulladd\fulladd\fulladd.sim\sim_1\behav\xsim\xsim.dir\add_4bits_tb_behav\xsim.rlx,DUPLICATE,Do not republish duplicate bytes.,Exact SHA-256 duplicate of the canonical source record.
SRC-0690,컨트롤로직설계,fulladd_[STUDENT-ID]_[AUTHOR]__extracted\fulladd\fulladd\fulladd.sim\sim_1\behav\xsim\xsim.dir\add_4bits_tb_behav\xsim.rtti,DUPLICATE,Do not republish duplicate bytes.,Exact SHA-256 duplicate of the canonical source record.
SRC-0691,컨트롤로직설계,fulladd_[STUDENT-ID]_[AUTHOR]__extracted\fulladd\fulladd\fulladd.sim\sim_1\behav\xsim\xsim.dir\add_4bits_tb_behav\xsim.svtype,DUPLICATE,Do not republish duplicate bytes.,Exact SHA-256 duplicate of the canonical source record.
SRC-0692,컨트롤로직설계,fulladd_[STUDENT-ID]_[AUTHOR]__extracted\fulladd\fulladd\fulladd.sim\sim_1\behav\xsim\xsim.dir\add_4bits_tb_behav\xsim.type,DUPLICATE,Do not republish duplicate bytes.,Exact SHA-256 duplicate of the canonical source record.
SRC-0693,컨트롤로직설계,fulladd_[STUDENT-ID]_[AUTHOR]__extracted\fulladd\fulladd\fulladd.sim\sim_1\behav\xsim\xsim.dir\add_4bits_tb_behav\xsim.xdbg,DUPLICATE,Do not republish duplicate bytes.,Exact SHA-256 duplicate of the canonical source record.
SRC-0694,컨트롤로직설계,fulladd_[STUDENT-ID]_[AUTHOR]__extracted\fulladd\fulladd\fulladd.sim\sim_1\behav\xsim\xsim.dir\add_4bits_tb_behav\xsimcrash.log,DUPLICATE,Do not republish duplicate bytes.,Exact SHA-256 duplicate of the canonical source record.
SRC-0695,컨트롤로직설계,fulladd_[STUDENT-ID]_[AUTHOR]__extracted\fulladd\fulladd\fulladd.sim\sim_1\behav\xsim\xsim.dir\add_4bits_tb_behav\xsimk.exe,DUPLICATE,Do not republish duplicate bytes.,Exact SHA-256 duplicate of the canonical source record.
SRC-0696,컨트롤로직설계,fulladd_[STUDENT-ID]_[AUTHOR]__extracted\fulladd\fulladd\fulladd.sim\sim_1\behav\xsim\xsim.dir\add_4bits_tb_behav\xsimkernel.log,DUPLICATE,Do not republish duplicate bytes.,Exact SHA-256 duplicate of the canonical source record.
SRC-0697,컨트롤로직설계,fulladd_[STUDENT-ID]_[AUTHOR]__extracted\fulladd\fulladd\fulladd.sim\sim_1\behav\xsim\xsim.dir\add_4bits_tb_behav\xsimSettings.ini,DUPLICATE,Do not republish duplicate bytes.,Exact SHA-256 duplicate of the canonical source record.
SRC-0698,컨트롤로직설계,fulladd_[STUDENT-ID]_[AUTHOR]__extracted\fulladd\fulladd\fulladd.sim\sim_1\behav\xsim\xsim.dir\fulladd_tb_behav\Compile_Options.txt,DUPLICATE,Do not republish duplicate bytes.,Exact SHA-256 duplicate of the canonical source record.
SRC-0699,컨트롤로직설계,fulladd_[STUDENT-ID]_[AUTHOR]__extracted\fulladd\fulladd\fulladd.sim\sim_1\behav\xsim\xsim.dir\fulladd_tb_behav\obj\xsim_0.win64.obj,DUPLICATE,Do not republish duplicate bytes.,Exact SHA-256 duplicate of the canonical source record.
SRC-0700,컨트롤로직설계,fulladd_[STUDENT-ID]_[AUTHOR]__extracted\fulladd\fulladd\fulladd.sim\sim_1\behav\xsim\xsim.dir\fulladd_tb_behav\obj\xsim_1.c,DUPLICATE,Do not republish duplicate bytes.,Exact SHA-256 duplicate of the canonical source record.
SRC-0701,컨트롤로직설계,fulladd_[STUDENT-ID]_[AUTHOR]__extracted\fulladd\fulladd\fulladd.sim\sim_1\behav\xsim\xsim.dir\fulladd_tb_behav\obj\xsim_1.win64.obj,DUPLICATE,Do not republish duplicate bytes.,Exact SHA-256 duplicate of the canonical source record.
SRC-0702,컨트롤로직설계,fulladd_[STUDENT-ID]_[AUTHOR]__extracted\fulladd\fulladd\fulladd.sim\sim_1\behav\xsim\xsim.dir\fulladd_tb_behav\TempBreakPointFile.txt,DUPLICATE,Do not republish duplicate bytes.,Exact SHA-256 duplicate of the canonical source record.
SRC-0703,컨트롤로직설계,fulladd_[STUDENT-ID]_[AUTHOR]__extracted\fulladd\fulladd\fulladd.sim\sim_1\behav\xsim\xsim.dir\fulladd_tb_behav\xsim.dbg,DUPLICATE,Do not republish duplicate bytes.,Exact SHA-256 duplicate of the canonical source record.
SRC-0704,컨트롤로직설계,fulladd_[STUDENT-ID]_[AUTHOR]__extracted\fulladd\fulladd\fulladd.sim\sim_1\behav\xsim\xsim.dir\fulladd_tb_behav\xsim.mem,DUPLICATE,Do not republish duplicate bytes.,Exact SHA-256 duplicate of the canonical source record.
SRC-0705,컨트롤로직설계,fulladd_[STUDENT-ID]_[AUTHOR]__extracted\fulladd\fulladd\fulladd.sim\sim_1\behav\xsim\xsim.dir\fulladd_tb_behav\xsim.reloc,DUPLICATE,Do not republish duplicate bytes.,Exact SHA-256 duplicate of the canonical source record.
SRC-0706,컨트롤로직설계,fulladd_[STUDENT-ID]_[AUTHOR]__extracted\fulladd\fulladd\fulladd.sim\sim_1\behav\xsim\xsim.dir\fulladd_tb_behav\xsim.rlx,DUPLICATE,Do not republish duplicate bytes.,Exact SHA-256 duplicate of the canonical source record.
SRC-0707,컨트롤로직설계,fulladd_[STUDENT-ID]_[AUTHOR]__extracted\fulladd\fulladd\fulladd.sim\sim_1\behav\xsim\xsim.dir\fulladd_tb_behav\xsim.rtti,DUPLICATE,Do not republish duplicate bytes.,Exact SHA-256 duplicate of the canonical source record.
SRC-0708,컨트롤로직설계,fulladd_[STUDENT-ID]_[AUTHOR]__extracted\fulladd\fulladd\fulladd.sim\sim_1\behav\xsim\xsim.dir\fulladd_tb_behav\xsim.svtype,DUPLICATE,Do not republish duplicate bytes.,Exact SHA-256 duplicate of the canonical source record.
SRC-0709,컨트롤로직설계,fulladd_[STUDENT-ID]_[AUTHOR]__extracted\fulladd\fulladd\fulladd.sim\sim_1\behav\xsim\xsim.dir\fulladd_tb_behav\xsim.type,DUPLICATE,Do not republish duplicate bytes.,Exact SHA-256 duplicate of the canonical source record.
SRC-0710,컨트롤로직설계,fulladd_[STUDENT-ID]_[AUTHOR]__extracted\fulladd\fulladd\fulladd.sim\sim_1\behav\xsim\xsim.dir\fulladd_tb_behav\xsim.xdbg,DUPLICATE,Do not republish duplicate bytes.,Exact SHA-256 duplicate of the canonical source record.
SRC-0711,컨트롤로직설계,fulladd_[STUDENT-ID]_[AUTHOR]__extracted\fulladd\fulladd\fulladd.sim\sim_1\behav\xsim\xsim.dir\fulladd_tb_behav\xsimcrash.log,DUPLICATE,Do not republish duplicate bytes.,Exact SHA-256 duplicate of the canonical source record.
SRC-0712,컨트롤로직설계,fulladd_[STUDENT-ID]_[AUTHOR]__extracted\fulladd\fulladd\fulladd.sim\sim_1\behav\xsim\xsim.dir\fulladd_tb_behav\xsimk.exe,DUPLICATE,Do not republish duplicate bytes.,Exact SHA-256 duplicate of the canonical source record.
SRC-0713,컨트롤로직설계,fulladd_[STUDENT-ID]_[AUTHOR]__extracted\fulladd\fulladd\fulladd.sim\sim_1\behav\xsim\xsim.dir\fulladd_tb_behav\xsimkernel.log,DUPLICATE,Do not republish duplicate bytes.,Exact SHA-256 duplicate of the canonical source record.
SRC-0714,컨트롤로직설계,fulladd_[STUDENT-ID]_[AUTHOR]__extracted\fulladd\fulladd\fulladd.sim\sim_1\behav\xsim\xsim.dir\fulladd_tb_behav\xsimSettings.ini,DUPLICATE,Do not republish duplicate bytes.,Exact SHA-256 duplicate of the canonical source record.
SRC-0715,컨트롤로직설계,fulladd_[STUDENT-ID]_[AUTHOR]__extracted\fulladd\fulladd\fulladd.sim\sim_1\behav\xsim\xsim.dir\xil_defaultlib\add_4bits.vdb,DUPLICATE,Do not republish duplicate bytes.,Exact SHA-256 duplicate of the canonical source record.
SRC-0716,컨트롤로직설계,fulladd_[STUDENT-ID]_[AUTHOR]__extracted\fulladd\fulladd\fulladd.sim\sim_1\behav\xsim\xsim.dir\xil_defaultlib\add_4bits_tb.vdb,DUPLICATE,Do not republish duplicate bytes.,Exact SHA-256 duplicate of the canonical source record.
SRC-0717,컨트롤로직설계,fulladd_[STUDENT-ID]_[AUTHOR]__extracted\fulladd\fulladd\fulladd.sim\sim_1\behav\xsim\xsim.dir\xil_defaultlib\fulladd.vdb,DUPLICATE,Do not republish duplicate bytes.,Exact SHA-256 duplicate of the canonical source record.
SRC-0718,컨트롤로직설계,fulladd_[STUDENT-ID]_[AUTHOR]__extracted\fulladd\fulladd\fulladd.sim\sim_1\behav\xsim\xsim.dir\xil_defaultlib\fulladd_tb.vdb,DUPLICATE,Do not republish duplicate bytes.,Exact SHA-256 duplicate of the canonical source record.
SRC-0719,컨트롤로직설계,fulladd_[STUDENT-ID]_[AUTHOR]__extracted\fulladd\fulladd\fulladd.sim\sim_1\behav\xsim\xsim.dir\xil_defaultlib\xil_defaultlib.rlx,DUPLICATE,Do not republish duplicate bytes.,Exact SHA-256 duplicate of the canonical source record.
SRC-0720,컨트롤로직설계,fulladd_[STUDENT-ID]_[AUTHOR]__extracted\fulladd\fulladd\fulladd.sim\sim_1\behav\xsim\xsim.ini,DUPLICATE,Do not republish duplicate bytes.,Exact SHA-256 duplicate of the canonical source record.
SRC-0721,컨트롤로직설계,fulladd_[STUDENT-ID]_[AUTHOR]__extracted\fulladd\fulladd\fulladd.sim\sim_1\behav\xsim\xvhdl.log,DUPLICATE,Do not republish duplicate bytes.,Exact SHA-256 duplicate of the canonical source record.
SRC-0722,컨트롤로직설계,fulladd_[STUDENT-ID]_[AUTHOR]__extracted\fulladd\fulladd\fulladd.sim\sim_1\behav\xsim\xvhdl.pb,DUPLICATE,Do not republish duplicate bytes.,Exact SHA-256 duplicate of the canonical source record.
SRC-0723,컨트롤로직설계,fulladd_[STUDENT-ID]_[AUTHOR]__extracted\fulladd\fulladd\fulladd.srcs\sim_1\new\add_4bits_tb.vhd,DUPLICATE,Do not republish duplicate bytes.,Exact SHA-256 duplicate of the canonical source record.
SRC-0724,컨트롤로직설계,fulladd_[STUDENT-ID]_[AUTHOR]__extracted\fulladd\fulladd\fulladd.srcs\sim_1\new\fulladd_tb.vhd,DUPLICATE,Do not republish duplicate bytes.,Exact SHA-256 duplicate of the canonical source record.
SRC-0725,컨트롤로직설계,fulladd_[STUDENT-ID]_[AUTHOR]__extracted\fulladd\fulladd\fulladd.srcs\sources_1\new\add_4bits.vhd,DUPLICATE,Do not republish duplicate bytes.,Exact SHA-256 duplicate of the canonical source record.
SRC-0726,컨트롤로직설계,fulladd_[STUDENT-ID]_[AUTHOR]__extracted\fulladd\fulladd\fulladd.srcs\sources_1\new\fulladd.vhd,DUPLICATE,Do not republish duplicate bytes.,Exact SHA-256 duplicate of the canonical source record.
SRC-0727,컨트롤로직설계,fulladd_[STUDENT-ID]_[AUTHOR]__extracted\fulladd\fulladd\fulladd.xpr,DUPLICATE,Do not republish duplicate bytes.,Exact SHA-256 duplicate of the canonical source record.
SRC-0728,컨트롤로직설계,fulladd_[STUDENT-ID]_[AUTHOR]__extracted\fulladd\fulladd.cache\sim\ssm.db,NOT_RELEVANT_WITH_REASON,Exclude generated cache/build artifact from portfolio.,Generated IDE/simulator/compiler cache or binary build artifact.
SRC-0729,컨트롤로직설계,fulladd_[STUDENT-ID]_[AUTHOR]__extracted\fulladd\fulladd.cache\wt\project.wpc,NOT_RELEVANT_WITH_REASON,Exclude generated cache/build artifact from portfolio.,Generated IDE/simulator/compiler cache or binary build artifact.
SRC-0730,컨트롤로직설계,fulladd_[STUDENT-ID]_[AUTHOR]__extracted\fulladd\fulladd.cache\wt\xsim.wdf,DUPLICATE,Do not republish duplicate bytes.,Exact SHA-256 duplicate of the canonical source record.
SRC-0731,컨트롤로직설계,fulladd_[STUDENT-ID]_[AUTHOR]__extracted\fulladd\fulladd.hw\fulladd.lpr,DUPLICATE,Do not republish duplicate bytes.,Exact SHA-256 duplicate of the canonical source record.
SRC-0732,컨트롤로직설계,fulladd_[STUDENT-ID]_[AUTHOR]__extracted\fulladd\fulladd.ip_user_files\README.txt,DUPLICATE,Do not republish duplicate bytes.,Exact SHA-256 duplicate of the canonical source record.
SRC-0733,컨트롤로직설계,fulladd_[STUDENT-ID]_[AUTHOR]__extracted\fulladd\fulladd.sim\sim_1\behav\xsim\add_4bits_tb.tcl,DUPLICATE,Do not republish duplicate bytes.,Exact SHA-256 duplicate of the canonical source record.
SRC-0734,컨트롤로직설계,fulladd_[STUDENT-ID]_[AUTHOR]__extracted\fulladd\fulladd.sim\sim_1\behav\xsim\add_4bits_tb_behav.wdb,PUBLIC_REFERENCE_ONLY,Retain in private audit; link only if useful and safe.,Retained for provenance; not selected for direct publication.
SRC-0735,컨트롤로직설계,fulladd_[STUDENT-ID]_[AUTHOR]__extracted\fulladd\fulladd.sim\sim_1\behav\xsim\add_4bits_tb_vhdl.prj,PUBLIC_REFERENCE_ONLY,Retain in private audit; link only if useful and safe.,Original project or simulator context retained as supporting execution evidence.
SRC-0736,컨트롤로직설계,fulladd_[STUDENT-ID]_[AUTHOR]__extracted\fulladd\fulladd.sim\sim_1\behav\xsim\compile.bat,PUBLIC_REFERENCE_ONLY,Retain in private audit; link only if useful and safe.,Original project or simulator context retained as supporting execution evidence.
SRC-0737,컨트롤로직설계,fulladd_[STUDENT-ID]_[AUTHOR]__extracted\fulladd\fulladd.sim\sim_1\behav\xsim\compile.log,DUPLICATE,Do not republish duplicate bytes.,Exact SHA-256 duplicate of the canonical source record.
SRC-0738,컨트롤로직설계,fulladd_[STUDENT-ID]_[AUTHOR]__extracted\fulladd\fulladd.sim\sim_1\behav\xsim\elaborate.bat,PUBLIC_REFERENCE_ONLY,Retain in private audit; link only if useful and safe.,Original project or simulator context retained as supporting execution evidence.
SRC-0739,컨트롤로직설계,fulladd_[STUDENT-ID]_[AUTHOR]__extracted\fulladd\fulladd.sim\sim_1\behav\xsim\elaborate.log,PUBLIC_REFERENCE_ONLY,Retain in private audit; link only if useful and safe.,Original project or simulator context retained as supporting execution evidence.
SRC-0740,컨트롤로직설계,fulladd_[STUDENT-ID]_[AUTHOR]__extracted\fulladd\fulladd.sim\sim_1\behav\xsim\fulladd_tb.tcl,DUPLICATE,Do not republish duplicate bytes.,Exact SHA-256 duplicate of the canonical source record.
SRC-0741,컨트롤로직설계,fulladd_[STUDENT-ID]_[AUTHOR]__extracted\fulladd\fulladd.sim\sim_1\behav\xsim\fulladd_tb_behav.wdb,PUBLIC_REFERENCE_ONLY,Retain in private audit; link only if useful and safe.,Retained for provenance; not selected for direct publication.
SRC-0742,컨트롤로직설계,fulladd_[STUDENT-ID]_[AUTHOR]__extracted\fulladd\fulladd.sim\sim_1\behav\xsim\simulate.bat,PUBLIC_REFERENCE_ONLY,Retain in private audit; link only if useful and safe.,Original project or simulator context retained as supporting execution evidence.
SRC-0743,컨트롤로직설계,fulladd_[STUDENT-ID]_[AUTHOR]__extracted\fulladd\fulladd.sim\sim_1\behav\xsim\simulate.log,DUPLICATE,Do not republish duplicate bytes.,Exact SHA-256 duplicate of the canonical source record.
SRC-0744,컨트롤로직설계,fulladd_[STUDENT-ID]_[AUTHOR]__extracted\fulladd\fulladd.sim\sim_1\behav\xsim\xelab.pb,NOT_RELEVANT_WITH_REASON,Exclude generated cache/build artifact from portfolio.,Generated IDE/simulator/compiler cache or binary build artifact.
SRC-0745,컨트롤로직설계,fulladd_[STUDENT-ID]_[AUTHOR]__extracted\fulladd\fulladd.sim\sim_1\behav\xsim\xsim.dir\add_4bits_tb_behav\Compile_Options.txt,NOT_RELEVANT_WITH_REASON,Exclude generated cache/build artifact from portfolio.,Generated IDE/simulator/compiler cache or binary build artifact.
SRC-0746,컨트롤로직설계,fulladd_[STUDENT-ID]_[AUTHOR]__extracted\fulladd\fulladd.sim\sim_1\behav\xsim\xsim.dir\add_4bits_tb_behav\obj\xsim_0.win64.obj,NOT_RELEVANT_WITH_REASON,Exclude generated cache/build artifact from portfolio.,Generated IDE/simulator/compiler cache or binary build artifact.
SRC-0747,컨트롤로직설계,fulladd_[STUDENT-ID]_[AUTHOR]__extracted\fulladd\fulladd.sim\sim_1\behav\xsim\xsim.dir\add_4bits_tb_behav\obj\xsim_1.c,NOT_RELEVANT_WITH_REASON,Exclude generated cache/build artifact from portfolio.,Generated IDE/simulator/compiler cache or binary build artifact.
SRC-0748,컨트롤로직설계,fulladd_[STUDENT-ID]_[AUTHOR]__extracted\fulladd\fulladd.sim\sim_1\behav\xsim\xsim.dir\add_4bits_tb_behav\obj\xsim_1.win64.obj,NOT_RELEVANT_WITH_REASON,Exclude generated cache/build artifact from portfolio.,Generated IDE/simulator/compiler cache or binary build artifact.
SRC-0749,컨트롤로직설계,fulladd_[STUDENT-ID]_[AUTHOR]__extracted\fulladd\fulladd.sim\sim_1\behav\xsim\xsim.dir\add_4bits_tb_behav\TempBreakPointFile.txt,DUPLICATE,Do not republish duplicate bytes.,Exact SHA-256 duplicate of the canonical source record.
SRC-0750,컨트롤로직설계,fulladd_[STUDENT-ID]_[AUTHOR]__extracted\fulladd\fulladd.sim\sim_1\behav\xsim\xsim.dir\add_4bits_tb_behav\xsim.dbg,NOT_RELEVANT_WITH_REASON,Exclude generated cache/build artifact from portfolio.,Generated IDE/simulator/compiler cache or binary build artifact.
SRC-0751,컨트롤로직설계,fulladd_[STUDENT-ID]_[AUTHOR]__extracted\fulladd\fulladd.sim\sim_1\behav\xsim\xsim.dir\add_4bits_tb_behav\xsim.mem,NOT_RELEVANT_WITH_REASON,Exclude generated cache/build artifact from portfolio.,Generated IDE/simulator/compiler cache or binary build artifact.
SRC-0752,컨트롤로직설계,fulladd_[STUDENT-ID]_[AUTHOR]__extracted\fulladd\fulladd.sim\sim_1\behav\xsim\xsim.dir\add_4bits_tb_behav\xsim.reloc,NOT_RELEVANT_WITH_REASON,Exclude generated cache/build artifact from portfolio.,Generated IDE/simulator/compiler cache or binary build artifact.
SRC-0753,컨트롤로직설계,fulladd_[STUDENT-ID]_[AUTHOR]__extracted\fulladd\fulladd.sim\sim_1\behav\xsim\xsim.dir\add_4bits_tb_behav\xsim.rlx,NOT_RELEVANT_WITH_REASON,Exclude generated cache/build artifact from portfolio.,Generated IDE/simulator/compiler cache or binary build artifact.
SRC-0754,컨트롤로직설계,fulladd_[STUDENT-ID]_[AUTHOR]__extracted\fulladd\fulladd.sim\sim_1\behav\xsim\xsim.dir\add_4bits_tb_behav\xsim.rtti,NOT_RELEVANT_WITH_REASON,Exclude generated cache/build artifact from portfolio.,Generated IDE/simulator/compiler cache or binary build artifact.
SRC-0755,컨트롤로직설계,fulladd_[STUDENT-ID]_[AUTHOR]__extracted\fulladd\fulladd.sim\sim_1\behav\xsim\xsim.dir\add_4bits_tb_behav\xsim.svtype,DUPLICATE,Do not republish duplicate bytes.,Exact SHA-256 duplicate of the canonical source record.
SRC-0756,컨트롤로직설계,fulladd_[STUDENT-ID]_[AUTHOR]__extracted\fulladd\fulladd.sim\sim_1\behav\xsim\xsim.dir\add_4bits_tb_behav\xsim.type,NOT_RELEVANT_WITH_REASON,Exclude generated cache/build artifact from portfolio.,Generated IDE/simulator/compiler cache or binary build artifact.
SRC-0757,컨트롤로직설계,fulladd_[STUDENT-ID]_[AUTHOR]__extracted\fulladd\fulladd.sim\sim_1\behav\xsim\xsim.dir\add_4bits_tb_behav\xsim.xdbg,NOT_RELEVANT_WITH_REASON,Exclude generated cache/build artifact from portfolio.,Generated IDE/simulator/compiler cache or binary build artifact.
SRC-0758,컨트롤로직설계,fulladd_[STUDENT-ID]_[AUTHOR]__extracted\fulladd\fulladd.sim\sim_1\behav\xsim\xsim.dir\add_4bits_tb_behav\xsimcrash.log,DUPLICATE,Do not republish duplicate bytes.,Exact SHA-256 duplicate of the canonical source record.
SRC-0759,컨트롤로직설계,fulladd_[STUDENT-ID]_[AUTHOR]__extracted\fulladd\fulladd.sim\sim_1\behav\xsim\xsim.dir\add_4bits_tb_behav\xsimk.exe,NOT_RELEVANT_WITH_REASON,Exclude generated cache/build artifact from portfolio.,Generated IDE/simulator/compiler cache or binary build artifact.
SRC-0760,컨트롤로직설계,fulladd_[STUDENT-ID]_[AUTHOR]__extracted\fulladd\fulladd.sim\sim_1\behav\xsim\xsim.dir\add_4bits_tb_behav\xsimkernel.log,NOT_RELEVANT_WITH_REASON,Exclude generated cache/build artifact from portfolio.,Generated IDE/simulator/compiler cache or binary build artifact.
SRC-0761,컨트롤로직설계,fulladd_[STUDENT-ID]_[AUTHOR]__extracted\fulladd\fulladd.sim\sim_1\behav\xsim\xsim.dir\add_4bits_tb_behav\xsimSettings.ini,NOT_RELEVANT_WITH_REASON,Exclude generated cache/build artifact from portfolio.,Generated IDE/simulator/compiler cache or binary build artifact.
SRC-0762,컨트롤로직설계,fulladd_[STUDENT-ID]_[AUTHOR]__extracted\fulladd\fulladd.sim\sim_1\behav\xsim\xsim.dir\fulladd_tb_behav\Compile_Options.txt,NOT_RELEVANT_WITH_REASON,Exclude generated cache/build artifact from portfolio.,Generated IDE/simulator/compiler cache or binary build artifact.
SRC-0763,컨트롤로직설계,fulladd_[STUDENT-ID]_[AUTHOR]__extracted\fulladd\fulladd.sim\sim_1\behav\xsim\xsim.dir\fulladd_tb_behav\obj\xsim_0.win64.obj,NOT_RELEVANT_WITH_REASON,Exclude generated cache/build artifact from portfolio.,Generated IDE/simulator/compiler cache or binary build artifact.
SRC-0764,컨트롤로직설계,fulladd_[STUDENT-ID]_[AUTHOR]__extracted\fulladd\fulladd.sim\sim_1\behav\xsim\xsim.dir\fulladd_tb_behav\obj\xsim_1.c,NOT_RELEVANT_WITH_REASON,Exclude generated cache/build artifact from portfolio.,Generated IDE/simulator/compiler cache or binary build artifact.
SRC-0765,컨트롤로직설계,fulladd_[STUDENT-ID]_[AUTHOR]__extracted\fulladd\fulladd.sim\sim_1\behav\xsim\xsim.dir\fulladd_tb_behav\obj\xsim_1.win64.obj,NOT_RELEVANT_WITH_REASON,Exclude generated cache/build artifact from portfolio.,Generated IDE/simulator/compiler cache or binary build artifact.
SRC-0766,컨트롤로직설계,fulladd_[STUDENT-ID]_[AUTHOR]__extracted\fulladd\fulladd.sim\sim_1\behav\xsim\xsim.dir\fulladd_tb_behav\TempBreakPointFile.txt,DUPLICATE,Do not republish duplicate bytes.,Exact SHA-256 duplicate of the canonical source record.
SRC-0767,컨트롤로직설계,fulladd_[STUDENT-ID]_[AUTHOR]__extracted\fulladd\fulladd.sim\sim_1\behav\xsim\xsim.dir\fulladd_tb_behav\xsim.dbg,NOT_RELEVANT_WITH_REASON,Exclude generated cache/build artifact from portfolio.,Generated IDE/simulator/compiler cache or binary build artifact.
SRC-0768,컨트롤로직설계,fulladd_[STUDENT-ID]_[AUTHOR]__extracted\fulladd\fulladd.sim\sim_1\behav\xsim\xsim.dir\fulladd_tb_behav\xsim.mem,NOT_RELEVANT_WITH_REASON,Exclude generated cache/build artifact from portfolio.,Generated IDE/simulator/compiler cache or binary build artifact.
SRC-0769,컨트롤로직설계,fulladd_[STUDENT-ID]_[AUTHOR]__extracted\fulladd\fulladd.sim\sim_1\behav\xsim\xsim.dir\fulladd_tb_behav\xsim.reloc,NOT_RELEVANT_WITH_REASON,Exclude generated cache/build artifact from portfolio.,Generated IDE/simulator/compiler cache or binary build artifact.
SRC-0770,컨트롤로직설계,fulladd_[STUDENT-ID]_[AUTHOR]__extracted\fulladd\fulladd.sim\sim_1\behav\xsim\xsim.dir\fulladd_tb_behav\xsim.rlx,NOT_RELEVANT_WITH_REASON,Exclude generated cache/build artifact from portfolio.,Generated IDE/simulator/compiler cache or binary build artifact.
SRC-0771,컨트롤로직설계,fulladd_[STUDENT-ID]_[AUTHOR]__extracted\fulladd\fulladd.sim\sim_1\behav\xsim\xsim.dir\fulladd_tb_behav\xsim.rtti,NOT_RELEVANT_WITH_REASON,Exclude generated cache/build artifact from portfolio.,Generated IDE/simulator/compiler cache or binary build artifact.
SRC-0772,컨트롤로직설계,fulladd_[STUDENT-ID]_[AUTHOR]__extracted\fulladd\fulladd.sim\sim_1\behav\xsim\xsim.dir\fulladd_tb_behav\xsim.svtype,DUPLICATE,Do not republish duplicate bytes.,Exact SHA-256 duplicate of the canonical source record.
SRC-0773,컨트롤로직설계,fulladd_[STUDENT-ID]_[AUTHOR]__extracted\fulladd\fulladd.sim\sim_1\behav\xsim\xsim.dir\fulladd_tb_behav\xsim.type,NOT_RELEVANT_WITH_REASON,Exclude generated cache/build artifact from portfolio.,Generated IDE/simulator/compiler cache or binary build artifact.
SRC-0774,컨트롤로직설계,fulladd_[STUDENT-ID]_[AUTHOR]__extracted\fulladd\fulladd.sim\sim_1\behav\xsim\xsim.dir\fulladd_tb_behav\xsim.xdbg,NOT_RELEVANT_WITH_REASON,Exclude generated cache/build artifact from portfolio.,Generated IDE/simulator/compiler cache or binary build artifact.
SRC-0775,컨트롤로직설계,fulladd_[STUDENT-ID]_[AUTHOR]__extracted\fulladd\fulladd.sim\sim_1\behav\xsim\xsim.dir\fulladd_tb_behav\xsimcrash.log,DUPLICATE,Do not republish duplicate bytes.,Exact SHA-256 duplicate of the canonical source record.
SRC-0776,컨트롤로직설계,fulladd_[STUDENT-ID]_[AUTHOR]__extracted\fulladd\fulladd.sim\sim_1\behav\xsim\xsim.dir\fulladd_tb_behav\xsimk.exe,NOT_RELEVANT_WITH_REASON,Exclude generated cache/build artifact from portfolio.,Generated IDE/simulator/compiler cache or binary build artifact.
SRC-0777,컨트롤로직설계,fulladd_[STUDENT-ID]_[AUTHOR]__extracted\fulladd\fulladd.sim\sim_1\behav\xsim\xsim.dir\fulladd_tb_behav\xsimkernel.log,NOT_RELEVANT_WITH_REASON,Exclude generated cache/build artifact from portfolio.,Generated IDE/simulator/compiler cache or binary build artifact.
SRC-0778,컨트롤로직설계,fulladd_[STUDENT-ID]_[AUTHOR]__extracted\fulladd\fulladd.sim\sim_1\behav\xsim\xsim.dir\fulladd_tb_behav\xsimSettings.ini,NOT_RELEVANT_WITH_REASON,Exclude generated cache/build artifact from portfolio.,Generated IDE/simulator/compiler cache or binary build artifact.
SRC-0779,컨트롤로직설계,fulladd_[STUDENT-ID]_[AUTHOR]__extracted\fulladd\fulladd.sim\sim_1\behav\xsim\xsim.dir\xil_defaultlib\add_4bits.vdb,NOT_RELEVANT_WITH_REASON,Exclude generated cache/build artifact from portfolio.,Generated IDE/simulator/compiler cache or binary build artifact.
SRC-0780,컨트롤로직설계,fulladd_[STUDENT-ID]_[AUTHOR]__extracted\fulladd\fulladd.sim\sim_1\behav\xsim\xsim.dir\xil_defaultlib\add_4bits_tb.vdb,NOT_RELEVANT_WITH_REASON,Exclude generated cache/build artifact from portfolio.,Generated IDE/simulator/compiler cache or binary build artifact.
SRC-0781,컨트롤로직설계,fulladd_[STUDENT-ID]_[AUTHOR]__extracted\fulladd\fulladd.sim\sim_1\behav\xsim\xsim.dir\xil_defaultlib\fulladd.vdb,NOT_RELEVANT_WITH_REASON,Exclude generated cache/build artifact from portfolio.,Generated IDE/simulator/compiler cache or binary build artifact.
SRC-0782,컨트롤로직설계,fulladd_[STUDENT-ID]_[AUTHOR]__extracted\fulladd\fulladd.sim\sim_1\behav\xsim\xsim.dir\xil_defaultlib\fulladd_tb.vdb,NOT_RELEVANT_WITH_REASON,Exclude generated cache/build artifact from portfolio.,Generated IDE/simulator/compiler cache or binary build artifact.
SRC-0783,컨트롤로직설계,fulladd_[STUDENT-ID]_[AUTHOR]__extracted\fulladd\fulladd.sim\sim_1\behav\xsim\xsim.dir\xil_defaultlib\xil_defaultlib.rlx,NOT_RELEVANT_WITH_REASON,Exclude generated cache/build artifact from portfolio.,Generated IDE/simulator/compiler cache or binary build artifact.
SRC-0784,컨트롤로직설계,fulladd_[STUDENT-ID]_[AUTHOR]__extracted\fulladd\fulladd.sim\sim_1\behav\xsim\xsim.ini,DUPLICATE,Do not republish duplicate bytes.,Exact SHA-256 duplicate of the canonical source record.
SRC-0785,컨트롤로직설계,fulladd_[STUDENT-ID]_[AUTHOR]__extracted\fulladd\fulladd.sim\sim_1\behav\xsim\xvhdl.log,PUBLIC_REFERENCE_ONLY,Retain in private audit; link only if useful and safe.,Original project or simulator context retained as supporting execution evidence.
SRC-0786,컨트롤로직설계,fulladd_[STUDENT-ID]_[AUTHOR]__extracted\fulladd\fulladd.sim\sim_1\behav\xsim\xvhdl.pb,NOT_RELEVANT_WITH_REASON,Exclude generated cache/build artifact from portfolio.,Generated IDE/simulator/compiler cache or binary build artifact.
SRC-0787,컨트롤로직설계,fulladd_[STUDENT-ID]_[AUTHOR]__extracted\fulladd\fulladd.srcs\sim_1\new\add_4bits_tb.vhd,PUBLIC_USED,Curate into case study with source label/redaction.,"Primary student-authored report, source, calculation, or visual evidence."
SRC-0788,컨트롤로직설계,fulladd_[STUDENT-ID]_[AUTHOR]__extracted\fulladd\fulladd.srcs\sim_1\new\fulladd_tb.vhd,PUBLIC_USED,Curate into case study with source label/redaction.,"Primary student-authored report, source, calculation, or visual evidence."
SRC-0789,컨트롤로직설계,fulladd_[STUDENT-ID]_[AUTHOR]__extracted\fulladd\fulladd.srcs\sources_1\new\add_4bits.vhd,PUBLIC_USED,Curate into case study with source label/redaction.,"Primary student-authored report, source, calculation, or visual evidence."
SRC-0790,컨트롤로직설계,fulladd_[STUDENT-ID]_[AUTHOR]__extracted\fulladd\fulladd.srcs\sources_1\new\fulladd.vhd,PUBLIC_USED,Curate into case study with source label/redaction.,"Primary student-authored report, source, calculation, or visual evidence."
SRC-0791,컨트롤로직설계,fulladd_[STUDENT-ID]_[AUTHOR]__extracted\fulladd\fulladd.xpr,PUBLIC_REFERENCE_ONLY,Retain in private audit; link only if useful and safe.,Original project or simulator context retained as supporting execution evidence.
SRC-0792,컨트롤로직설계,mealy_[STUDENT-ID]_[AUTHOR].zip,PUBLIC_REFERENCE_ONLY,Retain in private audit; link only if useful and safe.,Archive provenance retained; publish curated extracted sources only.
SRC-0793,컨트롤로직설계,mealy_[STUDENT-ID]_[AUTHOR]__extracted\mealy_[STUDENT-ID]_[AUTHOR]\mealy.cache\sim\ssm.db,NOT_RELEVANT_WITH_REASON,Exclude generated cache/build artifact from portfolio.,Generated IDE/simulator/compiler cache or binary build artifact.
SRC-0794,컨트롤로직설계,mealy_[STUDENT-ID]_[AUTHOR]__extracted\mealy_[STUDENT-ID]_[AUTHOR]\mealy.cache\wt\project.wpc,NOT_RELEVANT_WITH_REASON,Exclude generated cache/build artifact from portfolio.,Generated IDE/simulator/compiler cache or binary build artifact.
SRC-0795,컨트롤로직설계,mealy_[STUDENT-ID]_[AUTHOR]__extracted\mealy_[STUDENT-ID]_[AUTHOR]\mealy.cache\wt\xsim.wdf,DUPLICATE,Do not republish duplicate bytes.,Exact SHA-256 duplicate of the canonical source record.
SRC-0796,컨트롤로직설계,mealy_[STUDENT-ID]_[AUTHOR]__extracted\mealy_[STUDENT-ID]_[AUTHOR]\mealy.hw\mealy.lpr,DUPLICATE,Do not republish duplicate bytes.,Exact SHA-256 duplicate of the canonical source record.
SRC-0797,컨트롤로직설계,mealy_[STUDENT-ID]_[AUTHOR]__extracted\mealy_[STUDENT-ID]_[AUTHOR]\mealy.ip_user_files\README.txt,DUPLICATE,Do not republish duplicate bytes.,Exact SHA-256 duplicate of the canonical source record.
SRC-0798,컨트롤로직설계,mealy_[STUDENT-ID]_[AUTHOR]__extracted\mealy_[STUDENT-ID]_[AUTHOR]\mealy.sim\sim_1\behav\xsim\compile.bat,PUBLIC_REFERENCE_ONLY,Retain in private audit; link only if useful and safe.,Original project or simulator context retained as supporting execution evidence.
SRC-0799,컨트롤로직설계,mealy_[STUDENT-ID]_[AUTHOR]__extracted\mealy_[STUDENT-ID]_[AUTHOR]\mealy.sim\sim_1\behav\xsim\elaborate.bat,PUBLIC_REFERENCE_ONLY,Retain in private audit; link only if useful and safe.,Original project or simulator context retained as supporting execution evidence.
SRC-0800,컨트롤로직설계,mealy_[STUDENT-ID]_[AUTHOR]__extracted\mealy_[STUDENT-ID]_[AUTHOR]\mealy.sim\sim_1\behav\xsim\elaborate.log,PUBLIC_REFERENCE_ONLY,Retain in private audit; link only if useful and safe.,Original project or simulator context retained as supporting execution evidence.
SRC-0801,컨트롤로직설계,mealy_[STUDENT-ID]_[AUTHOR]__extracted\mealy_[STUDENT-ID]_[AUTHOR]\mealy.sim\sim_1\behav\xsim\mealy_tb.tcl,DUPLICATE,Do not republish duplicate bytes.,Exact SHA-256 duplicate of the canonical source record.
SRC-0802,컨트롤로직설계,mealy_[STUDENT-ID]_[AUTHOR]__extracted\mealy_[STUDENT-ID]_[AUTHOR]\mealy.sim\sim_1\behav\xsim\mealy_tb_behav.wdb,PUBLIC_REFERENCE_ONLY,Retain in private audit; link only if useful and safe.,Retained for provenance; not selected for direct publication.
SRC-0803,컨트롤로직설계,mealy_[STUDENT-ID]_[AUTHOR]__extracted\mealy_[STUDENT-ID]_[AUTHOR]\mealy.sim\sim_1\behav\xsim\mealy_tb_vhdl.prj,PUBLIC_REFERENCE_ONLY,Retain in private audit; link only if useful and safe.,Original project or simulator context retained as supporting execution evidence.
SRC-0804,컨트롤로직설계,mealy_[STUDENT-ID]_[AUTHOR]__extracted\mealy_[STUDENT-ID]_[AUTHOR]\mealy.sim\sim_1\behav\xsim\simulate.bat,PUBLIC_REFERENCE_ONLY,Retain in private audit; link only if useful and safe.,Original project or simulator context retained as supporting execution evidence.
SRC-0805,컨트롤로직설계,mealy_[STUDENT-ID]_[AUTHOR]__extracted\mealy_[STUDENT-ID]_[AUTHOR]\mealy.sim\sim_1\behav\xsim\simulate.log,DUPLICATE,Do not republish duplicate bytes.,Exact SHA-256 duplicate of the canonical source record.
SRC-0806,컨트롤로직설계,mealy_[STUDENT-ID]_[AUTHOR]__extracted\mealy_[STUDENT-ID]_[AUTHOR]\mealy.sim\sim_1\behav\xsim\xelab.pb,NOT_RELEVANT_WITH_REASON,Exclude generated cache/build artifact from portfolio.,Generated IDE/simulator/compiler cache or binary build artifact.
SRC-0807,컨트롤로직설계,mealy_[STUDENT-ID]_[AUTHOR]__extracted\mealy_[STUDENT-ID]_[AUTHOR]\mealy.sim\sim_1\behav\xsim\xsim.dir\mealy_tb_behav\Compile_Options.txt,DUPLICATE,Do not republish duplicate bytes.,Exact SHA-256 duplicate of the canonical source record.
SRC-0808,컨트롤로직설계,mealy_[STUDENT-ID]_[AUTHOR]__extracted\mealy_[STUDENT-ID]_[AUTHOR]\mealy.sim\sim_1\behav\xsim\xsim.dir\mealy_tb_behav\obj\xsim_0.win64.obj,NOT_RELEVANT_WITH_REASON,Exclude generated cache/build artifact from portfolio.,Generated IDE/simulator/compiler cache or binary build artifact.
SRC-0809,컨트롤로직설계,mealy_[STUDENT-ID]_[AUTHOR]__extracted\mealy_[STUDENT-ID]_[AUTHOR]\mealy.sim\sim_1\behav\xsim\xsim.dir\mealy_tb_behav\obj\xsim_1.c,DUPLICATE,Do not republish duplicate bytes.,Exact SHA-256 duplicate of the canonical source record.
SRC-0810,컨트롤로직설계,mealy_[STUDENT-ID]_[AUTHOR]__extracted\mealy_[STUDENT-ID]_[AUTHOR]\mealy.sim\sim_1\behav\xsim\xsim.dir\mealy_tb_behav\obj\xsim_1.win64.obj,DUPLICATE,Do not republish duplicate bytes.,Exact SHA-256 duplicate of the canonical source record.
SRC-0811,컨트롤로직설계,mealy_[STUDENT-ID]_[AUTHOR]__extracted\mealy_[STUDENT-ID]_[AUTHOR]\mealy.sim\sim_1\behav\xsim\xsim.dir\mealy_tb_behav\TempBreakPointFile.txt,DUPLICATE,Do not republish duplicate bytes.,Exact SHA-256 duplicate of the canonical source record.
SRC-0812,컨트롤로직설계,mealy_[STUDENT-ID]_[AUTHOR]__extracted\mealy_[STUDENT-ID]_[AUTHOR]\mealy.sim\sim_1\behav\xsim\xsim.dir\mealy_tb_behav\xsim.dbg,NOT_RELEVANT_WITH_REASON,Exclude generated cache/build artifact from portfolio.,Generated IDE/simulator/compiler cache or binary build artifact.
SRC-0813,컨트롤로직설계,mealy_[STUDENT-ID]_[AUTHOR]__extracted\mealy_[STUDENT-ID]_[AUTHOR]\mealy.sim\sim_1\behav\xsim\xsim.dir\mealy_tb_behav\xsim.mem,NOT_RELEVANT_WITH_REASON,Exclude generated cache/build artifact from portfolio.,Generated IDE/simulator/compiler cache or binary build artifact.
SRC-0814,컨트롤로직설계,mealy_[STUDENT-ID]_[AUTHOR]__extracted\mealy_[STUDENT-ID]_[AUTHOR]\mealy.sim\sim_1\behav\xsim\xsim.dir\mealy_tb_behav\xsim.reloc,DUPLICATE,Do not republish duplicate bytes.,Exact SHA-256 duplicate of the canonical source record.
SRC-0815,컨트롤로직설계,mealy_[STUDENT-ID]_[AUTHOR]__extracted\mealy_[STUDENT-ID]_[AUTHOR]\mealy.sim\sim_1\behav\xsim\xsim.dir\mealy_tb_behav\xsim.rlx,NOT_RELEVANT_WITH_REASON,Exclude generated cache/build artifact from portfolio.,Generated IDE/simulator/compiler cache or binary build artifact.
SRC-0816,컨트롤로직설계,mealy_[STUDENT-ID]_[AUTHOR]__extracted\mealy_[STUDENT-ID]_[AUTHOR]\mealy.sim\sim_1\behav\xsim\xsim.dir\mealy_tb_behav\xsim.rtti,NOT_RELEVANT_WITH_REASON,Exclude generated cache/build artifact from portfolio.,Generated IDE/simulator/compiler cache or binary build artifact.
SRC-0817,컨트롤로직설계,mealy_[STUDENT-ID]_[AUTHOR]__extracted\mealy_[STUDENT-ID]_[AUTHOR]\mealy.sim\sim_1\behav\xsim\xsim.dir\mealy_tb_behav\xsim.svtype,DUPLICATE,Do not republish duplicate bytes.,Exact SHA-256 duplicate of the canonical source record.
SRC-0818,컨트롤로직설계,mealy_[STUDENT-ID]_[AUTHOR]__extracted\mealy_[STUDENT-ID]_[AUTHOR]\mealy.sim\sim_1\behav\xsim\xsim.dir\mealy_tb_behav\xsim.type,NOT_RELEVANT_WITH_REASON,Exclude generated cache/build artifact from portfolio.,Generated IDE/simulator/compiler cache or binary build artifact.
SRC-0819,컨트롤로직설계,mealy_[STUDENT-ID]_[AUTHOR]__extracted\mealy_[STUDENT-ID]_[AUTHOR]\mealy.sim\sim_1\behav\xsim\xsim.dir\mealy_tb_behav\xsim.xdbg,NOT_RELEVANT_WITH_REASON,Exclude generated cache/build artifact from portfolio.,Generated IDE/simulator/compiler cache or binary build artifact.
SRC-0820,컨트롤로직설계,mealy_[STUDENT-ID]_[AUTHOR]__extracted\mealy_[STUDENT-ID]_[AUTHOR]\mealy.sim\sim_1\behav\xsim\xsim.dir\mealy_tb_behav\xsimcrash.log,DUPLICATE,Do not republish duplicate bytes.,Exact SHA-256 duplicate of the canonical source record.
SRC-0821,컨트롤로직설계,mealy_[STUDENT-ID]_[AUTHOR]__extracted\mealy_[STUDENT-ID]_[AUTHOR]\mealy.sim\sim_1\behav\xsim\xsim.dir\mealy_tb_behav\xsimk.exe,NOT_RELEVANT_WITH_REASON,Exclude generated cache/build artifact from portfolio.,Generated IDE/simulator/compiler cache or binary build artifact.
SRC-0822,컨트롤로직설계,mealy_[STUDENT-ID]_[AUTHOR]__extracted\mealy_[STUDENT-ID]_[AUTHOR]\mealy.sim\sim_1\behav\xsim\xsim.dir\mealy_tb_behav\xsimkernel.log,NOT_RELEVANT_WITH_REASON,Exclude generated cache/build artifact from portfolio.,Generated IDE/simulator/compiler cache or binary build artifact.
SRC-0823,컨트롤로직설계,mealy_[STUDENT-ID]_[AUTHOR]__extracted\mealy_[STUDENT-ID]_[AUTHOR]\mealy.sim\sim_1\behav\xsim\xsim.dir\mealy_tb_behav\xsimSettings.ini,NOT_RELEVANT_WITH_REASON,Exclude generated cache/build artifact from portfolio.,Generated IDE/simulator/compiler cache or binary build artifact.
SRC-0824,컨트롤로직설계,mealy_[STUDENT-ID]_[AUTHOR]__extracted\mealy_[STUDENT-ID]_[AUTHOR]\mealy.sim\sim_1\behav\xsim\xsim.dir\xil_defaultlib\mealy.vdb,NOT_RELEVANT_WITH_REASON,Exclude generated cache/build artifact from portfolio.,Generated IDE/simulator/compiler cache or binary build artifact.
SRC-0825,컨트롤로직설계,mealy_[STUDENT-ID]_[AUTHOR]__extracted\mealy_[STUDENT-ID]_[AUTHOR]\mealy.sim\sim_1\behav\xsim\xsim.dir\xil_defaultlib\mealy_tb.vdb,NOT_RELEVANT_WITH_REASON,Exclude generated cache/build artifact from portfolio.,Generated IDE/simulator/compiler cache or binary build artifact.
SRC-0826,컨트롤로직설계,mealy_[STUDENT-ID]_[AUTHOR]__extracted\mealy_[STUDENT-ID]_[AUTHOR]\mealy.sim\sim_1\behav\xsim\xsim.dir\xil_defaultlib\xil_defaultlib.rlx,NOT_RELEVANT_WITH_REASON,Exclude generated cache/build artifact from portfolio.,Generated IDE/simulator/compiler cache or binary build artifact.
SRC-0827,컨트롤로직설계,mealy_[STUDENT-ID]_[AUTHOR]__extracted\mealy_[STUDENT-ID]_[AUTHOR]\mealy.sim\sim_1\behav\xsim\xsim.ini,DUPLICATE,Do not republish duplicate bytes.,Exact SHA-256 duplicate of the canonical source record.
SRC-0828,컨트롤로직설계,mealy_[STUDENT-ID]_[AUTHOR]__extracted\mealy_[STUDENT-ID]_[AUTHOR]\mealy.sim\sim_1\behav\xsim\xvhdl.log,DUPLICATE,Do not republish duplicate bytes.,Exact SHA-256 duplicate of the canonical source record.
SRC-0829,컨트롤로직설계,mealy_[STUDENT-ID]_[AUTHOR]__extracted\mealy_[STUDENT-ID]_[AUTHOR]\mealy.sim\sim_1\behav\xsim\xvhdl.pb,NOT_RELEVANT_WITH_REASON,Exclude generated cache/build artifact from portfolio.,Generated IDE/simulator/compiler cache or binary build artifact.
SRC-0830,컨트롤로직설계,mealy_[STUDENT-ID]_[AUTHOR]__extracted\mealy_[STUDENT-ID]_[AUTHOR]\mealy.srcs\sim_1\new\mealy_tb.vhd,PUBLIC_USED,Curate into case study with source label/redaction.,"Primary student-authored report, source, calculation, or visual evidence."
SRC-0831,컨트롤로직설계,mealy_[STUDENT-ID]_[AUTHOR]__extracted\mealy_[STUDENT-ID]_[AUTHOR]\mealy.srcs\sources_1\new\mealy.vhd,PUBLIC_USED,Curate into case study with source label/redaction.,"Primary student-authored report, source, calculation, or visual evidence."
SRC-0832,컨트롤로직설계,mealy_[STUDENT-ID]_[AUTHOR]__extracted\mealy_[STUDENT-ID]_[AUTHOR]\mealy.xpr,PUBLIC_REFERENCE_ONLY,Retain in private audit; link only if useful and safe.,Original project or simulator context retained as supporting execution evidence.
SRC-0833,컨트롤로직설계,mux_8to1\스크린샷 2026-07-29 110103.png,PUBLIC_USED,Curate into case study with source label/redaction.,"Primary student-authored report, source, calculation, or visual evidence."
SRC-0834,컨트롤로직설계,mux_8to1\스크린샷 2026-07-29 110115.png,PUBLIC_USED,Curate into case study with source label/redaction.,"Primary student-authored report, source, calculation, or visual evidence."
SRC-0835,컨트롤로직설계,mux_8to1\스크린샷 2026-07-29 110244.png,PUBLIC_USED,Curate into case study with source label/redaction.,"Primary student-authored report, source, calculation, or visual evidence."
SRC-0836,컨트롤로직설계,mux_8to1\스크린샷 2026-07-29 110314.png,PUBLIC_USED,Curate into case study with source label/redaction.,"Primary student-authored report, source, calculation, or visual evidence."
SRC-0837,컨트롤로직설계,mux_8to1\스크린샷 2026-07-29 110323.png,PUBLIC_USED,Curate into case study with source label/redaction.,"Primary student-authored report, source, calculation, or visual evidence."
SRC-0838,컨트롤로직설계,mux_8to1\스크린샷 2026-07-29 110328.png,PUBLIC_USED,Curate into case study with source label/redaction.,"Primary student-authored report, source, calculation, or visual evidence."
SRC-0839,컨트롤로직설계,mux_8to1\스크린샷 2026-07-29 110332.png,PUBLIC_USED,Curate into case study with source label/redaction.,"Primary student-authored report, source, calculation, or visual evidence."
SRC-0840,컨트롤로직설계,mux_8to1\스크린샷 2026-07-29 110335.png,PUBLIC_USED,Curate into case study with source label/redaction.,"Primary student-authored report, source, calculation, or visual evidence."
SRC-0841,컨트롤로직설계,mux_8to1\스크린샷 2026-07-29 110339.png,PUBLIC_USED,Curate into case study with source label/redaction.,"Primary student-authored report, source, calculation, or visual evidence."
SRC-0842,컨트롤로직설계,mux_8to1\스크린샷 2026-07-29 110347.png,PUBLIC_USED,Curate into case study with source label/redaction.,"Primary student-authored report, source, calculation, or visual evidence."
SRC-0843,컨트롤로직설계,mux_8to1\스크린샷 2026-07-29 110357.png,PUBLIC_USED,Curate into case study with source label/redaction.,"Primary student-authored report, source, calculation, or visual evidence."
SRC-0844,컨트롤로직설계,mux_8to1\스크린샷 2026-07-29 110440.png,PUBLIC_USED,Curate into case study with source label/redaction.,"Primary student-authored report, source, calculation, or visual evidence."
SRC-0845,컨트롤로직설계,mux_8to1\스크린샷 2026-07-29 110449.png,PUBLIC_USED,Curate into case study with source label/redaction.,"Primary student-authored report, source, calculation, or visual evidence."
SRC-0846,컨트롤로직설계,mux_8to1\스크린샷 2026-07-29 110455.png,PUBLIC_USED,Curate into case study with source label/redaction.,"Primary student-authored report, source, calculation, or visual evidence."
SRC-0847,컨트롤로직설계,mux_8to1\스크린샷 2026-07-29 110459.png,PUBLIC_USED,Curate into case study with source label/redaction.,"Primary student-authored report, source, calculation, or visual evidence."
SRC-0848,컨트롤로직설계,mux_8to1\스크린샷 2026-07-29 110503.png,PUBLIC_USED,Curate into case study with source label/redaction.,"Primary student-authored report, source, calculation, or visual evidence."
SRC-0849,컨트롤로직설계,mux_8to1_[STUDENT-ID]_[AUTHOR].zip,PUBLIC_REFERENCE_ONLY,Retain in private audit; link only if useful and safe.,Archive provenance retained; publish curated extracted sources only.
SRC-0850,컨트롤로직설계,mux_8to1_[STUDENT-ID]_[AUTHOR]__extracted\mux_8to1.cache\sim\ssm.db,NOT_RELEVANT_WITH_REASON,Exclude generated cache/build artifact from portfolio.,Generated IDE/simulator/compiler cache or binary build artifact.
SRC-0851,컨트롤로직설계,mux_8to1_[STUDENT-ID]_[AUTHOR]__extracted\mux_8to1.cache\wt\project.wpc,DUPLICATE,Do not republish duplicate bytes.,Exact SHA-256 duplicate of the canonical source record.
SRC-0852,컨트롤로직설계,mux_8to1_[STUDENT-ID]_[AUTHOR]__extracted\mux_8to1.cache\wt\xsim.wdf,NOT_RELEVANT_WITH_REASON,Exclude generated cache/build artifact from portfolio.,Generated IDE/simulator/compiler cache or binary build artifact.
SRC-0853,컨트롤로직설계,mux_8to1_[STUDENT-ID]_[AUTHOR]__extracted\mux_8to1.hw\mux_8to1.lpr,DUPLICATE,Do not republish duplicate bytes.,Exact SHA-256 duplicate of the canonical source record.
SRC-0854,컨트롤로직설계,mux_8to1_[STUDENT-ID]_[AUTHOR]__extracted\mux_8to1.ip_user_files\README.txt,DUPLICATE,Do not republish duplicate bytes.,Exact SHA-256 duplicate of the canonical source record.
SRC-0855,컨트롤로직설계,mux_8to1_[STUDENT-ID]_[AUTHOR]__extracted\mux_8to1.sim\sim_1\behav\xsim\compile.bat,PUBLIC_REFERENCE_ONLY,Retain in private audit; link only if useful and safe.,Original project or simulator context retained as supporting execution evidence.
SRC-0856,컨트롤로직설계,mux_8to1_[STUDENT-ID]_[AUTHOR]__extracted\mux_8to1.sim\sim_1\behav\xsim\compile.log,DUPLICATE,Do not republish duplicate bytes.,Exact SHA-256 duplicate of the canonical source record.
SRC-0857,컨트롤로직설계,mux_8to1_[STUDENT-ID]_[AUTHOR]__extracted\mux_8to1.sim\sim_1\behav\xsim\dec_3to8_tb.tcl,DUPLICATE,Do not republish duplicate bytes.,Exact SHA-256 duplicate of the canonical source record.
SRC-0858,컨트롤로직설계,mux_8to1_[STUDENT-ID]_[AUTHOR]__extracted\mux_8to1.sim\sim_1\behav\xsim\dec_3to8_tb_behav.wdb,PUBLIC_REFERENCE_ONLY,Retain in private audit; link only if useful and safe.,Retained for provenance; not selected for direct publication.
SRC-0859,컨트롤로직설계,mux_8to1_[STUDENT-ID]_[AUTHOR]__extracted\mux_8to1.sim\sim_1\behav\xsim\elaborate.bat,PUBLIC_REFERENCE_ONLY,Retain in private audit; link only if useful and safe.,Original project or simulator context retained as supporting execution evidence.
SRC-0860,컨트롤로직설계,mux_8to1_[STUDENT-ID]_[AUTHOR]__extracted\mux_8to1.sim\sim_1\behav\xsim\elaborate.log,PUBLIC_REFERENCE_ONLY,Retain in private audit; link only if useful and safe.,Original project or simulator context retained as supporting execution evidence.
SRC-0861,컨트롤로직설계,mux_8to1_[STUDENT-ID]_[AUTHOR]__extracted\mux_8to1.sim\sim_1\behav\xsim\mux_8to1_tb.tcl,DUPLICATE,Do not republish duplicate bytes.,Exact SHA-256 duplicate of the canonical source record.
SRC-0862,컨트롤로직설계,mux_8to1_[STUDENT-ID]_[AUTHOR]__extracted\mux_8to1.sim\sim_1\behav\xsim\mux_8to1_tb_behav.wdb,PUBLIC_REFERENCE_ONLY,Retain in private audit; link only if useful and safe.,Retained for provenance; not selected for direct publication.
SRC-0863,컨트롤로직설계,mux_8to1_[STUDENT-ID]_[AUTHOR]__extracted\mux_8to1.sim\sim_1\behav\xsim\mux_8to1_tb_vhdl.prj,PUBLIC_REFERENCE_ONLY,Retain in private audit; link only if useful and safe.,Original project or simulator context retained as supporting execution evidence.
SRC-0864,컨트롤로직설계,mux_8to1_[STUDENT-ID]_[AUTHOR]__extracted\mux_8to1.sim\sim_1\behav\xsim\simulate.bat,PUBLIC_REFERENCE_ONLY,Retain in private audit; link only if useful and safe.,Original project or simulator context retained as supporting execution evidence.
SRC-0865,컨트롤로직설계,mux_8to1_[STUDENT-ID]_[AUTHOR]__extracted\mux_8to1.sim\sim_1\behav\xsim\simulate.log,DUPLICATE,Do not republish duplicate bytes.,Exact SHA-256 duplicate of the canonical source record.
SRC-0866,컨트롤로직설계,mux_8to1_[STUDENT-ID]_[AUTHOR]__extracted\mux_8to1.sim\sim_1\behav\xsim\xelab.pb,NOT_RELEVANT_WITH_REASON,Exclude generated cache/build artifact from portfolio.,Generated IDE/simulator/compiler cache or binary build artifact.
SRC-0867,컨트롤로직설계,mux_8to1_[STUDENT-ID]_[AUTHOR]__extracted\mux_8to1.sim\sim_1\behav\xsim\xsim.dir\dec_3to8_tb_behav\Compile_Options.txt,NOT_RELEVANT_WITH_REASON,Exclude generated cache/build artifact from portfolio.,Generated IDE/simulator/compiler cache or binary build artifact.
SRC-0868,컨트롤로직설계,mux_8to1_[STUDENT-ID]_[AUTHOR]__extracted\mux_8to1.sim\sim_1\behav\xsim\xsim.dir\dec_3to8_tb_behav\obj\xsim_0.win64.obj,NOT_RELEVANT_WITH_REASON,Exclude generated cache/build artifact from portfolio.,Generated IDE/simulator/compiler cache or binary build artifact.
SRC-0869,컨트롤로직설계,mux_8to1_[STUDENT-ID]_[AUTHOR]__extracted\mux_8to1.sim\sim_1\behav\xsim\xsim.dir\dec_3to8_tb_behav\obj\xsim_1.c,NOT_RELEVANT_WITH_REASON,Exclude generated cache/build artifact from portfolio.,Generated IDE/simulator/compiler cache or binary build artifact.
SRC-0870,컨트롤로직설계,mux_8to1_[STUDENT-ID]_[AUTHOR]__extracted\mux_8to1.sim\sim_1\behav\xsim\xsim.dir\dec_3to8_tb_behav\obj\xsim_1.win64.obj,NOT_RELEVANT_WITH_REASON,Exclude generated cache/build artifact from portfolio.,Generated IDE/simulator/compiler cache or binary build artifact.
SRC-0871,컨트롤로직설계,mux_8to1_[STUDENT-ID]_[AUTHOR]__extracted\mux_8to1.sim\sim_1\behav\xsim\xsim.dir\dec_3to8_tb_behav\TempBreakPointFile.txt,DUPLICATE,Do not republish duplicate bytes.,Exact SHA-256 duplicate of the canonical source record.
SRC-0872,컨트롤로직설계,mux_8to1_[STUDENT-ID]_[AUTHOR]__extracted\mux_8to1.sim\sim_1\behav\xsim\xsim.dir\dec_3to8_tb_behav\xsim.dbg,NOT_RELEVANT_WITH_REASON,Exclude generated cache/build artifact from portfolio.,Generated IDE/simulator/compiler cache or binary build artifact.
SRC-0873,컨트롤로직설계,mux_8to1_[STUDENT-ID]_[AUTHOR]__extracted\mux_8to1.sim\sim_1\behav\xsim\xsim.dir\dec_3to8_tb_behav\xsim.mem,NOT_RELEVANT_WITH_REASON,Exclude generated cache/build artifact from portfolio.,Generated IDE/simulator/compiler cache or binary build artifact.
SRC-0874,컨트롤로직설계,mux_8to1_[STUDENT-ID]_[AUTHOR]__extracted\mux_8to1.sim\sim_1\behav\xsim\xsim.dir\dec_3to8_tb_behav\xsim.reloc,NOT_RELEVANT_WITH_REASON,Exclude generated cache/build artifact from portfolio.,Generated IDE/simulator/compiler cache or binary build artifact.
SRC-0875,컨트롤로직설계,mux_8to1_[STUDENT-ID]_[AUTHOR]__extracted\mux_8to1.sim\sim_1\behav\xsim\xsim.dir\dec_3to8_tb_behav\xsim.rlx,NOT_RELEVANT_WITH_REASON,Exclude generated cache/build artifact from portfolio.,Generated IDE/simulator/compiler cache or binary build artifact.
SRC-0876,컨트롤로직설계,mux_8to1_[STUDENT-ID]_[AUTHOR]__extracted\mux_8to1.sim\sim_1\behav\xsim\xsim.dir\dec_3to8_tb_behav\xsim.rtti,NOT_RELEVANT_WITH_REASON,Exclude generated cache/build artifact from portfolio.,Generated IDE/simulator/compiler cache or binary build artifact.
SRC-0877,컨트롤로직설계,mux_8to1_[STUDENT-ID]_[AUTHOR]__extracted\mux_8to1.sim\sim_1\behav\xsim\xsim.dir\dec_3to8_tb_behav\xsim.svtype,DUPLICATE,Do not republish duplicate bytes.,Exact SHA-256 duplicate of the canonical source record.
SRC-0878,컨트롤로직설계,mux_8to1_[STUDENT-ID]_[AUTHOR]__extracted\mux_8to1.sim\sim_1\behav\xsim\xsim.dir\dec_3to8_tb_behav\xsim.type,NOT_RELEVANT_WITH_REASON,Exclude generated cache/build artifact from portfolio.,Generated IDE/simulator/compiler cache or binary build artifact.
SRC-0879,컨트롤로직설계,mux_8to1_[STUDENT-ID]_[AUTHOR]__extracted\mux_8to1.sim\sim_1\behav\xsim\xsim.dir\dec_3to8_tb_behav\xsim.xdbg,NOT_RELEVANT_WITH_REASON,Exclude generated cache/build artifact from portfolio.,Generated IDE/simulator/compiler cache or binary build artifact.
SRC-0880,컨트롤로직설계,mux_8to1_[STUDENT-ID]_[AUTHOR]__extracted\mux_8to1.sim\sim_1\behav\xsim\xsim.dir\dec_3to8_tb_behav\xsimcrash.log,DUPLICATE,Do not republish duplicate bytes.,Exact SHA-256 duplicate of the canonical source record.
SRC-0881,컨트롤로직설계,mux_8to1_[STUDENT-ID]_[AUTHOR]__extracted\mux_8to1.sim\sim_1\behav\xsim\xsim.dir\dec_3to8_tb_behav\xsimk.exe,NOT_RELEVANT_WITH_REASON,Exclude generated cache/build artifact from portfolio.,Generated IDE/simulator/compiler cache or binary build artifact.
SRC-0882,컨트롤로직설계,mux_8to1_[STUDENT-ID]_[AUTHOR]__extracted\mux_8to1.sim\sim_1\behav\xsim\xsim.dir\dec_3to8_tb_behav\xsimkernel.log,NOT_RELEVANT_WITH_REASON,Exclude generated cache/build artifact from portfolio.,Generated IDE/simulator/compiler cache or binary build artifact.
SRC-0883,컨트롤로직설계,mux_8to1_[STUDENT-ID]_[AUTHOR]__extracted\mux_8to1.sim\sim_1\behav\xsim\xsim.dir\dec_3to8_tb_behav\xsimSettings.ini,NOT_RELEVANT_WITH_REASON,Exclude generated cache/build artifact from portfolio.,Generated IDE/simulator/compiler cache or binary build artifact.
SRC-0884,컨트롤로직설계,mux_8to1_[STUDENT-ID]_[AUTHOR]__extracted\mux_8to1.sim\sim_1\behav\xsim\xsim.dir\mux_8to1_tb_behav\Compile_Options.txt,NOT_RELEVANT_WITH_REASON,Exclude generated cache/build artifact from portfolio.,Generated IDE/simulator/compiler cache or binary build artifact.
SRC-0885,컨트롤로직설계,mux_8to1_[STUDENT-ID]_[AUTHOR]__extracted\mux_8to1.sim\sim_1\behav\xsim\xsim.dir\mux_8to1_tb_behav\obj\xsim_0.win64.obj,NOT_RELEVANT_WITH_REASON,Exclude generated cache/build artifact from portfolio.,Generated IDE/simulator/compiler cache or binary build artifact.
SRC-0886,컨트롤로직설계,mux_8to1_[STUDENT-ID]_[AUTHOR]__extracted\mux_8to1.sim\sim_1\behav\xsim\xsim.dir\mux_8to1_tb_behav\obj\xsim_1.c,NOT_RELEVANT_WITH_REASON,Exclude generated cache/build artifact from portfolio.,Generated IDE/simulator/compiler cache or binary build artifact.
SRC-0887,컨트롤로직설계,mux_8to1_[STUDENT-ID]_[AUTHOR]__extracted\mux_8to1.sim\sim_1\behav\xsim\xsim.dir\mux_8to1_tb_behav\obj\xsim_1.win64.obj,NOT_RELEVANT_WITH_REASON,Exclude generated cache/build artifact from portfolio.,Generated IDE/simulator/compiler cache or binary build artifact.
SRC-0888,컨트롤로직설계,mux_8to1_[STUDENT-ID]_[AUTHOR]__extracted\mux_8to1.sim\sim_1\behav\xsim\xsim.dir\mux_8to1_tb_behav\TempBreakPointFile.txt,DUPLICATE,Do not republish duplicate bytes.,Exact SHA-256 duplicate of the canonical source record.
SRC-0889,컨트롤로직설계,mux_8to1_[STUDENT-ID]_[AUTHOR]__extracted\mux_8to1.sim\sim_1\behav\xsim\xsim.dir\mux_8to1_tb_behav\xsim.dbg,NOT_RELEVANT_WITH_REASON,Exclude generated cache/build artifact from portfolio.,Generated IDE/simulator/compiler cache or binary build artifact.
SRC-0890,컨트롤로직설계,mux_8to1_[STUDENT-ID]_[AUTHOR]__extracted\mux_8to1.sim\sim_1\behav\xsim\xsim.dir\mux_8to1_tb_behav\xsim.mem,NOT_RELEVANT_WITH_REASON,Exclude generated cache/build artifact from portfolio.,Generated IDE/simulator/compiler cache or binary build artifact.
SRC-0891,컨트롤로직설계,mux_8to1_[STUDENT-ID]_[AUTHOR]__extracted\mux_8to1.sim\sim_1\behav\xsim\xsim.dir\mux_8to1_tb_behav\xsim.reloc,NOT_RELEVANT_WITH_REASON,Exclude generated cache/build artifact from portfolio.,Generated IDE/simulator/compiler cache or binary build artifact.
SRC-0892,컨트롤로직설계,mux_8to1_[STUDENT-ID]_[AUTHOR]__extracted\mux_8to1.sim\sim_1\behav\xsim\xsim.dir\mux_8to1_tb_behav\xsim.rlx,NOT_RELEVANT_WITH_REASON,Exclude generated cache/build artifact from portfolio.,Generated IDE/simulator/compiler cache or binary build artifact.
SRC-0893,컨트롤로직설계,mux_8to1_[STUDENT-ID]_[AUTHOR]__extracted\mux_8to1.sim\sim_1\behav\xsim\xsim.dir\mux_8to1_tb_behav\xsim.rtti,NOT_RELEVANT_WITH_REASON,Exclude generated cache/build artifact from portfolio.,Generated IDE/simulator/compiler cache or binary build artifact.
SRC-0894,컨트롤로직설계,mux_8to1_[STUDENT-ID]_[AUTHOR]__extracted\mux_8to1.sim\sim_1\behav\xsim\xsim.dir\mux_8to1_tb_behav\xsim.svtype,DUPLICATE,Do not republish duplicate bytes.,Exact SHA-256 duplicate of the canonical source record.
SRC-0895,컨트롤로직설계,mux_8to1_[STUDENT-ID]_[AUTHOR]__extracted\mux_8to1.sim\sim_1\behav\xsim\xsim.dir\mux_8to1_tb_behav\xsim.type,NOT_RELEVANT_WITH_REASON,Exclude generated cache/build artifact from portfolio.,Generated IDE/simulator/compiler cache or binary build artifact.
SRC-0896,컨트롤로직설계,mux_8to1_[STUDENT-ID]_[AUTHOR]__extracted\mux_8to1.sim\sim_1\behav\xsim\xsim.dir\mux_8to1_tb_behav\xsim.xdbg,NOT_RELEVANT_WITH_REASON,Exclude generated cache/build artifact from portfolio.,Generated IDE/simulator/compiler cache or binary build artifact.
SRC-0897,컨트롤로직설계,mux_8to1_[STUDENT-ID]_[AUTHOR]__extracted\mux_8to1.sim\sim_1\behav\xsim\xsim.dir\mux_8to1_tb_behav\xsimcrash.log,DUPLICATE,Do not republish duplicate bytes.,Exact SHA-256 duplicate of the canonical source record.
SRC-0898,컨트롤로직설계,mux_8to1_[STUDENT-ID]_[AUTHOR]__extracted\mux_8to1.sim\sim_1\behav\xsim\xsim.dir\mux_8to1_tb_behav\xsimk.exe,NOT_RELEVANT_WITH_REASON,Exclude generated cache/build artifact from portfolio.,Generated IDE/simulator/compiler cache or binary build artifact.
SRC-0899,컨트롤로직설계,mux_8to1_[STUDENT-ID]_[AUTHOR]__extracted\mux_8to1.sim\sim_1\behav\xsim\xsim.dir\mux_8to1_tb_behav\xsimkernel.log,NOT_RELEVANT_WITH_REASON,Exclude generated cache/build artifact from portfolio.,Generated IDE/simulator/compiler cache or binary build artifact.
SRC-0900,컨트롤로직설계,mux_8to1_[STUDENT-ID]_[AUTHOR]__extracted\mux_8to1.sim\sim_1\behav\xsim\xsim.dir\mux_8to1_tb_behav\xsimSettings.ini,NOT_RELEVANT_WITH_REASON,Exclude generated cache/build artifact from portfolio.,Generated IDE/simulator/compiler cache or binary build artifact.
SRC-0901,컨트롤로직설계,mux_8to1_[STUDENT-ID]_[AUTHOR]__extracted\mux_8to1.sim\sim_1\behav\xsim\xsim.dir\xil_defaultlib\dec_3to8.vdb,NOT_RELEVANT_WITH_REASON,Exclude generated cache/build artifact from portfolio.,Generated IDE/simulator/compiler cache or binary build artifact.
SRC-0902,컨트롤로직설계,mux_8to1_[STUDENT-ID]_[AUTHOR]__extracted\mux_8to1.sim\sim_1\behav\xsim\xsim.dir\xil_defaultlib\dec_3to8_tb.vdb,NOT_RELEVANT_WITH_REASON,Exclude generated cache/build artifact from portfolio.,Generated IDE/simulator/compiler cache or binary build artifact.
SRC-0903,컨트롤로직설계,mux_8to1_[STUDENT-ID]_[AUTHOR]__extracted\mux_8to1.sim\sim_1\behav\xsim\xsim.dir\xil_defaultlib\mux_8to1.vdb,NOT_RELEVANT_WITH_REASON,Exclude generated cache/build artifact from portfolio.,Generated IDE/simulator/compiler cache or binary build artifact.
SRC-0904,컨트롤로직설계,mux_8to1_[STUDENT-ID]_[AUTHOR]__extracted\mux_8to1.sim\sim_1\behav\xsim\xsim.dir\xil_defaultlib\mux_8to1_tb.vdb,NOT_RELEVANT_WITH_REASON,Exclude generated cache/build artifact from portfolio.,Generated IDE/simulator/compiler cache or binary build artifact.
SRC-0905,컨트롤로직설계,mux_8to1_[STUDENT-ID]_[AUTHOR]__extracted\mux_8to1.sim\sim_1\behav\xsim\xsim.dir\xil_defaultlib\xil_defaultlib.rlx,NOT_RELEVANT_WITH_REASON,Exclude generated cache/build artifact from portfolio.,Generated IDE/simulator/compiler cache or binary build artifact.
SRC-0906,컨트롤로직설계,mux_8to1_[STUDENT-ID]_[AUTHOR]__extracted\mux_8to1.sim\sim_1\behav\xsim\xsim.ini,DUPLICATE,Do not republish duplicate bytes.,Exact SHA-256 duplicate of the canonical source record.
SRC-0907,컨트롤로직설계,mux_8to1_[STUDENT-ID]_[AUTHOR]__extracted\mux_8to1.sim\sim_1\behav\xsim\xvhdl.log,PUBLIC_REFERENCE_ONLY,Retain in private audit; link only if useful and safe.,Original project or simulator context retained as supporting execution evidence.
SRC-0908,컨트롤로직설계,mux_8to1_[STUDENT-ID]_[AUTHOR]__extracted\mux_8to1.sim\sim_1\behav\xsim\xvhdl.pb,NOT_RELEVANT_WITH_REASON,Exclude generated cache/build artifact from portfolio.,Generated IDE/simulator/compiler cache or binary build artifact.
SRC-0909,컨트롤로직설계,mux_8to1_[STUDENT-ID]_[AUTHOR]__extracted\mux_8to1.srcs\sim_1\new\mux_8to1_tb.vhd,PUBLIC_USED,Curate into case study with source label/redaction.,"Primary student-authored report, source, calculation, or visual evidence."
SRC-0910,컨트롤로직설계,mux_8to1_[STUDENT-ID]_[AUTHOR]__extracted\mux_8to1.srcs\sources_1\new\mux_8to1.vhd,PUBLIC_USED,Curate into case study with source label/redaction.,"Primary student-authored report, source, calculation, or visual evidence."
SRC-0911,컨트롤로직설계,mux_8to1_[STUDENT-ID]_[AUTHOR]__extracted\mux_8to1.xpr,PUBLIC_REFERENCE_ONLY,Retain in private audit; link only if useful and safe.,Original project or simulator context retained as supporting execution evidence.
