source_id,subject,relative_path,extension,bytes,sha256,exact_duplicate_count,canonical_relative_path,classification,classification_reason
SRC-0001,VRET (withheld),[WITHHELD]/VRET-0001.hwp,.hwp,73242112,[WITHHELD],1,[WITHHELD],PRIVATE_OR_CONFIDENTIAL,Industry R&D material; withheld pending explicit disclosure review and redaction.
SRC-0002,VRET (withheld),[WITHHELD]/VRET-0002.docx,.docx,313042,[WITHHELD],1,[WITHHELD],PRIVATE_OR_CONFIDENTIAL,Industry R&D material; withheld pending explicit disclosure review and redaction.
SRC-0003,VRET (withheld),[WITHHELD]/VRET-0003.pdf,.pdf,1381812,[WITHHELD],1,[WITHHELD],PRIVATE_OR_CONFIDENTIAL,Industry R&D material; withheld pending explicit disclosure review and redaction.
SRC-0004,VRET (withheld),[WITHHELD]/VRET-0004.pdf,.pdf,751678,[WITHHELD],1,[WITHHELD],PRIVATE_OR_CONFIDENTIAL,Industry R&D material; withheld pending explicit disclosure review and redaction.
SRC-0005,VRET (withheld),[WITHHELD]/VRET-0005.xlsx,.xlsx,29287,[WITHHELD],1,[WITHHELD],PRIVATE_OR_CONFIDENTIAL,Industry R&D material; withheld pending explicit disclosure review and redaction.
SRC-0006,VRET (withheld),[WITHHELD]/VRET-0006.txt,.txt,5430,[WITHHELD],1,[WITHHELD],PRIVATE_OR_CONFIDENTIAL,Industry R&D material; withheld pending explicit disclosure review and redaction.
SRC-0007,VRET (withheld),[WITHHELD]/VRET-0007.hwpx,.hwpx,53670,[WITHHELD],1,[WITHHELD],PRIVATE_OR_CONFIDENTIAL,Industry R&D material; withheld pending explicit disclosure review and redaction.
SRC-0008,VRET (withheld),[WITHHELD]/VRET-0008.hwpx,.hwpx,25940,[WITHHELD],1,[WITHHELD],PRIVATE_OR_CONFIDENTIAL,Industry R&D material; withheld pending explicit disclosure review and redaction.
SRC-0009,VRET (withheld),[WITHHELD]/VRET-0009.hwpx,.hwpx,67134,[WITHHELD],1,[WITHHELD],PRIVATE_OR_CONFIDENTIAL,Industry R&D material; withheld pending explicit disclosure review and redaction.
SRC-0010,고주파공학,Cadence Tutorial (3).pdf,.pdf,7584100,b97a015c880b01759e4893bbbbff01fa044d65792081ec182205320ad7acac0f,1,학부 과제 및 프로젝트\고주파공학\Cadence Tutorial (3).pdf,THIRD_PARTY,"Lecture/tutorial/teammate/government reference; cite, do not republish."
SRC-0011,고주파공학,Cadence Tutorial2 (1).pdf,.pdf,9909724,7fe8990375bf53e89e18e73c4719a8cc0155fcb37c418ad7b8577629171258fb,1,학부 과제 및 프로젝트\고주파공학\Cadence Tutorial2 (1).pdf,THIRD_PARTY,"Lecture/tutorial/teammate/government reference; cite, do not republish."
SRC-0012,고주파공학,고주파공학 1분반_homework2_[STUDENT-ID]_[AUTHOR].pdf,.pdf,18153076,e9a362a5103963b03689b8bcc91f08ca1d343c08780c6a760c02ad93a8324d5f,2,학부 과제 및 프로젝트\고주파공학\고주파공학 1분반_homework2_[STUDENT-ID]_[AUTHOR].pdf,PUBLIC_USED,"Primary student-authored report, source, calculation, or visual evidence."
SRC-0013,고주파공학,고주파공학 1분반_homework4_[STUDENT-ID]_[AUTHOR].pdf,.pdf,20794414,d205eb8eedfa5d0284908d4e8d1408294a2371c267eae2c14d831c9521e2091f,2,학부 과제 및 프로젝트\고주파공학\고주파공학 1분반_homework4_[STUDENT-ID]_[AUTHOR].pdf,PUBLIC_USED,"Primary student-authored report, source, calculation, or visual evidence."
SRC-0014,고주파공학,고주파공학 1분반_homework5_[STUDENT-ID]_[AUTHOR].pdf,.pdf,20119629,c10f2d0d126ff82ee51126995d026d931ad1dcef620dac85719111b040a79abb,1,학부 과제 및 프로젝트\고주파공학\고주파공학 1분반_homework5_[STUDENT-ID]_[AUTHOR].pdf,PUBLIC_USED,"Primary student-authored report, source, calculation, or visual evidence."
SRC-0015,고주파공학,사진\homework2\dessign1.png,.png,44954,25bc0d3dcf2347543acc52e870ee27a34c8639bce56db5e07bd136b53d72a4cc,1,학부 과제 및 프로젝트\고주파공학\사진\homework2\dessign1.png,PUBLIC_USED,"Primary student-authored report, source, calculation, or visual evidence."
SRC-0016,고주파공학,사진\homework2\homework2.pdf,.pdf,272811,6c3ab9343d0e2324025f53d740f5e70b6d33c7e01ed135ff5ee927fec97a6f83,1,학부 과제 및 프로젝트\고주파공학\사진\homework2\homework2.pdf,PUBLIC_USED,"Primary student-authored report, source, calculation, or visual evidence."
SRC-0017,고주파공학,사진\homework2\KakaoTalk_20260414_221106302.png,.png,46229,21b383e608fbfc0ee7ec134b05792bee2d06e01b8332050518e58bd123eb0c77,1,학부 과제 및 프로젝트\고주파공학\사진\homework2\KakaoTalk_20260414_221106302.png,PUBLIC_USED,"Primary student-authored report, source, calculation, or visual evidence."
SRC-0018,고주파공학,사진\homework2\KakaoTalk_20260414_221117923.png,.png,46913,ec8ba28f82e0a0b0a7bd53af15a9a5597704a277e9105e466c077dd3ead6f2b3,1,학부 과제 및 프로젝트\고주파공학\사진\homework2\KakaoTalk_20260414_221117923.png,PUBLIC_USED,"Primary student-authored report, source, calculation, or visual evidence."
SRC-0019,고주파공학,사진\homework2\KakaoTalk_20260414_221352505.png,.png,13268,ff2c82c306c0eb8fe5ed4b00189bbbc13b13c86c6522cfe7578968287ed4e185,1,학부 과제 및 프로젝트\고주파공학\사진\homework2\KakaoTalk_20260414_221352505.png,PUBLIC_USED,"Primary student-authored report, source, calculation, or visual evidence."
SRC-0020,고주파공학,사진\homework2\KakaoTalk_20260414_221403220.png,.png,41700,6a0c31dceb3ef0ce5c718042697035e41005ee96fa164f655950f85f4d2545a7,1,학부 과제 및 프로젝트\고주파공학\사진\homework2\KakaoTalk_20260414_221403220.png,PUBLIC_USED,"Primary student-authored report, source, calculation, or visual evidence."
SRC-0021,고주파공학,사진\homework2\KakaoTalk_20260414_221425558.png,.png,67384,59c4e8e6295a7b8c8aece68448ac6f437fae72a2e1df48ab7d22a43c06111e0e,1,학부 과제 및 프로젝트\고주파공학\사진\homework2\KakaoTalk_20260414_221425558.png,PUBLIC_USED,"Primary student-authored report, source, calculation, or visual evidence."
SRC-0022,고주파공학,사진\homework2\KakaoTalk_20260414_221451343.png,.png,68438,d2fbd7b91e36aa9efb987bc5e0309f53d2c80453261852207226d2db604c51d6,1,학부 과제 및 프로젝트\고주파공학\사진\homework2\KakaoTalk_20260414_221451343.png,PUBLIC_USED,"Primary student-authored report, source, calculation, or visual evidence."
SRC-0023,고주파공학,사진\homework2\KakaoTalk_20260414_221506800.png,.png,54207,1a93e791aba72f4b9b2848de4ae306b4bf7d413072c888547fa00d7f6cbd7d9b,1,학부 과제 및 프로젝트\고주파공학\사진\homework2\KakaoTalk_20260414_221506800.png,PUBLIC_USED,"Primary student-authored report, source, calculation, or visual evidence."
SRC-0024,고주파공학,사진\homework2\KakaoTalk_20260414_221514460.png,.png,30391,349ce2b220d5130ad766ff010aa1c44b3100ed47c69c8cc976ee0777665bca42,1,학부 과제 및 프로젝트\고주파공학\사진\homework2\KakaoTalk_20260414_221514460.png,PUBLIC_USED,"Primary student-authored report, source, calculation, or visual evidence."
SRC-0025,고주파공학,사진\homework2\KakaoTalk_20260414_221522227.png,.png,32992,7e9c695750d8265bf6b3e480c6792eebb5da133c4f4de3716a9fffe26b0847fd,1,학부 과제 및 프로젝트\고주파공학\사진\homework2\KakaoTalk_20260414_221522227.png,PUBLIC_USED,"Primary student-authored report, source, calculation, or visual evidence."
SRC-0026,고주파공학,사진\homework2\KakaoTalk_20260414_221548576.png,.png,46403,1733c0f8dfca430d3ed9e36cd2b591da50fe1d020ff344f13f9cab103d1bb9fd,1,학부 과제 및 프로젝트\고주파공학\사진\homework2\KakaoTalk_20260414_221548576.png,PUBLIC_USED,"Primary student-authored report, source, calculation, or visual evidence."
SRC-0027,고주파공학,사진\homework2\고주파공학 1분반_homework2_[STUDENT-ID]_[AUTHOR].pdf,.pdf,18153076,e9a362a5103963b03689b8bcc91f08ca1d343c08780c6a760c02ad93a8324d5f,2,학부 과제 및 프로젝트\고주파공학\고주파공학 1분반_homework2_[STUDENT-ID]_[AUTHOR].pdf,DUPLICATE,Exact SHA-256 duplicate of the canonical source record.
SRC-0028,고주파공학,사진\homework2\스크린샷 2026-04-14 222606.png,.png,101349,9c54b85fa1937386a28a7e18f6e2d78df36945cbb2a84d7ab186e84bdc1ee1da,2,학부 과제 및 프로젝트\고주파공학\사진\homework2\스크린샷 2026-04-14 222606.png,PUBLIC_USED,"Primary student-authored report, source, calculation, or visual evidence."
SRC-0029,고주파공학,사진\homework2\합치기.hwpx,.hwpx,654705,0655c1c59e0928337279d544cf4d6bbfc5763691e1838058bdbbbde974e7e4ef,1,학부 과제 및 프로젝트\고주파공학\사진\homework2\합치기.hwpx,PUBLIC_USED,"Primary student-authored report, source, calculation, or visual evidence."
SRC-0030,고주파공학,사진\homework4\ex5-1\1.png,.png,31278,725732f7f445e09f7a519f3190637187320a5084b721a0f62ec223b43712f1fa,2,학부 과제 및 프로젝트\고주파공학\사진\homework4\ex5-1\1.png,PUBLIC_USED,"Primary student-authored report, source, calculation, or visual evidence."
SRC-0031,고주파공학,사진\homework4\ex5-1\2.png,.png,164648,ecaa5ffeeb5e8b929a6f92b05e387217b3e5daa4377bea67cfaff07d027160b3,2,학부 과제 및 프로젝트\고주파공학\사진\homework4\ex5-1\2.png,PUBLIC_USED,"Primary student-authored report, source, calculation, or visual evidence."
SRC-0032,고주파공학,사진\homework4\ex5-1\3.png,.png,162112,12cdb251b6cc792d7053598fde88f36e5b87fd0efb1d5183b7138e538e2dedb6,2,학부 과제 및 프로젝트\고주파공학\사진\homework4\ex5-1\3.png,PUBLIC_USED,"Primary student-authored report, source, calculation, or visual evidence."
SRC-0033,고주파공학,사진\homework4\ex5-1\4.png,.png,91270,9e678c9eee5a5f6edbed87c5822eb4ed4afb81d75c2fd08bed0b37fd1c32db6f,2,학부 과제 및 프로젝트\고주파공학\사진\homework4\ex5-1\4.png,PUBLIC_USED,"Primary student-authored report, source, calculation, or visual evidence."
SRC-0034,고주파공학,사진\homework4\ex5-1\5.png,.png,262558,38c6b2759b1899a5b5f3efd2e88cb22dc9b121734b02f5485c33694ab561a80f,2,학부 과제 및 프로젝트\고주파공학\사진\homework4\ex5-1\5.png,PUBLIC_USED,"Primary student-authored report, source, calculation, or visual evidence."
SRC-0035,고주파공학,사진\homework4\ex5-1\design ex5-6.png,.png,105359,3e007a0c3af1e7dcd521720e3388d5ddedaece0ebde0d4fa74ba43759e7bff6c,2,학부 과제 및 프로젝트\고주파공학\사진\homework4\ex5-1\design ex5-6.png,PUBLIC_USED,"Primary student-authored report, source, calculation, or visual evidence."
SRC-0036,고주파공학,사진\homework4\ex5-1\회로도.png,.png,7516,9752eb25fb7578be9925f7963a072bad6907471b43c0f9cd41e04943fc5cc738,2,학부 과제 및 프로젝트\고주파공학\사진\homework4\ex5-1\회로도.png,PUBLIC_USED,"Primary student-authored report, source, calculation, or visual evidence."
SRC-0037,고주파공학,사진\homework4\ex5-2\db20sol1.PNG,.png,82516,c41c8365f558b496c97d9148ef1a63b66a818013025b7a91d946e328596ff920,1,학부 과제 및 프로젝트\고주파공학\사진\homework4\ex5-2\db20sol1.PNG,PUBLIC_USED,"Primary student-authored report, source, calculation, or visual evidence."
SRC-0038,고주파공학,사진\homework4\ex5-2\db20sol2.PNG,.png,39426,061edc1b5be2b20824aa2991d8548ed08b391f31430159f758edff2760a50d23,1,학부 과제 및 프로젝트\고주파공학\사진\homework4\ex5-2\db20sol2.PNG,PUBLIC_USED,"Primary student-authored report, source, calculation, or visual evidence."
SRC-0039,고주파공학,사진\homework4\ex5-2\design ex5-7.png,.png,121336,38adc31b96dda4911dfbb2724e2411c30b13078589fdcff3edb0abfcc710d031,2,학부 과제 및 프로젝트\고주파공학\사진\homework4\ex5-2\design ex5-7.png,PUBLIC_USED,"Primary student-authored report, source, calculation, or visual evidence."
SRC-0040,고주파공학,사진\homework4\ex5-2\main sol1.PNG,.png,51317,3b80d1e551750995433b38c554b644bce2043d43a450a8bfc1156c33cb0e40cb,1,학부 과제 및 프로젝트\고주파공학\사진\homework4\ex5-2\main sol1.PNG,PUBLIC_USED,"Primary student-authored report, source, calculation, or visual evidence."
SRC-0041,고주파공학,사진\homework4\ex5-2\main sol2.PNG,.png,49179,127df3bee4af8d461f4ff4ef67f8d3c4563be43c6d1ab7a8138eb194c7e47dbe,1,학부 과제 및 프로젝트\고주파공학\사진\homework4\ex5-2\main sol2.PNG,PUBLIC_USED,"Primary student-authored report, source, calculation, or visual evidence."
SRC-0042,고주파공학,사진\homework4\ex5-2\stub sol1.PNG,.png,52528,8328aad8813a783e3f8a42cd1c5d39ccb2385dfd74b43dd1c634dad84efe3163,1,학부 과제 및 프로젝트\고주파공학\사진\homework4\ex5-2\stub sol1.PNG,PUBLIC_USED,"Primary student-authored report, source, calculation, or visual evidence."
SRC-0043,고주파공학,사진\homework4\ex5-2\stub sol2.PNG,.png,53931,c4a72d4144f6bd76b9186777e25c1dd8523fcdbc71cd47e0eeb48fce195707f9,1,학부 과제 및 프로젝트\고주파공학\사진\homework4\ex5-2\stub sol2.PNG,PUBLIC_USED,"Primary student-authored report, source, calculation, or visual evidence."
SRC-0044,고주파공학,사진\homework4\ex5-2\회로도.PNG,.png,9057,fa520770fe6168eb31903d07dca64af8e54cd394394641c741ac827e45914a9d,1,학부 과제 및 프로젝트\고주파공학\사진\homework4\ex5-2\회로도.PNG,PUBLIC_USED,"Primary student-authored report, source, calculation, or visual evidence."
SRC-0045,고주파공학,사진\homework4\homework 4.pdf,.pdf,442114,04997c1e6c6082192e1bd222ab67f0320f454750acf5ee3cb35c5dbfc0cd99dc,1,학부 과제 및 프로젝트\고주파공학\사진\homework4\homework 4.pdf,PUBLIC_USED,"Primary student-authored report, source, calculation, or visual evidence."
SRC-0046,고주파공학,사진\homework4\고주파공학 1분반_homework4_[STUDENT-ID]_[AUTHOR].pdf,.pdf,20794414,d205eb8eedfa5d0284908d4e8d1408294a2371c267eae2c14d831c9521e2091f,2,학부 과제 및 프로젝트\고주파공학\고주파공학 1분반_homework4_[STUDENT-ID]_[AUTHOR].pdf,DUPLICATE,Exact SHA-256 duplicate of the canonical source record.
SRC-0047,고주파공학,사진\homework4\합치기.hwpx,.hwpx,722439,f8f754aa753c925b4c61db56fb99f6a7bd25ae95b740b0aae75f88870bba0184,1,학부 과제 및 프로젝트\고주파공학\사진\homework4\합치기.hwpx,PUBLIC_USED,"Primary student-authored report, source, calculation, or visual evidence."
SRC-0048,고주파공학,사진\homework5\ex12-3(시뮬하다가 중단)\1.png,.png,21601,480d436446d173686d15c411150a77734d1819827bb12010afaba289f003f796,2,학부 과제 및 프로젝트\고주파공학\사진\homework5\ex12-3(시뮬하다가 중단)\1.png,INCOMPLETE_WORK,Source directory explicitly records an unfinished simulation.
SRC-0049,고주파공학,사진\homework5\ex12-3(시뮬하다가 중단)\10.png,.png,147552,7e2763d2b0d54a0cffee0f0a8d03a63e4a39f0f01da0ed30a990d93a7fdfd4b2,2,학부 과제 및 프로젝트\고주파공학\사진\homework5\ex12-3(시뮬하다가 중단)\10.png,INCOMPLETE_WORK,Source directory explicitly records an unfinished simulation.
SRC-0050,고주파공학,사진\homework5\ex12-3(시뮬하다가 중단)\11.png,.png,98573,a5a5e037582559d3cdca6eede78c60c08a27274d2318732608f1f79401403072,2,학부 과제 및 프로젝트\고주파공학\사진\homework5\ex12-3(시뮬하다가 중단)\11.png,INCOMPLETE_WORK,Source directory explicitly records an unfinished simulation.
SRC-0051,고주파공학,사진\homework5\ex12-3(시뮬하다가 중단)\2.png,.png,46221,bc85f5e8e5f43c72be13fd2a8ad416ac29e68f97fd852397d8a4652164b65c21,2,학부 과제 및 프로젝트\고주파공학\사진\homework5\ex12-3(시뮬하다가 중단)\2.png,INCOMPLETE_WORK,Source directory explicitly records an unfinished simulation.
SRC-0052,고주파공학,사진\homework5\ex12-3(시뮬하다가 중단)\3.png,.png,119250,b51e9c437b6f8ab908f204ef3ef57562c91dc897e7c7b74b92c0604e52ac2ffe,2,학부 과제 및 프로젝트\고주파공학\사진\homework5\ex12-3(시뮬하다가 중단)\3.png,INCOMPLETE_WORK,Source directory explicitly records an unfinished simulation.
SRC-0053,고주파공학,사진\homework5\ex12-3(시뮬하다가 중단)\4.png,.png,90025,669317b9c9efd9be20f416d606df09a73c64a650c1e153a12a8b11849d651b1e,2,학부 과제 및 프로젝트\고주파공학\사진\homework5\ex12-3(시뮬하다가 중단)\4.png,INCOMPLETE_WORK,Source directory explicitly records an unfinished simulation.
SRC-0054,고주파공학,사진\homework5\ex12-3(시뮬하다가 중단)\5.png,.png,52113,00e051bcb6d9756a65eec3dc3e5b0cef999c6c1b0ae9c98839084a36e3b5a506,2,학부 과제 및 프로젝트\고주파공학\사진\homework5\ex12-3(시뮬하다가 중단)\5.png,INCOMPLETE_WORK,Source directory explicitly records an unfinished simulation.
SRC-0055,고주파공학,사진\homework5\ex12-3(시뮬하다가 중단)\6.png,.png,129083,5e89fd2b2c161c9fd379536375593644b23862a41e72889be42870dde29de64c,2,학부 과제 및 프로젝트\고주파공학\사진\homework5\ex12-3(시뮬하다가 중단)\6.png,INCOMPLETE_WORK,Source directory explicitly records an unfinished simulation.
SRC-0056,고주파공학,사진\homework5\ex12-3(시뮬하다가 중단)\8.png,.png,126080,f37493c95554bf1f50a831212d5d76e972a6dab0adc71b89ee6417e1672486a4,2,학부 과제 및 프로젝트\고주파공학\사진\homework5\ex12-3(시뮬하다가 중단)\8.png,INCOMPLETE_WORK,Source directory explicitly records an unfinished simulation.
SRC-0057,고주파공학,사진\homework5\ex12-3(시뮬하다가 중단)\9.png,.png,111102,f679d88153ee2f16e0867c2ca5df2b5fabc700af4a46bdd1b61ca62095823147,2,학부 과제 및 프로젝트\고주파공학\사진\homework5\ex12-3(시뮬하다가 중단)\9.png,INCOMPLETE_WORK,Source directory explicitly records an unfinished simulation.
SRC-0058,고주파공학,사진\homework5\ex12-3(시뮬하다가 중단)\스크린샷 2026-07-29 104524.png,.png,56574,46207114c0486073cf7aeda0341165d50cf188351a6b078d3c9ded1eb82124c3,1,학부 과제 및 프로젝트\고주파공학\사진\homework5\ex12-3(시뮬하다가 중단)\스크린샷 2026-07-29 104524.png,INCOMPLETE_WORK,Source directory explicitly records an unfinished simulation.
SRC-0059,고주파공학,사진\homework5\ex12-3(시뮬하다가 중단)\스크린샷 2026-07-29 104534.png,.png,75659,c859cff8275fd8768fe76fc50ea9772b80ccaaf277a422cbe85d64dab1169be6,1,학부 과제 및 프로젝트\고주파공학\사진\homework5\ex12-3(시뮬하다가 중단)\스크린샷 2026-07-29 104534.png,INCOMPLETE_WORK,Source directory explicitly records an unfinished simulation.
SRC-0060,고주파공학,사진\homework5\ex12-3(시뮬하다가 중단)\스크린샷 2026-07-29 104541.png,.png,51243,b0369a2e73ac1fb89ffe5adbef160795d99185dd1ae074800596eb4acc427c12,1,학부 과제 및 프로젝트\고주파공학\사진\homework5\ex12-3(시뮬하다가 중단)\스크린샷 2026-07-29 104541.png,INCOMPLETE_WORK,Source directory explicitly records an unfinished simulation.
SRC-0061,고주파공학,사진\homework5\ex12-3(시뮬하다가 중단)\스크린샷 2026-07-29 104547.png,.png,134664,67ca5989b414b16eadd3f5ddbe070bb7abd9e233f12f25a85e0438c03fc520b1,1,학부 과제 및 프로젝트\고주파공학\사진\homework5\ex12-3(시뮬하다가 중단)\스크린샷 2026-07-29 104547.png,INCOMPLETE_WORK,Source directory explicitly records an unfinished simulation.
SRC-0062,고주파공학,사진\homework5\ex12-3(시뮬하다가 중단)\스크린샷 2026-07-29 104550.png,.png,66050,5a822b30a379b0d4b734d9bd965519db9a1ea987c9ac84765e4fe6f597766f57,1,학부 과제 및 프로젝트\고주파공학\사진\homework5\ex12-3(시뮬하다가 중단)\스크린샷 2026-07-29 104550.png,INCOMPLETE_WORK,Source directory explicitly records an unfinished simulation.
SRC-0063,고주파공학,사진\homework5\ex7-2\1.png,.png,14262,fb3ab9fd7b16a190b685d9318d580d2027727835dc1e975db84eae51c361ef59,2,학부 과제 및 프로젝트\고주파공학\사진\homework5\ex7-2\1.png,PUBLIC_USED,"Primary student-authored report, source, calculation, or visual evidence."
SRC-0064,고주파공학,사진\homework5\ex7-2\2.png,.png,71544,da2ed4b1eec5a5079a8401e812f260417636b2a6b3cc61610aeeaa7b686e7af3,2,학부 과제 및 프로젝트\고주파공학\사진\homework5\ex7-2\2.png,PUBLIC_USED,"Primary student-authored report, source, calculation, or visual evidence."
SRC-0065,고주파공학,사진\homework5\ex7-2\3.png,.png,111012,3b161adce444fc7a8268080110cf120730dd4bc09554d7209b143b63a83843f2,2,학부 과제 및 프로젝트\고주파공학\사진\homework5\ex7-2\3.png,PUBLIC_USED,"Primary student-authored report, source, calculation, or visual evidence."
SRC-0066,고주파공학,사진\homework5\ex7-2\4.png,.png,52472,97efea5820d132c9e1c55a4ecd4399fa5ffc02cd8d25374935b4631b7b64e528,2,학부 과제 및 프로젝트\고주파공학\사진\homework5\ex7-2\4.png,PUBLIC_USED,"Primary student-authored report, source, calculation, or visual evidence."
SRC-0067,고주파공학,사진\homework5\ex7-2\5.png,.png,104379,6aa3065160084c43de26ab06cda23115e6b02c4159f7dfd09be5231ce349a09c,2,학부 과제 및 프로젝트\고주파공학\사진\homework5\ex7-2\5.png,PUBLIC_USED,"Primary student-authored report, source, calculation, or visual evidence."
SRC-0068,고주파공학,사진\homework5\ex7-2\6.png,.png,64293,8cc3f93bbd599da92eec6da8c2abd6f5d78c5d5532bf943bab62eb5f5b6c3b41,2,학부 과제 및 프로젝트\고주파공학\사진\homework5\ex7-2\6.png,PUBLIC_USED,"Primary student-authored report, source, calculation, or visual evidence."
SRC-0069,고주파공학,사진\homework5\ex7-2\7.png,.png,47506,371a5f17f1ea347b2a743eecd257c5fbcbb5298c0e1ce765ff966479f59c7ace,2,학부 과제 및 프로젝트\고주파공학\사진\homework5\ex7-2\7.png,PUBLIC_USED,"Primary student-authored report, source, calculation, or visual evidence."
SRC-0070,고주파공학,사진\homework5\ex7-2\8.png,.png,104759,613c668c120f0aebff1883f3dfec1e5537a25a322ba19be3ae4e3041b9ff858e,2,학부 과제 및 프로젝트\고주파공학\사진\homework5\ex7-2\8.png,PUBLIC_USED,"Primary student-authored report, source, calculation, or visual evidence."
SRC-0071,고주파공학,사진\homework5\ex7-2\ex7.2.png,.png,120413,be76eb22f872769a006ac2d2648129c5ec0aa96c45200561158ccb0b5dac94ce,2,학부 과제 및 프로젝트\고주파공학\사진\homework5\ex7-2\ex7.2.png,PUBLIC_USED,"Primary student-authored report, source, calculation, or visual evidence."
SRC-0072,고주파공학,사진\homework5\ex7-5\1.png,.png,15403,3667bbeca788c3c1a4aaa42e93ad95a7b9ccea871f4782991ffa2a383f80181e,2,학부 과제 및 프로젝트\고주파공학\사진\homework5\ex7-5\1.png,PUBLIC_USED,"Primary student-authored report, source, calculation, or visual evidence."
SRC-0073,고주파공학,사진\homework5\ex7-5\2.png,.png,49407,afbb8bcef957d44228be712c93784e8405fff266e009ace9660ff70c5036289d,2,학부 과제 및 프로젝트\고주파공학\사진\homework5\ex7-5\2.png,PUBLIC_USED,"Primary student-authored report, source, calculation, or visual evidence."
SRC-0074,고주파공학,사진\homework5\ex7-5\3.png,.png,111761,0a9bcda08552dff25163b13ad15886732a4d90ac1cf23758c397344f6d870c48,2,학부 과제 및 프로젝트\고주파공학\사진\homework5\ex7-5\3.png,PUBLIC_USED,"Primary student-authored report, source, calculation, or visual evidence."
SRC-0075,고주파공학,사진\homework5\ex7-5\4-1.png,.png,84936,d94c17e5a33b4a99856ce058e6058335bef5380c0f4ce7136cd164a755ea873c,2,학부 과제 및 프로젝트\고주파공학\사진\homework5\ex7-5\4-1.png,PUBLIC_USED,"Primary student-authored report, source, calculation, or visual evidence."
SRC-0076,고주파공학,사진\homework5\ex7-5\4-2.png,.png,86616,f39336d0303a49d00a46c56fd5f01740f7f624d936cb6449bea69ab4df1743aa,2,학부 과제 및 프로젝트\고주파공학\사진\homework5\ex7-5\4-2.png,PUBLIC_USED,"Primary student-authored report, source, calculation, or visual evidence."
SRC-0077,고주파공학,사진\homework5\ex7-5\5.png,.png,71115,f94b3dc06d896862f3ef92b14e2b4a0508fffb200b0cbf7a13e726e50b4cbce4,2,학부 과제 및 프로젝트\고주파공학\사진\homework5\ex7-5\5.png,PUBLIC_USED,"Primary student-authored report, source, calculation, or visual evidence."
SRC-0078,고주파공학,사진\homework5\ex7-5\6.png,.png,110634,74926fa0428e1902df0fbfbe20b496a892e42c856fb4ca089e8683ad1b7e133d,2,학부 과제 및 프로젝트\고주파공학\사진\homework5\ex7-5\6.png,PUBLIC_USED,"Primary student-authored report, source, calculation, or visual evidence."
SRC-0079,고주파공학,사진\homework5\ex7-5\ex7.5.png,.png,144855,3bdff42b8b561ba75629af55eaa1ab6580e3dce3eeac5d42b6d277db4a462089,2,학부 과제 및 프로젝트\고주파공학\사진\homework5\ex7-5\ex7.5.png,PUBLIC_USED,"Primary student-authored report, source, calculation, or visual evidence."
SRC-0080,고주파공학,사진\homework5\Ex7_2_Ex7_5_RF_Design_Report.docx,.docx,554445,c6f33d8ae79f6687b0741ffa1836dce4ce6a4290e51d16266ac5b77c7b9d0693,1,학부 과제 및 프로젝트\고주파공학\사진\homework5\Ex7_2_Ex7_5_RF_Design_Report.docx,PUBLIC_USED,"Primary student-authored report, source, calculation, or visual evidence."
SRC-0081,고주파공학,사진\homework5\homework 5.pdf,.pdf,816463,2d3dd051a664287f27f49f61cdbceac5cea11a14ee0518e778c0328405b00ded,1,학부 과제 및 프로젝트\고주파공학\사진\homework5\homework 5.pdf,PUBLIC_USED,"Primary student-authored report, source, calculation, or visual evidence."
SRC-0082,고주파공학,사진\homework5\시뮬사진\스크린샷 2026-04-13 230356.png,.png,25635,757baa652dbbcef683b059abf642c72aaec52a1ff9b74f2ec5dea5d41ab67ed6,1,학부 과제 및 프로젝트\고주파공학\사진\homework5\시뮬사진\스크린샷 2026-04-13 230356.png,PUBLIC_REFERENCE_ONLY,Large sequential Cadence screenshot set; select only decision-relevant frames.
SRC-0083,고주파공학,사진\homework5\시뮬사진\스크린샷 2026-04-13 230413.png,.png,70269,2720099876a31c854fddc7a9183d36ce8e674dde7aca44e713f4d5f2e7051429,1,학부 과제 및 프로젝트\고주파공학\사진\homework5\시뮬사진\스크린샷 2026-04-13 230413.png,PUBLIC_REFERENCE_ONLY,Large sequential Cadence screenshot set; select only decision-relevant frames.
SRC-0084,고주파공학,사진\homework5\시뮬사진\스크린샷 2026-04-14 132756.png,.png,121276,a3a1208b3235f7f6abc2f2e133599a429047423576cf411cfd7721c63c3494f5,1,학부 과제 및 프로젝트\고주파공학\사진\homework5\시뮬사진\스크린샷 2026-04-14 132756.png,PUBLIC_REFERENCE_ONLY,Large sequential Cadence screenshot set; select only decision-relevant frames.
SRC-0085,고주파공학,사진\homework5\시뮬사진\스크린샷 2026-04-14 133338.png,.png,64658,3dd7e67ebc302022c3c5c845337cba746b39392afd74ebf42d99bd35fa66cc0f,1,학부 과제 및 프로젝트\고주파공학\사진\homework5\시뮬사진\스크린샷 2026-04-14 133338.png,PUBLIC_REFERENCE_ONLY,Large sequential Cadence screenshot set; select only decision-relevant frames.
SRC-0086,고주파공학,사진\homework5\시뮬사진\스크린샷 2026-04-14 133510.png,.png,51021,11a240ea92976754a18e533829d4cad8a91c70718edaaa58f7463975976abe1c,1,학부 과제 및 프로젝트\고주파공학\사진\homework5\시뮬사진\스크린샷 2026-04-14 133510.png,PUBLIC_REFERENCE_ONLY,Large sequential Cadence screenshot set; select only decision-relevant frames.
SRC-0087,고주파공학,사진\homework5\시뮬사진\스크린샷 2026-04-14 135049.png,.png,52581,72f838223119f4fd057c8e0d114baa133e484747cd185f964fa07df88ec84dad,1,학부 과제 및 프로젝트\고주파공학\사진\homework5\시뮬사진\스크린샷 2026-04-14 135049.png,PUBLIC_REFERENCE_ONLY,Large sequential Cadence screenshot set; select only decision-relevant frames.
SRC-0088,고주파공학,사진\homework5\시뮬사진\스크린샷 2026-04-14 135152.png,.png,31580,7d3cad26abf73025f9960db109c1046431e936877c576bbcca9eb809d3f95d1a,1,학부 과제 및 프로젝트\고주파공학\사진\homework5\시뮬사진\스크린샷 2026-04-14 135152.png,PUBLIC_REFERENCE_ONLY,Large sequential Cadence screenshot set; select only decision-relevant frames.
SRC-0089,고주파공학,사진\homework5\시뮬사진\스크린샷 2026-04-14 135358.png,.png,18870,574f203e661d0b84802c7b97066c0a92f79d749d71c2e9633d9d88f835a46562,1,학부 과제 및 프로젝트\고주파공학\사진\homework5\시뮬사진\스크린샷 2026-04-14 135358.png,PUBLIC_REFERENCE_ONLY,Large sequential Cadence screenshot set; select only decision-relevant frames.
SRC-0090,고주파공학,사진\homework5\시뮬사진\스크린샷 2026-04-14 135602.png,.png,31984,98a7d18e7cb54ed7b0f47d0f119f22f5ac578c86bfb3a1c167f49b3850bc3ecd,1,학부 과제 및 프로젝트\고주파공학\사진\homework5\시뮬사진\스크린샷 2026-04-14 135602.png,PUBLIC_REFERENCE_ONLY,Large sequential Cadence screenshot set; select only decision-relevant frames.
SRC-0091,고주파공학,사진\homework5\시뮬사진\스크린샷 2026-04-14 135937.png,.png,31628,d92fc790a1cbd1758777520731a84ff314eab8ff8ec8ef19f705fb45fe7ba394,1,학부 과제 및 프로젝트\고주파공학\사진\homework5\시뮬사진\스크린샷 2026-04-14 135937.png,PUBLIC_REFERENCE_ONLY,Large sequential Cadence screenshot set; select only decision-relevant frames.
SRC-0092,고주파공학,사진\homework5\시뮬사진\스크린샷 2026-04-14 140037.png,.png,57726,249acbed33c1c1de4d259d96254b76b4317871147a56dff8f18ee90bd9f3c40e,1,학부 과제 및 프로젝트\고주파공학\사진\homework5\시뮬사진\스크린샷 2026-04-14 140037.png,PUBLIC_REFERENCE_ONLY,Large sequential Cadence screenshot set; select only decision-relevant frames.
SRC-0093,고주파공학,사진\homework5\시뮬사진\스크린샷 2026-04-14 140114.png,.png,47909,ad4c67db5625d445662551f9e752affdc2509b9c46f927adc55f7f6ad2bdefb0,1,학부 과제 및 프로젝트\고주파공학\사진\homework5\시뮬사진\스크린샷 2026-04-14 140114.png,PUBLIC_REFERENCE_ONLY,Large sequential Cadence screenshot set; select only decision-relevant frames.
SRC-0094,고주파공학,사진\homework5\시뮬사진\스크린샷 2026-04-14 143646.png,.png,8002,980f3308d2adf8da961ebfcb36af8439fec71bb841f8e584e61f0c43a734e64f,1,학부 과제 및 프로젝트\고주파공학\사진\homework5\시뮬사진\스크린샷 2026-04-14 143646.png,PUBLIC_REFERENCE_ONLY,Large sequential Cadence screenshot set; select only decision-relevant frames.
SRC-0095,고주파공학,사진\homework5\시뮬사진\스크린샷 2026-04-14 144610.png,.png,46002,1a569739eaf9f5ce6b4160a1dbf4fc5cecd64e43abe75e654b2da09c1b73f623,1,학부 과제 및 프로젝트\고주파공학\사진\homework5\시뮬사진\스크린샷 2026-04-14 144610.png,PUBLIC_REFERENCE_ONLY,Large sequential Cadence screenshot set; select only decision-relevant frames.
SRC-0096,고주파공학,사진\homework5\시뮬사진\스크린샷 2026-04-14 144626.png,.png,8117,72b2ebc6847ce9e7e1d74392a7657211c757f482c06156679927089d8f5a87bf,1,학부 과제 및 프로젝트\고주파공학\사진\homework5\시뮬사진\스크린샷 2026-04-14 144626.png,PUBLIC_REFERENCE_ONLY,Large sequential Cadence screenshot set; select only decision-relevant frames.
SRC-0097,고주파공학,사진\homework5\시뮬사진\스크린샷 2026-04-14 144634.png,.png,55084,b0344707cfcdc7566fe3e5299a3f1d5020eb9ebc900085e806ba9d2ff94972c7,1,학부 과제 및 프로젝트\고주파공학\사진\homework5\시뮬사진\스크린샷 2026-04-14 144634.png,PUBLIC_REFERENCE_ONLY,Large sequential Cadence screenshot set; select only decision-relevant frames.
SRC-0098,고주파공학,사진\homework5\시뮬사진\스크린샷 2026-04-14 144743.png,.png,30037,0f934a26bc3bca25fca6c3e11b3af993bd1750022358c8a529932b9b34f71547,1,학부 과제 및 프로젝트\고주파공학\사진\homework5\시뮬사진\스크린샷 2026-04-14 144743.png,PUBLIC_REFERENCE_ONLY,Large sequential Cadence screenshot set; select only decision-relevant frames.
SRC-0099,고주파공학,사진\homework5\시뮬사진\스크린샷 2026-04-14 154838.png,.png,41962,769b20c7bfa1c378dad694584b960ff7d903adbcaf103cdbd463435663260c3b,1,학부 과제 및 프로젝트\고주파공학\사진\homework5\시뮬사진\스크린샷 2026-04-14 154838.png,PUBLIC_REFERENCE_ONLY,Large sequential Cadence screenshot set; select only decision-relevant frames.
SRC-0100,고주파공학,사진\homework5\시뮬사진\스크린샷 2026-04-14 154930.png,.png,35095,b83f7282296e5b9ac7d1b807ab234a01bea267742a4da314fd2fb6f767c1a214,1,학부 과제 및 프로젝트\고주파공학\사진\homework5\시뮬사진\스크린샷 2026-04-14 154930.png,PUBLIC_REFERENCE_ONLY,Large sequential Cadence screenshot set; select only decision-relevant frames.
SRC-0101,고주파공학,사진\homework5\시뮬사진\스크린샷 2026-04-14 154945.png,.png,44824,a2dbbb33732719dfc4be6f3054ddd5e0547315e2dae2356a9b4f6faab57d47c3,1,학부 과제 및 프로젝트\고주파공학\사진\homework5\시뮬사진\스크린샷 2026-04-14 154945.png,PUBLIC_REFERENCE_ONLY,Large sequential Cadence screenshot set; select only decision-relevant frames.
SRC-0102,고주파공학,사진\homework5\시뮬사진\스크린샷 2026-04-14 155733.png,.png,84253,6db03c8bb47a5894bf3d52169832fc341e0a277f931d38cdc79779e55e349136,1,학부 과제 및 프로젝트\고주파공학\사진\homework5\시뮬사진\스크린샷 2026-04-14 155733.png,PUBLIC_REFERENCE_ONLY,Large sequential Cadence screenshot set; select only decision-relevant frames.
SRC-0103,고주파공학,사진\homework5\시뮬사진\스크린샷 2026-04-14 155838.png,.png,82610,f41c108bb42182be8b0110d9453dcb90f09ceed26c6f827edc38d7f21b1c1f49,1,학부 과제 및 프로젝트\고주파공학\사진\homework5\시뮬사진\스크린샷 2026-04-14 155838.png,PUBLIC_REFERENCE_ONLY,Large sequential Cadence screenshot set; select only decision-relevant frames.
SRC-0104,고주파공학,사진\homework5\시뮬사진\스크린샷 2026-04-14 160721.png,.png,31574,162014d2ecf231156a196a3e2530b5b1fa4e1c70da79b477cd600a4da98d3860,1,학부 과제 및 프로젝트\고주파공학\사진\homework5\시뮬사진\스크린샷 2026-04-14 160721.png,PUBLIC_REFERENCE_ONLY,Large sequential Cadence screenshot set; select only decision-relevant frames.
SRC-0105,고주파공학,사진\homework5\시뮬사진\스크린샷 2026-04-14 160735.png,.png,44062,de34dcf7441dff446c07119c1ac3087ca22023f1fe3dd5dd3e4ad9743603d133,1,학부 과제 및 프로젝트\고주파공학\사진\homework5\시뮬사진\스크린샷 2026-04-14 160735.png,PUBLIC_REFERENCE_ONLY,Large sequential Cadence screenshot set; select only decision-relevant frames.
SRC-0106,고주파공학,사진\homework5\시뮬사진\스크린샷 2026-04-14 161506.png,.png,131346,16e1d5a0d598e741ca85c4fda8ac29be2374c474478da02aeb181d3037985776,1,학부 과제 및 프로젝트\고주파공학\사진\homework5\시뮬사진\스크린샷 2026-04-14 161506.png,PUBLIC_REFERENCE_ONLY,Large sequential Cadence screenshot set; select only decision-relevant frames.
SRC-0107,고주파공학,사진\homework5\시뮬사진\스크린샷 2026-04-14 161542.png,.png,92771,9eb9cbad80d6279598b068eff01188f7f711ed65d0bcc56a6d208625528d4929,1,학부 과제 및 프로젝트\고주파공학\사진\homework5\시뮬사진\스크린샷 2026-04-14 161542.png,PUBLIC_REFERENCE_ONLY,Large sequential Cadence screenshot set; select only decision-relevant frames.
SRC-0108,고주파공학,사진\homework5\시뮬사진\스크린샷 2026-04-14 161635.png,.png,102234,32f6b70cef5331666d4229f6e11c825a07268b4902b4fce0eb0e2a0cb35f8076,1,학부 과제 및 프로젝트\고주파공학\사진\homework5\시뮬사진\스크린샷 2026-04-14 161635.png,PUBLIC_REFERENCE_ONLY,Large sequential Cadence screenshot set; select only decision-relevant frames.
SRC-0109,고주파공학,사진\homework5\시뮬사진\스크린샷 2026-04-14 163927.png,.png,128563,07fab70274c64ccea94ab0c69fb208462904dd89a58637812cfd7e4512f8a5f9,1,학부 과제 및 프로젝트\고주파공학\사진\homework5\시뮬사진\스크린샷 2026-04-14 163927.png,PUBLIC_REFERENCE_ONLY,Large sequential Cadence screenshot set; select only decision-relevant frames.
SRC-0110,고주파공학,사진\homework5\시뮬사진\스크린샷 2026-04-14 163950.png,.png,117837,703514a315883ac40dbcf4dd403f7d94ea133fd72b490fec242811c804e0ad0f,1,학부 과제 및 프로젝트\고주파공학\사진\homework5\시뮬사진\스크린샷 2026-04-14 163950.png,PUBLIC_REFERENCE_ONLY,Large sequential Cadence screenshot set; select only decision-relevant frames.
SRC-0111,고주파공학,사진\homework5\시뮬사진\스크린샷 2026-04-14 164141.png,.png,44385,f622032dc284746b8c5512b04d988084b74079241147e133dccf3be9ccae6750,1,학부 과제 및 프로젝트\고주파공학\사진\homework5\시뮬사진\스크린샷 2026-04-14 164141.png,PUBLIC_REFERENCE_ONLY,Large sequential Cadence screenshot set; select only decision-relevant frames.
SRC-0112,고주파공학,사진\homework5\시뮬사진\스크린샷 2026-04-14 164722.png,.png,44295,79fdc2b48c7590253c261b0d45c6c696c7c96af27990495ca6978444add783e8,1,학부 과제 및 프로젝트\고주파공학\사진\homework5\시뮬사진\스크린샷 2026-04-14 164722.png,PUBLIC_REFERENCE_ONLY,Large sequential Cadence screenshot set; select only decision-relevant frames.
SRC-0113,고주파공학,사진\homework5\시뮬사진\스크린샷 2026-04-14 165210.png,.png,127728,fcc69956e0788fb7b7fde509415bab48a7c71e5baedacba43af5b5df31a9a080,1,학부 과제 및 프로젝트\고주파공학\사진\homework5\시뮬사진\스크린샷 2026-04-14 165210.png,PUBLIC_REFERENCE_ONLY,Large sequential Cadence screenshot set; select only decision-relevant frames.
SRC-0114,고주파공학,사진\homework5\시뮬사진\스크린샷 2026-04-14 165421.png,.png,385865,7df720bb053d8bcb621e06dfd80b37bedb35a1443b95f391500af8aaff63c2b8,1,학부 과제 및 프로젝트\고주파공학\사진\homework5\시뮬사진\스크린샷 2026-04-14 165421.png,PUBLIC_REFERENCE_ONLY,Large sequential Cadence screenshot set; select only decision-relevant frames.
SRC-0115,고주파공학,사진\homework5\시뮬사진\스크린샷 2026-04-14 165434.png,.png,287443,c90c586b9e3477238fe22b0dffd44f16dbce3febdaec81d7ea2fc38f95dfac08,1,학부 과제 및 프로젝트\고주파공학\사진\homework5\시뮬사진\스크린샷 2026-04-14 165434.png,PUBLIC_REFERENCE_ONLY,Large sequential Cadence screenshot set; select only decision-relevant frames.
SRC-0116,고주파공학,사진\homework5\시뮬사진\스크린샷 2026-04-14 165555.png,.png,107820,988da8eef2fe33a82d2c5c37777c81f45da7db268225c1483c9a9027d431c546,1,학부 과제 및 프로젝트\고주파공학\사진\homework5\시뮬사진\스크린샷 2026-04-14 165555.png,PUBLIC_REFERENCE_ONLY,Large sequential Cadence screenshot set; select only decision-relevant frames.
SRC-0117,고주파공학,사진\homework5\시뮬사진\스크린샷 2026-04-14 165721.png,.png,28220,69f02aca644aece19412804c129c7c5f2795e18e8f90c3b8819d35986a690d02,1,학부 과제 및 프로젝트\고주파공학\사진\homework5\시뮬사진\스크린샷 2026-04-14 165721.png,PUBLIC_REFERENCE_ONLY,Large sequential Cadence screenshot set; select only decision-relevant frames.
SRC-0118,고주파공학,사진\homework5\시뮬사진\스크린샷 2026-04-14 165941.png,.png,71959,a0581457acce3dcea8da02aaf7d3d0d648dbbb5c09bd466e29130a54f38fba01,1,학부 과제 및 프로젝트\고주파공학\사진\homework5\시뮬사진\스크린샷 2026-04-14 165941.png,PUBLIC_REFERENCE_ONLY,Large sequential Cadence screenshot set; select only decision-relevant frames.
SRC-0119,고주파공학,사진\homework5\시뮬사진\스크린샷 2026-04-14 170057.png,.png,98226,30e81ac5a928bc14aef4d86dc7fcf3c786367224ca1408b076da856748d4c845,1,학부 과제 및 프로젝트\고주파공학\사진\homework5\시뮬사진\스크린샷 2026-04-14 170057.png,PUBLIC_REFERENCE_ONLY,Large sequential Cadence screenshot set; select only decision-relevant frames.
SRC-0120,고주파공학,사진\homework5\시뮬사진\스크린샷 2026-04-14 174542.png,.png,28706,017dd4525fb83c34f209c26d60ccf41e33a2d29cf42f8ff695e663ef1f3c77bf,1,학부 과제 및 프로젝트\고주파공학\사진\homework5\시뮬사진\스크린샷 2026-04-14 174542.png,PUBLIC_REFERENCE_ONLY,Large sequential Cadence screenshot set; select only decision-relevant frames.
SRC-0121,고주파공학,사진\homework5\시뮬사진\스크린샷 2026-04-14 175623.png,.png,63001,a8868780d67ae87fbce0240733bd8207812cca3a6cd7819c390c173a5e945b90,1,학부 과제 및 프로젝트\고주파공학\사진\homework5\시뮬사진\스크린샷 2026-04-14 175623.png,PUBLIC_REFERENCE_ONLY,Large sequential Cadence screenshot set; select only decision-relevant frames.
SRC-0122,고주파공학,사진\homework5\시뮬사진\스크린샷 2026-04-14 175651.png,.png,64153,8705bf22a6bebd1cdcf6c7f0d4b99a125d57c4787b676bb31739d4e25b2cd4c2,1,학부 과제 및 프로젝트\고주파공학\사진\homework5\시뮬사진\스크린샷 2026-04-14 175651.png,PUBLIC_REFERENCE_ONLY,Large sequential Cadence screenshot set; select only decision-relevant frames.
SRC-0123,고주파공학,사진\homework5\시뮬사진\스크린샷 2026-04-14 175735.png,.png,12583,7c7a628264e08908fba8d12c28f2d771206c0dfb29586e805712c3ae6e855978,1,학부 과제 및 프로젝트\고주파공학\사진\homework5\시뮬사진\스크린샷 2026-04-14 175735.png,PUBLIC_REFERENCE_ONLY,Large sequential Cadence screenshot set; select only decision-relevant frames.
SRC-0124,고주파공학,사진\homework5\시뮬사진\스크린샷 2026-04-14 175847.png,.png,82276,9c5c3e19717bfdbe319529e82af75cd65e699fe8b5d5b52715b492c47349ca33,1,학부 과제 및 프로젝트\고주파공학\사진\homework5\시뮬사진\스크린샷 2026-04-14 175847.png,PUBLIC_REFERENCE_ONLY,Large sequential Cadence screenshot set; select only decision-relevant frames.
SRC-0125,고주파공학,사진\homework5\시뮬사진\스크린샷 2026-04-14 175859.png,.png,25233,9806fb8b17766816593756eabe9af7224188afed29be7ff4cc94c715d00414c3,1,학부 과제 및 프로젝트\고주파공학\사진\homework5\시뮬사진\스크린샷 2026-04-14 175859.png,PUBLIC_REFERENCE_ONLY,Large sequential Cadence screenshot set; select only decision-relevant frames.
SRC-0126,고주파공학,사진\homework5\시뮬사진\스크린샷 2026-04-14 175908.png,.png,17944,ba8af9d26e58b7aa8b30206420c5b820be1dd9a8421c4ded88e23229dd493ea0,1,학부 과제 및 프로젝트\고주파공학\사진\homework5\시뮬사진\스크린샷 2026-04-14 175908.png,PUBLIC_REFERENCE_ONLY,Large sequential Cadence screenshot set; select only decision-relevant frames.
SRC-0127,고주파공학,사진\homework5\시뮬사진\스크린샷 2026-04-14 175914.png,.png,21476,83f11926ef42126e38017b6ea06f334699b6ae1ee07c55576646eadbbf05ddbe,1,학부 과제 및 프로젝트\고주파공학\사진\homework5\시뮬사진\스크린샷 2026-04-14 175914.png,PUBLIC_REFERENCE_ONLY,Large sequential Cadence screenshot set; select only decision-relevant frames.
SRC-0128,고주파공학,사진\homework5\시뮬사진\스크린샷 2026-04-14 175922.png,.png,12979,c2e7e0b694c0b7d5dd6b229e16c827750e8623460ba8d53276ec138ac4fa7026,1,학부 과제 및 프로젝트\고주파공학\사진\homework5\시뮬사진\스크린샷 2026-04-14 175922.png,PUBLIC_REFERENCE_ONLY,Large sequential Cadence screenshot set; select only decision-relevant frames.
SRC-0129,고주파공학,사진\homework5\시뮬사진\스크린샷 2026-04-14 180339.png,.png,12521,63214242f059e5c69e6a0d7c73d47f3328fb4ee27081b58b1a5fde9b779d4abe,1,학부 과제 및 프로젝트\고주파공학\사진\homework5\시뮬사진\스크린샷 2026-04-14 180339.png,PUBLIC_REFERENCE_ONLY,Large sequential Cadence screenshot set; select only decision-relevant frames.
SRC-0130,고주파공학,사진\homework5\시뮬사진\스크린샷 2026-04-14 191333.png,.png,33043,971dbd344a967bcf8d1b573e82b4b9ed12ddc949eac99d4c8636dab0102ef2ba,1,학부 과제 및 프로젝트\고주파공학\사진\homework5\시뮬사진\스크린샷 2026-04-14 191333.png,PUBLIC_REFERENCE_ONLY,Large sequential Cadence screenshot set; select only decision-relevant frames.
SRC-0131,고주파공학,사진\homework5\시뮬사진\스크린샷 2026-04-14 191733.png,.png,12784,092ade140dc95d7d76289b5008f23ad8548107527954243d17e09227dabb8e88,1,학부 과제 및 프로젝트\고주파공학\사진\homework5\시뮬사진\스크린샷 2026-04-14 191733.png,PUBLIC_REFERENCE_ONLY,Large sequential Cadence screenshot set; select only decision-relevant frames.
SRC-0132,고주파공학,사진\homework5\시뮬사진\스크린샷 2026-04-14 192021.png,.png,78227,3da3af6dd558f7b8e37c95151a948b3ad861d5c071161ad679ade67e00778ae6,1,학부 과제 및 프로젝트\고주파공학\사진\homework5\시뮬사진\스크린샷 2026-04-14 192021.png,PUBLIC_REFERENCE_ONLY,Large sequential Cadence screenshot set; select only decision-relevant frames.
SRC-0133,고주파공학,사진\homework5\시뮬사진\스크린샷 2026-04-14 193003.png,.png,49744,ec6673f508f31c0f56ca727329bb28ef34776e4104b077f370ea3a754a88416a,1,학부 과제 및 프로젝트\고주파공학\사진\homework5\시뮬사진\스크린샷 2026-04-14 193003.png,PUBLIC_REFERENCE_ONLY,Large sequential Cadence screenshot set; select only decision-relevant frames.
SRC-0134,고주파공학,사진\homework5\시뮬사진\스크린샷 2026-04-14 193556.png,.png,20194,d5475acf57d1f14f29b494cf2c7877376975ba8b2eb992d7a16dddc3a3536c70,1,학부 과제 및 프로젝트\고주파공학\사진\homework5\시뮬사진\스크린샷 2026-04-14 193556.png,PUBLIC_REFERENCE_ONLY,Large sequential Cadence screenshot set; select only decision-relevant frames.
SRC-0135,고주파공학,사진\homework5\시뮬사진\스크린샷 2026-04-14 195211.png,.png,11942,05759dc9ee26fefc0d4d71e36870ae154482f206e63d8330d5eeacec23b263dc,1,학부 과제 및 프로젝트\고주파공학\사진\homework5\시뮬사진\스크린샷 2026-04-14 195211.png,PUBLIC_REFERENCE_ONLY,Large sequential Cadence screenshot set; select only decision-relevant frames.
SRC-0136,고주파공학,사진\homework5\시뮬사진\스크린샷 2026-04-14 200628.png,.png,29823,9d690f4eb0034208ffd4fe7a428017b9ff40e10da51a5e01e2f72e6e2d1725fe,1,학부 과제 및 프로젝트\고주파공학\사진\homework5\시뮬사진\스크린샷 2026-04-14 200628.png,PUBLIC_REFERENCE_ONLY,Large sequential Cadence screenshot set; select only decision-relevant frames.
SRC-0137,고주파공학,사진\homework5\시뮬사진\스크린샷 2026-04-14 201112.png,.png,52188,4b9b10c57f2a91f44b6f40574d43be63a7d2dec4cb7fa3786280880a502fb79b,1,학부 과제 및 프로젝트\고주파공학\사진\homework5\시뮬사진\스크린샷 2026-04-14 201112.png,PUBLIC_REFERENCE_ONLY,Large sequential Cadence screenshot set; select only decision-relevant frames.
SRC-0138,고주파공학,사진\homework5\시뮬사진\스크린샷 2026-04-14 201540.png,.png,117722,4534afb70e589d53a8869443928def357fa3f1a9867407395b555e6a21a3befa,1,학부 과제 및 프로젝트\고주파공학\사진\homework5\시뮬사진\스크린샷 2026-04-14 201540.png,PUBLIC_REFERENCE_ONLY,Large sequential Cadence screenshot set; select only decision-relevant frames.
SRC-0139,고주파공학,사진\homework5\시뮬사진\스크린샷 2026-04-14 202315.png,.png,100284,fdded95f868164a47d1ff19ba350683d858a800b905a71378df2f093a49f871b,1,학부 과제 및 프로젝트\고주파공학\사진\homework5\시뮬사진\스크린샷 2026-04-14 202315.png,PUBLIC_REFERENCE_ONLY,Large sequential Cadence screenshot set; select only decision-relevant frames.
SRC-0140,고주파공학,사진\homework5\시뮬사진\스크린샷 2026-04-14 202433.png,.png,34733,94e82b953d1d60c21c5bbc903cec20ae624a68da242a432b03ebce0810347bb3,1,학부 과제 및 프로젝트\고주파공학\사진\homework5\시뮬사진\스크린샷 2026-04-14 202433.png,PUBLIC_REFERENCE_ONLY,Large sequential Cadence screenshot set; select only decision-relevant frames.
SRC-0141,고주파공학,사진\homework5\시뮬사진\스크린샷 2026-04-14 202522.png,.png,70272,de6b6034775888c3e6dd8b6e644ead861dd47b5492500d271c47f8ea8a2b3938,1,학부 과제 및 프로젝트\고주파공학\사진\homework5\시뮬사진\스크린샷 2026-04-14 202522.png,PUBLIC_REFERENCE_ONLY,Large sequential Cadence screenshot set; select only decision-relevant frames.
SRC-0142,고주파공학,사진\homework5\시뮬사진\스크린샷 2026-04-14 202530.png,.png,68893,a5ec9b6429febd82619538e2d58bff0b01ac5c1b59c0e0f20fa30fa968282002,1,학부 과제 및 프로젝트\고주파공학\사진\homework5\시뮬사진\스크린샷 2026-04-14 202530.png,PUBLIC_REFERENCE_ONLY,Large sequential Cadence screenshot set; select only decision-relevant frames.
SRC-0143,고주파공학,사진\homework5\시뮬사진\스크린샷 2026-04-14 202558.png,.png,28362,6f3f78fd5d11fca55724267f92d7e548f96b55f9969fd2c217263e7537eae3ac,1,학부 과제 및 프로젝트\고주파공학\사진\homework5\시뮬사진\스크린샷 2026-04-14 202558.png,PUBLIC_REFERENCE_ONLY,Large sequential Cadence screenshot set; select only decision-relevant frames.
SRC-0144,고주파공학,사진\homework5\시뮬사진\스크린샷 2026-04-14 202603.png,.png,27079,7e66dcc7fa932349a74de3b03796864505238de369c32e28fa50e350c64ee212,1,학부 과제 및 프로젝트\고주파공학\사진\homework5\시뮬사진\스크린샷 2026-04-14 202603.png,PUBLIC_REFERENCE_ONLY,Large sequential Cadence screenshot set; select only decision-relevant frames.
SRC-0145,고주파공학,사진\homework5\시뮬사진\스크린샷 2026-04-14 202614.png,.png,18738,87a57efa9a611a69a43bd15cd82729d35977b21f588eb8f9affbf70e0a42da50,1,학부 과제 및 프로젝트\고주파공학\사진\homework5\시뮬사진\스크린샷 2026-04-14 202614.png,PUBLIC_REFERENCE_ONLY,Large sequential Cadence screenshot set; select only decision-relevant frames.
SRC-0146,고주파공학,사진\homework5\시뮬사진\스크린샷 2026-04-14 202624.png,.png,6694,888383a99fb6b5035c9cbf9c6e9da55ba378a5443ad8c1c00ce8a501342ff0d3,1,학부 과제 및 프로젝트\고주파공학\사진\homework5\시뮬사진\스크린샷 2026-04-14 202624.png,PUBLIC_REFERENCE_ONLY,Large sequential Cadence screenshot set; select only decision-relevant frames.
SRC-0147,고주파공학,사진\homework5\시뮬사진\스크린샷 2026-04-14 202654.png,.png,9636,0ba219a4ae47f9d91432af0949e7a55ced985ef5cf2990711d29f8fe44dddce1,1,학부 과제 및 프로젝트\고주파공학\사진\homework5\시뮬사진\스크린샷 2026-04-14 202654.png,PUBLIC_REFERENCE_ONLY,Large sequential Cadence screenshot set; select only decision-relevant frames.
SRC-0148,고주파공학,사진\homework5\시뮬사진\스크린샷 2026-04-14 202743.png,.png,7139,95f24cfd6415e6153245886cceaae6daf677c6ea1926b8661d7e527edc5469df,1,학부 과제 및 프로젝트\고주파공학\사진\homework5\시뮬사진\스크린샷 2026-04-14 202743.png,PUBLIC_REFERENCE_ONLY,Large sequential Cadence screenshot set; select only decision-relevant frames.
SRC-0149,고주파공학,사진\homework5\시뮬사진\스크린샷 2026-04-14 203837.png,.png,46159,30e6324b0472a5e403a96dac559d266960ea8c769d19ac2f829f551356f0d130,1,학부 과제 및 프로젝트\고주파공학\사진\homework5\시뮬사진\스크린샷 2026-04-14 203837.png,PUBLIC_REFERENCE_ONLY,Large sequential Cadence screenshot set; select only decision-relevant frames.
SRC-0150,고주파공학,사진\homework5\시뮬사진\스크린샷 2026-04-14 203849.png,.png,50144,dabb362ebf215c786ae01a76225a1954c0722af38df2be7d5175034b0eb3ee4b,1,학부 과제 및 프로젝트\고주파공학\사진\homework5\시뮬사진\스크린샷 2026-04-14 203849.png,PUBLIC_REFERENCE_ONLY,Large sequential Cadence screenshot set; select only decision-relevant frames.
SRC-0151,고주파공학,사진\homework5\시뮬사진\스크린샷 2026-04-14 204129.png,.png,95475,91af9f7e0ea85b80c42b253e3461950b5b909d742a69e18cea749bbdacecc994,1,학부 과제 및 프로젝트\고주파공학\사진\homework5\시뮬사진\스크린샷 2026-04-14 204129.png,PUBLIC_REFERENCE_ONLY,Large sequential Cadence screenshot set; select only decision-relevant frames.
SRC-0152,고주파공학,사진\homework5\시뮬사진\스크린샷 2026-04-14 204158.png,.png,72739,897a3074ed6891ac2c7d798ba2a6c7ba794a4f7424c8e1982c3fab043ddbb6dd,1,학부 과제 및 프로젝트\고주파공학\사진\homework5\시뮬사진\스크린샷 2026-04-14 204158.png,PUBLIC_REFERENCE_ONLY,Large sequential Cadence screenshot set; select only decision-relevant frames.
SRC-0153,고주파공학,사진\homework5\시뮬사진\스크린샷 2026-04-14 204445.png,.png,71961,c9f2162e187f943e386a7347f3f4e6f09b6fe95a15b724f45b6bad29647d17dd,1,학부 과제 및 프로젝트\고주파공학\사진\homework5\시뮬사진\스크린샷 2026-04-14 204445.png,PUBLIC_REFERENCE_ONLY,Large sequential Cadence screenshot set; select only decision-relevant frames.
SRC-0154,고주파공학,사진\homework5\시뮬사진\스크린샷 2026-04-14 204516.png,.png,71482,d9ae135fbfc321e49802833e3b858cb3d4d0c2d8983793a13de9431284c7941a,1,학부 과제 및 프로젝트\고주파공학\사진\homework5\시뮬사진\스크린샷 2026-04-14 204516.png,PUBLIC_REFERENCE_ONLY,Large sequential Cadence screenshot set; select only decision-relevant frames.
SRC-0155,고주파공학,사진\homework5\시뮬사진\스크린샷 2026-04-14 210036.png,.png,1411,2dfb299438d3a904f0c12fc8f628bd9335457bf2fd48900148e8c290212c0ba6,1,학부 과제 및 프로젝트\고주파공학\사진\homework5\시뮬사진\스크린샷 2026-04-14 210036.png,PUBLIC_REFERENCE_ONLY,Large sequential Cadence screenshot set; select only decision-relevant frames.
SRC-0156,고주파공학,사진\homework5\시뮬사진\스크린샷 2026-04-14 210041.png,.png,11947,266dc0d0cf5d345cc0d4a518f8b9b2b73af90df2dc922759a8bbc89757f0018b,1,학부 과제 및 프로젝트\고주파공학\사진\homework5\시뮬사진\스크린샷 2026-04-14 210041.png,PUBLIC_REFERENCE_ONLY,Large sequential Cadence screenshot set; select only decision-relevant frames.
SRC-0157,고주파공학,사진\homework5\시뮬사진\스크린샷 2026-04-14 210856.png,.png,64842,969853a2969dfdfcc215bb84aac9a8beb3b528ec5f23b935ad4b4685b307fbb5,1,학부 과제 및 프로젝트\고주파공학\사진\homework5\시뮬사진\스크린샷 2026-04-14 210856.png,PUBLIC_REFERENCE_ONLY,Large sequential Cadence screenshot set; select only decision-relevant frames.
SRC-0158,고주파공학,사진\homework5\시뮬사진\스크린샷 2026-04-14 210942.png,.png,53386,f3a4b02a3db3964dccf209f6fc7d3d4ac297c766e3a0b48b8062c3c2ab7f36ef,1,학부 과제 및 프로젝트\고주파공학\사진\homework5\시뮬사진\스크린샷 2026-04-14 210942.png,PUBLIC_REFERENCE_ONLY,Large sequential Cadence screenshot set; select only decision-relevant frames.
SRC-0159,고주파공학,사진\homework5\시뮬사진\스크린샷 2026-04-14 211030.png,.png,64351,3e543fef6e50606fe1246a256392205cc9105faa03c1ab8848e1b22fe02b9b29,1,학부 과제 및 프로젝트\고주파공학\사진\homework5\시뮬사진\스크린샷 2026-04-14 211030.png,PUBLIC_REFERENCE_ONLY,Large sequential Cadence screenshot set; select only decision-relevant frames.
SRC-0160,고주파공학,사진\homework5\시뮬사진\스크린샷 2026-04-14 211040.png,.png,11056,649dc9607006f9a1eccf506b852d66219909fab5bbecd29d9f9000f86cc6ac13,1,학부 과제 및 프로젝트\고주파공학\사진\homework5\시뮬사진\스크린샷 2026-04-14 211040.png,PUBLIC_REFERENCE_ONLY,Large sequential Cadence screenshot set; select only decision-relevant frames.
SRC-0161,고주파공학,사진\homework5\시뮬사진\스크린샷 2026-04-14 211051.png,.png,65515,fa9063731be1317ae4881669fadd3ea4057d49922bc73fdc1ffe43551deecaaf,1,학부 과제 및 프로젝트\고주파공학\사진\homework5\시뮬사진\스크린샷 2026-04-14 211051.png,PUBLIC_REFERENCE_ONLY,Large sequential Cadence screenshot set; select only decision-relevant frames.
SRC-0162,고주파공학,사진\homework5\시뮬사진\스크린샷 2026-04-14 211104.png,.png,58721,3015768c0dd171bd574503a848397438a33e6ee55750a6ec06f2c97d37499014,1,학부 과제 및 프로젝트\고주파공학\사진\homework5\시뮬사진\스크린샷 2026-04-14 211104.png,PUBLIC_REFERENCE_ONLY,Large sequential Cadence screenshot set; select only decision-relevant frames.
SRC-0163,고주파공학,사진\homework5\시뮬사진\스크린샷 2026-04-14 211129.png,.png,28592,9bc825f9213b20253a7a88c610e74a46c2c476155f6b37aa733322683fba9845,1,학부 과제 및 프로젝트\고주파공학\사진\homework5\시뮬사진\스크린샷 2026-04-14 211129.png,PUBLIC_REFERENCE_ONLY,Large sequential Cadence screenshot set; select only decision-relevant frames.
SRC-0164,고주파공학,사진\homework5\시뮬사진\스크린샷 2026-04-14 211137.png,.png,28680,f87da2bdf117844dd7febd00333e4a9cb38ff9a5407a5b3ed461f530f51079a1,1,학부 과제 및 프로젝트\고주파공학\사진\homework5\시뮬사진\스크린샷 2026-04-14 211137.png,PUBLIC_REFERENCE_ONLY,Large sequential Cadence screenshot set; select only decision-relevant frames.
SRC-0165,고주파공학,사진\homework5\시뮬사진\스크린샷 2026-04-14 211334.png,.png,45546,3192f06a4d3b0e6ab34e7c1b4d1dfbe8afea955545b3407b35e069b6949d4cac,1,학부 과제 및 프로젝트\고주파공학\사진\homework5\시뮬사진\스크린샷 2026-04-14 211334.png,PUBLIC_REFERENCE_ONLY,Large sequential Cadence screenshot set; select only decision-relevant frames.
SRC-0166,고주파공학,사진\homework5\시뮬사진\스크린샷 2026-04-14 211340.png,.png,49930,0c64b676964ff8c761217fd5fd1dea7192abfdc0158a47be66b2380f94cbf036,1,학부 과제 및 프로젝트\고주파공학\사진\homework5\시뮬사진\스크린샷 2026-04-14 211340.png,PUBLIC_REFERENCE_ONLY,Large sequential Cadence screenshot set; select only decision-relevant frames.
SRC-0167,고주파공학,사진\homework5\시뮬사진\스크린샷 2026-04-14 211722.png,.png,18762,fd6c54cdd6d9f4352f2a7580c3d8f6a267fcc7d8ebce843c12ba826cd90b6ce2,1,학부 과제 및 프로젝트\고주파공학\사진\homework5\시뮬사진\스크린샷 2026-04-14 211722.png,PUBLIC_REFERENCE_ONLY,Large sequential Cadence screenshot set; select only decision-relevant frames.
SRC-0168,고주파공학,사진\homework5\시뮬사진\스크린샷 2026-04-14 211833.png,.png,78168,0ef33ff2c8152ec82098f91d91562c5da541c7fc3c5e9db36aa07e33f4a0c3bf,1,학부 과제 및 프로젝트\고주파공학\사진\homework5\시뮬사진\스크린샷 2026-04-14 211833.png,PUBLIC_REFERENCE_ONLY,Large sequential Cadence screenshot set; select only decision-relevant frames.
SRC-0169,고주파공학,사진\homework5\시뮬사진\스크린샷 2026-04-14 214226.png,.png,55976,48f0ae5985a613b89c1ec46cee996ced2e9d1e2a4c1de6b21724d4521b6d9cdd,1,학부 과제 및 프로젝트\고주파공학\사진\homework5\시뮬사진\스크린샷 2026-04-14 214226.png,PUBLIC_REFERENCE_ONLY,Large sequential Cadence screenshot set; select only decision-relevant frames.
SRC-0170,고주파공학,사진\homework5\시뮬사진\스크린샷 2026-04-14 214229.png,.png,64468,3dfb948e608c51685bbc0104193640d6ddd279e6a425fa708d86baa44666bb2b,1,학부 과제 및 프로젝트\고주파공학\사진\homework5\시뮬사진\스크린샷 2026-04-14 214229.png,PUBLIC_REFERENCE_ONLY,Large sequential Cadence screenshot set; select only decision-relevant frames.
SRC-0171,고주파공학,사진\homework5\시뮬사진\스크린샷 2026-04-14 214542.png,.png,36816,e1acd8fb44325c629052d9e45d1d083e56ad3121aa42915bafd8c50226bde46f,1,학부 과제 및 프로젝트\고주파공학\사진\homework5\시뮬사진\스크린샷 2026-04-14 214542.png,PUBLIC_REFERENCE_ONLY,Large sequential Cadence screenshot set; select only decision-relevant frames.
SRC-0172,고주파공학,사진\homework5\시뮬사진\스크린샷 2026-04-14 214819.png,.png,47764,1b1f6f1e4a2e0846dac67765a6a3dea5be4ad6a0259432f21793fc8fab0c6ea4,1,학부 과제 및 프로젝트\고주파공학\사진\homework5\시뮬사진\스크린샷 2026-04-14 214819.png,PUBLIC_REFERENCE_ONLY,Large sequential Cadence screenshot set; select only decision-relevant frames.
SRC-0173,고주파공학,사진\homework5\시뮬사진\스크린샷 2026-04-14 215624.png,.png,37402,1088653bdf56c4cecab41ef162ddd5873c66d3a44e4dad7dc606ba070dac7e2b,1,학부 과제 및 프로젝트\고주파공학\사진\homework5\시뮬사진\스크린샷 2026-04-14 215624.png,PUBLIC_REFERENCE_ONLY,Large sequential Cadence screenshot set; select only decision-relevant frames.
SRC-0174,고주파공학,사진\homework5\시뮬사진\스크린샷 2026-04-14 215632.png,.png,33984,4a3f8c3ea18930c17c40a8963eca090d0a7bd6f8cf45e77554db51528a39acfb,1,학부 과제 및 프로젝트\고주파공학\사진\homework5\시뮬사진\스크린샷 2026-04-14 215632.png,PUBLIC_REFERENCE_ONLY,Large sequential Cadence screenshot set; select only decision-relevant frames.
SRC-0175,고주파공학,사진\homework5\시뮬사진\스크린샷 2026-04-14 215702.png,.png,100925,a3ae9f2af7f5671687967ccb622354b7c77b68f9aa32a3fce216f7db698d1b37,1,학부 과제 및 프로젝트\고주파공학\사진\homework5\시뮬사진\스크린샷 2026-04-14 215702.png,PUBLIC_REFERENCE_ONLY,Large sequential Cadence screenshot set; select only decision-relevant frames.
SRC-0176,고주파공학,사진\homework5\시뮬사진\스크린샷 2026-04-14 215820.png,.png,60149,a69b94a6172a27f1879f87acdeff91dd38d5a3498201c6c97b4b763cce1ff5f5,1,학부 과제 및 프로젝트\고주파공학\사진\homework5\시뮬사진\스크린샷 2026-04-14 215820.png,PUBLIC_REFERENCE_ONLY,Large sequential Cadence screenshot set; select only decision-relevant frames.
SRC-0177,고주파공학,사진\homework5\시뮬사진\스크린샷 2026-04-14 215829.png,.png,58301,a02d0d7e952bd6ddf4bad0596f84aaf0685bb93dfc3cad0ef544d82b72525349,1,학부 과제 및 프로젝트\고주파공학\사진\homework5\시뮬사진\스크린샷 2026-04-14 215829.png,PUBLIC_REFERENCE_ONLY,Large sequential Cadence screenshot set; select only decision-relevant frames.
SRC-0178,고주파공학,사진\homework5\시뮬사진\스크린샷 2026-04-14 215957.png,.png,72420,cc1657e37561042d27a7b653e7a05192f7adc467136a55d8cf31997e787d3e1d,1,학부 과제 및 프로젝트\고주파공학\사진\homework5\시뮬사진\스크린샷 2026-04-14 215957.png,PUBLIC_REFERENCE_ONLY,Large sequential Cadence screenshot set; select only decision-relevant frames.
SRC-0179,고주파공학,사진\homework5\시뮬사진\스크린샷 2026-04-14 220300.png,.png,38591,3b4ea090b6024338e6588ae8b122b01031329131e2d174b75652683d83b8e476,1,학부 과제 및 프로젝트\고주파공학\사진\homework5\시뮬사진\스크린샷 2026-04-14 220300.png,PUBLIC_REFERENCE_ONLY,Large sequential Cadence screenshot set; select only decision-relevant frames.
SRC-0180,고주파공학,사진\homework5\시뮬사진\스크린샷 2026-04-14 220308.png,.png,40816,148692d309a7f667eb3ece30b4aea7d77322eedf81f4a0855b03fc24daa7d35b,1,학부 과제 및 프로젝트\고주파공학\사진\homework5\시뮬사진\스크린샷 2026-04-14 220308.png,PUBLIC_REFERENCE_ONLY,Large sequential Cadence screenshot set; select only decision-relevant frames.
SRC-0181,고주파공학,사진\homework5\시뮬사진\스크린샷 2026-04-14 220321.png,.png,47556,291c2615ec0a6fa878240b2268e56514ad9c46d2f4f5da9a603eebc06f0da8c9,1,학부 과제 및 프로젝트\고주파공학\사진\homework5\시뮬사진\스크린샷 2026-04-14 220321.png,PUBLIC_REFERENCE_ONLY,Large sequential Cadence screenshot set; select only decision-relevant frames.
SRC-0182,고주파공학,사진\homework5\시뮬사진\스크린샷 2026-04-14 221102.png,.png,56914,29b893cbc3a592d339c6e189f5440813aa9038369c4b56dda88c7824b72968ed,1,학부 과제 및 프로젝트\고주파공학\사진\homework5\시뮬사진\스크린샷 2026-04-14 221102.png,PUBLIC_REFERENCE_ONLY,Large sequential Cadence screenshot set; select only decision-relevant frames.
SRC-0183,고주파공학,사진\homework5\시뮬사진\스크린샷 2026-04-14 221116.png,.png,57608,165616858e3c3e679c3bc5e8d79641e72f79c135c9506e3593ba58ad6512b2a9,1,학부 과제 및 프로젝트\고주파공학\사진\homework5\시뮬사진\스크린샷 2026-04-14 221116.png,PUBLIC_REFERENCE_ONLY,Large sequential Cadence screenshot set; select only decision-relevant frames.
SRC-0184,고주파공학,사진\homework5\시뮬사진\스크린샷 2026-04-14 221351.png,.png,10812,f0bc4e8079c91575caa4a4fe4d739f52d5d1db4ec9531236282c7befc69f7e77,1,학부 과제 및 프로젝트\고주파공학\사진\homework5\시뮬사진\스크린샷 2026-04-14 221351.png,PUBLIC_REFERENCE_ONLY,Large sequential Cadence screenshot set; select only decision-relevant frames.
SRC-0185,고주파공학,사진\homework5\시뮬사진\스크린샷 2026-04-14 221401.png,.png,50428,1025ed6a2b9622975770d2e9049a9ba223da7c325f16cfc6912084395eb12b23,1,학부 과제 및 프로젝트\고주파공학\사진\homework5\시뮬사진\스크린샷 2026-04-14 221401.png,PUBLIC_REFERENCE_ONLY,Large sequential Cadence screenshot set; select only decision-relevant frames.
SRC-0186,고주파공학,사진\homework5\시뮬사진\스크린샷 2026-04-14 221417.png,.png,116878,074ed88f2eec389804f8911db9ca2dc0c1bac5c10beebb606fb984c2921943ba,1,학부 과제 및 프로젝트\고주파공학\사진\homework5\시뮬사진\스크린샷 2026-04-14 221417.png,PUBLIC_REFERENCE_ONLY,Large sequential Cadence screenshot set; select only decision-relevant frames.
SRC-0187,고주파공학,사진\homework5\시뮬사진\스크린샷 2026-04-14 221424.png,.png,82266,e447399811b66be5e6281fcbae8b660e0aa0d2e2978860e97228fc1bcd48cb22,1,학부 과제 및 프로젝트\고주파공학\사진\homework5\시뮬사진\스크린샷 2026-04-14 221424.png,PUBLIC_REFERENCE_ONLY,Large sequential Cadence screenshot set; select only decision-relevant frames.
SRC-0188,고주파공학,사진\homework5\시뮬사진\스크린샷 2026-04-14 221437.png,.png,57025,0228c43fed2dd0b3f65736d4f888ec69b3b2419e8b7ecce8decbcd693e5e1d74,1,학부 과제 및 프로젝트\고주파공학\사진\homework5\시뮬사진\스크린샷 2026-04-14 221437.png,PUBLIC_REFERENCE_ONLY,Large sequential Cadence screenshot set; select only decision-relevant frames.
SRC-0189,고주파공학,사진\homework5\시뮬사진\스크린샷 2026-04-14 221449.png,.png,83625,411519a2ffef90c35f876b6b12ee2d944c037391df5af95ef0f5dcd3d78ce6f1,1,학부 과제 및 프로젝트\고주파공학\사진\homework5\시뮬사진\스크린샷 2026-04-14 221449.png,PUBLIC_REFERENCE_ONLY,Large sequential Cadence screenshot set; select only decision-relevant frames.
SRC-0190,고주파공학,사진\homework5\시뮬사진\스크린샷 2026-04-14 221505.png,.png,68764,a1e476419d5f89e6d34d4375d254f0daee2ffdd9342385f392861c7764f0c73d,1,학부 과제 및 프로젝트\고주파공학\사진\homework5\시뮬사진\스크린샷 2026-04-14 221505.png,PUBLIC_REFERENCE_ONLY,Large sequential Cadence screenshot set; select only decision-relevant frames.
SRC-0191,고주파공학,사진\homework5\시뮬사진\스크린샷 2026-04-14 221512.png,.png,31309,15aa2444fbadd7d82f35a7f8ba2090dcdeb86e75a49367698d5644e6bb342146,1,학부 과제 및 프로젝트\고주파공학\사진\homework5\시뮬사진\스크린샷 2026-04-14 221512.png,PUBLIC_REFERENCE_ONLY,Large sequential Cadence screenshot set; select only decision-relevant frames.
SRC-0192,고주파공학,사진\homework5\시뮬사진\스크린샷 2026-04-14 221521.png,.png,33040,d6e04c045607dce39e285386afcfd4a6181f5e4845d93e9acc49175ee3a0df43,1,학부 과제 및 프로젝트\고주파공학\사진\homework5\시뮬사진\스크린샷 2026-04-14 221521.png,PUBLIC_REFERENCE_ONLY,Large sequential Cadence screenshot set; select only decision-relevant frames.
SRC-0193,고주파공학,사진\homework5\시뮬사진\스크린샷 2026-04-14 221542.png,.png,59972,80b0f67bc07603a47d357533eae171684803eda3188fae6dfc6d35cc64f93ebf,1,학부 과제 및 프로젝트\고주파공학\사진\homework5\시뮬사진\스크린샷 2026-04-14 221542.png,PUBLIC_REFERENCE_ONLY,Large sequential Cadence screenshot set; select only decision-relevant frames.
SRC-0194,고주파공학,사진\homework5\시뮬사진\스크린샷 2026-04-14 221553.png,.png,48335,af067f7e0920d4e86a69ae077139b4593a942e31817a3692541a477fe0b7cfc9,1,학부 과제 및 프로젝트\고주파공학\사진\homework5\시뮬사진\스크린샷 2026-04-14 221553.png,PUBLIC_REFERENCE_ONLY,Large sequential Cadence screenshot set; select only decision-relevant frames.
SRC-0195,고주파공학,사진\homework5\시뮬사진\스크린샷 2026-04-14 221627.png,.png,93675,91cb791e6a639dc2e5f45049a14f2d090659dd4c1e01dfe59b621266e6939684,1,학부 과제 및 프로젝트\고주파공학\사진\homework5\시뮬사진\스크린샷 2026-04-14 221627.png,PUBLIC_REFERENCE_ONLY,Large sequential Cadence screenshot set; select only decision-relevant frames.
SRC-0196,고주파공학,사진\homework5\시뮬사진\스크린샷 2026-04-14 221711.png,.png,48025,23aa87cc945bef6d41d36c044e197bfbe4b29db9b19d29f08f41ee05ac26df4d,1,학부 과제 및 프로젝트\고주파공학\사진\homework5\시뮬사진\스크린샷 2026-04-14 221711.png,PUBLIC_REFERENCE_ONLY,Large sequential Cadence screenshot set; select only decision-relevant frames.
SRC-0197,고주파공학,사진\homework5\시뮬사진\스크린샷 2026-04-14 222407.png,.png,22140,ab3da72452dfa3484c8d78fcb86e5debf208103bbfc6b239c2138e235b4810f3,1,학부 과제 및 프로젝트\고주파공학\사진\homework5\시뮬사진\스크린샷 2026-04-14 222407.png,PUBLIC_REFERENCE_ONLY,Large sequential Cadence screenshot set; select only decision-relevant frames.
SRC-0198,고주파공학,사진\homework5\시뮬사진\스크린샷 2026-04-14 222410.png,.png,98023,840cd17686fe51101faed22a7c16f18c9fb4406b05ab3704951a2c9b26543c0f,1,학부 과제 및 프로젝트\고주파공학\사진\homework5\시뮬사진\스크린샷 2026-04-14 222410.png,PUBLIC_REFERENCE_ONLY,Large sequential Cadence screenshot set; select only decision-relevant frames.
SRC-0199,고주파공학,사진\homework5\시뮬사진\스크린샷 2026-04-14 222606.png,.png,101349,9c54b85fa1937386a28a7e18f6e2d78df36945cbb2a84d7ab186e84bdc1ee1da,2,학부 과제 및 프로젝트\고주파공학\사진\homework2\스크린샷 2026-04-14 222606.png,DUPLICATE,Exact SHA-256 duplicate of the canonical source record.
SRC-0200,고주파공학,사진\homework5\시뮬사진\스크린샷 2026-05-28 163230.png,.png,13636,b4545a001ad0170b6644c28f73f0798ac88dc67448230ecc300fc885f066c59e,1,학부 과제 및 프로젝트\고주파공학\사진\homework5\시뮬사진\스크린샷 2026-05-28 163230.png,PUBLIC_REFERENCE_ONLY,Large sequential Cadence screenshot set; select only decision-relevant frames.
SRC-0201,고주파공학,사진\homework5\시뮬사진\스크린샷 2026-05-28 163316.png,.png,12248,c9a57edf51df47a91255988297b3d96c14780ba0e31fdd5a6d885bac6a05c697,1,학부 과제 및 프로젝트\고주파공학\사진\homework5\시뮬사진\스크린샷 2026-05-28 163316.png,PUBLIC_REFERENCE_ONLY,Large sequential Cadence screenshot set; select only decision-relevant frames.
SRC-0202,고주파공학,사진\homework5\시뮬사진\스크린샷 2026-05-28 163341.png,.png,25367,8d6f33feae3f85f85f7bd3690649f6cd2fb80e42bf34c4b693f9b14d4849c629,1,학부 과제 및 프로젝트\고주파공학\사진\homework5\시뮬사진\스크린샷 2026-05-28 163341.png,PUBLIC_REFERENCE_ONLY,Large sequential Cadence screenshot set; select only decision-relevant frames.
SRC-0203,고주파공학,사진\homework5\시뮬사진\스크린샷 2026-05-28 163405.png,.png,9961,d44dde2026ce64c3d5fbe1354f957b47f13b0b8fd65cf8c37c8d0a8fb8379a17,1,학부 과제 및 프로젝트\고주파공학\사진\homework5\시뮬사진\스크린샷 2026-05-28 163405.png,PUBLIC_REFERENCE_ONLY,Large sequential Cadence screenshot set; select only decision-relevant frames.
SRC-0204,고주파공학,사진\homework5\시뮬사진\스크린샷 2026-05-28 163416.png,.png,27103,f0e0d6a3f16cf1653ab9a6fa80a20c5edd613dba35cdab2421941651a298828e,1,학부 과제 및 프로젝트\고주파공학\사진\homework5\시뮬사진\스크린샷 2026-05-28 163416.png,PUBLIC_REFERENCE_ONLY,Large sequential Cadence screenshot set; select only decision-relevant frames.
SRC-0205,고주파공학,사진\homework5\시뮬사진\스크린샷 2026-05-28 163432.png,.png,36324,e6ac11bfe9a2d7a34deba22f4692723365e61cd3d959a7e25e893d1f8a56b42b,1,학부 과제 및 프로젝트\고주파공학\사진\homework5\시뮬사진\스크린샷 2026-05-28 163432.png,PUBLIC_REFERENCE_ONLY,Large sequential Cadence screenshot set; select only decision-relevant frames.
SRC-0206,고주파공학,사진\homework5\시뮬사진\스크린샷 2026-05-28 163520.png,.png,23635,a5f60337714585ba9ff5eac242db03d03832d512c708e9fe7119404f1abfef9c,1,학부 과제 및 프로젝트\고주파공학\사진\homework5\시뮬사진\스크린샷 2026-05-28 163520.png,PUBLIC_REFERENCE_ONLY,Large sequential Cadence screenshot set; select only decision-relevant frames.
SRC-0207,고주파공학,사진\homework5\시뮬사진\스크린샷 2026-05-28 163540.png,.png,67514,71d04596ae355b9df393abcb631a9e0bd6304e82a8510d640caaa7770814fe23,1,학부 과제 및 프로젝트\고주파공학\사진\homework5\시뮬사진\스크린샷 2026-05-28 163540.png,PUBLIC_REFERENCE_ONLY,Large sequential Cadence screenshot set; select only decision-relevant frames.
SRC-0208,고주파공학,사진\homework5\시뮬사진\스크린샷 2026-05-28 163547.png,.png,67386,b12c8554d89177fb8308e07a717d9cf2bf2f0bff91dcc1b806eefed601984059,1,학부 과제 및 프로젝트\고주파공학\사진\homework5\시뮬사진\스크린샷 2026-05-28 163547.png,PUBLIC_REFERENCE_ONLY,Large sequential Cadence screenshot set; select only decision-relevant frames.
SRC-0209,고주파공학,사진\homework5\시뮬사진\스크린샷 2026-05-28 163603.png,.png,132508,17a3b7294c460bae418ce8c4340239342f05598eda27535356e56e4d15867132,1,학부 과제 및 프로젝트\고주파공학\사진\homework5\시뮬사진\스크린샷 2026-05-28 163603.png,PUBLIC_REFERENCE_ONLY,Large sequential Cadence screenshot set; select only decision-relevant frames.
SRC-0210,고주파공학,사진\homework5\시뮬사진\스크린샷 2026-05-28 163619.png,.png,86737,4c04f33962436080467d5c830758263fd371539be427ff26891e487f3e83a16a,1,학부 과제 및 프로젝트\고주파공학\사진\homework5\시뮬사진\스크린샷 2026-05-28 163619.png,PUBLIC_REFERENCE_ONLY,Large sequential Cadence screenshot set; select only decision-relevant frames.
SRC-0211,고주파공학,사진\homework5\시뮬사진\스크린샷 2026-05-28 163634.png,.png,105359,3e007a0c3af1e7dcd521720e3388d5ddedaece0ebde0d4fa74ba43759e7bff6c,2,학부 과제 및 프로젝트\고주파공학\사진\homework4\ex5-1\design ex5-6.png,DUPLICATE,Exact SHA-256 duplicate of the canonical source record.
SRC-0212,고주파공학,사진\homework5\시뮬사진\스크린샷 2026-05-28 163648.png,.png,121336,38adc31b96dda4911dfbb2724e2411c30b13078589fdcff3edb0abfcc710d031,2,학부 과제 및 프로젝트\고주파공학\사진\homework4\ex5-2\design ex5-7.png,DUPLICATE,Exact SHA-256 duplicate of the canonical source record.
SRC-0213,고주파공학,사진\homework5\시뮬사진\스크린샷 2026-05-29 141655.png,.png,61629,2bd54ee94c38933123d6110116c9cea30f08472c5bac0447757f7043125b1dc7,1,학부 과제 및 프로젝트\고주파공학\사진\homework5\시뮬사진\스크린샷 2026-05-29 141655.png,PUBLIC_REFERENCE_ONLY,Large sequential Cadence screenshot set; select only decision-relevant frames.
SRC-0214,고주파공학,사진\homework5\시뮬사진\스크린샷 2026-05-29 141701.png,.png,112744,d3923a129bc8eec47f9afa4fb2d93140230bdeb711e8b90e283fd9ef756686bb,1,학부 과제 및 프로젝트\고주파공학\사진\homework5\시뮬사진\스크린샷 2026-05-29 141701.png,PUBLIC_REFERENCE_ONLY,Large sequential Cadence screenshot set; select only decision-relevant frames.
SRC-0215,고주파공학,사진\homework5\시뮬사진\스크린샷 2026-05-29 141712.png,.png,176584,c8d1e82cbf844f59505d3cad066b22083f1689fca3771bbb55b7ce183a8ccfec,1,학부 과제 및 프로젝트\고주파공학\사진\homework5\시뮬사진\스크린샷 2026-05-29 141712.png,PUBLIC_REFERENCE_ONLY,Large sequential Cadence screenshot set; select only decision-relevant frames.
SRC-0216,고주파공학,사진\homework5\시뮬사진\스크린샷 2026-05-29 141723.png,.png,146185,5a7279a7c6aa7255efca155caf9a81197a3242678ffb2636b1cb5f859124fe99,1,학부 과제 및 프로젝트\고주파공학\사진\homework5\시뮬사진\스크린샷 2026-05-29 141723.png,PUBLIC_REFERENCE_ONLY,Large sequential Cadence screenshot set; select only decision-relevant frames.
SRC-0217,고주파공학,사진\homework5\시뮬사진\스크린샷 2026-05-29 141734.png,.png,79646,74658dfea2ea32fede3259fb0720a4d814ce128f18d07e46dbfb34cd16ac9b56,1,학부 과제 및 프로젝트\고주파공학\사진\homework5\시뮬사진\스크린샷 2026-05-29 141734.png,PUBLIC_REFERENCE_ONLY,Large sequential Cadence screenshot set; select only decision-relevant frames.
SRC-0218,고주파공학,사진\homework5\시뮬사진\스크린샷 2026-05-29 141954.png,.png,130715,fd0cb90578dc40810402b3b53bb76af88f39b805d324434b143e0a261d5045c4,1,학부 과제 및 프로젝트\고주파공학\사진\homework5\시뮬사진\스크린샷 2026-05-29 141954.png,PUBLIC_REFERENCE_ONLY,Large sequential Cadence screenshot set; select only decision-relevant frames.
SRC-0219,고주파공학,사진\homework5\시뮬사진\스크린샷 2026-05-29 143858.png,.png,165462,d404cdde0eadbb9b8eade136c878f0c4fe16b559ef2024e37260140aebd26c65,1,학부 과제 및 프로젝트\고주파공학\사진\homework5\시뮬사진\스크린샷 2026-05-29 143858.png,PUBLIC_REFERENCE_ONLY,Large sequential Cadence screenshot set; select only decision-relevant frames.
SRC-0220,고주파공학,사진\homework5\시뮬사진\스크린샷 2026-05-29 143913.png,.png,90275,b551f974c2c0a072d12c89725f7463b1393bef6ba1b84f7e119ae911a78d7e73,1,학부 과제 및 프로젝트\고주파공학\사진\homework5\시뮬사진\스크린샷 2026-05-29 143913.png,PUBLIC_REFERENCE_ONLY,Large sequential Cadence screenshot set; select only decision-relevant frames.
SRC-0221,고주파공학,사진\homework5\시뮬사진\스크린샷 2026-05-29 143929.png,.png,80522,ed78981f44bbe63966c778a2762da85f2359ea6011c5f2abca9464dd3c79cd81,1,학부 과제 및 프로젝트\고주파공학\사진\homework5\시뮬사진\스크린샷 2026-05-29 143929.png,PUBLIC_REFERENCE_ONLY,Large sequential Cadence screenshot set; select only decision-relevant frames.
SRC-0222,고주파공학,사진\homework5\시뮬사진\스크린샷 2026-05-29 143937.png,.png,74483,ec02265faa3f7e6150aadbae1534e5b0a277bbb09f41c1c8868528bcf0f01a33,1,학부 과제 및 프로젝트\고주파공학\사진\homework5\시뮬사진\스크린샷 2026-05-29 143937.png,PUBLIC_REFERENCE_ONLY,Large sequential Cadence screenshot set; select only decision-relevant frames.
SRC-0223,고주파공학,사진\homework5\시뮬사진\스크린샷 2026-05-31 192127.png,.png,7516,9752eb25fb7578be9925f7963a072bad6907471b43c0f9cd41e04943fc5cc738,2,학부 과제 및 프로젝트\고주파공학\사진\homework4\ex5-1\회로도.png,DUPLICATE,Exact SHA-256 duplicate of the canonical source record.
SRC-0224,고주파공학,사진\homework5\시뮬사진\스크린샷 2026-05-31 192218.png,.png,138046,43484f18c5d8b0388ebf4fe0a67d206293c044874c2097ed4a303f0f82570b48,1,학부 과제 및 프로젝트\고주파공학\사진\homework5\시뮬사진\스크린샷 2026-05-31 192218.png,PUBLIC_REFERENCE_ONLY,Large sequential Cadence screenshot set; select only decision-relevant frames.
SRC-0225,고주파공학,사진\homework5\시뮬사진\스크린샷 2026-05-31 195223.png,.png,241841,4d3d919b0dc43f6f2c1aa0c84e948791580a285d0ddae2695bcff0764e4b1112,1,학부 과제 및 프로젝트\고주파공학\사진\homework5\시뮬사진\스크린샷 2026-05-31 195223.png,PUBLIC_REFERENCE_ONLY,Large sequential Cadence screenshot set; select only decision-relevant frames.
SRC-0226,고주파공학,사진\homework5\시뮬사진\스크린샷 2026-05-31 195232.png,.png,345653,e3ac17ebbcf4adfb823288b6fd30af2a1054f4edda19b63448fc65cecbd8ebf7,1,학부 과제 및 프로젝트\고주파공학\사진\homework5\시뮬사진\스크린샷 2026-05-31 195232.png,PUBLIC_REFERENCE_ONLY,Large sequential Cadence screenshot set; select only decision-relevant frames.
SRC-0227,고주파공학,사진\homework5\시뮬사진\스크린샷 2026-05-31 195239.png,.png,139008,8918311c8575a00ff2e50d125360ebe66cd78cb75a765ae53205b47067c2d4dd,1,학부 과제 및 프로젝트\고주파공학\사진\homework5\시뮬사진\스크린샷 2026-05-31 195239.png,PUBLIC_REFERENCE_ONLY,Large sequential Cadence screenshot set; select only decision-relevant frames.
SRC-0228,고주파공학,사진\homework5\시뮬사진\스크린샷 2026-05-31 195357.png,.png,56710,e5ca447495a90a9b5692cf8dba7be97c494c39328f2206602d49d263ea632c6b,1,학부 과제 및 프로젝트\고주파공학\사진\homework5\시뮬사진\스크린샷 2026-05-31 195357.png,PUBLIC_REFERENCE_ONLY,Large sequential Cadence screenshot set; select only decision-relevant frames.
SRC-0229,고주파공학,사진\homework5\시뮬사진\스크린샷 2026-05-31 195421.png,.png,52479,a08807772d6773bfea2f86f054e05acb5a19682b6894eb61ed6b430924f6b21c,1,학부 과제 및 프로젝트\고주파공학\사진\homework5\시뮬사진\스크린샷 2026-05-31 195421.png,PUBLIC_REFERENCE_ONLY,Large sequential Cadence screenshot set; select only decision-relevant frames.
SRC-0230,고주파공학,사진\homework5\시뮬사진\스크린샷 2026-05-31 195706.png,.png,72527,0dd7ae71c5324bd02da825561dd3bd758abe1d6cb3533de0facd8d5ef95091ab,1,학부 과제 및 프로젝트\고주파공학\사진\homework5\시뮬사진\스크린샷 2026-05-31 195706.png,PUBLIC_REFERENCE_ONLY,Large sequential Cadence screenshot set; select only decision-relevant frames.
SRC-0231,고주파공학,사진\homework5\시뮬사진\스크린샷 2026-05-31 195738.png,.png,49412,8262f88ee00935d2f9ed5c0874af5302ace954ee51b9c057bc2e1f476d03d683,1,학부 과제 및 프로젝트\고주파공학\사진\homework5\시뮬사진\스크린샷 2026-05-31 195738.png,PUBLIC_REFERENCE_ONLY,Large sequential Cadence screenshot set; select only decision-relevant frames.
SRC-0232,고주파공학,사진\homework5\시뮬사진\스크린샷 2026-05-31 200123.png,.png,16915,99413a070193c6913ef4d08918784dd71664faaeea9ff51d7a46504d04f1e3bf,1,학부 과제 및 프로젝트\고주파공학\사진\homework5\시뮬사진\스크린샷 2026-05-31 200123.png,PUBLIC_REFERENCE_ONLY,Large sequential Cadence screenshot set; select only decision-relevant frames.
SRC-0233,고주파공학,사진\homework5\시뮬사진\스크린샷 2026-05-31 200502.png,.png,83301,88b5e2f2dc9a1a3e333cb123d99c44d901fbf640472ff7734fdd33d6b45b06f4,1,학부 과제 및 프로젝트\고주파공학\사진\homework5\시뮬사진\스크린샷 2026-05-31 200502.png,PUBLIC_REFERENCE_ONLY,Large sequential Cadence screenshot set; select only decision-relevant frames.
SRC-0234,고주파공학,사진\homework5\시뮬사진\스크린샷 2026-05-31 200507.png,.png,156044,caf27538e64bf8ada776d27e319e05cc6d3c36982ca3119e3f49bbea05c177e1,1,학부 과제 및 프로젝트\고주파공학\사진\homework5\시뮬사진\스크린샷 2026-05-31 200507.png,PUBLIC_REFERENCE_ONLY,Large sequential Cadence screenshot set; select only decision-relevant frames.
SRC-0235,고주파공학,사진\homework5\시뮬사진\스크린샷 2026-05-31 200513.png,.png,134675,d78bd8de56160a2c8c83b82c437eb80e64ff13a5b5d6deb6544b6eb6fd86d057,1,학부 과제 및 프로젝트\고주파공학\사진\homework5\시뮬사진\스크린샷 2026-05-31 200513.png,PUBLIC_REFERENCE_ONLY,Large sequential Cadence screenshot set; select only decision-relevant frames.
SRC-0236,고주파공학,사진\homework5\시뮬사진\스크린샷 2026-05-31 200525.png,.png,166381,8ef34f8804b56cfb3c8b9029edc91c9d1a21ce7e9e20c56613be31e9265baacf,1,학부 과제 및 프로젝트\고주파공학\사진\homework5\시뮬사진\스크린샷 2026-05-31 200525.png,PUBLIC_REFERENCE_ONLY,Large sequential Cadence screenshot set; select only decision-relevant frames.
SRC-0237,고주파공학,사진\homework5\시뮬사진\스크린샷 2026-05-31 200531.png,.png,164047,c685d53ffb5d16a53d2b2b01809610e160a43427f788cf21b6d85b3ee3790504,1,학부 과제 및 프로젝트\고주파공학\사진\homework5\시뮬사진\스크린샷 2026-05-31 200531.png,PUBLIC_REFERENCE_ONLY,Large sequential Cadence screenshot set; select only decision-relevant frames.
SRC-0238,고주파공학,사진\homework5\시뮬사진\스크린샷 2026-05-31 200548.png,.png,167230,5651353dbcb7834e2f6d98eef778adad78ea54e0f94a9f530e7684434e68c1d0,1,학부 과제 및 프로젝트\고주파공학\사진\homework5\시뮬사진\스크린샷 2026-05-31 200548.png,PUBLIC_REFERENCE_ONLY,Large sequential Cadence screenshot set; select only decision-relevant frames.
SRC-0239,고주파공학,사진\homework5\시뮬사진\스크린샷 2026-05-31 200610.png,.png,145393,db1123514036240826e33b9e807e29f6c0270aa3f93dfcb007fbf5271b406ace,1,학부 과제 및 프로젝트\고주파공학\사진\homework5\시뮬사진\스크린샷 2026-05-31 200610.png,PUBLIC_REFERENCE_ONLY,Large sequential Cadence screenshot set; select only decision-relevant frames.
SRC-0240,고주파공학,사진\homework5\시뮬사진\스크린샷 2026-05-31 200618.png,.png,171317,acca0fbff87f1246fe0e6b874b0afe53a2a092070038e8e011acc685bde8f8a0,1,학부 과제 및 프로젝트\고주파공학\사진\homework5\시뮬사진\스크린샷 2026-05-31 200618.png,PUBLIC_REFERENCE_ONLY,Large sequential Cadence screenshot set; select only decision-relevant frames.
SRC-0241,고주파공학,사진\homework5\시뮬사진\스크린샷 2026-05-31 200915.png,.png,54166,e6371091e2e658a237a1113a8074594c163c46bd9528c5220314f50e9a1610a1,1,학부 과제 및 프로젝트\고주파공학\사진\homework5\시뮬사진\스크린샷 2026-05-31 200915.png,PUBLIC_REFERENCE_ONLY,Large sequential Cadence screenshot set; select only decision-relevant frames.
SRC-0242,고주파공학,사진\homework5\시뮬사진\스크린샷 2026-05-31 200937.png,.png,263494,06cf3c5ed396ebe202d4f05befa3ba7d8a8a9f5eaecfbe5a87518568c850178d,1,학부 과제 및 프로젝트\고주파공학\사진\homework5\시뮬사진\스크린샷 2026-05-31 200937.png,PUBLIC_REFERENCE_ONLY,Large sequential Cadence screenshot set; select only decision-relevant frames.
SRC-0243,고주파공학,사진\homework5\시뮬사진\스크린샷 2026-05-31 201127.png,.png,262558,38c6b2759b1899a5b5f3efd2e88cb22dc9b121734b02f5485c33694ab561a80f,2,학부 과제 및 프로젝트\고주파공학\사진\homework4\ex5-1\5.png,DUPLICATE,Exact SHA-256 duplicate of the canonical source record.
SRC-0244,고주파공학,사진\homework5\시뮬사진\스크린샷 2026-05-31 201320.png,.png,164044,3feac1e3b0128381f69ef6a54a66c1be688bbb3396ee3b3fb940766876c0ea31,1,학부 과제 및 프로젝트\고주파공학\사진\homework5\시뮬사진\스크린샷 2026-05-31 201320.png,PUBLIC_REFERENCE_ONLY,Large sequential Cadence screenshot set; select only decision-relevant frames.
SRC-0245,고주파공학,사진\homework5\시뮬사진\스크린샷 2026-05-31 203551.png,.png,111407,dba9d7949f6b41664ad97628cd7cfed484acb0b50b8b56455682c9717bb53102,1,학부 과제 및 프로젝트\고주파공학\사진\homework5\시뮬사진\스크린샷 2026-05-31 203551.png,PUBLIC_REFERENCE_ONLY,Large sequential Cadence screenshot set; select only decision-relevant frames.
SRC-0246,고주파공학,사진\homework5\시뮬사진\스크린샷 2026-05-31 203601.png,.png,105078,72a981b93ffff0d8a5b00e4aabc9a68edd170458bdd8f4f2baedaf6b2687e5a2,1,학부 과제 및 프로젝트\고주파공학\사진\homework5\시뮬사진\스크린샷 2026-05-31 203601.png,PUBLIC_REFERENCE_ONLY,Large sequential Cadence screenshot set; select only decision-relevant frames.
SRC-0247,고주파공학,사진\homework5\시뮬사진\스크린샷 2026-05-31 203608.png,.png,123446,1c73cd67b748ab4b41465deb8f22783c39747886ca92891211bfbe3b9d9f2d53,1,학부 과제 및 프로젝트\고주파공학\사진\homework5\시뮬사진\스크린샷 2026-05-31 203608.png,PUBLIC_REFERENCE_ONLY,Large sequential Cadence screenshot set; select only decision-relevant frames.
SRC-0248,고주파공학,사진\homework5\시뮬사진\스크린샷 2026-06-01 164836.png,.png,169332,95167ac3631ec0639e0ca1a3d0af4d0d04361d56dcd1020289fdcea228022afe,1,학부 과제 및 프로젝트\고주파공학\사진\homework5\시뮬사진\스크린샷 2026-06-01 164836.png,PUBLIC_REFERENCE_ONLY,Large sequential Cadence screenshot set; select only decision-relevant frames.
SRC-0249,고주파공학,사진\homework5\시뮬사진\스크린샷 2026-06-01 193348.png,.png,34411,9f010c23dc0ae1c0c65ecbf0eb9ed83ff48e1646814a02d4e3e4c5d331838bed,1,학부 과제 및 프로젝트\고주파공학\사진\homework5\시뮬사진\스크린샷 2026-06-01 193348.png,PUBLIC_REFERENCE_ONLY,Large sequential Cadence screenshot set; select only decision-relevant frames.
SRC-0250,고주파공학,사진\homework5\시뮬사진\스크린샷 2026-06-01 193352.png,.png,196780,bbb51a0a76029e09aab3802b8724159b585b12d908ce1bc6a30de636820692c3,1,학부 과제 및 프로젝트\고주파공학\사진\homework5\시뮬사진\스크린샷 2026-06-01 193352.png,PUBLIC_REFERENCE_ONLY,Large sequential Cadence screenshot set; select only decision-relevant frames.
SRC-0251,고주파공학,사진\homework5\시뮬사진\스크린샷 2026-06-01 193657.png,.png,89775,71098ab810e1717aef300b6811fb2bfced7907f196324165ed22d08f83eb6eff,1,학부 과제 및 프로젝트\고주파공학\사진\homework5\시뮬사진\스크린샷 2026-06-01 193657.png,PUBLIC_REFERENCE_ONLY,Large sequential Cadence screenshot set; select only decision-relevant frames.
SRC-0252,고주파공학,사진\homework5\시뮬사진\스크린샷 2026-06-01 193707.png,.png,82472,32f3ea3d6ea3cf1e6d5ac84a92832a507283ce4cd773ba4ea630fe4bbe35203c,1,학부 과제 및 프로젝트\고주파공학\사진\homework5\시뮬사진\스크린샷 2026-06-01 193707.png,PUBLIC_REFERENCE_ONLY,Large sequential Cadence screenshot set; select only decision-relevant frames.
SRC-0253,고주파공학,사진\homework5\시뮬사진\스크린샷 2026-06-01 193717.png,.png,169027,4f3a17c719b957075ebc26bce0c3e2bd91df0a3e38e13c111aae33803161fb82,1,학부 과제 및 프로젝트\고주파공학\사진\homework5\시뮬사진\스크린샷 2026-06-01 193717.png,PUBLIC_REFERENCE_ONLY,Large sequential Cadence screenshot set; select only decision-relevant frames.
SRC-0254,고주파공학,사진\homework5\시뮬사진\스크린샷 2026-06-01 193724.png,.png,109067,9440e6909a5b0bbf6c5febf43bca0e43cd041d82be904a118a85051f8a3fc23d,1,학부 과제 및 프로젝트\고주파공학\사진\homework5\시뮬사진\스크린샷 2026-06-01 193724.png,PUBLIC_REFERENCE_ONLY,Large sequential Cadence screenshot set; select only decision-relevant frames.
SRC-0255,고주파공학,사진\homework5\시뮬사진\스크린샷 2026-06-01 193732.png,.png,196426,7367e086ab8b67015407b83c8dd240af2a0e28725b0ebd0ce5ceecd0af34a426,1,학부 과제 및 프로젝트\고주파공학\사진\homework5\시뮬사진\스크린샷 2026-06-01 193732.png,PUBLIC_REFERENCE_ONLY,Large sequential Cadence screenshot set; select only decision-relevant frames.
SRC-0256,고주파공학,사진\homework5\시뮬사진\스크린샷 2026-06-01 193741.png,.png,56873,f17fe397bfc1c5254f3d70e61a746367ac9781d75bdad3219db4645fb0ec31f2,1,학부 과제 및 프로젝트\고주파공학\사진\homework5\시뮬사진\스크린샷 2026-06-01 193741.png,PUBLIC_REFERENCE_ONLY,Large sequential Cadence screenshot set; select only decision-relevant frames.
SRC-0257,고주파공학,사진\homework5\시뮬사진\스크린샷 2026-06-01 194023.png,.png,32277,5c11231c4595d772ba2525a7aa11af6e91f0ae321a2d3154e7a1a3e0cebcb574,1,학부 과제 및 프로젝트\고주파공학\사진\homework5\시뮬사진\스크린샷 2026-06-01 194023.png,PUBLIC_REFERENCE_ONLY,Large sequential Cadence screenshot set; select only decision-relevant frames.
SRC-0258,고주파공학,사진\homework5\시뮬사진\스크린샷 2026-06-01 194421.png,.png,193730,4d9331e99989f1e1aaa031771b03a6bcf9b9a679ef1d6ee71a9dacc01a751855,1,학부 과제 및 프로젝트\고주파공학\사진\homework5\시뮬사진\스크린샷 2026-06-01 194421.png,PUBLIC_REFERENCE_ONLY,Large sequential Cadence screenshot set; select only decision-relevant frames.
SRC-0259,고주파공학,사진\homework5\시뮬사진\스크린샷 2026-06-01 194426.png,.png,102823,1706d70bac030d78c0d6b81c7ed232cf6509592ba7f89ecaf1c4083259cbe09c,1,학부 과제 및 프로젝트\고주파공학\사진\homework5\시뮬사진\스크린샷 2026-06-01 194426.png,PUBLIC_REFERENCE_ONLY,Large sequential Cadence screenshot set; select only decision-relevant frames.
SRC-0260,고주파공학,사진\homework5\시뮬사진\스크린샷 2026-06-01 220830.png,.png,169352,054a45bbf5dc8877b74eb8456aa6d15ff7c4f6b5fb2113a7825ae86f1ab2932b,1,학부 과제 및 프로젝트\고주파공학\사진\homework5\시뮬사진\스크린샷 2026-06-01 220830.png,PUBLIC_REFERENCE_ONLY,Large sequential Cadence screenshot set; select only decision-relevant frames.
SRC-0261,고주파공학,사진\homework5\시뮬사진\스크린샷 2026-06-01 220841.png,.png,85990,d0edc1a5b32d3159045b6347a676ca2a08fdb59a15bd213de4fc12b31b153488,1,학부 과제 및 프로젝트\고주파공학\사진\homework5\시뮬사진\스크린샷 2026-06-01 220841.png,PUBLIC_REFERENCE_ONLY,Large sequential Cadence screenshot set; select only decision-relevant frames.
SRC-0262,고주파공학,사진\homework5\시뮬사진\스크린샷 2026-06-01 220913.png,.png,161515,0d06f06eba4327df8ea1268b05652f6ef67662babbdba02d26427babf2a9d222,1,학부 과제 및 프로젝트\고주파공학\사진\homework5\시뮬사진\스크린샷 2026-06-01 220913.png,PUBLIC_REFERENCE_ONLY,Large sequential Cadence screenshot set; select only decision-relevant frames.
SRC-0263,고주파공학,사진\homework5\시뮬사진\스크린샷 2026-06-01 220946.png,.png,158340,a503775776c76598583c67bb83ff36033ce6144b8a60e199f5c38a7ff6d74c2c,1,학부 과제 및 프로젝트\고주파공학\사진\homework5\시뮬사진\스크린샷 2026-06-01 220946.png,PUBLIC_REFERENCE_ONLY,Large sequential Cadence screenshot set; select only decision-relevant frames.
SRC-0264,고주파공학,사진\homework5\시뮬사진\스크린샷 2026-06-01 220956.png,.png,854063,277bf10f12cb5ae52df7a8f02ab1e68e0b6223ac0e69bb1bb46f20f06bffbbcf,1,학부 과제 및 프로젝트\고주파공학\사진\homework5\시뮬사진\스크린샷 2026-06-01 220956.png,PUBLIC_REFERENCE_ONLY,Large sequential Cadence screenshot set; select only decision-relevant frames.
SRC-0265,고주파공학,사진\homework5\시뮬사진\스크린샷 2026-06-01 221002.png,.png,601663,8ad40e4d57bc2aeef689f6cefc2af846698adacc029b6c1bd0e08abfe18f8406,1,학부 과제 및 프로젝트\고주파공학\사진\homework5\시뮬사진\스크린샷 2026-06-01 221002.png,PUBLIC_REFERENCE_ONLY,Large sequential Cadence screenshot set; select only decision-relevant frames.
SRC-0266,고주파공학,사진\homework5\시뮬사진\스크린샷 2026-06-01 221007.png,.png,610422,e8994ca98d7507423c7ec2c9a2472380f1687dc5e503c72c9a7e847b422a5a61,1,학부 과제 및 프로젝트\고주파공학\사진\homework5\시뮬사진\스크린샷 2026-06-01 221007.png,PUBLIC_REFERENCE_ONLY,Large sequential Cadence screenshot set; select only decision-relevant frames.
SRC-0267,고주파공학,사진\homework5\시뮬사진\스크린샷 2026-06-01 221018.png,.png,622633,43ece60afcfb5fb30102a74b58125d4c8d3c314d011544ac05bb3e5d22894a10,1,학부 과제 및 프로젝트\고주파공학\사진\homework5\시뮬사진\스크린샷 2026-06-01 221018.png,PUBLIC_REFERENCE_ONLY,Large sequential Cadence screenshot set; select only decision-relevant frames.
SRC-0268,고주파공학,사진\homework5\시뮬사진\스크린샷 2026-06-01 221029.png,.png,581437,519ebaf3db5b6ef1bb63f1394ddd8bd5adbc158642f058e1fbadb3785e8c71f5,1,학부 과제 및 프로젝트\고주파공학\사진\homework5\시뮬사진\스크린샷 2026-06-01 221029.png,PUBLIC_REFERENCE_ONLY,Large sequential Cadence screenshot set; select only decision-relevant frames.
SRC-0269,고주파공학,사진\homework5\시뮬사진\스크린샷 2026-06-01 221035.png,.png,626688,691102ea1c10011dc7f6acd5618aa0e3391d60ceaae1c66f0b9ecea2da33ae59,1,학부 과제 및 프로젝트\고주파공학\사진\homework5\시뮬사진\스크린샷 2026-06-01 221035.png,PUBLIC_REFERENCE_ONLY,Large sequential Cadence screenshot set; select only decision-relevant frames.
SRC-0270,고주파공학,사진\homework5\시뮬사진\스크린샷 2026-06-01 221041.png,.png,73657,9f10940cf63ae13e9eaf392d170c5bae158f69230695973b44e492ab71b03af7,1,학부 과제 및 프로젝트\고주파공학\사진\homework5\시뮬사진\스크린샷 2026-06-01 221041.png,PUBLIC_REFERENCE_ONLY,Large sequential Cadence screenshot set; select only decision-relevant frames.
SRC-0271,고주파공학,사진\homework5\시뮬사진\스크린샷 2026-06-01 221207.png,.png,185089,b72c8e1535a9095d99f80f7ba4838b1fb7d3f18cb56e5dae30fb45c5b6243423,1,학부 과제 및 프로젝트\고주파공학\사진\homework5\시뮬사진\스크린샷 2026-06-01 221207.png,PUBLIC_REFERENCE_ONLY,Large sequential Cadence screenshot set; select only decision-relevant frames.
SRC-0272,고주파공학,사진\homework5\시뮬사진\스크린샷 2026-06-01 221213.png,.png,648860,656f3f4a586a4da99215727ccf5c43c120aea640e7d48547ae05bf0853980781,1,학부 과제 및 프로젝트\고주파공학\사진\homework5\시뮬사진\스크린샷 2026-06-01 221213.png,PUBLIC_REFERENCE_ONLY,Large sequential Cadence screenshot set; select only decision-relevant frames.
SRC-0273,고주파공학,사진\homework5\시뮬사진\스크린샷 2026-06-01 221218.png,.png,634576,d040a48591800c1211e5d75f824ae6ef46bc29fc6ed221540daa0a31401d8b4c,1,학부 과제 및 프로젝트\고주파공학\사진\homework5\시뮬사진\스크린샷 2026-06-01 221218.png,PUBLIC_REFERENCE_ONLY,Large sequential Cadence screenshot set; select only decision-relevant frames.
SRC-0274,고주파공학,사진\homework5\시뮬사진\스크린샷 2026-06-01 221227.png,.png,612350,88ac44ca6e17f6a6f8ec5734e6ffdf6f4c0c25b0cc284e625106a53a65cae4c5,1,학부 과제 및 프로젝트\고주파공학\사진\homework5\시뮬사진\스크린샷 2026-06-01 221227.png,PUBLIC_REFERENCE_ONLY,Large sequential Cadence screenshot set; select only decision-relevant frames.
SRC-0275,고주파공학,사진\homework5\시뮬사진\스크린샷 2026-06-01 221231.png,.png,604637,6a292a0eb89702335a9c185a606d5c51f882b34b75930c8794567701ab63c2ff,1,학부 과제 및 프로젝트\고주파공학\사진\homework5\시뮬사진\스크린샷 2026-06-01 221231.png,PUBLIC_REFERENCE_ONLY,Large sequential Cadence screenshot set; select only decision-relevant frames.
SRC-0276,고주파공학,사진\homework5\시뮬사진\스크린샷 2026-06-01 221236.png,.png,622941,33a4946a9d1f93b6554c05abf224bb9c504466d107561c1518865626802cf899,1,학부 과제 및 프로젝트\고주파공학\사진\homework5\시뮬사진\스크린샷 2026-06-01 221236.png,PUBLIC_REFERENCE_ONLY,Large sequential Cadence screenshot set; select only decision-relevant frames.
SRC-0277,고주파공학,사진\homework5\시뮬사진\스크린샷 2026-06-01 221241.png,.png,607483,d4e744ff2fc6bd9cbb3cfe47a4bf3de9d4d5fae873f20aa58b1015172b54244c,1,학부 과제 및 프로젝트\고주파공학\사진\homework5\시뮬사진\스크린샷 2026-06-01 221241.png,PUBLIC_REFERENCE_ONLY,Large sequential Cadence screenshot set; select only decision-relevant frames.
SRC-0278,고주파공학,사진\homework5\시뮬사진\스크린샷 2026-06-01 221245.png,.png,606843,31f8f4ac5272da63ecd6f45b223e9b313c7e2c0cf34c65c870541445826a40ae,1,학부 과제 및 프로젝트\고주파공학\사진\homework5\시뮬사진\스크린샷 2026-06-01 221245.png,PUBLIC_REFERENCE_ONLY,Large sequential Cadence screenshot set; select only decision-relevant frames.
SRC-0279,고주파공학,사진\homework5\시뮬사진\스크린샷 2026-06-01 221251.png,.png,618818,30462e67b745aa0fcb92a5b2374d99066736db01fe1886d2e97cb118e691b8f5,1,학부 과제 및 프로젝트\고주파공학\사진\homework5\시뮬사진\스크린샷 2026-06-01 221251.png,PUBLIC_REFERENCE_ONLY,Large sequential Cadence screenshot set; select only decision-relevant frames.
SRC-0280,고주파공학,사진\homework5\시뮬사진\스크린샷 2026-06-01 221258.png,.png,580539,9c93e7eaf80f6cc21f683bd138c9e32d3f938da7e29fe7960c78e860c22772ac,1,학부 과제 및 프로젝트\고주파공학\사진\homework5\시뮬사진\스크린샷 2026-06-01 221258.png,PUBLIC_REFERENCE_ONLY,Large sequential Cadence screenshot set; select only decision-relevant frames.
SRC-0281,고주파공학,사진\homework5\시뮬사진\스크린샷 2026-06-01 221306.png,.png,625404,3ba54b102e77878c19d001fc4fb6d85dd236bb4a4fe644a6ceb2f0393e986485,1,학부 과제 및 프로젝트\고주파공학\사진\homework5\시뮬사진\스크린샷 2026-06-01 221306.png,PUBLIC_REFERENCE_ONLY,Large sequential Cadence screenshot set; select only decision-relevant frames.
SRC-0282,고주파공학,사진\homework5\시뮬사진\스크린샷 2026-06-02 013019.png,.png,164648,ecaa5ffeeb5e8b929a6f92b05e387217b3e5daa4377bea67cfaff07d027160b3,2,학부 과제 및 프로젝트\고주파공학\사진\homework4\ex5-1\2.png,DUPLICATE,Exact SHA-256 duplicate of the canonical source record.
SRC-0283,고주파공학,사진\homework5\시뮬사진\스크린샷 2026-06-02 013103.png,.png,162112,12cdb251b6cc792d7053598fde88f36e5b87fd0efb1d5183b7138e538e2dedb6,2,학부 과제 및 프로젝트\고주파공학\사진\homework4\ex5-1\3.png,DUPLICATE,Exact SHA-256 duplicate of the canonical source record.
SRC-0284,고주파공학,사진\homework5\시뮬사진\스크린샷 2026-06-02 013442.png,.png,91270,9e678c9eee5a5f6edbed87c5822eb4ed4afb81d75c2fd08bed0b37fd1c32db6f,2,학부 과제 및 프로젝트\고주파공학\사진\homework4\ex5-1\4.png,DUPLICATE,Exact SHA-256 duplicate of the canonical source record.
SRC-0285,고주파공학,사진\homework5\시뮬사진\스크린샷 2026-06-02 015309.png,.png,31278,725732f7f445e09f7a519f3190637187320a5084b721a0f62ec223b43712f1fa,2,학부 과제 및 프로젝트\고주파공학\사진\homework4\ex5-1\1.png,DUPLICATE,Exact SHA-256 duplicate of the canonical source record.
SRC-0286,고주파공학,사진\homework5\시뮬사진\스크린샷 2026-06-08 131213.png,.png,24938,ca639edb2bb1e3337deca8d61e5666d131c7fdf9f20047557a47a0ca9b50a41c,1,학부 과제 및 프로젝트\고주파공학\사진\homework5\시뮬사진\스크린샷 2026-06-08 131213.png,PUBLIC_REFERENCE_ONLY,Large sequential Cadence screenshot set; select only decision-relevant frames.
SRC-0287,고주파공학,사진\homework5\시뮬사진\스크린샷 2026-06-08 131331.png,.png,17750,140563ad441d8beec1dfda4b5427236823ac2582125624c595da4db08d4fd4ad,1,학부 과제 및 프로젝트\고주파공학\사진\homework5\시뮬사진\스크린샷 2026-06-08 131331.png,PUBLIC_REFERENCE_ONLY,Large sequential Cadence screenshot set; select only decision-relevant frames.
SRC-0288,고주파공학,사진\homework5\시뮬사진\스크린샷 2026-06-08 131346.png,.png,3675,f4d6c3fa753520a8d984bfdd2fc2ecace3713f51f29649d13ac7c75610b4fa56,1,학부 과제 및 프로젝트\고주파공학\사진\homework5\시뮬사진\스크린샷 2026-06-08 131346.png,PUBLIC_REFERENCE_ONLY,Large sequential Cadence screenshot set; select only decision-relevant frames.
SRC-0289,고주파공학,사진\homework5\시뮬사진\스크린샷 2026-06-08 131423.png,.png,21287,1f287963b2a5f55d9ed7ee68ccb42721690bbc7134dcbe189b10ae9e63f0fc6f,1,학부 과제 및 프로젝트\고주파공학\사진\homework5\시뮬사진\스크린샷 2026-06-08 131423.png,PUBLIC_REFERENCE_ONLY,Large sequential Cadence screenshot set; select only decision-relevant frames.
SRC-0290,고주파공학,사진\homework5\시뮬사진\스크린샷 2026-06-08 131439.png,.png,21502,63e4f7177510e5314efd8941c01f577b729958f7de1b37c4519900bff6643597,1,학부 과제 및 프로젝트\고주파공학\사진\homework5\시뮬사진\스크린샷 2026-06-08 131439.png,PUBLIC_REFERENCE_ONLY,Large sequential Cadence screenshot set; select only decision-relevant frames.
SRC-0291,고주파공학,사진\homework5\시뮬사진\스크린샷 2026-06-08 131539.png,.png,29592,4147d8fa55a99b9036075ff500c13b6ae313a3863c7e6e921d8454768451961a,1,학부 과제 및 프로젝트\고주파공학\사진\homework5\시뮬사진\스크린샷 2026-06-08 131539.png,PUBLIC_REFERENCE_ONLY,Large sequential Cadence screenshot set; select only decision-relevant frames.
SRC-0292,고주파공학,사진\homework5\시뮬사진\스크린샷 2026-06-08 131553.png,.png,17970,7e39afee162f73f7bc98cc2894382141d544684ba311a62235fbb4ce18657bec,1,학부 과제 및 프로젝트\고주파공학\사진\homework5\시뮬사진\스크린샷 2026-06-08 131553.png,PUBLIC_REFERENCE_ONLY,Large sequential Cadence screenshot set; select only decision-relevant frames.
SRC-0293,고주파공학,사진\homework5\시뮬사진\스크린샷 2026-06-08 131604.png,.png,10636,23eb777cae8f3049a7eb052b5514710e1325cc4d27e5d05a9ddf6d3de1f39ab0,1,학부 과제 및 프로젝트\고주파공학\사진\homework5\시뮬사진\스크린샷 2026-06-08 131604.png,PUBLIC_REFERENCE_ONLY,Large sequential Cadence screenshot set; select only decision-relevant frames.
SRC-0294,고주파공학,사진\homework5\시뮬사진\스크린샷 2026-06-08 131617.png,.png,20269,b94324fdcb70cd1cc4c9e81cb8648d64075eeb905bbeabc4972fa875c368a030,1,학부 과제 및 프로젝트\고주파공학\사진\homework5\시뮬사진\스크린샷 2026-06-08 131617.png,PUBLIC_REFERENCE_ONLY,Large sequential Cadence screenshot set; select only decision-relevant frames.
SRC-0295,고주파공학,사진\homework5\시뮬사진\스크린샷 2026-06-08 131630.png,.png,21841,8131c41853326088a1d974856c3f04bea9d0be06558c779a1caaab4364d70226,1,학부 과제 및 프로젝트\고주파공학\사진\homework5\시뮬사진\스크린샷 2026-06-08 131630.png,PUBLIC_REFERENCE_ONLY,Large sequential Cadence screenshot set; select only decision-relevant frames.
SRC-0296,고주파공학,사진\homework5\시뮬사진\스크린샷 2026-06-08 131828.png,.png,3453,49f1c00c23a640b295064fc0beaa0b19108d5435b03196bf014ff4a164150b0d,1,학부 과제 및 프로젝트\고주파공학\사진\homework5\시뮬사진\스크린샷 2026-06-08 131828.png,PUBLIC_REFERENCE_ONLY,Large sequential Cadence screenshot set; select only decision-relevant frames.
SRC-0297,고주파공학,사진\homework5\시뮬사진\스크린샷 2026-06-08 151942.png,.png,32338,4548fd6bfad6d45427e4924b9b674dbe35101567b3eab0c3e3af2d325a30b62f,1,학부 과제 및 프로젝트\고주파공학\사진\homework5\시뮬사진\스크린샷 2026-06-08 151942.png,PUBLIC_REFERENCE_ONLY,Large sequential Cadence screenshot set; select only decision-relevant frames.
SRC-0298,고주파공학,사진\homework5\시뮬사진\스크린샷 2026-06-08 162010.png,.png,33705,c0806968365a539ce13d2f140b03fe22fe6b3ab3a1d6cb2e0c5f40e6c7de2763,1,학부 과제 및 프로젝트\고주파공학\사진\homework5\시뮬사진\스크린샷 2026-06-08 162010.png,PUBLIC_REFERENCE_ONLY,Large sequential Cadence screenshot set; select only decision-relevant frames.
SRC-0299,고주파공학,사진\homework5\시뮬사진\스크린샷 2026-06-08 164932.png,.png,154303,2b6f2abf11360be73936955f5af20741285a2631db8ccd25245db784a36c26fc,1,학부 과제 및 프로젝트\고주파공학\사진\homework5\시뮬사진\스크린샷 2026-06-08 164932.png,PUBLIC_REFERENCE_ONLY,Large sequential Cadence screenshot set; select only decision-relevant frames.
SRC-0300,고주파공학,사진\homework5\시뮬사진\스크린샷 2026-06-08 165021.png,.png,38684,56be51347cedbd3803c443065c869d9e5870ab7c53323e71f722cdc175ab80e7,1,학부 과제 및 프로젝트\고주파공학\사진\homework5\시뮬사진\스크린샷 2026-06-08 165021.png,PUBLIC_REFERENCE_ONLY,Large sequential Cadence screenshot set; select only decision-relevant frames.
SRC-0301,고주파공학,사진\homework5\시뮬사진\스크린샷 2026-06-08 165420.png,.png,49972,1d4f123317160e57cc52aac5af259ebcdd1aaf3c1eb79fa8fb49de56a1172924,1,학부 과제 및 프로젝트\고주파공학\사진\homework5\시뮬사진\스크린샷 2026-06-08 165420.png,PUBLIC_REFERENCE_ONLY,Large sequential Cadence screenshot set; select only decision-relevant frames.
SRC-0302,고주파공학,사진\homework5\시뮬사진\스크린샷 2026-06-08 165457.png,.png,46838,1a6b67d7e1d9c15fc865a31ece63d4de4d324a198656f1c3162b9dd424777b99,1,학부 과제 및 프로젝트\고주파공학\사진\homework5\시뮬사진\스크린샷 2026-06-08 165457.png,PUBLIC_REFERENCE_ONLY,Large sequential Cadence screenshot set; select only decision-relevant frames.
SRC-0303,고주파공학,사진\homework5\시뮬사진\스크린샷 2026-06-08 171620.png,.png,441586,0e00f6b8c294fb6118c782fa234cf416a4cf4f063f0aeea751b9c609d62f330a,1,학부 과제 및 프로젝트\고주파공학\사진\homework5\시뮬사진\스크린샷 2026-06-08 171620.png,PUBLIC_REFERENCE_ONLY,Large sequential Cadence screenshot set; select only decision-relevant frames.
SRC-0304,고주파공학,사진\homework5\시뮬사진\스크린샷 2026-06-09 144807.png,.png,120413,be76eb22f872769a006ac2d2648129c5ec0aa96c45200561158ccb0b5dac94ce,2,학부 과제 및 프로젝트\고주파공학\사진\homework5\ex7-2\ex7.2.png,DUPLICATE,Exact SHA-256 duplicate of the canonical source record.
SRC-0305,고주파공학,사진\homework5\시뮬사진\스크린샷 2026-06-09 144855.png,.png,144855,3bdff42b8b561ba75629af55eaa1ab6580e3dce3eeac5d42b6d277db4a462089,2,학부 과제 및 프로젝트\고주파공학\사진\homework5\ex7-5\ex7.5.png,DUPLICATE,Exact SHA-256 duplicate of the canonical source record.
SRC-0306,고주파공학,사진\homework5\시뮬사진\스크린샷 2026-06-09 144914.png,.png,160315,a2f5a3d1a0a748ffb2816ff8935cc858488c504eefd13fa42d0c8b59cbe16a06,1,학부 과제 및 프로젝트\고주파공학\사진\homework5\시뮬사진\스크린샷 2026-06-09 144914.png,PUBLIC_REFERENCE_ONLY,Large sequential Cadence screenshot set; select only decision-relevant frames.
SRC-0307,고주파공학,사진\homework5\시뮬사진\스크린샷 2026-06-09 182007.png,.png,73768,b2a4aac76924ad6c4e4b5386fb7f381db792ea9f2c5a7363251f76ff4190eb7e,1,학부 과제 및 프로젝트\고주파공학\사진\homework5\시뮬사진\스크린샷 2026-06-09 182007.png,PUBLIC_REFERENCE_ONLY,Large sequential Cadence screenshot set; select only decision-relevant frames.
SRC-0308,고주파공학,사진\homework5\시뮬사진\스크린샷 2026-06-09 182858.png,.png,128671,e87053a71230f80250ca3a9a61f8bcb8ffb039c2abf55d7ff55ce8459455816f,1,학부 과제 및 프로젝트\고주파공학\사진\homework5\시뮬사진\스크린샷 2026-06-09 182858.png,PUBLIC_REFERENCE_ONLY,Large sequential Cadence screenshot set; select only decision-relevant frames.
SRC-0309,고주파공학,사진\homework5\시뮬사진\스크린샷 2026-06-09 183956.png,.png,74120,46fbff032ecc146a967f2e37007cbdb4530cd95de6189248ee0fd06092aedc81,1,학부 과제 및 프로젝트\고주파공학\사진\homework5\시뮬사진\스크린샷 2026-06-09 183956.png,PUBLIC_REFERENCE_ONLY,Large sequential Cadence screenshot set; select only decision-relevant frames.
SRC-0310,고주파공학,사진\homework5\시뮬사진\스크린샷 2026-06-09 184010.png,.png,72384,95ddf81e8ca7db45fe2986f91e181f40d7f88c4533c55ebf19b9931d524cdf62,1,학부 과제 및 프로젝트\고주파공학\사진\homework5\시뮬사진\스크린샷 2026-06-09 184010.png,PUBLIC_REFERENCE_ONLY,Large sequential Cadence screenshot set; select only decision-relevant frames.
SRC-0311,고주파공학,사진\homework5\시뮬사진\스크린샷 2026-06-09 184020.png,.png,64085,81fc663867ae2329a9bc77cdbb2e70ed64b9cb491cdb43a632f6252ea2abecaa,1,학부 과제 및 프로젝트\고주파공학\사진\homework5\시뮬사진\스크린샷 2026-06-09 184020.png,PUBLIC_REFERENCE_ONLY,Large sequential Cadence screenshot set; select only decision-relevant frames.
SRC-0312,고주파공학,사진\homework5\시뮬사진\스크린샷 2026-06-09 184611.png,.png,107595,da99771b02fe8cbc97c4ed0fba5ce3a2cfebab4f37ad7fdbdd5f5b8dde3a71fa,1,학부 과제 및 프로젝트\고주파공학\사진\homework5\시뮬사진\스크린샷 2026-06-09 184611.png,PUBLIC_REFERENCE_ONLY,Large sequential Cadence screenshot set; select only decision-relevant frames.
SRC-0313,고주파공학,사진\homework5\시뮬사진\스크린샷 2026-06-09 184620.png,.png,21509,dfd57c10b9c72b2edeb4328d4eb238e1ad46dda69702214cc6373c13f332556a,1,학부 과제 및 프로젝트\고주파공학\사진\homework5\시뮬사진\스크린샷 2026-06-09 184620.png,PUBLIC_REFERENCE_ONLY,Large sequential Cadence screenshot set; select only decision-relevant frames.
SRC-0314,고주파공학,사진\homework5\시뮬사진\스크린샷 2026-06-09 185008.png,.png,52933,ce4b93d0cc058ba3d1d493ed7aea1e86faebd06d1d5d22903bbb973214121b45,1,학부 과제 및 프로젝트\고주파공학\사진\homework5\시뮬사진\스크린샷 2026-06-09 185008.png,PUBLIC_REFERENCE_ONLY,Large sequential Cadence screenshot set; select only decision-relevant frames.
SRC-0315,고주파공학,사진\homework5\시뮬사진\스크린샷 2026-06-09 185258.png,.png,47486,71cbfee34995f3cb4c12bc951555221e8d570310978bd7decfa12b1585e2a9ff,1,학부 과제 및 프로젝트\고주파공학\사진\homework5\시뮬사진\스크린샷 2026-06-09 185258.png,PUBLIC_REFERENCE_ONLY,Large sequential Cadence screenshot set; select only decision-relevant frames.
SRC-0316,고주파공학,사진\homework5\시뮬사진\스크린샷 2026-06-09 185409.png,.png,50343,43eb7b5e887f593fe1c243669a51ab183bb092978ade27f419e58c9a9984048f,1,학부 과제 및 프로젝트\고주파공학\사진\homework5\시뮬사진\스크린샷 2026-06-09 185409.png,PUBLIC_REFERENCE_ONLY,Large sequential Cadence screenshot set; select only decision-relevant frames.
SRC-0317,고주파공학,사진\homework5\시뮬사진\스크린샷 2026-06-09 185520.png,.png,62326,e32bd5667ac7b93db2cddf4c487f073db533c0a60bd8251368d1b0591b697374,1,학부 과제 및 프로젝트\고주파공학\사진\homework5\시뮬사진\스크린샷 2026-06-09 185520.png,PUBLIC_REFERENCE_ONLY,Large sequential Cadence screenshot set; select only decision-relevant frames.
SRC-0318,고주파공학,사진\homework5\시뮬사진\스크린샷 2026-06-09 190122.png,.png,144679,a4d36dedad56f65c4e8984d6e59dd9a1bd5f96e1b7d1825920c0980d9e8189e5,1,학부 과제 및 프로젝트\고주파공학\사진\homework5\시뮬사진\스크린샷 2026-06-09 190122.png,PUBLIC_REFERENCE_ONLY,Large sequential Cadence screenshot set; select only decision-relevant frames.
SRC-0319,고주파공학,사진\homework5\시뮬사진\스크린샷 2026-06-09 190713.png,.png,48757,d3758b0ea3056952aff3c0979b2af8239b91d47911ac28df2d50e5a4d5e5e327,1,학부 과제 및 프로젝트\고주파공학\사진\homework5\시뮬사진\스크린샷 2026-06-09 190713.png,PUBLIC_REFERENCE_ONLY,Large sequential Cadence screenshot set; select only decision-relevant frames.
SRC-0320,고주파공학,사진\homework5\시뮬사진\스크린샷 2026-06-09 191415.png,.png,59906,056134d8632a738921295712863137b6c97a484e77c7aa9e3b5910b4c071c71a,1,학부 과제 및 프로젝트\고주파공학\사진\homework5\시뮬사진\스크린샷 2026-06-09 191415.png,PUBLIC_REFERENCE_ONLY,Large sequential Cadence screenshot set; select only decision-relevant frames.
SRC-0321,고주파공학,사진\homework5\시뮬사진\스크린샷 2026-06-09 191813.png,.png,55974,1e5abfbdc9ab2b22dd4535c73b5b7ed2940ea0574585aefeba9d60ca55d6c640,1,학부 과제 및 프로젝트\고주파공학\사진\homework5\시뮬사진\스크린샷 2026-06-09 191813.png,PUBLIC_REFERENCE_ONLY,Large sequential Cadence screenshot set; select only decision-relevant frames.
SRC-0322,고주파공학,사진\homework5\시뮬사진\스크린샷 2026-06-09 192550.png,.png,53268,5246e8cf2f2256d26d097f6ab235bf72486ca2fb510d60d370f3da3bf572db1b,1,학부 과제 및 프로젝트\고주파공학\사진\homework5\시뮬사진\스크린샷 2026-06-09 192550.png,PUBLIC_REFERENCE_ONLY,Large sequential Cadence screenshot set; select only decision-relevant frames.
SRC-0323,고주파공학,사진\homework5\시뮬사진\스크린샷 2026-06-09 192817.png,.png,56362,3c4b1b5e219638dd14f2c35ec992c40ee00f7088080d266fc30c458c5bee3f68,1,학부 과제 및 프로젝트\고주파공학\사진\homework5\시뮬사진\스크린샷 2026-06-09 192817.png,PUBLIC_REFERENCE_ONLY,Large sequential Cadence screenshot set; select only decision-relevant frames.
SRC-0324,고주파공학,사진\homework5\시뮬사진\스크린샷 2026-06-09 210058.png,.png,97861,1ba39f3b6b21c07620a37bc8cf491b12b7b373a6d619bcd308d05e29b8475d71,1,학부 과제 및 프로젝트\고주파공학\사진\homework5\시뮬사진\스크린샷 2026-06-09 210058.png,PUBLIC_REFERENCE_ONLY,Large sequential Cadence screenshot set; select only decision-relevant frames.
SRC-0325,고주파공학,사진\homework5\시뮬사진\스크린샷 2026-06-09 210211.png,.png,14262,fb3ab9fd7b16a190b685d9318d580d2027727835dc1e975db84eae51c361ef59,2,학부 과제 및 프로젝트\고주파공학\사진\homework5\ex7-2\1.png,DUPLICATE,Exact SHA-256 duplicate of the canonical source record.
SRC-0326,고주파공학,사진\homework5\시뮬사진\스크린샷 2026-06-09 210229.png,.png,56048,3f58b8002a9f602cb3a291719b16ac0aabb35608e4cb0b65f8952637fbdf5ac8,1,학부 과제 및 프로젝트\고주파공학\사진\homework5\시뮬사진\스크린샷 2026-06-09 210229.png,PUBLIC_REFERENCE_ONLY,Large sequential Cadence screenshot set; select only decision-relevant frames.
SRC-0327,고주파공학,사진\homework5\시뮬사진\스크린샷 2026-06-09 210307.png,.png,111012,3b161adce444fc7a8268080110cf120730dd4bc09554d7209b143b63a83843f2,2,학부 과제 및 프로젝트\고주파공학\사진\homework5\ex7-2\3.png,DUPLICATE,Exact SHA-256 duplicate of the canonical source record.
SRC-0328,고주파공학,사진\homework5\시뮬사진\스크린샷 2026-06-09 210327.png,.png,71544,da2ed4b1eec5a5079a8401e812f260417636b2a6b3cc61610aeeaa7b686e7af3,2,학부 과제 및 프로젝트\고주파공학\사진\homework5\ex7-2\2.png,DUPLICATE,Exact SHA-256 duplicate of the canonical source record.
SRC-0329,고주파공학,사진\homework5\시뮬사진\스크린샷 2026-06-09 210424.png,.png,100184,280f3015a5fbad4708fc34a44d353a7df39abee74a1adec89c490c968b97b898,1,학부 과제 및 프로젝트\고주파공학\사진\homework5\시뮬사진\스크린샷 2026-06-09 210424.png,PUBLIC_REFERENCE_ONLY,Large sequential Cadence screenshot set; select only decision-relevant frames.
SRC-0330,고주파공학,사진\homework5\시뮬사진\스크린샷 2026-06-09 210519.png,.png,52472,97efea5820d132c9e1c55a4ecd4399fa5ffc02cd8d25374935b4631b7b64e528,2,학부 과제 및 프로젝트\고주파공학\사진\homework5\ex7-2\4.png,DUPLICATE,Exact SHA-256 duplicate of the canonical source record.
SRC-0331,고주파공학,사진\homework5\시뮬사진\스크린샷 2026-06-09 210903.png,.png,104379,6aa3065160084c43de26ab06cda23115e6b02c4159f7dfd09be5231ce349a09c,2,학부 과제 및 프로젝트\고주파공학\사진\homework5\ex7-2\5.png,DUPLICATE,Exact SHA-256 duplicate of the canonical source record.
SRC-0332,고주파공학,사진\homework5\시뮬사진\스크린샷 2026-06-09 211310.png,.png,106078,92490c001707592e10ceec02918cfb042aebade3dd4306cdaf8b45f8db1d20c4,1,학부 과제 및 프로젝트\고주파공학\사진\homework5\시뮬사진\스크린샷 2026-06-09 211310.png,PUBLIC_REFERENCE_ONLY,Large sequential Cadence screenshot set; select only decision-relevant frames.
SRC-0333,고주파공학,사진\homework5\시뮬사진\스크린샷 2026-06-09 211654.png,.png,105245,07b93bff80d04a9e5845f40b23cf4e7b49a5d7f5068251d6e9153168695414d8,1,학부 과제 및 프로젝트\고주파공학\사진\homework5\시뮬사진\스크린샷 2026-06-09 211654.png,PUBLIC_REFERENCE_ONLY,Large sequential Cadence screenshot set; select only decision-relevant frames.
SRC-0334,고주파공학,사진\homework5\시뮬사진\스크린샷 2026-06-09 211700.png,.png,14462,dca7e5af0747ce11039a1662a0d59d53db7548e0a0f5615fbf803644f2c3dd64,1,학부 과제 및 프로젝트\고주파공학\사진\homework5\시뮬사진\스크린샷 2026-06-09 211700.png,PUBLIC_REFERENCE_ONLY,Large sequential Cadence screenshot set; select only decision-relevant frames.
SRC-0335,고주파공학,사진\homework5\시뮬사진\스크린샷 2026-06-09 211707.png,.png,29081,eeacc9f262e9596ba5f987e395c2ada0edc326cb3adaf92d148695ab3a10ccde,1,학부 과제 및 프로젝트\고주파공학\사진\homework5\시뮬사진\스크린샷 2026-06-09 211707.png,PUBLIC_REFERENCE_ONLY,Large sequential Cadence screenshot set; select only decision-relevant frames.
SRC-0336,고주파공학,사진\homework5\시뮬사진\스크린샷 2026-06-09 212749.png,.png,109214,4b5cf85e6a312760e616026d1725573b9dc3681b3e6acbb6c41af6e88a751859,1,학부 과제 및 프로젝트\고주파공학\사진\homework5\시뮬사진\스크린샷 2026-06-09 212749.png,PUBLIC_REFERENCE_ONLY,Large sequential Cadence screenshot set; select only decision-relevant frames.
SRC-0337,고주파공학,사진\homework5\시뮬사진\스크린샷 2026-06-09 212753.png,.png,13857,09591b129cf294319a93c8c44cbd11e18fdd06ceb4116b442536990572fa37ac,1,학부 과제 및 프로젝트\고주파공학\사진\homework5\시뮬사진\스크린샷 2026-06-09 212753.png,PUBLIC_REFERENCE_ONLY,Large sequential Cadence screenshot set; select only decision-relevant frames.
SRC-0338,고주파공학,사진\homework5\시뮬사진\스크린샷 2026-06-09 212801.png,.png,37209,2a233a9cdb353cc437395e2bf7fa4fe2fcc6f0727e19b60ea11d8ed6d21455bd,1,학부 과제 및 프로젝트\고주파공학\사진\homework5\시뮬사진\스크린샷 2026-06-09 212801.png,PUBLIC_REFERENCE_ONLY,Large sequential Cadence screenshot set; select only decision-relevant frames.
SRC-0339,고주파공학,사진\homework5\시뮬사진\스크린샷 2026-06-09 213044.png,.png,14122,517a073a09f3fcede3ca063ededec26b9a90fcd92367cf39283e2903d622120d,1,학부 과제 및 프로젝트\고주파공학\사진\homework5\시뮬사진\스크린샷 2026-06-09 213044.png,PUBLIC_REFERENCE_ONLY,Large sequential Cadence screenshot set; select only decision-relevant frames.
SRC-0340,고주파공학,사진\homework5\시뮬사진\스크린샷 2026-06-09 213839.png,.png,107043,a5ff8ee71dd8d6e28387cd1b8ab696d484502f3b7af5dec4c10aab186b88a52b,1,학부 과제 및 프로젝트\고주파공학\사진\homework5\시뮬사진\스크린샷 2026-06-09 213839.png,PUBLIC_REFERENCE_ONLY,Large sequential Cadence screenshot set; select only decision-relevant frames.
SRC-0341,고주파공학,사진\homework5\시뮬사진\스크린샷 2026-06-09 214022.png,.png,102382,1372776f5bc9fc170e8cedb8d38518e57cbcfc069adb7759dd25aa9458e214b6,1,학부 과제 및 프로젝트\고주파공학\사진\homework5\시뮬사진\스크린샷 2026-06-09 214022.png,PUBLIC_REFERENCE_ONLY,Large sequential Cadence screenshot set; select only decision-relevant frames.
SRC-0342,고주파공학,사진\homework5\시뮬사진\스크린샷 2026-06-09 214125.png,.png,56844,5eb24def51cfbc9a371fcbd41aa25724a9346d5fec5140f05bf71de4eb98143b,1,학부 과제 및 프로젝트\고주파공학\사진\homework5\시뮬사진\스크린샷 2026-06-09 214125.png,PUBLIC_REFERENCE_ONLY,Large sequential Cadence screenshot set; select only decision-relevant frames.
SRC-0343,고주파공학,사진\homework5\시뮬사진\스크린샷 2026-06-09 214432.png,.png,70586,ad3242db61dad850cb81b7565dde813b79504c79c109a91aead1fe474c6480e9,1,학부 과제 및 프로젝트\고주파공학\사진\homework5\시뮬사진\스크린샷 2026-06-09 214432.png,PUBLIC_REFERENCE_ONLY,Large sequential Cadence screenshot set; select only decision-relevant frames.
SRC-0344,고주파공학,사진\homework5\시뮬사진\스크린샷 2026-06-09 214508.png,.png,14590,02b728222b1927f4681ed35b14d993103711f40ac4682ad56a62e6d627e85b6f,1,학부 과제 및 프로젝트\고주파공학\사진\homework5\시뮬사진\스크린샷 2026-06-09 214508.png,PUBLIC_REFERENCE_ONLY,Large sequential Cadence screenshot set; select only decision-relevant frames.
SRC-0345,고주파공학,사진\homework5\시뮬사진\스크린샷 2026-06-09 214518.png,.png,49806,e60f343efc94c88e0abdd37f9918658e99f9549b603908f7388a0e0399780e5d,1,학부 과제 및 프로젝트\고주파공학\사진\homework5\시뮬사진\스크린샷 2026-06-09 214518.png,PUBLIC_REFERENCE_ONLY,Large sequential Cadence screenshot set; select only decision-relevant frames.
SRC-0346,고주파공학,사진\homework5\시뮬사진\스크린샷 2026-06-09 214537.png,.png,53173,8486b69d30622fdeaf9708b66a25cd1bb241192b962aa65baadf149a0948ff9c,1,학부 과제 및 프로젝트\고주파공학\사진\homework5\시뮬사진\스크린샷 2026-06-09 214537.png,PUBLIC_REFERENCE_ONLY,Large sequential Cadence screenshot set; select only decision-relevant frames.
SRC-0347,고주파공학,사진\homework5\시뮬사진\스크린샷 2026-06-09 214550.png,.png,13338,1c0524886c01d217fddf46eceaae1699139037afbbc3f7ee30a30d6e33986417,1,학부 과제 및 프로젝트\고주파공학\사진\homework5\시뮬사진\스크린샷 2026-06-09 214550.png,PUBLIC_REFERENCE_ONLY,Large sequential Cadence screenshot set; select only decision-relevant frames.
SRC-0348,고주파공학,사진\homework5\시뮬사진\스크린샷 2026-06-09 214607.png,.png,139,e3b0a5b1633fd14c0a145e392c238d21becb0d99fb271db7d6c7a09d204353fb,1,학부 과제 및 프로젝트\고주파공학\사진\homework5\시뮬사진\스크린샷 2026-06-09 214607.png,PUBLIC_REFERENCE_ONLY,Large sequential Cadence screenshot set; select only decision-relevant frames.
SRC-0349,고주파공학,사진\homework5\시뮬사진\스크린샷 2026-06-09 214612.png,.png,64293,8cc3f93bbd599da92eec6da8c2abd6f5d78c5d5532bf943bab62eb5f5b6c3b41,2,학부 과제 및 프로젝트\고주파공학\사진\homework5\ex7-2\6.png,DUPLICATE,Exact SHA-256 duplicate of the canonical source record.
SRC-0350,고주파공학,사진\homework5\시뮬사진\스크린샷 2026-06-09 214737.png,.png,47506,371a5f17f1ea347b2a743eecd257c5fbcbb5298c0e1ce765ff966479f59c7ace,2,학부 과제 및 프로젝트\고주파공학\사진\homework5\ex7-2\7.png,DUPLICATE,Exact SHA-256 duplicate of the canonical source record.
SRC-0351,고주파공학,사진\homework5\시뮬사진\스크린샷 2026-06-09 214827.png,.png,104759,613c668c120f0aebff1883f3dfec1e5537a25a322ba19be3ae4e3041b9ff858e,2,학부 과제 및 프로젝트\고주파공학\사진\homework5\ex7-2\8.png,DUPLICATE,Exact SHA-256 duplicate of the canonical source record.
SRC-0352,고주파공학,사진\homework5\시뮬사진\스크린샷 2026-06-09 221801.png,.png,163839,bda67b40eb434ad522b3dce85bbd933e2f670b0834d5afb3dd30bdf7e9818b1a,1,학부 과제 및 프로젝트\고주파공학\사진\homework5\시뮬사진\스크린샷 2026-06-09 221801.png,PUBLIC_REFERENCE_ONLY,Large sequential Cadence screenshot set; select only decision-relevant frames.
SRC-0353,고주파공학,사진\homework5\시뮬사진\스크린샷 2026-06-09 221825.png,.png,15403,3667bbeca788c3c1a4aaa42e93ad95a7b9ccea871f4782991ffa2a383f80181e,2,학부 과제 및 프로젝트\고주파공학\사진\homework5\ex7-5\1.png,DUPLICATE,Exact SHA-256 duplicate of the canonical source record.
SRC-0354,고주파공학,사진\homework5\시뮬사진\스크린샷 2026-06-09 221848.png,.png,49407,afbb8bcef957d44228be712c93784e8405fff266e009ace9660ff70c5036289d,2,학부 과제 및 프로젝트\고주파공학\사진\homework5\ex7-5\2.png,DUPLICATE,Exact SHA-256 duplicate of the canonical source record.
SRC-0355,고주파공학,사진\homework5\시뮬사진\스크린샷 2026-06-09 221938.png,.png,111761,0a9bcda08552dff25163b13ad15886732a4d90ac1cf23758c397344f6d870c48,2,학부 과제 및 프로젝트\고주파공학\사진\homework5\ex7-5\3.png,DUPLICATE,Exact SHA-256 duplicate of the canonical source record.
SRC-0356,고주파공학,사진\homework5\시뮬사진\스크린샷 2026-06-09 222102.png,.png,106579,f16fb602bdf8682ae4f9b6c7b95087321e58f8762a02e9d7e805ef4bfc6e81ed,1,학부 과제 및 프로젝트\고주파공학\사진\homework5\시뮬사진\스크린샷 2026-06-09 222102.png,PUBLIC_REFERENCE_ONLY,Large sequential Cadence screenshot set; select only decision-relevant frames.
SRC-0357,고주파공학,사진\homework5\시뮬사진\스크린샷 2026-06-09 222110.png,.png,14970,5efb0ef20c7b0037856b5712734ce997de0c11b2b04d11c84b306efae986945c,1,학부 과제 및 프로젝트\고주파공학\사진\homework5\시뮬사진\스크린샷 2026-06-09 222110.png,PUBLIC_REFERENCE_ONLY,Large sequential Cadence screenshot set; select only decision-relevant frames.
SRC-0358,고주파공학,사진\homework5\시뮬사진\스크린샷 2026-06-09 222242.png,.png,14805,17d46cb4c02af44e79fec12d6e7d6b94dd4158d187c843be476b2f3194476278,1,학부 과제 및 프로젝트\고주파공학\사진\homework5\시뮬사진\스크린샷 2026-06-09 222242.png,PUBLIC_REFERENCE_ONLY,Large sequential Cadence screenshot set; select only decision-relevant frames.
SRC-0359,고주파공학,사진\homework5\시뮬사진\스크린샷 2026-06-09 222426.png,.png,108256,c22113d4a65d4a1445f41d748ff0491abf8de0f1f4b4c89a33d20320c471fb11,1,학부 과제 및 프로젝트\고주파공학\사진\homework5\시뮬사진\스크린샷 2026-06-09 222426.png,PUBLIC_REFERENCE_ONLY,Large sequential Cadence screenshot set; select only decision-relevant frames.
SRC-0360,고주파공학,사진\homework5\시뮬사진\스크린샷 2026-06-09 222640.png,.png,15874,1071976ade3b499fe366f80e08c24dbd610bef97e03c3b85fc9231b6e18e5b34,1,학부 과제 및 프로젝트\고주파공학\사진\homework5\시뮬사진\스크린샷 2026-06-09 222640.png,PUBLIC_REFERENCE_ONLY,Large sequential Cadence screenshot set; select only decision-relevant frames.
SRC-0361,고주파공학,사진\homework5\시뮬사진\스크린샷 2026-06-09 222712.png,.png,71115,f94b3dc06d896862f3ef92b14e2b4a0508fffb200b0cbf7a13e726e50b4cbce4,2,학부 과제 및 프로젝트\고주파공학\사진\homework5\ex7-5\5.png,DUPLICATE,Exact SHA-256 duplicate of the canonical source record.
SRC-0362,고주파공학,사진\homework5\시뮬사진\스크린샷 2026-06-09 222728.png,.png,110634,74926fa0428e1902df0fbfbe20b496a892e42c856fb4ca089e8683ad1b7e133d,2,학부 과제 및 프로젝트\고주파공학\사진\homework5\ex7-5\6.png,DUPLICATE,Exact SHA-256 duplicate of the canonical source record.
SRC-0363,고주파공학,사진\homework5\시뮬사진\스크린샷 2026-06-09 222753.png,.png,84936,d94c17e5a33b4a99856ce058e6058335bef5380c0f4ce7136cd164a755ea873c,2,학부 과제 및 프로젝트\고주파공학\사진\homework5\ex7-5\4-1.png,DUPLICATE,Exact SHA-256 duplicate of the canonical source record.
SRC-0364,고주파공학,사진\homework5\시뮬사진\스크린샷 2026-06-09 222815.png,.png,86616,f39336d0303a49d00a46c56fd5f01740f7f624d936cb6449bea69ab4df1743aa,2,학부 과제 및 프로젝트\고주파공학\사진\homework5\ex7-5\4-2.png,DUPLICATE,Exact SHA-256 duplicate of the canonical source record.
SRC-0365,고주파공학,사진\homework5\시뮬사진\스크린샷 2026-06-09 223246.png,.png,10703,2787708f62a2a10cf401b86237170c33d6bd4f5f002761556c3727a3ef3887b8,1,학부 과제 및 프로젝트\고주파공학\사진\homework5\시뮬사진\스크린샷 2026-06-09 223246.png,PUBLIC_REFERENCE_ONLY,Large sequential Cadence screenshot set; select only decision-relevant frames.
SRC-0366,고주파공학,사진\homework5\시뮬사진\스크린샷 2026-06-09 223553.png,.png,14847,50205581a3e9463e4a722701891b973854a8204d1a374de845ab6047b8953cba,1,학부 과제 및 프로젝트\고주파공학\사진\homework5\시뮬사진\스크린샷 2026-06-09 223553.png,PUBLIC_REFERENCE_ONLY,Large sequential Cadence screenshot set; select only decision-relevant frames.
SRC-0367,고주파공학,사진\homework5\시뮬사진\스크린샷 2026-06-09 223618.png,.png,2706,e19f597bf4cf8194a747a9748c2c2482a7c295c6ff0dc43345b7f4368296f5a8,1,학부 과제 및 프로젝트\고주파공학\사진\homework5\시뮬사진\스크린샷 2026-06-09 223618.png,PUBLIC_REFERENCE_ONLY,Large sequential Cadence screenshot set; select only decision-relevant frames.
SRC-0368,고주파공학,사진\homework5\시뮬사진\스크린샷 2026-06-09 225617.png,.png,12083,2936cdd3262465f9742bc64d2184450275c6f43aa2d59838145120c6d27e2867,1,학부 과제 및 프로젝트\고주파공학\사진\homework5\시뮬사진\스크린샷 2026-06-09 225617.png,PUBLIC_REFERENCE_ONLY,Large sequential Cadence screenshot set; select only decision-relevant frames.
SRC-0369,고주파공학,사진\homework5\시뮬사진\스크린샷 2026-06-09 225624.png,.png,7463,e653179a8b7fdcf41c61204fff4d538afbfbdc35e02e866997d77e6cb6f75bd6,1,학부 과제 및 프로젝트\고주파공학\사진\homework5\시뮬사진\스크린샷 2026-06-09 225624.png,PUBLIC_REFERENCE_ONLY,Large sequential Cadence screenshot set; select only decision-relevant frames.
SRC-0370,고주파공학,사진\homework5\시뮬사진\스크린샷 2026-06-09 230236.png,.png,113047,939e5528a5241a708865e62f6b5e8536052b50eb75fc0a901484f50c9e9bda42,1,학부 과제 및 프로젝트\고주파공학\사진\homework5\시뮬사진\스크린샷 2026-06-09 230236.png,PUBLIC_REFERENCE_ONLY,Large sequential Cadence screenshot set; select only decision-relevant frames.
SRC-0371,고주파공학,사진\homework5\시뮬사진\스크린샷 2026-06-09 230421.png,.png,40571,2926a5e7c9af8476b032a9670c848057cce1c0220c7ba94a39a4e24e0d9a49c7,1,학부 과제 및 프로젝트\고주파공학\사진\homework5\시뮬사진\스크린샷 2026-06-09 230421.png,PUBLIC_REFERENCE_ONLY,Large sequential Cadence screenshot set; select only decision-relevant frames.
SRC-0372,고주파공학,사진\homework5\시뮬사진\스크린샷 2026-06-09 230451.png,.png,14165,41584433461aabb70251efd17268797ea92a884652e256023f2b037812f4474b,1,학부 과제 및 프로젝트\고주파공학\사진\homework5\시뮬사진\스크린샷 2026-06-09 230451.png,PUBLIC_REFERENCE_ONLY,Large sequential Cadence screenshot set; select only decision-relevant frames.
SRC-0373,고주파공학,사진\homework5\시뮬사진\스크린샷 2026-06-09 230504.png,.png,22956,1e11ae66d49642b37017f5b08993b6d93626bddd8a4907713edf90ea219cc6a7,1,학부 과제 및 프로젝트\고주파공학\사진\homework5\시뮬사진\스크린샷 2026-06-09 230504.png,PUBLIC_REFERENCE_ONLY,Large sequential Cadence screenshot set; select only decision-relevant frames.
SRC-0374,고주파공학,사진\homework5\시뮬사진\스크린샷 2026-06-09 230647.png,.png,93146,84068f4bd27d4525d2b0f8c2a9125acd45d39386d47235bc855755f461f6ab89,1,학부 과제 및 프로젝트\고주파공학\사진\homework5\시뮬사진\스크린샷 2026-06-09 230647.png,PUBLIC_REFERENCE_ONLY,Large sequential Cadence screenshot set; select only decision-relevant frames.
SRC-0375,고주파공학,사진\homework5\시뮬사진\스크린샷 2026-06-09 230926.png,.png,121657,4c87a38e923223a75a62c4a8807fe1c692637f1c7c9c46954ec1824ae4104d0d,1,학부 과제 및 프로젝트\고주파공학\사진\homework5\시뮬사진\스크린샷 2026-06-09 230926.png,PUBLIC_REFERENCE_ONLY,Large sequential Cadence screenshot set; select only decision-relevant frames.
SRC-0376,고주파공학,사진\homework5\시뮬사진\스크린샷 2026-06-09 233922.png,.png,21601,480d436446d173686d15c411150a77734d1819827bb12010afaba289f003f796,2,학부 과제 및 프로젝트\고주파공학\사진\homework5\ex12-3(시뮬하다가 중단)\1.png,DUPLICATE,Exact SHA-256 duplicate of the canonical source record.
SRC-0377,고주파공학,사진\homework5\시뮬사진\스크린샷 2026-06-09 233950.png,.png,46221,bc85f5e8e5f43c72be13fd2a8ad416ac29e68f97fd852397d8a4652164b65c21,2,학부 과제 및 프로젝트\고주파공학\사진\homework5\ex12-3(시뮬하다가 중단)\2.png,DUPLICATE,Exact SHA-256 duplicate of the canonical source record.
SRC-0378,고주파공학,사진\homework5\시뮬사진\스크린샷 2026-06-09 234018.png,.png,119250,b51e9c437b6f8ab908f204ef3ef57562c91dc897e7c7b74b92c0604e52ac2ffe,2,학부 과제 및 프로젝트\고주파공학\사진\homework5\ex12-3(시뮬하다가 중단)\3.png,DUPLICATE,Exact SHA-256 duplicate of the canonical source record.
SRC-0379,고주파공학,사진\homework5\시뮬사진\스크린샷 2026-06-09 234414.png,.png,123047,e19d3e933930543ae9003021b1e032b92b0ec7d2dfa19f5a96b6cf249dea3ea8,1,학부 과제 및 프로젝트\고주파공학\사진\homework5\시뮬사진\스크린샷 2026-06-09 234414.png,PUBLIC_REFERENCE_ONLY,Large sequential Cadence screenshot set; select only decision-relevant frames.
SRC-0380,고주파공학,사진\homework5\시뮬사진\스크린샷 2026-06-09 234525.png,.png,129083,5e89fd2b2c161c9fd379536375593644b23862a41e72889be42870dde29de64c,2,학부 과제 및 프로젝트\고주파공학\사진\homework5\ex12-3(시뮬하다가 중단)\6.png,DUPLICATE,Exact SHA-256 duplicate of the canonical source record.
SRC-0381,고주파공학,사진\homework5\시뮬사진\스크린샷 2026-06-09 234714.png,.png,52113,00e051bcb6d9756a65eec3dc3e5b0cef999c6c1b0ae9c98839084a36e3b5a506,2,학부 과제 및 프로젝트\고주파공학\사진\homework5\ex12-3(시뮬하다가 중단)\5.png,DUPLICATE,Exact SHA-256 duplicate of the canonical source record.
SRC-0382,고주파공학,사진\homework5\시뮬사진\스크린샷 2026-06-09 234731.png,.png,90025,669317b9c9efd9be20f416d606df09a73c64a650c1e153a12a8b11849d651b1e,2,학부 과제 및 프로젝트\고주파공학\사진\homework5\ex12-3(시뮬하다가 중단)\4.png,DUPLICATE,Exact SHA-256 duplicate of the canonical source record.
SRC-0383,고주파공학,사진\homework5\시뮬사진\스크린샷 2026-06-09 234938.png,.png,125441,d02dd6ea2a1dcd6459044d8cd12baee576e26058d80f35916f920a15ca70e944,1,학부 과제 및 프로젝트\고주파공학\사진\homework5\시뮬사진\스크린샷 2026-06-09 234938.png,PUBLIC_REFERENCE_ONLY,Large sequential Cadence screenshot set; select only decision-relevant frames.
SRC-0384,고주파공학,사진\homework5\시뮬사진\스크린샷 2026-06-09 235101.png,.png,126080,f37493c95554bf1f50a831212d5d76e972a6dab0adc71b89ee6417e1672486a4,2,학부 과제 및 프로젝트\고주파공학\사진\homework5\ex12-3(시뮬하다가 중단)\8.png,DUPLICATE,Exact SHA-256 duplicate of the canonical source record.
SRC-0385,고주파공학,사진\homework5\시뮬사진\스크린샷 2026-06-09 235200.png,.png,105322,963856f1a4d6f9a7ca293d5198d96a872b8e2a52aba4f73bab684674b35f24c7,1,학부 과제 및 프로젝트\고주파공학\사진\homework5\시뮬사진\스크린샷 2026-06-09 235200.png,PUBLIC_REFERENCE_ONLY,Large sequential Cadence screenshot set; select only decision-relevant frames.
SRC-0386,고주파공학,사진\homework5\시뮬사진\스크린샷 2026-06-09 235350.png,.png,111102,f679d88153ee2f16e0867c2ca5df2b5fabc700af4a46bdd1b61ca62095823147,2,학부 과제 및 프로젝트\고주파공학\사진\homework5\ex12-3(시뮬하다가 중단)\9.png,DUPLICATE,Exact SHA-256 duplicate of the canonical source record.
SRC-0387,고주파공학,사진\homework5\시뮬사진\스크린샷 2026-06-09 235410.png,.png,46448,fc7fc5b661872bb72cc62d20c533ded66df57c0997874d3631f9d950d77befa0,1,학부 과제 및 프로젝트\고주파공학\사진\homework5\시뮬사진\스크린샷 2026-06-09 235410.png,PUBLIC_REFERENCE_ONLY,Large sequential Cadence screenshot set; select only decision-relevant frames.
SRC-0388,고주파공학,사진\homework5\시뮬사진\스크린샷 2026-06-09 235700.png,.png,147552,7e2763d2b0d54a0cffee0f0a8d03a63e4a39f0f01da0ed30a990d93a7fdfd4b2,2,학부 과제 및 프로젝트\고주파공학\사진\homework5\ex12-3(시뮬하다가 중단)\10.png,DUPLICATE,Exact SHA-256 duplicate of the canonical source record.
SRC-0389,고주파공학,사진\homework5\시뮬사진\스크린샷 2026-06-09 235751.png,.png,98573,a5a5e037582559d3cdca6eede78c60c08a27274d2318732608f1f79401403072,2,학부 과제 및 프로젝트\고주파공학\사진\homework5\ex12-3(시뮬하다가 중단)\11.png,DUPLICATE,Exact SHA-256 duplicate of the canonical source record.
SRC-0390,고주파공학,사진\homework5\시뮬사진\스크린샷 2026-06-09 235823.png,.png,104625,2125a339db445d401d6c35f1d513d89c45ed702b4b7d70acf9dfc51ae93f2915,1,학부 과제 및 프로젝트\고주파공학\사진\homework5\시뮬사진\스크린샷 2026-06-09 235823.png,PUBLIC_REFERENCE_ONLY,Large sequential Cadence screenshot set; select only decision-relevant frames.
SRC-0391,고주파공학,사진\homework5\시뮬사진\스크린샷 2026-06-10 000140.png,.png,3142,b025d5d751a37b18b4903abf1325e06f150c82d65318331798137521c9118af5,1,학부 과제 및 프로젝트\고주파공학\사진\homework5\시뮬사진\스크린샷 2026-06-10 000140.png,PUBLIC_REFERENCE_ONLY,Large sequential Cadence screenshot set; select only decision-relevant frames.
SRC-0392,고주파공학,사진\homework5\시뮬사진\스크린샷 2026-06-10 000154.png,.png,53719,50ee5d7b0b88feb7ee739cff648f44d7fa9c8a571fa5f57bb2da5fd9a779b7a0,1,학부 과제 및 프로젝트\고주파공학\사진\homework5\시뮬사진\스크린샷 2026-06-10 000154.png,PUBLIC_REFERENCE_ONLY,Large sequential Cadence screenshot set; select only decision-relevant frames.
SRC-0393,고주파공학,사진\homework5\시뮬사진\스크린샷 2026-06-10 000156.png,.png,62163,755b5d4b3858e46eae9b68e6ed4f95c4215e1fd870104f6adec53ca01a562e83,1,학부 과제 및 프로젝트\고주파공학\사진\homework5\시뮬사진\스크린샷 2026-06-10 000156.png,PUBLIC_REFERENCE_ONLY,Large sequential Cadence screenshot set; select only decision-relevant frames.
SRC-0394,고주파공학,사진\homework5\시뮬사진\스크린샷 2026-06-10 000228.png,.png,18124,fb5751864c320c5316fcfb74fc5c0647628f8c1653fe6e44cf4a6cef25afc024,1,학부 과제 및 프로젝트\고주파공학\사진\homework5\시뮬사진\스크린샷 2026-06-10 000228.png,PUBLIC_REFERENCE_ONLY,Large sequential Cadence screenshot set; select only decision-relevant frames.
SRC-0395,고주파공학,사진\homework5\시뮬사진\스크린샷 2026-06-10 001638.png,.png,71760,1823b86f2e27af551529d503e111f8fd70782dcce419ce7d7f5c4cd78dbf35c6,1,학부 과제 및 프로젝트\고주파공학\사진\homework5\시뮬사진\스크린샷 2026-06-10 001638.png,PUBLIC_REFERENCE_ONLY,Large sequential Cadence screenshot set; select only decision-relevant frames.
SRC-0396,고주파공학,사진\homework5\시뮬사진\스크린샷 2026-06-10 001652.png,.png,70945,6f354f7c43d5e59a45074d8d3b5be88dc2025009f8fa9002b37e0e62732c9e88,1,학부 과제 및 프로젝트\고주파공학\사진\homework5\시뮬사진\스크린샷 2026-06-10 001652.png,PUBLIC_REFERENCE_ONLY,Large sequential Cadence screenshot set; select only decision-relevant frames.
SRC-0397,고주파공학,사진\homework5\시뮬사진\스크린샷 2026-06-10 002147.png,.png,18452,057e22f0bbd00c91ceba17ffbc74d328ae0766d18d27d1195b5a21009d415236,1,학부 과제 및 프로젝트\고주파공학\사진\homework5\시뮬사진\스크린샷 2026-06-10 002147.png,PUBLIC_REFERENCE_ONLY,Large sequential Cadence screenshot set; select only decision-relevant frames.
SRC-0398,센서응용공학,사진\센서응용공학_[STUDENT-ID]_[AUTHOR]_4학년_AESA 기반 레이더 센서 시스템 분석 및 Diffusion Model 기반 SAR 영상 향상 방안.docx,.docx,116063,59f8f31641f53555ef3981b10a4ab52ece403968aaa4ee1c3c95afa5946f26fe,1,학부 과제 및 프로젝트\센서응용공학\사진\센서응용공학_[STUDENT-ID]_[AUTHOR]_4학년_AESA 기반 레이더 센서 시스템 분석 및 Diffusion Model 기반 SAR 영상 향상 방안.docx,PUBLIC_USED,"Primary student-authored report, source, calculation, or visual evidence."
SRC-0399,센서응용공학,센서응용공학_[STUDENT-ID]_[AUTHOR]_4학년_AESA 기반 레이더 센서 시스템 분석 및 Diffusion Model 기반 SAR 영상 향상 방안.pdf,.pdf,447485,e0fc1c68399675ffe14d448025b55b946d8319d4710323a89cdb29274588a8d0,1,학부 과제 및 프로젝트\센서응용공학\센서응용공학_[STUDENT-ID]_[AUTHOR]_4학년_AESA 기반 레이더 센서 시스템 분석 및 Diffusion Model 기반 SAR 영상 향상 방안.pdf,PUBLIC_USED,"Primary student-authored report, source, calculation, or visual evidence."
SRC-0400,전기기기,Transformer Design calculator EI-190 (1).xlsx,.xlsx,153998,f2bacd9c78ac973da05521dd4b4d6cb333498073712a064dfea360e71c5b7a6d,1,학부 과제 및 프로젝트\전기기기\Transformer Design calculator EI-190 (1).xlsx,PUBLIC_USED,"Primary student-authored report, source, calculation, or visual evidence."
SRC-0401,전기기기,Transformer Design calculator UI-1.80MHW.xlsx,.xlsx,15912,afcadea198540f5ec95ec8ae382cfbf3eee4662f3e661634fbbe8d4a298da635,1,학부 과제 및 프로젝트\전기기기\Transformer Design calculator UI-1.80MHW.xlsx,PUBLIC_USED,"Primary student-authored report, source, calculation, or visual evidence."
SRC-0402,전기기기,Transformer Design calculator.xlsx,.xlsx,13956,885ee2651ad90edbe482e21c6fd3c4e2ed8ab532aa328c3f3fb639db2152c5af,1,학부 과제 및 프로젝트\전기기기\Transformer Design calculator.xlsx,PUBLIC_USED,"Primary student-authored report, source, calculation, or visual evidence."
SRC-0403,전기기기,사진\스크린샷 2026-07-29 102810.png,.png,40647,3acea71f2163dc8d9af6b468fdd768a7059b0986aeeb476ba32d049ce11b13df,1,학부 과제 및 프로젝트\전기기기\사진\스크린샷 2026-07-29 102810.png,PUBLIC_USED,"Primary student-authored report, source, calculation, or visual evidence."
SRC-0404,전기기기,사진\스크린샷 2026-07-29 102913.png,.png,53933,52df3d939a25b918a95cd9f63e30f07d53e4576c77e94190633545d7718c2f36,1,학부 과제 및 프로젝트\전기기기\사진\스크린샷 2026-07-29 102913.png,PUBLIC_USED,"Primary student-authored report, source, calculation, or visual evidence."
SRC-0405,전기기기,사진\스크린샷 2026-07-29 102922.png,.png,46228,46bb42f707da1b6a389274f88f0cc31d1de6e85669df3d8f20fb1520c2dd035d,1,학부 과제 및 프로젝트\전기기기\사진\스크린샷 2026-07-29 102922.png,PUBLIC_USED,"Primary student-authored report, source, calculation, or visual evidence."
SRC-0406,전기기기,사진\스크린샷 2026-07-29 102926.png,.png,156295,cb3161e0daf1d31dd06900ea0457be6d684594ea31d98b7a1dd1f39e85622f33,1,학부 과제 및 프로젝트\전기기기\사진\스크린샷 2026-07-29 102926.png,PUBLIC_USED,"Primary student-authored report, source, calculation, or visual evidence."
SRC-0407,전기기기,사진\스크린샷 2026-07-29 102935.png,.png,138606,d251dc3420a8f7d54e319fd7ed2b03e727fd054946644f7eb46103af0d8c3d60,1,학부 과제 및 프로젝트\전기기기\사진\스크린샷 2026-07-29 102935.png,PUBLIC_USED,"Primary student-authored report, source, calculation, or visual evidence."
SRC-0408,전기기기,사진\스크린샷 2026-07-29 102944.png,.png,149389,de5f7f69fbba26ab118d1a368e35111d37725e1f37689af22724936fbfbf92e7,1,학부 과제 및 프로젝트\전기기기\사진\스크린샷 2026-07-29 102944.png,PUBLIC_USED,"Primary student-authored report, source, calculation, or visual evidence."
SRC-0409,전기기기,사진\스크린샷 2026-07-29 103001.png,.png,59814,2cd52af29261049b8e8857c256e359a87c9c821f9ce4153cebb78d7fdbed9bce,1,학부 과제 및 프로젝트\전기기기\사진\스크린샷 2026-07-29 103001.png,PUBLIC_USED,"Primary student-authored report, source, calculation, or visual evidence."
SRC-0410,전기기기,사진\스크린샷 2026-07-29 103010.png,.png,47533,b2f2ad89a3ecb9abf1e50648950c63358bbd7c484fef99b8b5d02f5a3c391dc8,1,학부 과제 및 프로젝트\전기기기\사진\스크린샷 2026-07-29 103010.png,PUBLIC_USED,"Primary student-authored report, source, calculation, or visual evidence."
SRC-0411,전기기기,사진\스크린샷 2026-07-29 103013.png,.png,45693,cd83b6fe9111bf5a752b76cc9521e720333db2968fb33789acf0234af07f1091,1,학부 과제 및 프로젝트\전기기기\사진\스크린샷 2026-07-29 103013.png,PUBLIC_USED,"Primary student-authored report, source, calculation, or visual evidence."
SRC-0412,전기기기,사진\스크린샷 2026-07-29 103047.png,.png,58609,dda610221b000f12e92398e46166dca64b38cf8c0da2c9b90e76f309738034e8,1,학부 과제 및 프로젝트\전기기기\사진\스크린샷 2026-07-29 103047.png,PUBLIC_USED,"Primary student-authored report, source, calculation, or visual evidence."
SRC-0413,전기기기,전기기기__3분반(10조_변압기_설계_과제_보고서)_250326_162216.pdf,.pdf,419531,ff3cd190bd17f50e00d3754820fbbe25e5144020c574e7e8e02ffaf48775ae34,1,학부 과제 및 프로젝트\전기기기\전기기기__3분반(10조_변압기_설계_과제_보고서)_250326_162216.pdf,PUBLIC_USED,"Primary student-authored report, source, calculation, or visual evidence."
SRC-0414,전동기제어,dc machine.zip,.zip,37956327,26815f3753d360d6d5dd62069c4cacf85f5225fcb56561c4208b6a673777cdd0,1,학부 과제 및 프로젝트\전동기제어\dc machine.zip,PUBLIC_REFERENCE_ONLY,Archive provenance retained; publish curated extracted sources only.
SRC-0415,전동기제어,dc machine__extracted\dc machine\PI contorller calculator\.vs\PI contorller calculator\CopilotIndices\18.0.934.24903\CodeChunks.db,.db,5275648,d3ea96c290cf7b886fd1a415778a42379f3a787b89382775230730bad771cb5b,1,학부 과제 및 프로젝트\전동기제어\dc machine__extracted\dc machine\PI contorller calculator\.vs\PI contorller calculator\CopilotIndices\18.0.934.24903\CodeChunks.db,NOT_RELEVANT_WITH_REASON,Generated IDE/simulator/compiler cache or binary build artifact.
SRC-0416,전동기제어,dc machine__extracted\dc machine\PI contorller calculator\.vs\PI contorller calculator\CopilotIndices\18.0.934.24903\SemanticSymbols.db,.db,10387456,d638c560838ba34e6a89a95b9c3ed151d5cc067f1428b02d23cb4dbf9577730b,1,학부 과제 및 프로젝트\전동기제어\dc machine__extracted\dc machine\PI contorller calculator\.vs\PI contorller calculator\CopilotIndices\18.0.934.24903\SemanticSymbols.db,NOT_RELEVANT_WITH_REASON,Generated IDE/simulator/compiler cache or binary build artifact.
SRC-0417,전동기제어,dc machine__extracted\dc machine\PI contorller calculator\.vs\PI contorller calculator.slnx\FileContentIndex\034a2e9a-cf60-4eb1-ac0d-7936564f2ad9.vsidx,.vsidx,12164,8cdecaa73bf89df36f90a8e476e5ac1c724a4d44b7a3673634d81af986526ffa,1,학부 과제 및 프로젝트\전동기제어\dc machine__extracted\dc machine\PI contorller calculator\.vs\PI contorller calculator.slnx\FileContentIndex\034a2e9a-cf60-4eb1-ac0d-7936564f2ad9.vsidx,NOT_RELEVANT_WITH_REASON,Generated IDE/simulator/compiler cache or binary build artifact.
SRC-0418,전동기제어,dc machine__extracted\dc machine\PI contorller calculator\.vs\PI contorller calculator.slnx\v18\.suo,[none],34304,dc5c4338435f664b102bc4d552b1b0aeea847512aeefdbfe077824a4467030ed,1,학부 과제 및 프로젝트\전동기제어\dc machine__extracted\dc machine\PI contorller calculator\.vs\PI contorller calculator.slnx\v18\.suo,NOT_RELEVANT_WITH_REASON,Generated IDE/simulator/compiler cache or binary build artifact.
SRC-0419,전동기제어,dc machine__extracted\dc machine\PI contorller calculator\.vs\PI contorller calculator.slnx\v18\Browse.VC.db,.db,39452672,75fcd0f9696aaf0943fc8574f62d0deeb2d8245e690bb0eb8191249e262fdbd8,1,학부 과제 및 프로젝트\전동기제어\dc machine__extracted\dc machine\PI contorller calculator\.vs\PI contorller calculator.slnx\v18\Browse.VC.db,NOT_RELEVANT_WITH_REASON,Generated IDE/simulator/compiler cache or binary build artifact.
SRC-0420,전동기제어,dc machine__extracted\dc machine\PI contorller calculator\.vs\PI contorller calculator.slnx\v18\DocumentLayout.backup.json,.json,1857,f05157bf7bd339fd4bb9dae736e899d03dc1eeca9112dd864fd734f63a5c6dff,2,학부 과제 및 프로젝트\전동기제어\dc machine__extracted\dc machine\PI contorller calculator\.vs\PI contorller calculator.slnx\v18\DocumentLayout.json,DUPLICATE,Exact SHA-256 duplicate of the canonical source record.
SRC-0421,전동기제어,dc machine__extracted\dc machine\PI contorller calculator\.vs\PI contorller calculator.slnx\v18\DocumentLayout.json,.json,1857,f05157bf7bd339fd4bb9dae736e899d03dc1eeca9112dd864fd734f63a5c6dff,2,학부 과제 및 프로젝트\전동기제어\dc machine__extracted\dc machine\PI contorller calculator\.vs\PI contorller calculator.slnx\v18\DocumentLayout.json,NOT_RELEVANT_WITH_REASON,Generated IDE/simulator/compiler cache or binary build artifact.
SRC-0422,전동기제어,dc machine__extracted\dc machine\PI contorller calculator\.vs\PI contorller calculator.slnx\v18\ipch\AutoPCH\fa4dffd68a4c7485\PI CONTORLLER CALCULATOR.ipch,.ipch,89128960,4518ef4d4befaf1eece8e0ed2da7922bf8987b51d42eaea7f9501efb027dcabe,1,학부 과제 및 프로젝트\전동기제어\dc machine__extracted\dc machine\PI contorller calculator\.vs\PI contorller calculator.slnx\v18\ipch\AutoPCH\fa4dffd68a4c7485\PI CONTORLLER CALCULATOR.ipch,NOT_RELEVANT_WITH_REASON,Generated IDE/simulator/compiler cache or binary build artifact.
SRC-0423,전동기제어,dc machine__extracted\dc machine\PI contorller calculator\.vs\PI contorller calculator.slnx\v18\Solution.VC.db,.db,434176,dde5e61522653f6adb81212ecedb5566ac0ccb1fc135ec0cc0a106e1bb975555,1,학부 과제 및 프로젝트\전동기제어\dc machine__extracted\dc machine\PI contorller calculator\.vs\PI contorller calculator.slnx\v18\Solution.VC.db,NOT_RELEVANT_WITH_REASON,Generated IDE/simulator/compiler cache or binary build artifact.
SRC-0424,전동기제어,dc machine__extracted\dc machine\PI contorller calculator\PI contorller calculator\PI contorller calculator.cpp,.cpp,3875,14f0c35544d327f54c939790bf571adf76266a819ab19e5a7dc155076fee4315,1,학부 과제 및 프로젝트\전동기제어\dc machine__extracted\dc machine\PI contorller calculator\PI contorller calculator\PI contorller calculator.cpp,PUBLIC_USED,"Primary student-authored report, source, calculation, or visual evidence."
SRC-0425,전동기제어,dc machine__extracted\dc machine\PI contorller calculator\PI contorller calculator\PI contorller calculator.vcxproj,.vcxproj,6651,e883f332ff700792b05c1483678474b6df70b5d597766bd3603c89903735ab71,1,학부 과제 및 프로젝트\전동기제어\dc machine__extracted\dc machine\PI contorller calculator\PI contorller calculator\PI contorller calculator.vcxproj,PUBLIC_REFERENCE_ONLY,Retained for provenance; not selected for direct publication.
SRC-0426,전동기제어,dc machine__extracted\dc machine\PI contorller calculator\PI contorller calculator\PI contorller calculator.vcxproj.filters,.filters,1002,2dedb704f31b6b32eef68f6a1ce5cfff96ccb95671146c91ccdb29d085d2e4af,1,학부 과제 및 프로젝트\전동기제어\dc machine__extracted\dc machine\PI contorller calculator\PI contorller calculator\PI contorller calculator.vcxproj.filters,PUBLIC_REFERENCE_ONLY,Retained for provenance; not selected for direct publication.
SRC-0427,전동기제어,dc machine__extracted\dc machine\PI contorller calculator\PI contorller calculator\PI contorller calculator.vcxproj.user,.user,168,c06a75b13f855a94d46616796e024c52b499f8f92cf00ccb571ddbc6ff574676,1,학부 과제 및 프로젝트\전동기제어\dc machine__extracted\dc machine\PI contorller calculator\PI contorller calculator\PI contorller calculator.vcxproj.user,PUBLIC_REFERENCE_ONLY,Retained for provenance; not selected for direct publication.
SRC-0428,전동기제어,dc machine__extracted\dc machine\PI contorller calculator\PI contorller calculator\x64\Debug\PI conto.d3c742dd.tlog\CL.command.1.tlog,.tlog,1000,aead7fb2802f178e5537c7fcb5171925e4f7803e19c3e82dd245e1e92c3170f2,1,학부 과제 및 프로젝트\전동기제어\dc machine__extracted\dc machine\PI contorller calculator\PI contorller calculator\x64\Debug\PI conto.d3c742dd.tlog\CL.command.1.tlog,NOT_RELEVANT_WITH_REASON,Generated IDE/simulator/compiler cache or binary build artifact.
SRC-0429,전동기제어,dc machine__extracted\dc machine\PI contorller calculator\PI contorller calculator\x64\Debug\PI conto.d3c742dd.tlog\Cl.items.tlog,.tlog,239,2e3618491612e0310df24ba5b3116240c75c45b064dd7d07e398537f80950689,1,학부 과제 및 프로젝트\전동기제어\dc machine__extracted\dc machine\PI contorller calculator\PI contorller calculator\x64\Debug\PI conto.d3c742dd.tlog\Cl.items.tlog,NOT_RELEVANT_WITH_REASON,Generated IDE/simulator/compiler cache or binary build artifact.
SRC-0430,전동기제어,dc machine__extracted\dc machine\PI contorller calculator\PI contorller calculator\x64\Debug\PI conto.d3c742dd.tlog\CL.read.1.tlog,.tlog,23882,26d5be703ad3624c6bf33d4ab96a77086d15f07211e1384a4d7079b264cfe5f7,1,학부 과제 및 프로젝트\전동기제어\dc machine__extracted\dc machine\PI contorller calculator\PI contorller calculator\x64\Debug\PI conto.d3c742dd.tlog\CL.read.1.tlog,NOT_RELEVANT_WITH_REASON,Generated IDE/simulator/compiler cache or binary build artifact.
SRC-0431,전동기제어,dc machine__extracted\dc machine\PI contorller calculator\PI contorller calculator\x64\Debug\PI conto.d3c742dd.tlog\CL.write.1.tlog,.tlog,908,a6b59dec9e0d2fb669d4b7d7330c02bdb0fa320ef7f0fa2d670f635fceb9f563,1,학부 과제 및 프로젝트\전동기제어\dc machine__extracted\dc machine\PI contorller calculator\PI contorller calculator\x64\Debug\PI conto.d3c742dd.tlog\CL.write.1.tlog,NOT_RELEVANT_WITH_REASON,Generated IDE/simulator/compiler cache or binary build artifact.
SRC-0432,전동기제어,dc machine__extracted\dc machine\PI contorller calculator\PI contorller calculator\x64\Debug\PI conto.d3c742dd.tlog\link.command.1.tlog,.tlog,1690,3e243a3f3b9cfb03701c4ef724b4692a10954458f2bbab2f7256b990274e64a8,1,학부 과제 및 프로젝트\전동기제어\dc machine__extracted\dc machine\PI contorller calculator\PI contorller calculator\x64\Debug\PI conto.d3c742dd.tlog\link.command.1.tlog,NOT_RELEVANT_WITH_REASON,Generated IDE/simulator/compiler cache or binary build artifact.
SRC-0433,전동기제어,dc machine__extracted\dc machine\PI contorller calculator\PI contorller calculator\x64\Debug\PI conto.d3c742dd.tlog\link.read.1.tlog,.tlog,3882,0c94a867da7e8747403510b929aefb461b6217750cf46df143002d0df1ed2b0a,1,학부 과제 및 프로젝트\전동기제어\dc machine__extracted\dc machine\PI contorller calculator\PI contorller calculator\x64\Debug\PI conto.d3c742dd.tlog\link.read.1.tlog,NOT_RELEVANT_WITH_REASON,Generated IDE/simulator/compiler cache or binary build artifact.
SRC-0434,전동기제어,dc machine__extracted\dc machine\PI contorller calculator\PI contorller calculator\x64\Debug\PI conto.d3c742dd.tlog\link.secondary.1.tlog,.tlog,251,98984cb9da936b3c09680e320b183df34772cba4c8b6e32f424c50960a727436,1,학부 과제 및 프로젝트\전동기제어\dc machine__extracted\dc machine\PI contorller calculator\PI contorller calculator\x64\Debug\PI conto.d3c742dd.tlog\link.secondary.1.tlog,NOT_RELEVANT_WITH_REASON,Generated IDE/simulator/compiler cache or binary build artifact.
SRC-0435,전동기제어,dc machine__extracted\dc machine\PI contorller calculator\PI contorller calculator\x64\Debug\PI conto.d3c742dd.tlog\link.write.1.tlog,.tlog,654,72775cf921a1a02a0f1efa82de538a8dd9174e80dc2adaaa01335e5b3820a211,1,학부 과제 및 프로젝트\전동기제어\dc machine__extracted\dc machine\PI contorller calculator\PI contorller calculator\x64\Debug\PI conto.d3c742dd.tlog\link.write.1.tlog,NOT_RELEVANT_WITH_REASON,Generated IDE/simulator/compiler cache or binary build artifact.
SRC-0436,전동기제어,dc machine__extracted\dc machine\PI contorller calculator\PI contorller calculator\x64\Debug\PI conto.d3c742dd.tlog\PI contorller calculator.lastbuildstate,.lastbuildstate,229,2f2622afff0d3e27224780dfcad43d323e158bebde538de7bf5b63ffb567555f,1,학부 과제 및 프로젝트\전동기제어\dc machine__extracted\dc machine\PI contorller calculator\PI contorller calculator\x64\Debug\PI conto.d3c742dd.tlog\PI contorller calculator.lastbuildstate,NOT_RELEVANT_WITH_REASON,Generated IDE/simulator/compiler cache or binary build artifact.
SRC-0437,전동기제어,dc machine__extracted\dc machine\PI contorller calculator\PI contorller calculator\x64\Debug\PI contorller calculator.exe.recipe,.recipe,341,87a120d721d6bf8012264c0b0276d74547fedb827fb9629b4b21d7e538b71e63,1,학부 과제 및 프로젝트\전동기제어\dc machine__extracted\dc machine\PI contorller calculator\PI contorller calculator\x64\Debug\PI contorller calculator.exe.recipe,NOT_RELEVANT_WITH_REASON,Generated IDE/simulator/compiler cache or binary build artifact.
SRC-0438,전동기제어,dc machine__extracted\dc machine\PI contorller calculator\PI contorller calculator\x64\Debug\PI contorller calculator.ilk,.ilk,624378,f2c8d29c1d4f57bd35174454d953c53c13e1d5c2651b86b390f847159e38df6d,1,학부 과제 및 프로젝트\전동기제어\dc machine__extracted\dc machine\PI contorller calculator\PI contorller calculator\x64\Debug\PI contorller calculator.ilk,NOT_RELEVANT_WITH_REASON,Generated IDE/simulator/compiler cache or binary build artifact.
SRC-0439,전동기제어,dc machine__extracted\dc machine\PI contorller calculator\PI contorller calculator\x64\Debug\PI contorller calculator.log,.log,173,58827c67a38f200e94cd2548d66a53174ec2b06d4d977ecbc792891a128a689d,1,학부 과제 및 프로젝트\전동기제어\dc machine__extracted\dc machine\PI contorller calculator\PI contorller calculator\x64\Debug\PI contorller calculator.log,NOT_RELEVANT_WITH_REASON,Generated IDE/simulator/compiler cache or binary build artifact.
SRC-0440,전동기제어,dc machine__extracted\dc machine\PI contorller calculator\PI contorller calculator\x64\Debug\PI contorller calculator.obj,.obj,89084,e271a77412da7b7c255178c3b7ff0a780690d200c1b91017d445b8f7b8caa10a,1,학부 과제 및 프로젝트\전동기제어\dc machine__extracted\dc machine\PI contorller calculator\PI contorller calculator\x64\Debug\PI contorller calculator.obj,NOT_RELEVANT_WITH_REASON,Generated IDE/simulator/compiler cache or binary build artifact.
SRC-0441,전동기제어,dc machine__extracted\dc machine\PI contorller calculator\PI contorller calculator\x64\Debug\vc145.idb,.idb,584704,a3fe575bf226af6ac55fc5e0c39238af1d6d0f8359f346cec4f8c4675e115e09,1,학부 과제 및 프로젝트\전동기제어\dc machine__extracted\dc machine\PI contorller calculator\PI contorller calculator\x64\Debug\vc145.idb,NOT_RELEVANT_WITH_REASON,Generated IDE/simulator/compiler cache or binary build artifact.
SRC-0442,전동기제어,dc machine__extracted\dc machine\PI contorller calculator\PI contorller calculator\x64\Debug\vc145.pdb,.pdb,544768,bfef695fae55863fa6c7b32610c5d01c1d71c27abb1177feb354a451e3a3dc17,1,학부 과제 및 프로젝트\전동기제어\dc machine__extracted\dc machine\PI contorller calculator\PI contorller calculator\x64\Debug\vc145.pdb,NOT_RELEVANT_WITH_REASON,Generated IDE/simulator/compiler cache or binary build artifact.
SRC-0443,전동기제어,dc machine__extracted\dc machine\PI contorller calculator\PI contorller calculator.slnx,.slnx,204,9100f81bebc8c7f1acec65007287aa90d4dad9070acb3bf3b6169a705b37ff2c,1,학부 과제 및 프로젝트\전동기제어\dc machine__extracted\dc machine\PI contorller calculator\PI contorller calculator.slnx,PUBLIC_REFERENCE_ONLY,Retained for provenance; not selected for direct publication.
SRC-0444,전동기제어,dc machine__extracted\dc machine\PI contorller calculator\x64\Debug\PI contorller calculator.exe,.exe,72704,41cbd37ccc28ae1069fd43826ef3831aea4e4ebed3b8f169ed69f9169cfb3787,1,학부 과제 및 프로젝트\전동기제어\dc machine__extracted\dc machine\PI contorller calculator\x64\Debug\PI contorller calculator.exe,NOT_RELEVANT_WITH_REASON,Generated IDE/simulator/compiler cache or binary build artifact.
SRC-0445,전동기제어,dc machine__extracted\dc machine\PI contorller calculator\x64\Debug\PI contorller calculator.pdb,.pdb,1601536,0bbe1439c9524c0c4b69f1cd241f70a1a313f1ef41e7b59c904b8cf64839390b,1,학부 과제 및 프로젝트\전동기제어\dc machine__extracted\dc machine\PI contorller calculator\x64\Debug\PI contorller calculator.pdb,NOT_RELEVANT_WITH_REASON,Generated IDE/simulator/compiler cache or binary build artifact.
SRC-0446,전동기제어,PI 계산기.xlsx,.xlsx,11784,e8ddd36dfad89a3478e32ecf6af8f61dc06723ce60ed2650ddd7cc987fc4af59,1,학부 과제 및 프로젝트\전동기제어\PI 계산기.xlsx,PUBLIC_USED,"Primary student-authored report, source, calculation, or visual evidence."
SRC-0447,전동기제어,Project2025 -5조-1.pdf,.pdf,628156,7f5da46f041074342d30a95efcff0e848693028d0ac3dd1e420b11f3302da8e1,1,학부 과제 및 프로젝트\전동기제어\Project2025 -5조-1.pdf,PUBLIC_USED,"Primary student-authored report, source, calculation, or visual evidence."
SRC-0448,전동기제어,사진\aim3 결과.png,.png,21260,ca01ed4d8f65a4aa27407ae8d0f1f076ec644a8449335ef1a81869c662747de1,3,학부 과제 및 프로젝트\전동기제어\사진\aim3 결과.png,PUBLIC_USED,"Primary student-authored report, source, calculation, or visual evidence."
SRC-0449,전동기제어,사진\속도응답.png,.png,22286,37997c252bb8774ed625fa362256c5712fd18c4b7b7f455c3b839221d1d91225,3,학부 과제 및 프로젝트\전동기제어\사진\속도응답.png,PUBLIC_USED,"Primary student-authored report, source, calculation, or visual evidence."
SRC-0450,전동기제어,사진\속도응답matlab.png,.png,43384,de22f62939c6c83fbaabb03871765614b73a7efd05733fcf0aa64b827faaa035,3,학부 과제 및 프로젝트\전동기제어\사진\속도응답matlab.png,PUBLIC_USED,"Primary student-authored report, source, calculation, or visual evidence."
SRC-0451,전동기제어,사진\스크린샷 2026-07-29 103254.png,.png,143303,8cd20b3de0b0466d5c6079085361ec63cb36af7b1b9f5df22c7503cade41451e,1,학부 과제 및 프로젝트\전동기제어\사진\스크린샷 2026-07-29 103254.png,PUBLIC_USED,"Primary student-authored report, source, calculation, or visual evidence."
SRC-0452,전동기제어,사진\스크린샷 2026-07-29 103419.png,.png,60612,e4207561511951ab3812bd34ecf53528046d39cfee072e0185089beeda8ac525,1,학부 과제 및 프로젝트\전동기제어\사진\스크린샷 2026-07-29 103419.png,PUBLIC_USED,"Primary student-authored report, source, calculation, or visual evidence."
SRC-0453,전동기제어,사진\스크린샷 2026-07-29 103428.png,.png,11559,e2aeb626ec9de17429d4d5718360137ac0140b99b946869e725c288fbd6c6831,1,학부 과제 및 프로젝트\전동기제어\사진\스크린샷 2026-07-29 103428.png,PUBLIC_USED,"Primary student-authored report, source, calculation, or visual evidence."
SRC-0454,전동기제어,사진\스크린샷 2026-07-29 103432.png,.png,11154,74bd98ffb7dc60494a9bd43b6803861dc9c11067391980c600f4531cb7659cc3,1,학부 과제 및 프로젝트\전동기제어\사진\스크린샷 2026-07-29 103432.png,PUBLIC_USED,"Primary student-authored report, source, calculation, or visual evidence."
SRC-0455,전동기제어,사진\스크린샷 2026-07-29 103436.png,.png,45768,f56b550df2e75bfadd71f3f4bf1952fffb3f6a5a42e07b6a02a7c0bbb8292580,1,학부 과제 및 프로젝트\전동기제어\사진\스크린샷 2026-07-29 103436.png,PUBLIC_USED,"Primary student-authored report, source, calculation, or visual evidence."
SRC-0456,전동기제어,사진\스크린샷 2026-07-29 103441.png,.png,12153,3cb8ff40f0216aedb82cb7f9f2b1b1f446f43cc3a17efe63bd1a9aab1e9f2915,1,학부 과제 및 프로젝트\전동기제어\사진\스크린샷 2026-07-29 103441.png,PUBLIC_USED,"Primary student-authored report, source, calculation, or visual evidence."
SRC-0457,전동기제어,사진\스크린샷 2026-07-29 103446.png,.png,55939,5547260eb8e656de53386f90b24a90f52b07afa69015514e46b068003bc6d84f,1,학부 과제 및 프로젝트\전동기제어\사진\스크린샷 2026-07-29 103446.png,PUBLIC_USED,"Primary student-authored report, source, calculation, or visual evidence."
SRC-0458,전동기제어,사진\스크린샷 2026-07-29 103450.png,.png,46711,46a30edd8374c97f40c5f0dd1fe2f227148925c1eb32b6f57f05487336dae8e3,1,학부 과제 및 프로젝트\전동기제어\사진\스크린샷 2026-07-29 103450.png,PUBLIC_USED,"Primary student-authored report, source, calculation, or visual evidence."
SRC-0459,전동기제어,사진\스크린샷 2026-07-29 103455.png,.png,59122,fe5eed41647de8d2cf9535ba1f2fe91e01dd14592409b5fc2956305a205ed7be,1,학부 과제 및 프로젝트\전동기제어\사진\스크린샷 2026-07-29 103455.png,PUBLIC_USED,"Primary student-authored report, source, calculation, or visual evidence."
SRC-0460,전동기제어,사진\스크린샷 2026-07-29 103505.png,.png,58339,d1fcc577e7c1d15a7d5e3722133d814f7312d15c4057b0b7f6de4a963828318f,1,학부 과제 및 프로젝트\전동기제어\사진\스크린샷 2026-07-29 103505.png,PUBLIC_USED,"Primary student-authored report, source, calculation, or visual evidence."
SRC-0461,전동기제어,사진\스크린샷 2026-07-29 103509.png,.png,50313,5d4e587c37129ef03922e02ec12c510c54b9e8cd032191da82a4a42ce3c20747,1,학부 과제 및 프로젝트\전동기제어\사진\스크린샷 2026-07-29 103509.png,PUBLIC_USED,"Primary student-authored report, source, calculation, or visual evidence."
SRC-0462,전동기제어,사진\전류응답.png,.png,24195,7f53692b82f4dd518a034cf19047af9f53760c912d9b1f4c2c5b32fdea9b9327,3,학부 과제 및 프로젝트\전동기제어\사진\전류응답.png,PUBLIC_USED,"Primary student-authored report, source, calculation, or visual evidence."
SRC-0463,전동기제어,사진\전류응답matlab.png,.png,43103,44379583071a26053af9a2fb276211277956c40ec82ad684cc273fa5171df92e,3,학부 과제 및 프로젝트\전동기제어\사진\전류응답matlab.png,PUBLIC_USED,"Primary student-authored report, source, calculation, or visual evidence."
SRC-0464,전동기제어,사진\토크리플 10000.png,.png,44134,7bf4735131a72248e6cc0ab32d736b6fb4d5d7fff300b050b4d2e6e88871fcca,3,학부 과제 및 프로젝트\전동기제어\사진\토크리플 10000.png,PUBLIC_USED,"Primary student-authored report, source, calculation, or visual evidence."
SRC-0465,전동기제어,사진\토크리플 25000.png,.png,41706,f474e2106b70726ad6181fb9f033d1df78317bcafb95259d19700bf4e216fc4d,3,학부 과제 및 프로젝트\전동기제어\사진\토크리플 25000.png,PUBLIC_USED,"Primary student-authored report, source, calculation, or visual evidence."
SRC-0466,전동기제어,사진\프정격조건 속도 그래.png,.png,20641,6dc4f0b86f13b04a010cd3ad8fbfb34dcf38ca90740c894c2263cc82037a74e0,3,학부 과제 및 프로젝트\전동기제어\사진\프정격조건 속도 그래.png,PUBLIC_USED,"Primary student-authored report, source, calculation, or visual evidence."
SRC-0467,전동기제어,사진\회로도.png,.png,18230,f3f295981cf2206f9e1202bc684a62e99f2c92d40e8c66e79882859252ed1554,3,학부 과제 및 프로젝트\전동기제어\사진\회로도.png,PUBLIC_USED,"Primary student-authored report, source, calculation, or visual evidence."
SRC-0468,전동기제어,전동기 프로젝트\aim3 결과.png,.png,21260,ca01ed4d8f65a4aa27407ae8d0f1f076ec644a8449335ef1a81869c662747de1,3,학부 과제 및 프로젝트\전동기제어\사진\aim3 결과.png,DUPLICATE,Exact SHA-256 duplicate of the canonical source record.
SRC-0469,전동기제어,전동기 프로젝트\dc모터 제어 코드.txt,.txt,3655,f2dfe5d300e2c60cefa6d08eb273bb2f31c1cef7912a8cd024ceebd0252adbc0,2,학부 과제 및 프로젝트\전동기제어\전동기 프로젝트\dc모터 제어 코드.txt,PUBLIC_USED,"Primary student-authored report, source, calculation, or visual evidence."
SRC-0470,전동기제어,전동기 프로젝트\dc모터 최종 코드.txt,.txt,3758,3776b9eb99e3f8cf05977d338046023cebf3eec52ef78398dd363e37626677d3,2,학부 과제 및 프로젝트\전동기제어\전동기 프로젝트\dc모터 최종 코드.txt,PUBLIC_USED,"Primary student-authored report, source, calculation, or visual evidence."
SRC-0471,전동기제어,전동기 프로젝트\Project2025.pdf,.pdf,429574,8de75d7d7f267427f7d734ec5b5b4dc169860a087d9c582f453d1fc12ad4a0f1,2,학부 과제 및 프로젝트\전동기제어\전동기 프로젝트\Project2025.pdf,PUBLIC_USED,"Primary student-authored report, source, calculation, or visual evidence."
SRC-0472,전동기제어,전동기 프로젝트\속도응답 매트랩코드.txt,.txt,2490,3b621ed539a48af134f58aed4ef610e42c717f35b499f3f6e078ec5155d1b055,2,학부 과제 및 프로젝트\전동기제어\전동기 프로젝트\속도응답 매트랩코드.txt,PUBLIC_USED,"Primary student-authored report, source, calculation, or visual evidence."
SRC-0473,전동기제어,전동기 프로젝트\속도응답 코드.txt,.txt,2526,911eef34ee48ef1462af728ac12eb6dc9e91f2bf52b8d92a8b33367b963a426b,2,학부 과제 및 프로젝트\전동기제어\전동기 프로젝트\속도응답 코드.txt,PUBLIC_USED,"Primary student-authored report, source, calculation, or visual evidence."
SRC-0474,전동기제어,전동기 프로젝트\속도응답.png,.png,22286,37997c252bb8774ed625fa362256c5712fd18c4b7b7f455c3b839221d1d91225,3,학부 과제 및 프로젝트\전동기제어\사진\속도응답.png,DUPLICATE,Exact SHA-256 duplicate of the canonical source record.
SRC-0475,전동기제어,전동기 프로젝트\속도응답matlab.png,.png,43384,de22f62939c6c83fbaabb03871765614b73a7efd05733fcf0aa64b827faaa035,3,학부 과제 및 프로젝트\전동기제어\사진\속도응답matlab.png,DUPLICATE,Exact SHA-256 duplicate of the canonical source record.
SRC-0476,전동기제어,전동기 프로젝트\전류응답 매트랩코드.txt,.txt,1597,50ef1547648b46dc830d2d87cec71eb1e67f4419cafb895fe6e0dba07f9c7dd9,2,학부 과제 및 프로젝트\전동기제어\전동기 프로젝트\전류응답 매트랩코드.txt,PUBLIC_USED,"Primary student-authored report, source, calculation, or visual evidence."
SRC-0477,전동기제어,전동기 프로젝트\전류응답 코드.txt,.txt,2553,4f6bb5d08c582e016018e609e891905dbd9e198b74a51eaff1908118671fdd1a,2,학부 과제 및 프로젝트\전동기제어\전동기 프로젝트\전류응답 코드.txt,PUBLIC_USED,"Primary student-authored report, source, calculation, or visual evidence."
SRC-0478,전동기제어,전동기 프로젝트\전류응답.png,.png,24195,7f53692b82f4dd518a034cf19047af9f53760c912d9b1f4c2c5b32fdea9b9327,3,학부 과제 및 프로젝트\전동기제어\사진\전류응답.png,DUPLICATE,Exact SHA-256 duplicate of the canonical source record.
SRC-0479,전동기제어,전동기 프로젝트\전류응답matlab.png,.png,43103,44379583071a26053af9a2fb276211277956c40ec82ad684cc273fa5171df92e,3,학부 과제 및 프로젝트\전동기제어\사진\전류응답matlab.png,DUPLICATE,Exact SHA-256 duplicate of the canonical source record.
SRC-0480,전동기제어,전동기 프로젝트\토크리플 10000.png,.png,44134,7bf4735131a72248e6cc0ab32d736b6fb4d5d7fff300b050b4d2e6e88871fcca,3,학부 과제 및 프로젝트\전동기제어\사진\토크리플 10000.png,DUPLICATE,Exact SHA-256 duplicate of the canonical source record.
SRC-0481,전동기제어,전동기 프로젝트\토크리플 25000.png,.png,41706,f474e2106b70726ad6181fb9f033d1df78317bcafb95259d19700bf4e216fc4d,3,학부 과제 및 프로젝트\전동기제어\사진\토크리플 25000.png,DUPLICATE,Exact SHA-256 duplicate of the canonical source record.
SRC-0482,전동기제어,전동기 프로젝트\프정격조건 속도 그래.png,.png,20641,6dc4f0b86f13b04a010cd3ad8fbfb34dcf38ca90740c894c2263cc82037a74e0,3,학부 과제 및 프로젝트\전동기제어\사진\프정격조건 속도 그래.png,DUPLICATE,Exact SHA-256 duplicate of the canonical source record.
SRC-0483,전동기제어,전동기 프로젝트\회로도.png,.png,18230,f3f295981cf2206f9e1202bc684a62e99f2c92d40e8c66e79882859252ed1554,3,학부 과제 및 프로젝트\전동기제어\사진\회로도.png,DUPLICATE,Exact SHA-256 duplicate of the canonical source record.
SRC-0484,전동기제어,전동기 프로젝트.zip,.zip,571360,cde1797b582daaabc3761b7838a6bedf48948f930c0dd3374aa2b78f1d81c4d4,1,학부 과제 및 프로젝트\전동기제어\전동기 프로젝트.zip,PUBLIC_REFERENCE_ONLY,Archive provenance retained; publish curated extracted sources only.
SRC-0485,전동기제어,전동기 프로젝트__extracted\aim3 결과.png,.png,21260,ca01ed4d8f65a4aa27407ae8d0f1f076ec644a8449335ef1a81869c662747de1,3,학부 과제 및 프로젝트\전동기제어\사진\aim3 결과.png,DUPLICATE,Exact SHA-256 duplicate of the canonical source record.
SRC-0486,전동기제어,전동기 프로젝트__extracted\dc모터 제어 코드.txt,.txt,3655,f2dfe5d300e2c60cefa6d08eb273bb2f31c1cef7912a8cd024ceebd0252adbc0,2,학부 과제 및 프로젝트\전동기제어\전동기 프로젝트\dc모터 제어 코드.txt,DUPLICATE,Exact SHA-256 duplicate of the canonical source record.
SRC-0487,전동기제어,전동기 프로젝트__extracted\dc모터 최종 코드.txt,.txt,3758,3776b9eb99e3f8cf05977d338046023cebf3eec52ef78398dd363e37626677d3,2,학부 과제 및 프로젝트\전동기제어\전동기 프로젝트\dc모터 최종 코드.txt,DUPLICATE,Exact SHA-256 duplicate of the canonical source record.
SRC-0488,전동기제어,전동기 프로젝트__extracted\Project2025.pdf,.pdf,429574,8de75d7d7f267427f7d734ec5b5b4dc169860a087d9c582f453d1fc12ad4a0f1,2,학부 과제 및 프로젝트\전동기제어\전동기 프로젝트\Project2025.pdf,DUPLICATE,Exact SHA-256 duplicate of the canonical source record.
SRC-0489,전동기제어,전동기 프로젝트__extracted\속도응답 매트랩코드.txt,.txt,2490,3b621ed539a48af134f58aed4ef610e42c717f35b499f3f6e078ec5155d1b055,2,학부 과제 및 프로젝트\전동기제어\전동기 프로젝트\속도응답 매트랩코드.txt,DUPLICATE,Exact SHA-256 duplicate of the canonical source record.
SRC-0490,전동기제어,전동기 프로젝트__extracted\속도응답 코드.txt,.txt,2526,911eef34ee48ef1462af728ac12eb6dc9e91f2bf52b8d92a8b33367b963a426b,2,학부 과제 및 프로젝트\전동기제어\전동기 프로젝트\속도응답 코드.txt,DUPLICATE,Exact SHA-256 duplicate of the canonical source record.
SRC-0491,전동기제어,전동기 프로젝트__extracted\속도응답.png,.png,22286,37997c252bb8774ed625fa362256c5712fd18c4b7b7f455c3b839221d1d91225,3,학부 과제 및 프로젝트\전동기제어\사진\속도응답.png,DUPLICATE,Exact SHA-256 duplicate of the canonical source record.
SRC-0492,전동기제어,전동기 프로젝트__extracted\속도응답matlab.png,.png,43384,de22f62939c6c83fbaabb03871765614b73a7efd05733fcf0aa64b827faaa035,3,학부 과제 및 프로젝트\전동기제어\사진\속도응답matlab.png,DUPLICATE,Exact SHA-256 duplicate of the canonical source record.
SRC-0493,전동기제어,전동기 프로젝트__extracted\전류응답 매트랩코드.txt,.txt,1597,50ef1547648b46dc830d2d87cec71eb1e67f4419cafb895fe6e0dba07f9c7dd9,2,학부 과제 및 프로젝트\전동기제어\전동기 프로젝트\전류응답 매트랩코드.txt,DUPLICATE,Exact SHA-256 duplicate of the canonical source record.
SRC-0494,전동기제어,전동기 프로젝트__extracted\전류응답 코드.txt,.txt,2553,4f6bb5d08c582e016018e609e891905dbd9e198b74a51eaff1908118671fdd1a,2,학부 과제 및 프로젝트\전동기제어\전동기 프로젝트\전류응답 코드.txt,DUPLICATE,Exact SHA-256 duplicate of the canonical source record.
SRC-0495,전동기제어,전동기 프로젝트__extracted\전류응답.png,.png,24195,7f53692b82f4dd518a034cf19047af9f53760c912d9b1f4c2c5b32fdea9b9327,3,학부 과제 및 프로젝트\전동기제어\사진\전류응답.png,DUPLICATE,Exact SHA-256 duplicate of the canonical source record.
SRC-0496,전동기제어,전동기 프로젝트__extracted\전류응답matlab.png,.png,43103,44379583071a26053af9a2fb276211277956c40ec82ad684cc273fa5171df92e,3,학부 과제 및 프로젝트\전동기제어\사진\전류응답matlab.png,DUPLICATE,Exact SHA-256 duplicate of the canonical source record.
SRC-0497,전동기제어,전동기 프로젝트__extracted\토크리플 10000.png,.png,44134,7bf4735131a72248e6cc0ab32d736b6fb4d5d7fff300b050b4d2e6e88871fcca,3,학부 과제 및 프로젝트\전동기제어\사진\토크리플 10000.png,DUPLICATE,Exact SHA-256 duplicate of the canonical source record.
SRC-0498,전동기제어,전동기 프로젝트__extracted\토크리플 25000.png,.png,41706,f474e2106b70726ad6181fb9f033d1df78317bcafb95259d19700bf4e216fc4d,3,학부 과제 및 프로젝트\전동기제어\사진\토크리플 25000.png,DUPLICATE,Exact SHA-256 duplicate of the canonical source record.
SRC-0499,전동기제어,전동기 프로젝트__extracted\프정격조건 속도 그래.png,.png,20641,6dc4f0b86f13b04a010cd3ad8fbfb34dcf38ca90740c894c2263cc82037a74e0,3,학부 과제 및 프로젝트\전동기제어\사진\프정격조건 속도 그래.png,DUPLICATE,Exact SHA-256 duplicate of the canonical source record.
SRC-0500,전동기제어,전동기 프로젝트__extracted\회로도.png,.png,18230,f3f295981cf2206f9e1202bc684a62e99f2c92d40e8c66e79882859252ed1554,3,학부 과제 및 프로젝트\전동기제어\사진\회로도.png,DUPLICATE,Exact SHA-256 duplicate of the canonical source record.
SRC-0501,전력시스템공학,사진\서지임피던스 계산 및 프로그램 실행_[STUDENT-ID]_[AUTHOR].hwpx,.hwpx,726312,eb320dd7eee125252cd46ffed7bf863aafaf69d6d77c212dffef26ba7838603c,2,학부 과제 및 프로젝트\전력시스템공학\사진\서지임피던스 계산 및 프로그램 실행_[STUDENT-ID]_[AUTHOR].hwpx,PUBLIC_USED,"Primary student-authored report, source, calculation, or visual evidence."
SRC-0502,전력시스템공학,사진\서지임피던스 계산 및 프로그램 실행_[STUDENT-ID]_[AUTHOR].pdf,.pdf,651727,1ca71b0f59d0ee5c6b0718a86c75a1f26d837daba2703eebf200c68de44251bf,4,학부 과제 및 프로젝트\전력시스템공학\사진\서지임피던스 계산 및 프로그램 실행_[STUDENT-ID]_[AUTHOR].pdf,PUBLIC_USED,"Primary student-authored report, source, calculation, or visual evidence."
SRC-0503,전력시스템공학,사진\전력시스템공학__서지임피던스 계산 및 프로그램 실행 보고서_32210488_김동혁.pdf,.pdf,923689,6d80cadd83f37b4725a68b578ccb8d8417f9cdb809f8f0c6d9f00da1493a7b08,2,학부 과제 및 프로젝트\전력시스템공학\사진\전력시스템공학__서지임피던스 계산 및 프로그램 실행 보고서_32210488_김동혁.pdf,THIRD_PARTY,"Lecture/tutorial/teammate/government reference; cite, do not republish."
SRC-0504,전력시스템공학,제11차 전력수급기본계획요약_전력시스템공학_1분반_[AUTHOR].pdf,.pdf,299315,e15458137fecc5580b88fc4b701e43463c7df5a32c6a1343582287bf1afcdaff,1,학부 과제 및 프로젝트\전력시스템공학\제11차 전력수급기본계획요약_전력시스템공학_1분반_[AUTHOR].pdf,THIRD_PARTY,"Lecture/tutorial/teammate/government reference; cite, do not republish."
SRC-0505,전력시스템공학,중간과제\[STUDENT-ID]_[AUTHOR]\B7flatlp.aux,.aux,22955,26bb4b9fc34cbc6b3e52deab06dfec29e251862b1f51c43bc40f5f83fbd7a023,2,학부 과제 및 프로젝트\전력시스템공학\중간과제\[STUDENT-ID]_[AUTHOR]\B7flatlp.aux,PUBLIC_REFERENCE_ONLY,Proprietary PowerWorld case retained for traceability; not directly web-publishable.
SRC-0506,전력시스템공학,중간과제\[STUDENT-ID]_[AUTHOR]\B7flatlp.pwb,.pwb,7670,2cdc363cad3b81b6228aa1eeaf979649a38f00b0081f5ed220f096cd0a06217d,2,학부 과제 및 프로젝트\전력시스템공학\중간과제\[STUDENT-ID]_[AUTHOR]\B7flatlp.pwb,PUBLIC_REFERENCE_ONLY,Proprietary PowerWorld case retained for traceability; not directly web-publishable.
SRC-0507,전력시스템공학,중간과제\[STUDENT-ID]_[AUTHOR]\sample1 test.PWB,.pwb,24373,30755bdbf0e71978950dee58d29dd33c2800258205ec859cc30a9de31722fe96,3,학부 과제 및 프로젝트\전력시스템공학\중간과제\sample1 test.PWB,DUPLICATE,Exact SHA-256 duplicate of the canonical source record.
SRC-0508,전력시스템공학,중간과제\[STUDENT-ID]_[AUTHOR]\sample1 test.pwd,.pwd,8094,50ebbac325364ec17b7a6cde6c5e2469d57439920cb6ccf7501f4e733eb0505e,3,학부 과제 및 프로젝트\전력시스템공학\중간과제\sample1 test.pwd,DUPLICATE,Exact SHA-256 duplicate of the canonical source record.
SRC-0509,전력시스템공학,중간과제\[STUDENT-ID]_[AUTHOR]\과제 문제.PWB,.pwb,23882,6a70cdcb068210f92e22b002125db1eec309e97d8ed5e7146dc5a594036b934e,3,학부 과제 및 프로젝트\전력시스템공학\중간과제\과제 문제.PWB,DUPLICATE,Exact SHA-256 duplicate of the canonical source record.
SRC-0510,전력시스템공학,중간과제\[STUDENT-ID]_[AUTHOR]\과제 문제.pwd,.pwd,6419,d371a8ddc810575541a461b90e77b2ee72c4df6b61eb8863a0d3db64f4637478,3,학부 과제 및 프로젝트\전력시스템공학\중간과제\과제 문제.pwd,DUPLICATE,Exact SHA-256 duplicate of the canonical source record.
SRC-0511,전력시스템공학,중간과제\[STUDENT-ID]_[AUTHOR]\서지임피던스 계산 및 프로그램 실행_[STUDENT-ID]_[AUTHOR].pdf,.pdf,651727,1ca71b0f59d0ee5c6b0718a86c75a1f26d837daba2703eebf200c68de44251bf,4,학부 과제 및 프로젝트\전력시스템공학\사진\서지임피던스 계산 및 프로그램 실행_[STUDENT-ID]_[AUTHOR].pdf,DUPLICATE,Exact SHA-256 duplicate of the canonical source record.
SRC-0512,전력시스템공학,중간과제\[STUDENT-ID]_[AUTHOR].zip,.zip,587193,eab8595db1c5e4d03b6122e7aeb5c09e4512603aa69a3a7ed11917ccfe88c4d1,1,학부 과제 및 프로젝트\전력시스템공학\중간과제\[STUDENT-ID]_[AUTHOR].zip,PUBLIC_REFERENCE_ONLY,Archive provenance retained; publish curated extracted sources only.
SRC-0513,전력시스템공학,중간과제\[STUDENT-ID]_[AUTHOR]__extracted\B7flatlp.aux,.aux,22955,26bb4b9fc34cbc6b3e52deab06dfec29e251862b1f51c43bc40f5f83fbd7a023,2,학부 과제 및 프로젝트\전력시스템공학\중간과제\[STUDENT-ID]_[AUTHOR]\B7flatlp.aux,DUPLICATE,Exact SHA-256 duplicate of the canonical source record.
SRC-0514,전력시스템공학,중간과제\[STUDENT-ID]_[AUTHOR]__extracted\B7flatlp.pwb,.pwb,7670,2cdc363cad3b81b6228aa1eeaf979649a38f00b0081f5ed220f096cd0a06217d,2,학부 과제 및 프로젝트\전력시스템공학\중간과제\[STUDENT-ID]_[AUTHOR]\B7flatlp.pwb,DUPLICATE,Exact SHA-256 duplicate of the canonical source record.
SRC-0515,전력시스템공학,중간과제\[STUDENT-ID]_[AUTHOR]__extracted\sample1 test.PWB,.pwb,24373,30755bdbf0e71978950dee58d29dd33c2800258205ec859cc30a9de31722fe96,3,학부 과제 및 프로젝트\전력시스템공학\중간과제\sample1 test.PWB,DUPLICATE,Exact SHA-256 duplicate of the canonical source record.
SRC-0516,전력시스템공학,중간과제\[STUDENT-ID]_[AUTHOR]__extracted\sample1 test.pwd,.pwd,8094,50ebbac325364ec17b7a6cde6c5e2469d57439920cb6ccf7501f4e733eb0505e,3,학부 과제 및 프로젝트\전력시스템공학\중간과제\sample1 test.pwd,DUPLICATE,Exact SHA-256 duplicate of the canonical source record.
SRC-0517,전력시스템공학,중간과제\[STUDENT-ID]_[AUTHOR]__extracted\과제 문제.PWB,.pwb,23882,6a70cdcb068210f92e22b002125db1eec309e97d8ed5e7146dc5a594036b934e,3,학부 과제 및 프로젝트\전력시스템공학\중간과제\과제 문제.PWB,DUPLICATE,Exact SHA-256 duplicate of the canonical source record.
SRC-0518,전력시스템공학,중간과제\[STUDENT-ID]_[AUTHOR]__extracted\과제 문제.pwd,.pwd,6419,d371a8ddc810575541a461b90e77b2ee72c4df6b61eb8863a0d3db64f4637478,3,학부 과제 및 프로젝트\전력시스템공학\중간과제\과제 문제.pwd,DUPLICATE,Exact SHA-256 duplicate of the canonical source record.
SRC-0519,전력시스템공학,중간과제\[STUDENT-ID]_[AUTHOR]__extracted\서지임피던스 계산 및 프로그램 실행_[STUDENT-ID]_[AUTHOR].pdf,.pdf,651727,1ca71b0f59d0ee5c6b0718a86c75a1f26d837daba2703eebf200c68de44251bf,4,학부 과제 및 프로젝트\전력시스템공학\사진\서지임피던스 계산 및 프로그램 실행_[STUDENT-ID]_[AUTHOR].pdf,DUPLICATE,Exact SHA-256 duplicate of the canonical source record.
SRC-0520,전력시스템공학,중간과제\7과제6.png,.png,44143,19a3f86ec91edcfe1b1bfdf65ef0f3321893a7c9eb6edc5feca605c6b9dd6726,1,학부 과제 및 프로젝트\전력시스템공학\중간과제\7과제6.png,PUBLIC_USED,"Primary student-authored report, source, calculation, or visual evidence."
SRC-0521,전력시스템공학,중간과제\newcase.pwb,.pwb,24431,9c75d4e6f1ce8b08411a838a432be3eacdce317f740b8275c06bbc26d7571dfc,1,학부 과제 및 프로젝트\전력시스템공학\중간과제\newcase.pwb,PUBLIC_REFERENCE_ONLY,Proprietary PowerWorld case retained for traceability; not directly web-publishable.
SRC-0522,전력시스템공학,중간과제\newcase.pwd,.pwd,6181,6f8f474e2775e497dcb33260c3302db4ea75cc718ca1ccbcd6ebff98f5b1d8a4,1,학부 과제 및 프로젝트\전력시스템공학\중간과제\newcase.pwd,PUBLIC_REFERENCE_ONLY,Proprietary PowerWorld case retained for traceability; not directly web-publishable.
SRC-0523,전력시스템공학,중간과제\newsample1.png,.png,28443,1e994703c1e72a538f344401b39d67cb9e43de3641024e33ab5a3e5575a5386e,1,학부 과제 및 프로젝트\전력시스템공학\중간과제\newsample1.png,PUBLIC_USED,"Primary student-authored report, source, calculation, or visual evidence."
SRC-0524,전력시스템공학,중간과제\newsample2.png,.png,28223,cac1beaa5f0fa707e03ea308100450f3feeb3b801beb2bf9013a7fd101d0c7ed,1,학부 과제 및 프로젝트\전력시스템공학\중간과제\newsample2.png,PUBLIC_USED,"Primary student-authored report, source, calculation, or visual evidence."
SRC-0525,전력시스템공학,중간과제\sample.png,.png,33213,86611360e139db89c7676395e3aeaf71697989a6fcfccad1da5b4b0f1aa416e5,1,학부 과제 및 프로젝트\전력시스템공학\중간과제\sample.png,PUBLIC_USED,"Primary student-authored report, source, calculation, or visual evidence."
SRC-0526,전력시스템공학,중간과제\sample1 test.PWB,.pwb,24373,30755bdbf0e71978950dee58d29dd33c2800258205ec859cc30a9de31722fe96,3,학부 과제 및 프로젝트\전력시스템공학\중간과제\sample1 test.PWB,PUBLIC_REFERENCE_ONLY,Proprietary PowerWorld case retained for traceability; not directly web-publishable.
SRC-0527,전력시스템공학,중간과제\sample1 test.pwd,.pwd,8094,50ebbac325364ec17b7a6cde6c5e2469d57439920cb6ccf7501f4e733eb0505e,3,학부 과제 및 프로젝트\전력시스템공학\중간과제\sample1 test.pwd,PUBLIC_REFERENCE_ONLY,Proprietary PowerWorld case retained for traceability; not directly web-publishable.
SRC-0528,전력시스템공학,중간과제\sample1.png,.png,33423,779f13c7217bbc8504cae7d959c9a1d8aee02ede6defa6827e3626872612941f,1,학부 과제 및 프로젝트\전력시스템공학\중간과제\sample1.png,PUBLIC_USED,"Primary student-authored report, source, calculation, or visual evidence."
SRC-0529,전력시스템공학,중간과제\sample2.png,.png,33308,68892e42004e902f6586e42bf6a2dc0b2eb7cdd8fb3cd110523a6f3579810975,1,학부 과제 및 프로젝트\전력시스템공학\중간과제\sample2.png,PUBLIC_USED,"Primary student-authored report, source, calculation, or visual evidence."
SRC-0530,전력시스템공학,중간과제\sample3.png,.png,36027,61d3639b4bed5890a06266ba0011c4587c020153d2ed3eb1fadabd01398eb51e,1,학부 과제 및 프로젝트\전력시스템공학\중간과제\sample3.png,PUBLIC_USED,"Primary student-authored report, source, calculation, or visual evidence."
SRC-0531,전력시스템공학,중간과제\sample4.png,.png,39037,6867edc9efa32ec3a80cd43622292c6ea6f9b0aec18a9b9801136e7f3d13f98d,1,학부 과제 및 프로젝트\전력시스템공학\중간과제\sample4.png,PUBLIC_USED,"Primary student-authored report, source, calculation, or visual evidence."
SRC-0532,전력시스템공학,중간과제\sample5.png,.png,36495,1401dc8ba49a618030ddad070eab62c05214e58c3160fead0746a98944c5e3c8,1,학부 과제 및 프로젝트\전력시스템공학\중간과제\sample5.png,PUBLIC_USED,"Primary student-authored report, source, calculation, or visual evidence."
SRC-0533,전력시스템공학,중간과제\과제 2400 강하.png,.png,22072,499d5bf29bf82717b66732b13b11ba5153cdf8b2f9e1b598ff2b2579b38096e2,1,학부 과제 및 프로젝트\전력시스템공학\중간과제\과제 2400 강하.png,PUBLIC_USED,"Primary student-authored report, source, calculation, or visual evidence."
SRC-0534,전력시스템공학,중간과제\과제 문제.PWB,.pwb,23882,6a70cdcb068210f92e22b002125db1eec309e97d8ed5e7146dc5a594036b934e,3,학부 과제 및 프로젝트\전력시스템공학\중간과제\과제 문제.PWB,PUBLIC_REFERENCE_ONLY,Proprietary PowerWorld case retained for traceability; not directly web-publishable.
SRC-0535,전력시스템공학,중간과제\과제 문제.pwd,.pwd,6419,d371a8ddc810575541a461b90e77b2ee72c4df6b61eb8863a0d3db64f4637478,3,학부 과제 및 프로젝트\전력시스템공학\중간과제\과제 문제.pwd,PUBLIC_REFERENCE_ONLY,Proprietary PowerWorld case retained for traceability; not directly web-publishable.
SRC-0536,전력시스템공학,중간과제\과제.PWB,.pwb,23185,82b5c5e6a194e74c6dfdf20d592841d75763d8e842ebf342abf1cbaaa8a54086,1,학부 과제 및 프로젝트\전력시스템공학\중간과제\과제.PWB,PUBLIC_REFERENCE_ONLY,Proprietary PowerWorld case retained for traceability; not directly web-publishable.
SRC-0537,전력시스템공학,중간과제\과제.pwd,.pwd,5827,b2dad26fca78fa0cd8ee4f002cdd4fd959b345658499a33cdae6bba29bc41b52,1,학부 과제 및 프로젝트\전력시스템공학\중간과제\과제.pwd,PUBLIC_REFERENCE_ONLY,Proprietary PowerWorld case retained for traceability; not directly web-publishable.
SRC-0538,전력시스템공학,중간과제\과제1.png,.png,42969,458b39e1089e76f6a45fb708c4d0509ad6edc9c2c1d81e144a7519d8866fd4eb,1,학부 과제 및 프로젝트\전력시스템공학\중간과제\과제1.png,PUBLIC_USED,"Primary student-authored report, source, calculation, or visual evidence."
SRC-0539,전력시스템공학,중간과제\과제2.png,.png,53549,4f0a11bae0ae6b0148c22f8da65f87ad86cef8a33411e923ee6147215c85bedb,1,학부 과제 및 프로젝트\전력시스템공학\중간과제\과제2.png,PUBLIC_USED,"Primary student-authored report, source, calculation, or visual evidence."
SRC-0540,전력시스템공학,중간과제\과제3.png,.png,52618,9bbfd6aea7be4255eba3fe55b628968b7b4113adbacd30a6e400a11e8d954ab4,1,학부 과제 및 프로젝트\전력시스템공학\중간과제\과제3.png,PUBLIC_USED,"Primary student-authored report, source, calculation, or visual evidence."
SRC-0541,전력시스템공학,중간과제\과제4.png,.png,53761,474e5e073f76c2cea6f385ffdfed8a8930b55d274cc3db537e842042957196cb,1,학부 과제 및 프로젝트\전력시스템공학\중간과제\과제4.png,PUBLIC_USED,"Primary student-authored report, source, calculation, or visual evidence."
SRC-0542,전력시스템공학,중간과제\과제5.png,.png,77927,41abbe6d00246d4aa2c5f9176825c3d33bc5d06db27ea27fccfa3a0c406c3c53,1,학부 과제 및 프로젝트\전력시스템공학\중간과제\과제5.png,PUBLIC_USED,"Primary student-authored report, source, calculation, or visual evidence."
SRC-0543,전력시스템공학,중간과제\과제6.png,.png,44881,3b211cf9029b3ed3ae189d4ba591498fee94020c8a56631dd6b04f2d6e63a84f,1,학부 과제 및 프로젝트\전력시스템공학\중간과제\과제6.png,PUBLIC_USED,"Primary student-authored report, source, calculation, or visual evidence."
SRC-0544,전력시스템공학,중간과제\과제7.png,.png,44543,ebc17630a63827e43e5f71e0f75e85d94df549d1040d7ec96426003ec906878f,1,학부 과제 및 프로젝트\전력시스템공학\중간과제\과제7.png,PUBLIC_USED,"Primary student-authored report, source, calculation, or visual evidence."
SRC-0545,전력시스템공학,중간과제\서지임피던스 계산 및 프로그램 실행_[STUDENT-ID]_[AUTHOR].hwpx,.hwpx,726312,eb320dd7eee125252cd46ffed7bf863aafaf69d6d77c212dffef26ba7838603c,2,학부 과제 및 프로젝트\전력시스템공학\사진\서지임피던스 계산 및 프로그램 실행_[STUDENT-ID]_[AUTHOR].hwpx,DUPLICATE,Exact SHA-256 duplicate of the canonical source record.
SRC-0546,전력시스템공학,중간과제\서지임피던스 계산 및 프로그램 실행_[STUDENT-ID]_[AUTHOR].pdf,.pdf,651727,1ca71b0f59d0ee5c6b0718a86c75a1f26d837daba2703eebf200c68de44251bf,4,학부 과제 및 프로젝트\전력시스템공학\사진\서지임피던스 계산 및 프로그램 실행_[STUDENT-ID]_[AUTHOR].pdf,DUPLICATE,Exact SHA-256 duplicate of the canonical source record.
SRC-0547,전력시스템공학,중간과제\전력시스템공학__서지임피던스 계산 및 프로그램 실행 보고서_32210488_김동혁.pdf,.pdf,923689,6d80cadd83f37b4725a68b578ccb8d8417f9cdb809f8f0c6d9f00da1493a7b08,2,학부 과제 및 프로젝트\전력시스템공학\사진\전력시스템공학__서지임피던스 계산 및 프로그램 실행 보고서_32210488_김동혁.pdf,DUPLICATE,Exact SHA-256 duplicate of the canonical source record.
SRC-0548,전력시스템공학,중간과제\화면 캡처 2025-06-22 183946.png,.png,50589,1ae773e084702fe3191cb933191601720325625f7e4030b26438d2514914bfe3,1,학부 과제 및 프로젝트\전력시스템공학\중간과제\화면 캡처 2025-06-22 183946.png,PUBLIC_USED,"Primary student-authored report, source, calculation, or visual evidence."
SRC-0549,전력시스템공학,중간과제\화면 캡처 2025-06-22 190327.png,.png,45100,cce9276740fcf5dfbe43bb1aa2fbc6a91b8f61b88773246bc6786c6098f7ed74,1,학부 과제 및 프로젝트\전력시스템공학\중간과제\화면 캡처 2025-06-22 190327.png,PUBLIC_USED,"Primary student-authored report, source, calculation, or visual evidence."
SRC-0550,컨트롤로직설계,04. Introduction to VHDL.pdf,.pdf,1082974,bd38e838a070ae8c78212460d44d9df6ec36385d40be60edbc2366a4bf3de642,1,학부 과제 및 프로젝트\컨트롤로직설계\04. Introduction to VHDL.pdf,THIRD_PARTY,"Lecture/tutorial/teammate/government reference; cite, do not republish."
SRC-0551,컨트롤로직설계,06. VHDL Modeling.pdf,.pdf,951000,7069ed6a33fbd2fea15a8321548385de2ebde49e391b66dd1f3f1bdf7a23acfd,1,학부 과제 및 프로젝트\컨트롤로직설계\06. VHDL Modeling.pdf,THIRD_PARTY,"Lecture/tutorial/teammate/government reference; cite, do not republish."
SRC-0552,컨트롤로직설계,07. 4-bit Full Adder.pdf,.pdf,495602,0231b378a0986ff293306486941a855ee2fa13567efabf22bb23325bc6f02b6e,1,학부 과제 및 프로젝트\컨트롤로직설계\07. 4-bit Full Adder.pdf,THIRD_PARTY,"Lecture/tutorial/teammate/government reference; cite, do not republish."
SRC-0553,컨트롤로직설계,08. DEC and MUX.pdf,.pdf,380038,8c66d25e801669f1355c2f788f0b3edf87282ee675170ffb065c300982a1c454,1,학부 과제 및 프로젝트\컨트롤로직설계\08. DEC and MUX.pdf,THIRD_PARTY,"Lecture/tutorial/teammate/government reference; cite, do not republish."
SRC-0554,컨트롤로직설계,09 Finite State MachineFSM_241121_133442.pdf,.pdf,907680,27568ec32fd7d7954bbe2182f0626634e95902e98adc8f4a14fc4b506ab2bdca,1,학부 과제 및 프로젝트\컨트롤로직설계\09 Finite State MachineFSM_241121_133442.pdf,THIRD_PARTY,"Lecture/tutorial/teammate/government reference; cite, do not republish."
SRC-0555,컨트롤로직설계,10. Universal Shift Register.pdf,.pdf,352340,79110bffbaa87274e0fb226372e9d17dbcca1a916e8e59f7592ebf9af40e2a21,1,학부 과제 및 프로젝트\컨트롤로직설계\10. Universal Shift Register.pdf,THIRD_PARTY,"Lecture/tutorial/teammate/government reference; cite, do not republish."
SRC-0556,컨트롤로직설계,101 Sequence Recognizer_[STUDENT-ID]_[AUTHOR].zip,.zip,59941,9228bd67c307fb2cd019b58a0476a0db1964006ba98c6456caf6e984eaf7c0ac,1,학부 과제 및 프로젝트\컨트롤로직설계\101 Sequence Recognizer_[STUDENT-ID]_[AUTHOR].zip,PUBLIC_REFERENCE_ONLY,Archive provenance retained; publish curated extracted sources only.
SRC-0557,컨트롤로직설계,101 Sequence Recognizer_[STUDENT-ID]_[AUTHOR]__extracted\mealy_[STUDENT-ID]_[AUTHOR]\mealy.cache\sim\ssm.db,.db,538,fc913b6bffc3e15c5399bd1637427b3af8d41a62e59db7e9d5c7b76dc6a9d007,2,학부 과제 및 프로젝트\컨트롤로직설계\mealy_[STUDENT-ID]_[AUTHOR]__extracted\mealy_[STUDENT-ID]_[AUTHOR]\mealy.cache\sim\ssm.db,DUPLICATE,Exact SHA-256 duplicate of the canonical source record.
SRC-0558,컨트롤로직설계,101 Sequence Recognizer_[STUDENT-ID]_[AUTHOR]__extracted\mealy_[STUDENT-ID]_[AUTHOR]\mealy.cache\wt\project.wpc,.wpc,61,868826f37ffb4c6f5b92e253c7d473f0effa236e823a5923a3691677b870cadb,2,학부 과제 및 프로젝트\컨트롤로직설계\mealy_[STUDENT-ID]_[AUTHOR]__extracted\mealy_[STUDENT-ID]_[AUTHOR]\mealy.cache\wt\project.wpc,DUPLICATE,Exact SHA-256 duplicate of the canonical source record.
SRC-0559,컨트롤로직설계,101 Sequence Recognizer_[STUDENT-ID]_[AUTHOR]__extracted\mealy_[STUDENT-ID]_[AUTHOR]\mealy.cache\wt\xsim.wdf,.wdf,239,b986f962cc352b71cac258678a0d4733322cc86dcac7a75a58cfc03cc7fbac68,3,학부 과제 및 프로젝트\컨트롤로직설계\FSM__extracted\FSM\FSM.cache\wt\xsim.wdf,DUPLICATE,Exact SHA-256 duplicate of the canonical source record.
SRC-0560,컨트롤로직설계,101 Sequence Recognizer_[STUDENT-ID]_[AUTHOR]__extracted\mealy_[STUDENT-ID]_[AUTHOR]\mealy.hw\mealy.lpr,.lpr,425,956ac2b2222073e9f7a75d89a32126f47576bd26f6cf1538d09866305512d6ce,6,학부 과제 및 프로젝트\컨트롤로직설계\FSM__extracted\FSM\FSM.hw\FSM.lpr,DUPLICATE,Exact SHA-256 duplicate of the canonical source record.
SRC-0561,컨트롤로직설계,101 Sequence Recognizer_[STUDENT-ID]_[AUTHOR]__extracted\mealy_[STUDENT-ID]_[AUTHOR]\mealy.ip_user_files\README.txt,.txt,130,fe9e48b0b3fcff2e6267f4bc6bdef859fa1201c41ac49c473b9e414120b0a8c4,6,학부 과제 및 프로젝트\컨트롤로직설계\FSM__extracted\FSM\FSM.ip_user_files\README.txt,DUPLICATE,Exact SHA-256 duplicate of the canonical source record.
SRC-0562,컨트롤로직설계,101 Sequence Recognizer_[STUDENT-ID]_[AUTHOR]__extracted\mealy_[STUDENT-ID]_[AUTHOR]\mealy.sim\sim_1\behav\xsim\compile.bat,.bat,939,17176de307ffd321146be4c804b88dc01ca0aaadb367af34f92dedc54c31e773,2,학부 과제 및 프로젝트\컨트롤로직설계\mealy_[STUDENT-ID]_[AUTHOR]__extracted\mealy_[STUDENT-ID]_[AUTHOR]\mealy.sim\sim_1\behav\xsim\compile.bat,DUPLICATE,Exact SHA-256 duplicate of the canonical source record.
SRC-0563,컨트롤로직설계,101 Sequence Recognizer_[STUDENT-ID]_[AUTHOR]__extracted\mealy_[STUDENT-ID]_[AUTHOR]\mealy.sim\sim_1\behav\xsim\elaborate.bat,.bat,1067,6a61faf53646b2a1ee3d00d22fb9d810d49e632bf1b0348e06e5ac659e9f710b,2,학부 과제 및 프로젝트\컨트롤로직설계\mealy_[STUDENT-ID]_[AUTHOR]__extracted\mealy_[STUDENT-ID]_[AUTHOR]\mealy.sim\sim_1\behav\xsim\elaborate.bat,DUPLICATE,Exact SHA-256 duplicate of the canonical source record.
SRC-0564,컨트롤로직설계,101 Sequence Recognizer_[STUDENT-ID]_[AUTHOR]__extracted\mealy_[STUDENT-ID]_[AUTHOR]\mealy.sim\sim_1\behav\xsim\elaborate.log,.log,531,10e1fbb839723da186802f6608e6d8ff61c58f84b2d37cfef83b5eb207090758,2,학부 과제 및 프로젝트\컨트롤로직설계\mealy_[STUDENT-ID]_[AUTHOR]__extracted\mealy_[STUDENT-ID]_[AUTHOR]\mealy.sim\sim_1\behav\xsim\elaborate.log,DUPLICATE,Exact SHA-256 duplicate of the canonical source record.
SRC-0565,컨트롤로직설계,101 Sequence Recognizer_[STUDENT-ID]_[AUTHOR]__extracted\mealy_[STUDENT-ID]_[AUTHOR]\mealy.sim\sim_1\behav\xsim\mealy_tb.tcl,.tcl,460,0e126fcc5f0a42aba5569cac225a2879a0382620ef02a41ff913a248e84ec864,9,학부 과제 및 프로젝트\컨트롤로직설계\FSM__extracted\FSM\FSM.sim\sim_1\behav\xsim\mealy_tb.tcl,DUPLICATE,Exact SHA-256 duplicate of the canonical source record.
SRC-0566,컨트롤로직설계,101 Sequence Recognizer_[STUDENT-ID]_[AUTHOR]__extracted\mealy_[STUDENT-ID]_[AUTHOR]\mealy.sim\sim_1\behav\xsim\mealy_tb_behav.wdb,.wdb,8859,a95d58da6355ac1b8a41fede3b18f8057490517b8fcd56fb7ad49826d2cd1139,2,학부 과제 및 프로젝트\컨트롤로직설계\mealy_[STUDENT-ID]_[AUTHOR]__extracted\mealy_[STUDENT-ID]_[AUTHOR]\mealy.sim\sim_1\behav\xsim\mealy_tb_behav.wdb,DUPLICATE,Exact SHA-256 duplicate of the canonical source record.
SRC-0567,컨트롤로직설계,101 Sequence Recognizer_[STUDENT-ID]_[AUTHOR]__extracted\mealy_[STUDENT-ID]_[AUTHOR]\mealy.sim\sim_1\behav\xsim\mealy_tb_vhdl.prj,.prj,202,4ce43d247aa5885feb217e0849376c1530b19d1483cff18e4af0227e81ad64de,2,학부 과제 및 프로젝트\컨트롤로직설계\mealy_[STUDENT-ID]_[AUTHOR]__extracted\mealy_[STUDENT-ID]_[AUTHOR]\mealy.sim\sim_1\behav\xsim\mealy_tb_vhdl.prj,DUPLICATE,Exact SHA-256 duplicate of the canonical source record.
SRC-0568,컨트롤로직설계,101 Sequence Recognizer_[STUDENT-ID]_[AUTHOR]__extracted\mealy_[STUDENT-ID]_[AUTHOR]\mealy.sim\sim_1\behav\xsim\simulate.bat,.bat,1005,3989b8fb143692a6803cf75f727cb6e3d2902eace942a208d86440568b1e5f3f,2,학부 과제 및 프로젝트\컨트롤로직설계\mealy_[STUDENT-ID]_[AUTHOR]__extracted\mealy_[STUDENT-ID]_[AUTHOR]\mealy.sim\sim_1\behav\xsim\simulate.bat,DUPLICATE,Exact SHA-256 duplicate of the canonical source record.
SRC-0569,컨트롤로직설계,101 Sequence Recognizer_[STUDENT-ID]_[AUTHOR]__extracted\mealy_[STUDENT-ID]_[AUTHOR]\mealy.sim\sim_1\behav\xsim\simulate.log,.log,25,c3010a11fe802ab44438e8118ebc44fcdf776f650837cfcd429ef0d2dd4f6de0,6,학부 과제 및 프로젝트\컨트롤로직설계\FSM__extracted\FSM\FSM.sim\sim_1\behav\xsim\simulate.log,DUPLICATE,Exact SHA-256 duplicate of the canonical source record.
SRC-0570,컨트롤로직설계,101 Sequence Recognizer_[STUDENT-ID]_[AUTHOR]__extracted\mealy_[STUDENT-ID]_[AUTHOR]\mealy.sim\sim_1\behav\xsim\xelab.pb,.pb,838,435e2f49b5a7466a095090614a7f7a65bdae38fb4c89c537fc08f95970b0fbc1,2,학부 과제 및 프로젝트\컨트롤로직설계\mealy_[STUDENT-ID]_[AUTHOR]__extracted\mealy_[STUDENT-ID]_[AUTHOR]\mealy.sim\sim_1\behav\xsim\xelab.pb,DUPLICATE,Exact SHA-256 duplicate of the canonical source record.
SRC-0571,컨트롤로직설계,101 Sequence Recognizer_[STUDENT-ID]_[AUTHOR]__extracted\mealy_[STUDENT-ID]_[AUTHOR]\mealy.sim\sim_1\behav\xsim\xsim.dir\mealy_tb_behav\Compile_Options.txt,.txt,153,ae79223988ae80cbd37e4b0902a580a661cd85541ac92d744c9852f0b14b2bd6,3,학부 과제 및 프로젝트\컨트롤로직설계\FSM__extracted\FSM\FSM.sim\sim_1\behav\xsim\xsim.dir\mealy_tb_behav\Compile_Options.txt,DUPLICATE,Exact SHA-256 duplicate of the canonical source record.
SRC-0572,컨트롤로직설계,101 Sequence Recognizer_[STUDENT-ID]_[AUTHOR]__extracted\mealy_[STUDENT-ID]_[AUTHOR]\mealy.sim\sim_1\behav\xsim\xsim.dir\mealy_tb_behav\obj\xsim_0.win64.obj,.obj,4734,5025d18cd4f9a91ba6d23a907ea51c7fccb214923a3f539e2278e9aa0c697303,2,학부 과제 및 프로젝트\컨트롤로직설계\mealy_[STUDENT-ID]_[AUTHOR]__extracted\mealy_[STUDENT-ID]_[AUTHOR]\mealy.sim\sim_1\behav\xsim\xsim.dir\mealy_tb_behav\obj\xsim_0.win64.obj,DUPLICATE,Exact SHA-256 duplicate of the canonical source record.
SRC-0573,컨트롤로직설계,101 Sequence Recognizer_[STUDENT-ID]_[AUTHOR]__extracted\mealy_[STUDENT-ID]_[AUTHOR]\mealy.sim\sim_1\behav\xsim\xsim.dir\mealy_tb_behav\obj\xsim_1.c,.c,4601,da2e7451a9d09502ccc4f7bbeae5cd5af8753f67efbbe843d074ed872afa1006,3,학부 과제 및 프로젝트\컨트롤로직설계\FSM__extracted\FSM\FSM.sim\sim_1\behav\xsim\xsim.dir\mealy_tb_behav\obj\xsim_1.c,DUPLICATE,Exact SHA-256 duplicate of the canonical source record.
SRC-0574,컨트롤로직설계,101 Sequence Recognizer_[STUDENT-ID]_[AUTHOR]__extracted\mealy_[STUDENT-ID]_[AUTHOR]\mealy.sim\sim_1\behav\xsim\xsim.dir\mealy_tb_behav\obj\xsim_1.win64.obj,.obj,2733,6b2fcdf39e1fd9ec218cb6b2569f2c4d6e0ba926cf06fbc746b86e3d738cef33,3,학부 과제 및 프로젝트\컨트롤로직설계\FSM__extracted\FSM\FSM.sim\sim_1\behav\xsim\xsim.dir\mealy_tb_behav\obj\xsim_1.win64.obj,DUPLICATE,Exact SHA-256 duplicate of the canonical source record.
SRC-0575,컨트롤로직설계,101 Sequence Recognizer_[STUDENT-ID]_[AUTHOR]__extracted\mealy_[STUDENT-ID]_[AUTHOR]\mealy.sim\sim_1\behav\xsim\xsim.dir\mealy_tb_behav\TempBreakPointFile.txt,.txt,29,89bd34ab9b7056058ec7acc5470f6ec95f1ef47b9aeb329d53e24d38b9607451,9,학부 과제 및 프로젝트\컨트롤로직설계\FSM__extracted\FSM\FSM.sim\sim_1\behav\xsim\xsim.dir\mealy_tb_behav\TempBreakPointFile.txt,DUPLICATE,Exact SHA-256 duplicate of the canonical source record.
SRC-0576,컨트롤로직설계,101 Sequence Recognizer_[STUDENT-ID]_[AUTHOR]__extracted\mealy_[STUDENT-ID]_[AUTHOR]\mealy.sim\sim_1\behav\xsim\xsim.dir\mealy_tb_behav\xsim.dbg,.dbg,3128,b74e313ae399da95ba06789a0626063d8aaa66e87a42ff3e8bec58024ed4a832,2,학부 과제 및 프로젝트\컨트롤로직설계\mealy_[STUDENT-ID]_[AUTHOR]__extracted\mealy_[STUDENT-ID]_[AUTHOR]\mealy.sim\sim_1\behav\xsim\xsim.dir\mealy_tb_behav\xsim.dbg,DUPLICATE,Exact SHA-256 duplicate of the canonical source record.
SRC-0577,컨트롤로직설계,101 Sequence Recognizer_[STUDENT-ID]_[AUTHOR]__extracted\mealy_[STUDENT-ID]_[AUTHOR]\mealy.sim\sim_1\behav\xsim\xsim.dir\mealy_tb_behav\xsim.mem,.mem,2504,fb313cc5e71013fe5f16389058da5dedfe1eb61bdbcb26053cd0f91e2931d377,2,학부 과제 및 프로젝트\컨트롤로직설계\mealy_[STUDENT-ID]_[AUTHOR]__extracted\mealy_[STUDENT-ID]_[AUTHOR]\mealy.sim\sim_1\behav\xsim\xsim.dir\mealy_tb_behav\xsim.mem,DUPLICATE,Exact SHA-256 duplicate of the canonical source record.
SRC-0578,컨트롤로직설계,101 Sequence Recognizer_[STUDENT-ID]_[AUTHOR]__extracted\mealy_[STUDENT-ID]_[AUTHOR]\mealy.sim\sim_1\behav\xsim\xsim.dir\mealy_tb_behav\xsim.reloc,.reloc,288,df5bcbe498b4e0eea0adaa1e9d0817f5210d3d740231ff10b50f0e968e1633e7,3,학부 과제 및 프로젝트\컨트롤로직설계\FSM__extracted\FSM\FSM.sim\sim_1\behav\xsim\xsim.dir\mealy_tb_behav\xsim.reloc,DUPLICATE,Exact SHA-256 duplicate of the canonical source record.
SRC-0579,컨트롤로직설계,101 Sequence Recognizer_[STUDENT-ID]_[AUTHOR]__extracted\mealy_[STUDENT-ID]_[AUTHOR]\mealy.sim\sim_1\behav\xsim\xsim.dir\mealy_tb_behav\xsim.rlx,.rlx,691,433f3b84dddc9d8adf4cebcc5c5e55fb8fa4b086eacc6141716fc079e54a0123,2,학부 과제 및 프로젝트\컨트롤로직설계\mealy_[STUDENT-ID]_[AUTHOR]__extracted\mealy_[STUDENT-ID]_[AUTHOR]\mealy.sim\sim_1\behav\xsim\xsim.dir\mealy_tb_behav\xsim.rlx,DUPLICATE,Exact SHA-256 duplicate of the canonical source record.
SRC-0580,컨트롤로직설계,101 Sequence Recognizer_[STUDENT-ID]_[AUTHOR]__extracted\mealy_[STUDENT-ID]_[AUTHOR]\mealy.sim\sim_1\behav\xsim\xsim.dir\mealy_tb_behav\xsim.rtti,.rtti,299,4e33c153410159dcc37f58e043f5caeb631cdb548dea000240b850787d0ddc63,2,학부 과제 및 프로젝트\컨트롤로직설계\mealy_[STUDENT-ID]_[AUTHOR]__extracted\mealy_[STUDENT-ID]_[AUTHOR]\mealy.sim\sim_1\behav\xsim\xsim.dir\mealy_tb_behav\xsim.rtti,DUPLICATE,Exact SHA-256 duplicate of the canonical source record.
SRC-0581,컨트롤로직설계,101 Sequence Recognizer_[STUDENT-ID]_[AUTHOR]__extracted\mealy_[STUDENT-ID]_[AUTHOR]\mealy.sim\sim_1\behav\xsim\xsim.dir\mealy_tb_behav\xsim.svtype,.svtype,12,958f8e67d123a4fd3942a588a4447f781501af6120487ff147b2cef0e5076421,9,학부 과제 및 프로젝트\컨트롤로직설계\FSM__extracted\FSM\FSM.sim\sim_1\behav\xsim\xsim.dir\mealy_tb_behav\xsim.svtype,DUPLICATE,Exact SHA-256 duplicate of the canonical source record.
SRC-0582,컨트롤로직설계,101 Sequence Recognizer_[STUDENT-ID]_[AUTHOR]__extracted\mealy_[STUDENT-ID]_[AUTHOR]\mealy.sim\sim_1\behav\xsim\xsim.dir\mealy_tb_behav\xsim.type,.type,6152,d3ecd163ea70852d56a429fcb9f461dc1ea86bf44aa7725f90e3482ccf5734c0,2,학부 과제 및 프로젝트\컨트롤로직설계\mealy_[STUDENT-ID]_[AUTHOR]__extracted\mealy_[STUDENT-ID]_[AUTHOR]\mealy.sim\sim_1\behav\xsim\xsim.dir\mealy_tb_behav\xsim.type,DUPLICATE,Exact SHA-256 duplicate of the canonical source record.
SRC-0583,컨트롤로직설계,101 Sequence Recognizer_[STUDENT-ID]_[AUTHOR]__extracted\mealy_[STUDENT-ID]_[AUTHOR]\mealy.sim\sim_1\behav\xsim\xsim.dir\mealy_tb_behav\xsim.xdbg,.xdbg,392,1e1efef69f96654a0291cbd4007a150cb608fb67cee55e8db15144e739e899e7,2,학부 과제 및 프로젝트\컨트롤로직설계\mealy_[STUDENT-ID]_[AUTHOR]__extracted\mealy_[STUDENT-ID]_[AUTHOR]\mealy.sim\sim_1\behav\xsim\xsim.dir\mealy_tb_behav\xsim.xdbg,DUPLICATE,Exact SHA-256 duplicate of the canonical source record.
SRC-0584,컨트롤로직설계,101 Sequence Recognizer_[STUDENT-ID]_[AUTHOR]__extracted\mealy_[STUDENT-ID]_[AUTHOR]\mealy.sim\sim_1\behav\xsim\xsim.dir\mealy_tb_behav\xsimcrash.log,.log,0,e3b0c44298fc1c149afbf4c8996fb92427ae41e4649b934ca495991b7852b855,11,학부 과제 및 프로젝트\컨트롤로직설계\FSM__extracted\FSM\FSM.sim\sim_1\behav\xsim\xsim.dir\mealy_tb_behav\xsimcrash.log,DUPLICATE,Exact SHA-256 duplicate of the canonical source record.
SRC-0585,컨트롤로직설계,101 Sequence Recognizer_[STUDENT-ID]_[AUTHOR]__extracted\mealy_[STUDENT-ID]_[AUTHOR]\mealy.sim\sim_1\behav\xsim\xsim.dir\mealy_tb_behav\xsimk.exe,.exe,65219,72eadfeaf007ce48704bbdbe20ba457af96767e1d009a3a0e9a35fce5da79a41,2,학부 과제 및 프로젝트\컨트롤로직설계\mealy_[STUDENT-ID]_[AUTHOR]__extracted\mealy_[STUDENT-ID]_[AUTHOR]\mealy.sim\sim_1\behav\xsim\xsim.dir\mealy_tb_behav\xsimk.exe,DUPLICATE,Exact SHA-256 duplicate of the canonical source record.
SRC-0586,컨트롤로직설계,101 Sequence Recognizer_[STUDENT-ID]_[AUTHOR]__extracted\mealy_[STUDENT-ID]_[AUTHOR]\mealy.sim\sim_1\behav\xsim\xsim.dir\mealy_tb_behav\xsimkernel.log,.log,322,39d8024d8316fc33106337f53560d78edf039a9469e04f1337b1ef0a5452d23c,2,학부 과제 및 프로젝트\컨트롤로직설계\mealy_[STUDENT-ID]_[AUTHOR]__extracted\mealy_[STUDENT-ID]_[AUTHOR]\mealy.sim\sim_1\behav\xsim\xsim.dir\mealy_tb_behav\xsimkernel.log,DUPLICATE,Exact SHA-256 duplicate of the canonical source record.
SRC-0587,컨트롤로직설계,101 Sequence Recognizer_[STUDENT-ID]_[AUTHOR]__extracted\mealy_[STUDENT-ID]_[AUTHOR]\mealy.sim\sim_1\behav\xsim\xsim.dir\mealy_tb_behav\xsimSettings.ini,.ini,1427,5c54074b096f4e7f6cdee4e4d484954f2f8b909ac8fcf227b406fc959f532a58,2,학부 과제 및 프로젝트\컨트롤로직설계\mealy_[STUDENT-ID]_[AUTHOR]__extracted\mealy_[STUDENT-ID]_[AUTHOR]\mealy.sim\sim_1\behav\xsim\xsim.dir\mealy_tb_behav\xsimSettings.ini,DUPLICATE,Exact SHA-256 duplicate of the canonical source record.
SRC-0588,컨트롤로직설계,101 Sequence Recognizer_[STUDENT-ID]_[AUTHOR]__extracted\mealy_[STUDENT-ID]_[AUTHOR]\mealy.sim\sim_1\behav\xsim\xsim.dir\xil_defaultlib\mealy.vdb,.vdb,4053,ec7a75cdc928884ebc940d09ad8be4e5cf4d678ffb6ed94ffd6fc2ccaff3dff2,2,학부 과제 및 프로젝트\컨트롤로직설계\mealy_[STUDENT-ID]_[AUTHOR]__extracted\mealy_[STUDENT-ID]_[AUTHOR]\mealy.sim\sim_1\behav\xsim\xsim.dir\xil_defaultlib\mealy.vdb,DUPLICATE,Exact SHA-256 duplicate of the canonical source record.
SRC-0589,컨트롤로직설계,101 Sequence Recognizer_[STUDENT-ID]_[AUTHOR]__extracted\mealy_[STUDENT-ID]_[AUTHOR]\mealy.sim\sim_1\behav\xsim\xsim.dir\xil_defaultlib\mealy_tb.vdb,.vdb,3913,f337bd86980db47d61ec8efbc2ddb2d3921b699567851c0548ab81e052635f05,2,학부 과제 및 프로젝트\컨트롤로직설계\mealy_[STUDENT-ID]_[AUTHOR]__extracted\mealy_[STUDENT-ID]_[AUTHOR]\mealy.sim\sim_1\behav\xsim\xsim.dir\xil_defaultlib\mealy_tb.vdb,DUPLICATE,Exact SHA-256 duplicate of the canonical source record.
SRC-0590,컨트롤로직설계,101 Sequence Recognizer_[STUDENT-ID]_[AUTHOR]__extracted\mealy_[STUDENT-ID]_[AUTHOR]\mealy.sim\sim_1\behav\xsim\xsim.dir\xil_defaultlib\xil_defaultlib.rlx,.rlx,218,26e07c858b8d80282be18b10e16ce0e19d25a4cc8bc2cd561f06dc7257bede64,2,학부 과제 및 프로젝트\컨트롤로직설계\mealy_[STUDENT-ID]_[AUTHOR]__extracted\mealy_[STUDENT-ID]_[AUTHOR]\mealy.sim\sim_1\behav\xsim\xsim.dir\xil_defaultlib\xil_defaultlib.rlx,DUPLICATE,Exact SHA-256 duplicate of the canonical source record.
SRC-0591,컨트롤로직설계,101 Sequence Recognizer_[STUDENT-ID]_[AUTHOR]__extracted\mealy_[STUDENT-ID]_[AUTHOR]\mealy.sim\sim_1\behav\xsim\xsim.ini,.ini,40,d64f4fd0bfefe0536e46919ec0e23695974405b86260a51e1daa0e2d90b2b323,6,학부 과제 및 프로젝트\컨트롤로직설계\FSM__extracted\FSM\FSM.sim\sim_1\behav\xsim\xsim.ini,DUPLICATE,Exact SHA-256 duplicate of the canonical source record.
SRC-0592,컨트롤로직설계,101 Sequence Recognizer_[STUDENT-ID]_[AUTHOR]__extracted\mealy_[STUDENT-ID]_[AUTHOR]\mealy.sim\sim_1\behav\xsim\xvhdl.log,.log,0,e3b0c44298fc1c149afbf4c8996fb92427ae41e4649b934ca495991b7852b855,11,학부 과제 및 프로젝트\컨트롤로직설계\FSM__extracted\FSM\FSM.sim\sim_1\behav\xsim\xsim.dir\mealy_tb_behav\xsimcrash.log,DUPLICATE,Exact SHA-256 duplicate of the canonical source record.
SRC-0593,컨트롤로직설계,101 Sequence Recognizer_[STUDENT-ID]_[AUTHOR]__extracted\mealy_[STUDENT-ID]_[AUTHOR]\mealy.sim\sim_1\behav\xsim\xvhdl.pb,.pb,16,813d702fe80317b12421205e89a187b1d479bf586f7e8f2ed05b386f3caa7652,2,학부 과제 및 프로젝트\컨트롤로직설계\mealy_[STUDENT-ID]_[AUTHOR]__extracted\mealy_[STUDENT-ID]_[AUTHOR]\mealy.sim\sim_1\behav\xsim\xvhdl.pb,DUPLICATE,Exact SHA-256 duplicate of the canonical source record.
SRC-0594,컨트롤로직설계,101 Sequence Recognizer_[STUDENT-ID]_[AUTHOR]__extracted\mealy_[STUDENT-ID]_[AUTHOR]\mealy.srcs\sim_1\new\mealy_tb.vhd,.vhd,2044,e22bdbd5ce65ca19e677e6b8ef6bdf61644edbe59e5c66334b43dfba76d7ac28,2,학부 과제 및 프로젝트\컨트롤로직설계\mealy_[STUDENT-ID]_[AUTHOR]__extracted\mealy_[STUDENT-ID]_[AUTHOR]\mealy.srcs\sim_1\new\mealy_tb.vhd,DUPLICATE,Exact SHA-256 duplicate of the canonical source record.
SRC-0595,컨트롤로직설계,101 Sequence Recognizer_[STUDENT-ID]_[AUTHOR]__extracted\mealy_[STUDENT-ID]_[AUTHOR]\mealy.srcs\sources_1\new\mealy.vhd,.vhd,2541,23ceae32a75682b42374981d08b04fee7939d8a736393cbf8d53521ba94c33f5,2,학부 과제 및 프로젝트\컨트롤로직설계\mealy_[STUDENT-ID]_[AUTHOR]__extracted\mealy_[STUDENT-ID]_[AUTHOR]\mealy.srcs\sources_1\new\mealy.vhd,DUPLICATE,Exact SHA-256 duplicate of the canonical source record.
SRC-0596,컨트롤로직설계,101 Sequence Recognizer_[STUDENT-ID]_[AUTHOR]__extracted\mealy_[STUDENT-ID]_[AUTHOR]\mealy.xpr,.xpr,11501,7a207302afc475f45b3a2d7c511e5ce39a2649dcd02cd614cf1770c4bf8d8176,2,학부 과제 및 프로젝트\컨트롤로직설계\mealy_[STUDENT-ID]_[AUTHOR]__extracted\mealy_[STUDENT-ID]_[AUTHOR]\mealy.xpr,DUPLICATE,Exact SHA-256 duplicate of the canonical source record.
SRC-0597,컨트롤로직설계,4 bit Universal Shift Register\스크린샷 2026-07-29 110723.png,.png,54268,e695d33719f34adddfa40c7c0d72660a9b9554264648c674f447c508a822373c,1,학부 과제 및 프로젝트\컨트롤로직설계\4 bit Universal Shift Register\스크린샷 2026-07-29 110723.png,PUBLIC_USED,"Primary student-authored report, source, calculation, or visual evidence."
SRC-0598,컨트롤로직설계,4 bit Universal Shift Register\스크린샷 2026-07-29 110726.png,.png,99518,90bb79c0ec4a40655ae5c8608eb697bebbc71f2a30a27844eca32e84234069c9,1,학부 과제 및 프로젝트\컨트롤로직설계\4 bit Universal Shift Register\스크린샷 2026-07-29 110726.png,PUBLIC_USED,"Primary student-authored report, source, calculation, or visual evidence."
SRC-0599,컨트롤로직설계,4 bit Universal Shift Register\스크린샷 2026-07-29 110732.png,.png,169460,cb84cbaaad7360b8a7784f902302792568421debdcddd8ad6492f3b129bd1e78,1,학부 과제 및 프로젝트\컨트롤로직설계\4 bit Universal Shift Register\스크린샷 2026-07-29 110732.png,PUBLIC_USED,"Primary student-authored report, source, calculation, or visual evidence."
SRC-0600,컨트롤로직설계,4 bit Universal Shift Register\스크린샷 2026-07-29 110744.png,.png,71290,cc9865eb7feaa7c39c6d4b9240d6218a6cd33d9c79b0de9456ea5fb10e033d12,1,학부 과제 및 프로젝트\컨트롤로직설계\4 bit Universal Shift Register\스크린샷 2026-07-29 110744.png,PUBLIC_USED,"Primary student-authored report, source, calculation, or visual evidence."
SRC-0601,컨트롤로직설계,4 bit Universal Shift Register\스크린샷 2026-07-29 110750.png,.png,104039,151dccfd03365e4c41fc26c3f3e245bdf746c4d1dc32bff0cbdd2dbe0408d80a,1,학부 과제 및 프로젝트\컨트롤로직설계\4 bit Universal Shift Register\스크린샷 2026-07-29 110750.png,PUBLIC_USED,"Primary student-authored report, source, calculation, or visual evidence."
SRC-0602,컨트롤로직설계,4 bit Universal Shift Register\스크린샷 2026-07-29 110758.png,.png,98635,455288b051f914095a5963fe48b9de3247b2acf9cf6968fac90c6638338a36b0,1,학부 과제 및 프로젝트\컨트롤로직설계\4 bit Universal Shift Register\스크린샷 2026-07-29 110758.png,PUBLIC_USED,"Primary student-authored report, source, calculation, or visual evidence."
SRC-0603,컨트롤로직설계,4 bit Universal Shift Register\스크린샷 2026-07-29 110805.png,.png,65290,dc14b5f45d65d340ec4fba5c7675643484ebd16e5ab35ad4ce6bc28d11e6e95b,1,학부 과제 및 프로젝트\컨트롤로직설계\4 bit Universal Shift Register\스크린샷 2026-07-29 110805.png,PUBLIC_USED,"Primary student-authored report, source, calculation, or visual evidence."
SRC-0604,컨트롤로직설계,4 bit Universal Shift Register\스크린샷 2026-07-29 110809.png,.png,21735,e4bf1e156ae5c48d8cf87a269ad5762be2e3a83ec6f1da2cecb3de5e119b097a,1,학부 과제 및 프로젝트\컨트롤로직설계\4 bit Universal Shift Register\스크린샷 2026-07-29 110809.png,PUBLIC_USED,"Primary student-authored report, source, calculation, or visual evidence."
SRC-0605,컨트롤로직설계,4bit-fulladder\스크린샷 2026-07-29 105828.png,.png,182682,748739ed41a5f9dea91325252a3539da569e3c2289247d34ea4a917859453f43,1,학부 과제 및 프로젝트\컨트롤로직설계\4bit-fulladder\스크린샷 2026-07-29 105828.png,PUBLIC_USED,"Primary student-authored report, source, calculation, or visual evidence."
SRC-0606,컨트롤로직설계,4bit-fulladder\스크린샷 2026-07-29 105832.png,.png,140409,5fce9aed17d47f5940239476df7d667b0e1d6c97d62721073658be3a3aff2cd0,1,학부 과제 및 프로젝트\컨트롤로직설계\4bit-fulladder\스크린샷 2026-07-29 105832.png,PUBLIC_USED,"Primary student-authored report, source, calculation, or visual evidence."
SRC-0607,컨트롤로직설계,4bit-fulladder\스크린샷 2026-07-29 105836.png,.png,158628,9857050ad640dff07eb7513929b230ff39ee83e48401b437c92544a8696b8d5a,1,학부 과제 및 프로젝트\컨트롤로직설계\4bit-fulladder\스크린샷 2026-07-29 105836.png,PUBLIC_USED,"Primary student-authored report, source, calculation, or visual evidence."
SRC-0608,컨트롤로직설계,4bit-fulladder\스크린샷 2026-07-29 105842.png,.png,140021,436f3751ab763d718ae22bcf10fae064df755d8447f5de17b92b61963f27b290,1,학부 과제 및 프로젝트\컨트롤로직설계\4bit-fulladder\스크린샷 2026-07-29 105842.png,PUBLIC_USED,"Primary student-authored report, source, calculation, or visual evidence."
SRC-0609,컨트롤로직설계,4bit-fulladder\스크린샷 2026-07-29 105849.png,.png,52486,6f036e432eb97600dfbcc04c6a749191c8510c40d8336cd3ff8cd04bd0c99699,1,학부 과제 및 프로젝트\컨트롤로직설계\4bit-fulladder\스크린샷 2026-07-29 105849.png,PUBLIC_USED,"Primary student-authored report, source, calculation, or visual evidence."
SRC-0610,컨트롤로직설계,4bit-fulladder\스크린샷 2026-07-29 105900.png,.png,94449,d27147e4f33feda313663dd1149d30fdd5c15a55625b40eb6894d0ea3fba0eac,1,학부 과제 및 프로젝트\컨트롤로직설계\4bit-fulladder\스크린샷 2026-07-29 105900.png,PUBLIC_USED,"Primary student-authored report, source, calculation, or visual evidence."
SRC-0611,컨트롤로직설계,4bit-fulladder\스크린샷 2026-07-29 105907.png,.png,131128,88d6798b8f81feed3220a9e3282f486de0ce084a7d9c34709f0e8a263d5fe879,1,학부 과제 및 프로젝트\컨트롤로직설계\4bit-fulladder\스크린샷 2026-07-29 105907.png,PUBLIC_USED,"Primary student-authored report, source, calculation, or visual evidence."
SRC-0612,컨트롤로직설계,fsm(FINITE-STATE MACHINE)\스크린샷 2026-07-29 110542.png,.png,42998,733d0f7180251d6d89c6177ec59adcfb949437280a42a3def64ccc82d731d027,1,학부 과제 및 프로젝트\컨트롤로직설계\fsm(FINITE-STATE MACHINE)\스크린샷 2026-07-29 110542.png,PUBLIC_USED,"Primary student-authored report, source, calculation, or visual evidence."
SRC-0613,컨트롤로직설계,fsm(FINITE-STATE MACHINE)\스크린샷 2026-07-29 110548.png,.png,70887,d2133d3b9d84c550126612b738f469b1397e3ac84315458ea85bd90f3f5fa0cc,1,학부 과제 및 프로젝트\컨트롤로직설계\fsm(FINITE-STATE MACHINE)\스크린샷 2026-07-29 110548.png,PUBLIC_USED,"Primary student-authored report, source, calculation, or visual evidence."
SRC-0614,컨트롤로직설계,fsm(FINITE-STATE MACHINE)\스크린샷 2026-07-29 110555.png,.png,116170,d7c1da861bc1311660e5a24a3fb56a0e3660c4171ef030c4fdec8e8cff99a9eb,1,학부 과제 및 프로젝트\컨트롤로직설계\fsm(FINITE-STATE MACHINE)\스크린샷 2026-07-29 110555.png,PUBLIC_USED,"Primary student-authored report, source, calculation, or visual evidence."
SRC-0615,컨트롤로직설계,fsm(FINITE-STATE MACHINE)\스크린샷 2026-07-29 110600.png,.png,113758,34050f46337338594342d9a023366743a77a940a89ea73d0b22bd37456e977b1,1,학부 과제 및 프로젝트\컨트롤로직설계\fsm(FINITE-STATE MACHINE)\스크린샷 2026-07-29 110600.png,PUBLIC_USED,"Primary student-authored report, source, calculation, or visual evidence."
SRC-0616,컨트롤로직설계,fsm(FINITE-STATE MACHINE)\스크린샷 2026-07-29 110605.png,.png,84013,e6fb64c9df14184d793126e52cd6001d72538d3f6a76f27d6f9e4c99879c14e1,1,학부 과제 및 프로젝트\컨트롤로직설계\fsm(FINITE-STATE MACHINE)\스크린샷 2026-07-29 110605.png,PUBLIC_USED,"Primary student-authored report, source, calculation, or visual evidence."
SRC-0617,컨트롤로직설계,fsm(FINITE-STATE MACHINE)\스크린샷 2026-07-29 110608.png,.png,64211,675c2bbfe8b26e6250c94e9a626840afe60f4c3b0d602d809d7f39e5eeffff7f,1,학부 과제 및 프로젝트\컨트롤로직설계\fsm(FINITE-STATE MACHINE)\스크린샷 2026-07-29 110608.png,PUBLIC_USED,"Primary student-authored report, source, calculation, or visual evidence."
SRC-0618,컨트롤로직설계,fsm(FINITE-STATE MACHINE)\스크린샷 2026-07-29 110612.png,.png,123273,42991961f79ab017ad80298cdcfd813cdbe2e144af1540dcf1f3e4eb280396a6,1,학부 과제 및 프로젝트\컨트롤로직설계\fsm(FINITE-STATE MACHINE)\스크린샷 2026-07-29 110612.png,PUBLIC_USED,"Primary student-authored report, source, calculation, or visual evidence."
SRC-0619,컨트롤로직설계,fsm(FINITE-STATE MACHINE)\스크린샷 2026-07-29 110620.png,.png,87044,3e43410b24c96739bdbe5d8645368df365be8cb63aac54ad2fb44c367d8e11bb,1,학부 과제 및 프로젝트\컨트롤로직설계\fsm(FINITE-STATE MACHINE)\스크린샷 2026-07-29 110620.png,PUBLIC_USED,"Primary student-authored report, source, calculation, or visual evidence."
SRC-0620,컨트롤로직설계,fsm(FINITE-STATE MACHINE)\스크린샷 2026-07-29 110625.png,.png,88939,43fc875371bf78243aa2860c46c97fd6226b5415a296c0369c9da017403ed9e2,1,학부 과제 및 프로젝트\컨트롤로직설계\fsm(FINITE-STATE MACHINE)\스크린샷 2026-07-29 110625.png,PUBLIC_USED,"Primary student-authored report, source, calculation, or visual evidence."
SRC-0621,컨트롤로직설계,FSM.zip,.zip,54887,f4dacf967cb07ce6b1b182eff4c463d034ad4d66aaf37e387edcc90b6f8a8ba9,1,학부 과제 및 프로젝트\컨트롤로직설계\FSM.zip,PUBLIC_REFERENCE_ONLY,Archive provenance retained; publish curated extracted sources only.
SRC-0622,컨트롤로직설계,FSM__extracted\FSM\FSM.cache\sim\ssm.db,.db,538,28ab3b8e6d2df59359b8c2bc8d98849b4fdee618aff9dbc46728a9c8538066ea,1,학부 과제 및 프로젝트\컨트롤로직설계\FSM__extracted\FSM\FSM.cache\sim\ssm.db,NOT_RELEVANT_WITH_REASON,Generated IDE/simulator/compiler cache or binary build artifact.
SRC-0623,컨트롤로직설계,FSM__extracted\FSM\FSM.cache\wt\project.wpc,.wpc,61,ea2f40ff389c0c2a04490587f62687e2d327b18f9bc9ec9c07748f048322f537,2,학부 과제 및 프로젝트\컨트롤로직설계\FSM__extracted\FSM\FSM.cache\wt\project.wpc,NOT_RELEVANT_WITH_REASON,Generated IDE/simulator/compiler cache or binary build artifact.
SRC-0624,컨트롤로직설계,FSM__extracted\FSM\FSM.cache\wt\xsim.wdf,.wdf,239,b986f962cc352b71cac258678a0d4733322cc86dcac7a75a58cfc03cc7fbac68,3,학부 과제 및 프로젝트\컨트롤로직설계\FSM__extracted\FSM\FSM.cache\wt\xsim.wdf,NOT_RELEVANT_WITH_REASON,Generated IDE/simulator/compiler cache or binary build artifact.
SRC-0625,컨트롤로직설계,FSM__extracted\FSM\FSM.hw\FSM.lpr,.lpr,425,956ac2b2222073e9f7a75d89a32126f47576bd26f6cf1538d09866305512d6ce,6,학부 과제 및 프로젝트\컨트롤로직설계\FSM__extracted\FSM\FSM.hw\FSM.lpr,PUBLIC_REFERENCE_ONLY,Original project or simulator context retained as supporting execution evidence.
SRC-0626,컨트롤로직설계,FSM__extracted\FSM\FSM.ip_user_files\README.txt,.txt,130,fe9e48b0b3fcff2e6267f4bc6bdef859fa1201c41ac49c473b9e414120b0a8c4,6,학부 과제 및 프로젝트\컨트롤로직설계\FSM__extracted\FSM\FSM.ip_user_files\README.txt,PUBLIC_USED,"Primary student-authored report, source, calculation, or visual evidence."
SRC-0627,컨트롤로직설계,FSM__extracted\FSM\FSM.sim\sim_1\behav\xsim\compile.bat,.bat,939,41ff4b852e507cd58c282467eda769919ac6bdf1704d61673877fd11edeb4ce8,1,학부 과제 및 프로젝트\컨트롤로직설계\FSM__extracted\FSM\FSM.sim\sim_1\behav\xsim\compile.bat,PUBLIC_REFERENCE_ONLY,Original project or simulator context retained as supporting execution evidence.
SRC-0628,컨트롤로직설계,FSM__extracted\FSM\FSM.sim\sim_1\behav\xsim\elaborate.bat,.bat,1067,e0c6cb238f081834850f4b28a8e2ee38befffe3e578010eaf743e0027442fab4,1,학부 과제 및 프로젝트\컨트롤로직설계\FSM__extracted\FSM\FSM.sim\sim_1\behav\xsim\elaborate.bat,PUBLIC_REFERENCE_ONLY,Original project or simulator context retained as supporting execution evidence.
SRC-0629,컨트롤로직설계,FSM__extracted\FSM\FSM.sim\sim_1\behav\xsim\elaborate.log,.log,835,7b5b4c258c550a330b28c459f33327f30269233b4b8e7f12556465991f323ce8,1,학부 과제 및 프로젝트\컨트롤로직설계\FSM__extracted\FSM\FSM.sim\sim_1\behav\xsim\elaborate.log,PUBLIC_REFERENCE_ONLY,Original project or simulator context retained as supporting execution evidence.
SRC-0630,컨트롤로직설계,FSM__extracted\FSM\FSM.sim\sim_1\behav\xsim\mealy_tb.tcl,.tcl,460,0e126fcc5f0a42aba5569cac225a2879a0382620ef02a41ff913a248e84ec864,9,학부 과제 및 프로젝트\컨트롤로직설계\FSM__extracted\FSM\FSM.sim\sim_1\behav\xsim\mealy_tb.tcl,PUBLIC_REFERENCE_ONLY,Original project or simulator context retained as supporting execution evidence.
SRC-0631,컨트롤로직설계,FSM__extracted\FSM\FSM.sim\sim_1\behav\xsim\mealy_tb_behav.wdb,.wdb,8851,b1338b982c31fad3e719f95920913d426335bcd08dd284155c429cd1736abd07,1,학부 과제 및 프로젝트\컨트롤로직설계\FSM__extracted\FSM\FSM.sim\sim_1\behav\xsim\mealy_tb_behav.wdb,PUBLIC_REFERENCE_ONLY,Retained for provenance; not selected for direct publication.
SRC-0632,컨트롤로직설계,FSM__extracted\FSM\FSM.sim\sim_1\behav\xsim\mealy_tb_vhdl.prj,.prj,196,735eafc68f2562eaf215e101ce5c7b357f2921668028474acd739ccbf3e78729,1,학부 과제 및 프로젝트\컨트롤로직설계\FSM__extracted\FSM\FSM.sim\sim_1\behav\xsim\mealy_tb_vhdl.prj,PUBLIC_REFERENCE_ONLY,Original project or simulator context retained as supporting execution evidence.
SRC-0633,컨트롤로직설계,FSM__extracted\FSM\FSM.sim\sim_1\behav\xsim\simulate.bat,.bat,1005,de086c49d7846943bf369c35d3aaafca09b147f8c5c1ae5feba92ff065c5499f,1,학부 과제 및 프로젝트\컨트롤로직설계\FSM__extracted\FSM\FSM.sim\sim_1\behav\xsim\simulate.bat,PUBLIC_REFERENCE_ONLY,Original project or simulator context retained as supporting execution evidence.
SRC-0634,컨트롤로직설계,FSM__extracted\FSM\FSM.sim\sim_1\behav\xsim\simulate.log,.log,25,c3010a11fe802ab44438e8118ebc44fcdf776f650837cfcd429ef0d2dd4f6de0,6,학부 과제 및 프로젝트\컨트롤로직설계\FSM__extracted\FSM\FSM.sim\sim_1\behav\xsim\simulate.log,PUBLIC_REFERENCE_ONLY,Original project or simulator context retained as supporting execution evidence.
SRC-0635,컨트롤로직설계,FSM__extracted\FSM\FSM.sim\sim_1\behav\xsim\xelab.pb,.pb,1542,e818205e2175a9b1507aae3c262914ea809b993ce8d93dbcbd8534dfba197fd1,1,학부 과제 및 프로젝트\컨트롤로직설계\FSM__extracted\FSM\FSM.sim\sim_1\behav\xsim\xelab.pb,NOT_RELEVANT_WITH_REASON,Generated IDE/simulator/compiler cache or binary build artifact.
SRC-0636,컨트롤로직설계,FSM__extracted\FSM\FSM.sim\sim_1\behav\xsim\xsim.dir\mealy_tb_behav\Compile_Options.txt,.txt,153,ae79223988ae80cbd37e4b0902a580a661cd85541ac92d744c9852f0b14b2bd6,3,학부 과제 및 프로젝트\컨트롤로직설계\FSM__extracted\FSM\FSM.sim\sim_1\behav\xsim\xsim.dir\mealy_tb_behav\Compile_Options.txt,NOT_RELEVANT_WITH_REASON,Generated IDE/simulator/compiler cache or binary build artifact.
SRC-0637,컨트롤로직설계,FSM__extracted\FSM\FSM.sim\sim_1\behav\xsim\xsim.dir\mealy_tb_behav\obj\xsim_0.win64.obj,.obj,4734,eef10612455b25542df7ee07bbe06556dcd105dc363fe847ce2f8652277e4fd5,1,학부 과제 및 프로젝트\컨트롤로직설계\FSM__extracted\FSM\FSM.sim\sim_1\behav\xsim\xsim.dir\mealy_tb_behav\obj\xsim_0.win64.obj,NOT_RELEVANT_WITH_REASON,Generated IDE/simulator/compiler cache or binary build artifact.
SRC-0638,컨트롤로직설계,FSM__extracted\FSM\FSM.sim\sim_1\behav\xsim\xsim.dir\mealy_tb_behav\obj\xsim_1.c,.c,4601,da2e7451a9d09502ccc4f7bbeae5cd5af8753f67efbbe843d074ed872afa1006,3,학부 과제 및 프로젝트\컨트롤로직설계\FSM__extracted\FSM\FSM.sim\sim_1\behav\xsim\xsim.dir\mealy_tb_behav\obj\xsim_1.c,NOT_RELEVANT_WITH_REASON,Generated IDE/simulator/compiler cache or binary build artifact.
SRC-0639,컨트롤로직설계,FSM__extracted\FSM\FSM.sim\sim_1\behav\xsim\xsim.dir\mealy_tb_behav\obj\xsim_1.win64.obj,.obj,2733,6b2fcdf39e1fd9ec218cb6b2569f2c4d6e0ba926cf06fbc746b86e3d738cef33,3,학부 과제 및 프로젝트\컨트롤로직설계\FSM__extracted\FSM\FSM.sim\sim_1\behav\xsim\xsim.dir\mealy_tb_behav\obj\xsim_1.win64.obj,NOT_RELEVANT_WITH_REASON,Generated IDE/simulator/compiler cache or binary build artifact.
SRC-0640,컨트롤로직설계,FSM__extracted\FSM\FSM.sim\sim_1\behav\xsim\xsim.dir\mealy_tb_behav\TempBreakPointFile.txt,.txt,29,89bd34ab9b7056058ec7acc5470f6ec95f1ef47b9aeb329d53e24d38b9607451,9,학부 과제 및 프로젝트\컨트롤로직설계\FSM__extracted\FSM\FSM.sim\sim_1\behav\xsim\xsim.dir\mealy_tb_behav\TempBreakPointFile.txt,NOT_RELEVANT_WITH_REASON,Generated IDE/simulator/compiler cache or binary build artifact.
SRC-0641,컨트롤로직설계,FSM__extracted\FSM\FSM.sim\sim_1\behav\xsim\xsim.dir\mealy_tb_behav\xsim.dbg,.dbg,3120,395c859077a9cac4daa3500a34d1dece28e065805b0f058acb3c3cd284bc0365,1,학부 과제 및 프로젝트\컨트롤로직설계\FSM__extracted\FSM\FSM.sim\sim_1\behav\xsim\xsim.dir\mealy_tb_behav\xsim.dbg,NOT_RELEVANT_WITH_REASON,Generated IDE/simulator/compiler cache or binary build artifact.
SRC-0642,컨트롤로직설계,FSM__extracted\FSM\FSM.sim\sim_1\behav\xsim\xsim.dir\mealy_tb_behav\xsim.mem,.mem,2495,b31ee05f7194577b06019315346538e249214b74d8706bafb05d339a6880e96d,1,학부 과제 및 프로젝트\컨트롤로직설계\FSM__extracted\FSM\FSM.sim\sim_1\behav\xsim\xsim.dir\mealy_tb_behav\xsim.mem,NOT_RELEVANT_WITH_REASON,Generated IDE/simulator/compiler cache or binary build artifact.
SRC-0643,컨트롤로직설계,FSM__extracted\FSM\FSM.sim\sim_1\behav\xsim\xsim.dir\mealy_tb_behav\xsim.reloc,.reloc,288,df5bcbe498b4e0eea0adaa1e9d0817f5210d3d740231ff10b50f0e968e1633e7,3,학부 과제 및 프로젝트\컨트롤로직설계\FSM__extracted\FSM\FSM.sim\sim_1\behav\xsim\xsim.dir\mealy_tb_behav\xsim.reloc,NOT_RELEVANT_WITH_REASON,Generated IDE/simulator/compiler cache or binary build artifact.
SRC-0644,컨트롤로직설계,FSM__extracted\FSM\FSM.sim\sim_1\behav\xsim\xsim.dir\mealy_tb_behav\xsim.rlx,.rlx,681,19b3523fc8828e5fc8d5830102f2573f929d2e60ef970de991aa971cb408cbff,1,학부 과제 및 프로젝트\컨트롤로직설계\FSM__extracted\FSM\FSM.sim\sim_1\behav\xsim\xsim.dir\mealy_tb_behav\xsim.rlx,NOT_RELEVANT_WITH_REASON,Generated IDE/simulator/compiler cache or binary build artifact.
SRC-0645,컨트롤로직설계,FSM__extracted\FSM\FSM.sim\sim_1\behav\xsim\xsim.dir\mealy_tb_behav\xsim.rtti,.rtti,299,11ce93fc48d59a0e64bce9771496e98c56baf322248a3d926ddcf7e189cd1c9c,1,학부 과제 및 프로젝트\컨트롤로직설계\FSM__extracted\FSM\FSM.sim\sim_1\behav\xsim\xsim.dir\mealy_tb_behav\xsim.rtti,NOT_RELEVANT_WITH_REASON,Generated IDE/simulator/compiler cache or binary build artifact.
SRC-0646,컨트롤로직설계,FSM__extracted\FSM\FSM.sim\sim_1\behav\xsim\xsim.dir\mealy_tb_behav\xsim.svtype,.svtype,12,958f8e67d123a4fd3942a588a4447f781501af6120487ff147b2cef0e5076421,9,학부 과제 및 프로젝트\컨트롤로직설계\FSM__extracted\FSM\FSM.sim\sim_1\behav\xsim\xsim.dir\mealy_tb_behav\xsim.svtype,NOT_RELEVANT_WITH_REASON,Generated IDE/simulator/compiler cache or binary build artifact.
SRC-0647,컨트롤로직설계,FSM__extracted\FSM\FSM.sim\sim_1\behav\xsim\xsim.dir\mealy_tb_behav\xsim.type,.type,6152,9a0fe6c14216fd21f53f10c4ad99fc4eb4ec6eb5f5e215a23d42845bcfdec16c,1,학부 과제 및 프로젝트\컨트롤로직설계\FSM__extracted\FSM\FSM.sim\sim_1\behav\xsim\xsim.dir\mealy_tb_behav\xsim.type,NOT_RELEVANT_WITH_REASON,Generated IDE/simulator/compiler cache or binary build artifact.
SRC-0648,컨트롤로직설계,FSM__extracted\FSM\FSM.sim\sim_1\behav\xsim\xsim.dir\mealy_tb_behav\xsim.xdbg,.xdbg,392,90065a9dec02f50cac64174b262d89e47531730f8887e4e301be782b15cbf731,1,학부 과제 및 프로젝트\컨트롤로직설계\FSM__extracted\FSM\FSM.sim\sim_1\behav\xsim\xsim.dir\mealy_tb_behav\xsim.xdbg,NOT_RELEVANT_WITH_REASON,Generated IDE/simulator/compiler cache or binary build artifact.
SRC-0649,컨트롤로직설계,FSM__extracted\FSM\FSM.sim\sim_1\behav\xsim\xsim.dir\mealy_tb_behav\xsimcrash.log,.log,0,e3b0c44298fc1c149afbf4c8996fb92427ae41e4649b934ca495991b7852b855,11,학부 과제 및 프로젝트\컨트롤로직설계\FSM__extracted\FSM\FSM.sim\sim_1\behav\xsim\xsim.dir\mealy_tb_behav\xsimcrash.log,NOT_RELEVANT_WITH_REASON,Generated IDE/simulator/compiler cache or binary build artifact.
SRC-0650,컨트롤로직설계,FSM__extracted\FSM\FSM.sim\sim_1\behav\xsim\xsim.dir\mealy_tb_behav\xsimk.exe,.exe,65219,d056bc9cb88ea89a72a30f922f9b971235c38b5c8353f713cd79fc9c703e3ca7,1,학부 과제 및 프로젝트\컨트롤로직설계\FSM__extracted\FSM\FSM.sim\sim_1\behav\xsim\xsim.dir\mealy_tb_behav\xsimk.exe,NOT_RELEVANT_WITH_REASON,Generated IDE/simulator/compiler cache or binary build artifact.
SRC-0651,컨트롤로직설계,FSM__extracted\FSM\FSM.sim\sim_1\behav\xsim\xsim.dir\mealy_tb_behav\xsimkernel.log,.log,324,b86e65a0c1c3e4b49cdbc61b177d953efa29e167adc1e0c0406b0d6e85b4087c,1,학부 과제 및 프로젝트\컨트롤로직설계\FSM__extracted\FSM\FSM.sim\sim_1\behav\xsim\xsim.dir\mealy_tb_behav\xsimkernel.log,NOT_RELEVANT_WITH_REASON,Generated IDE/simulator/compiler cache or binary build artifact.
SRC-0652,컨트롤로직설계,FSM__extracted\FSM\FSM.sim\sim_1\behav\xsim\xsim.dir\mealy_tb_behav\xsimSettings.ini,.ini,1433,cd6bd05715aff800a61a1ae1b5860cd4dc0061f60269658964b178c5b9307ac5,1,학부 과제 및 프로젝트\컨트롤로직설계\FSM__extracted\FSM\FSM.sim\sim_1\behav\xsim\xsim.dir\mealy_tb_behav\xsimSettings.ini,NOT_RELEVANT_WITH_REASON,Generated IDE/simulator/compiler cache or binary build artifact.
SRC-0653,컨트롤로직설계,FSM__extracted\FSM\FSM.sim\sim_1\behav\xsim\xsim.dir\xil_defaultlib\mealy.vdb,.vdb,4041,29c1f17761de73afbd442010632c3098c10d339a0d79be0a3c9a0ced1a5fca03,1,학부 과제 및 프로젝트\컨트롤로직설계\FSM__extracted\FSM\FSM.sim\sim_1\behav\xsim\xsim.dir\xil_defaultlib\mealy.vdb,NOT_RELEVANT_WITH_REASON,Generated IDE/simulator/compiler cache or binary build artifact.
SRC-0654,컨트롤로직설계,FSM__extracted\FSM\FSM.sim\sim_1\behav\xsim\xsim.dir\xil_defaultlib\mealy_tb.vdb,.vdb,3901,3a49baa1ff7f02a7341da5c7d2b1c88a9f0af2b96f02fa25b62d6e355a31c6e1,1,학부 과제 및 프로젝트\컨트롤로직설계\FSM__extracted\FSM\FSM.sim\sim_1\behav\xsim\xsim.dir\xil_defaultlib\mealy_tb.vdb,NOT_RELEVANT_WITH_REASON,Generated IDE/simulator/compiler cache or binary build artifact.
SRC-0655,컨트롤로직설계,FSM__extracted\FSM\FSM.sim\sim_1\behav\xsim\xsim.dir\xil_defaultlib\xil_defaultlib.rlx,.rlx,208,0c0f095cd4f07cf35c62d34864d1fa1ece01742eda47e515568faf71db4ef7f7,1,학부 과제 및 프로젝트\컨트롤로직설계\FSM__extracted\FSM\FSM.sim\sim_1\behav\xsim\xsim.dir\xil_defaultlib\xil_defaultlib.rlx,NOT_RELEVANT_WITH_REASON,Generated IDE/simulator/compiler cache or binary build artifact.
SRC-0656,컨트롤로직설계,FSM__extracted\FSM\FSM.sim\sim_1\behav\xsim\xsim.ini,.ini,40,d64f4fd0bfefe0536e46919ec0e23695974405b86260a51e1daa0e2d90b2b323,6,학부 과제 및 프로젝트\컨트롤로직설계\FSM__extracted\FSM\FSM.sim\sim_1\behav\xsim\xsim.ini,PUBLIC_REFERENCE_ONLY,Original project or simulator context retained as supporting execution evidence.
SRC-0657,컨트롤로직설계,FSM__extracted\FSM\FSM.sim\sim_1\behav\xsim\xvhdl.log,.log,166,16d3a359ca12a6e7412e08d64ca7acc2c14c056b72365ed4f5c4e821c09ccc48,1,학부 과제 및 프로젝트\컨트롤로직설계\FSM__extracted\FSM\FSM.sim\sim_1\behav\xsim\xvhdl.log,PUBLIC_REFERENCE_ONLY,Original project or simulator context retained as supporting execution evidence.
SRC-0658,컨트롤로직설계,FSM__extracted\FSM\FSM.sim\sim_1\behav\xsim\xvhdl.pb,.pb,246,5ff9a0a131342933c7548b90ebfbdc56136b2dba13791f19da3597278032940d,1,학부 과제 및 프로젝트\컨트롤로직설계\FSM__extracted\FSM\FSM.sim\sim_1\behav\xsim\xvhdl.pb,NOT_RELEVANT_WITH_REASON,Generated IDE/simulator/compiler cache or binary build artifact.
SRC-0659,컨트롤로직설계,FSM__extracted\FSM\FSM.srcs\sim_1\new\mealy_tb.vhd,.vhd,1838,86ec308ed1c061f34c2d3a7ed8959f604ec60e2543afc2b57ce0e3eb41142802,1,학부 과제 및 프로젝트\컨트롤로직설계\FSM__extracted\FSM\FSM.srcs\sim_1\new\mealy_tb.vhd,PUBLIC_USED,"Primary student-authored report, source, calculation, or visual evidence."
SRC-0660,컨트롤로직설계,FSM__extracted\FSM\FSM.srcs\sources_1\new\FSM.vhd,.vhd,1922,6485ec4af22f9ca74bb7a3a36bcf906febfe93f6ca9b8c99b46887d3e5665055,1,학부 과제 및 프로젝트\컨트롤로직설계\FSM__extracted\FSM\FSM.srcs\sources_1\new\FSM.vhd,PUBLIC_USED,"Primary student-authored report, source, calculation, or visual evidence."
SRC-0661,컨트롤로직설계,FSM__extracted\FSM\FSM.xpr,.xpr,11595,62d746043a3f902afe6a50726be2279ebfda2fa933437db11c73d5fba8ae52f8,1,학부 과제 및 프로젝트\컨트롤로직설계\FSM__extracted\FSM\FSM.xpr,PUBLIC_REFERENCE_ONLY,Original project or simulator context retained as supporting execution evidence.
SRC-0662,컨트롤로직설계,FSM__extracted\FSM\mealy_tb_behav.wcfg,.wcfg,1937,6faedfcf285394ec078ae2a1b94234176894f6377c53ac3ea5cce70209b6f591,1,학부 과제 및 프로젝트\컨트롤로직설계\FSM__extracted\FSM\mealy_tb_behav.wcfg,PUBLIC_REFERENCE_ONLY,Original project or simulator context retained as supporting execution evidence.
SRC-0663,컨트롤로직설계,fulladd_[STUDENT-ID]_[AUTHOR].zip,.zip,207322,899b2bc3bc4375689d7c7d06e5939acb2f8abd97ba99c67e2093bc124a713e33,1,학부 과제 및 프로젝트\컨트롤로직설계\fulladd_[STUDENT-ID]_[AUTHOR].zip,PUBLIC_REFERENCE_ONLY,Archive provenance retained; publish curated extracted sources only.
SRC-0664,컨트롤로직설계,fulladd_[STUDENT-ID]_[AUTHOR]__extracted\fulladd\fulladd\fulladd.cache\sim\ssm.db,.db,538,56c992448e317e1048d3a6c30c0be13211309a0ddb827f1cc58a9c8935186ad7,2,학부 과제 및 프로젝트\컨트롤로직설계\fulladd_[STUDENT-ID]_[AUTHOR]__extracted\fulladd\fulladd.cache\sim\ssm.db,DUPLICATE,Exact SHA-256 duplicate of the canonical source record.
SRC-0665,컨트롤로직설계,fulladd_[STUDENT-ID]_[AUTHOR]__extracted\fulladd\fulladd\fulladd.cache\wt\project.wpc,.wpc,61,acc220de165b8928be5beb7dffde70c8b5566a0694d14d28d547b4d7f97d5df6,2,학부 과제 및 프로젝트\컨트롤로직설계\fulladd_[STUDENT-ID]_[AUTHOR]__extracted\fulladd\fulladd.cache\wt\project.wpc,DUPLICATE,Exact SHA-256 duplicate of the canonical source record.
SRC-0666,컨트롤로직설계,fulladd_[STUDENT-ID]_[AUTHOR]__extracted\fulladd\fulladd\fulladd.cache\wt\xsim.wdf,.wdf,256,8f67524bd73f106bd4482ea18993d5925ee975f25bce1e3bc29455b4a21b6157,3,학부 과제 및 프로젝트\컨트롤로직설계\mux_8to1_[STUDENT-ID]_[AUTHOR]__extracted\mux_8to1.cache\wt\xsim.wdf,DUPLICATE,Exact SHA-256 duplicate of the canonical source record.
SRC-0667,컨트롤로직설계,fulladd_[STUDENT-ID]_[AUTHOR]__extracted\fulladd\fulladd\fulladd.hw\fulladd.lpr,.lpr,425,956ac2b2222073e9f7a75d89a32126f47576bd26f6cf1538d09866305512d6ce,6,학부 과제 및 프로젝트\컨트롤로직설계\FSM__extracted\FSM\FSM.hw\FSM.lpr,DUPLICATE,Exact SHA-256 duplicate of the canonical source record.
SRC-0668,컨트롤로직설계,fulladd_[STUDENT-ID]_[AUTHOR]__extracted\fulladd\fulladd\fulladd.ip_user_files\README.txt,.txt,130,fe9e48b0b3fcff2e6267f4bc6bdef859fa1201c41ac49c473b9e414120b0a8c4,6,학부 과제 및 프로젝트\컨트롤로직설계\FSM__extracted\FSM\FSM.ip_user_files\README.txt,DUPLICATE,Exact SHA-256 duplicate of the canonical source record.
SRC-0669,컨트롤로직설계,fulladd_[STUDENT-ID]_[AUTHOR]__extracted\fulladd\fulladd\fulladd.sim\sim_1\behav\xsim\add_4bits_tb.tcl,.tcl,460,0e126fcc5f0a42aba5569cac225a2879a0382620ef02a41ff913a248e84ec864,9,학부 과제 및 프로젝트\컨트롤로직설계\FSM__extracted\FSM\FSM.sim\sim_1\behav\xsim\mealy_tb.tcl,DUPLICATE,Exact SHA-256 duplicate of the canonical source record.
SRC-0670,컨트롤로직설계,fulladd_[STUDENT-ID]_[AUTHOR]__extracted\fulladd\fulladd\fulladd.sim\sim_1\behav\xsim\add_4bits_tb_behav.wdb,.wdb,10020,a9d7256a5e362310f905904215b358cd4d80ae43712d49843917d853c2adfef5,2,학부 과제 및 프로젝트\컨트롤로직설계\fulladd_[STUDENT-ID]_[AUTHOR]__extracted\fulladd\fulladd.sim\sim_1\behav\xsim\add_4bits_tb_behav.wdb,DUPLICATE,Exact SHA-256 duplicate of the canonical source record.
SRC-0671,컨트롤로직설계,fulladd_[STUDENT-ID]_[AUTHOR]__extracted\fulladd\fulladd\fulladd.sim\sim_1\behav\xsim\add_4bits_tb_vhdl.prj,.prj,270,5ef2cdd1591bda6e7c8fde143b55f6d0b615bb851c87c4ec7574900d6e8bd4c6,2,학부 과제 및 프로젝트\컨트롤로직설계\fulladd_[STUDENT-ID]_[AUTHOR]__extracted\fulladd\fulladd.sim\sim_1\behav\xsim\add_4bits_tb_vhdl.prj,DUPLICATE,Exact SHA-256 duplicate of the canonical source record.
SRC-0672,컨트롤로직설계,fulladd_[STUDENT-ID]_[AUTHOR]__extracted\fulladd\fulladd\fulladd.sim\sim_1\behav\xsim\compile.bat,.bat,947,9d10b01846666581775986c1097f16d5f1e1b0270f421ced45940d3340bb89bc,2,학부 과제 및 프로젝트\컨트롤로직설계\fulladd_[STUDENT-ID]_[AUTHOR]__extracted\fulladd\fulladd.sim\sim_1\behav\xsim\compile.bat,DUPLICATE,Exact SHA-256 duplicate of the canonical source record.
SRC-0673,컨트롤로직설계,fulladd_[STUDENT-ID]_[AUTHOR]__extracted\fulladd\fulladd\fulladd.sim\sim_1\behav\xsim\compile.log,.log,186,e79eaec106196b844cb69c4a96f3a645fc4cfec3eb960f2a7b6480f1f4ee3239,4,학부 과제 및 프로젝트\컨트롤로직설계\fulladd_[STUDENT-ID]_[AUTHOR]__extracted\fulladd\fulladd.sim\sim_1\behav\xsim\xvhdl.log,DUPLICATE,Exact SHA-256 duplicate of the canonical source record.
SRC-0674,컨트롤로직설계,fulladd_[STUDENT-ID]_[AUTHOR]__extracted\fulladd\fulladd\fulladd.sim\sim_1\behav\xsim\elaborate.bat,.bat,1083,a253a6afecbdf063490aba48787727b6f1bfd0df8e9bcea7e2bad486ba4b3ab2,2,학부 과제 및 프로젝트\컨트롤로직설계\fulladd_[STUDENT-ID]_[AUTHOR]__extracted\fulladd\fulladd.sim\sim_1\behav\xsim\elaborate.bat,DUPLICATE,Exact SHA-256 duplicate of the canonical source record.
SRC-0675,컨트롤로직설계,fulladd_[STUDENT-ID]_[AUTHOR]__extracted\fulladd\fulladd\fulladd.sim\sim_1\behav\xsim\elaborate.log,.log,950,8349fdf2a69c3f90d10993bea5fbded3eebba0ec59f61536bc1465b22f7943ac,2,학부 과제 및 프로젝트\컨트롤로직설계\fulladd_[STUDENT-ID]_[AUTHOR]__extracted\fulladd\fulladd.sim\sim_1\behav\xsim\elaborate.log,DUPLICATE,Exact SHA-256 duplicate of the canonical source record.
SRC-0676,컨트롤로직설계,fulladd_[STUDENT-ID]_[AUTHOR]__extracted\fulladd\fulladd\fulladd.sim\sim_1\behav\xsim\fulladd_tb.tcl,.tcl,460,0e126fcc5f0a42aba5569cac225a2879a0382620ef02a41ff913a248e84ec864,9,학부 과제 및 프로젝트\컨트롤로직설계\FSM__extracted\FSM\FSM.sim\sim_1\behav\xsim\mealy_tb.tcl,DUPLICATE,Exact SHA-256 duplicate of the canonical source record.
SRC-0677,컨트롤로직설계,fulladd_[STUDENT-ID]_[AUTHOR]__extracted\fulladd\fulladd\fulladd.sim\sim_1\behav\xsim\fulladd_tb_behav.wdb,.wdb,6781,573b26b4e148f1cbb0990b743a87876c0775853c4510d247de25d5622e3f228f,2,학부 과제 및 프로젝트\컨트롤로직설계\fulladd_[STUDENT-ID]_[AUTHOR]__extracted\fulladd\fulladd.sim\sim_1\behav\xsim\fulladd_tb_behav.wdb,DUPLICATE,Exact SHA-256 duplicate of the canonical source record.
SRC-0678,컨트롤로직설계,fulladd_[STUDENT-ID]_[AUTHOR]__extracted\fulladd\fulladd\fulladd.sim\sim_1\behav\xsim\simulate.bat,.bat,1029,134a473c26689a80c81ab48f3448efbf375d3d0218da32ec3e965c3e74664ec1,2,학부 과제 및 프로젝트\컨트롤로직설계\fulladd_[STUDENT-ID]_[AUTHOR]__extracted\fulladd\fulladd.sim\sim_1\behav\xsim\simulate.bat,DUPLICATE,Exact SHA-256 duplicate of the canonical source record.
SRC-0679,컨트롤로직설계,fulladd_[STUDENT-ID]_[AUTHOR]__extracted\fulladd\fulladd\fulladd.sim\sim_1\behav\xsim\simulate.log,.log,25,c3010a11fe802ab44438e8118ebc44fcdf776f650837cfcd429ef0d2dd4f6de0,6,학부 과제 및 프로젝트\컨트롤로직설계\FSM__extracted\FSM\FSM.sim\sim_1\behav\xsim\simulate.log,DUPLICATE,Exact SHA-256 duplicate of the canonical source record.
SRC-0680,컨트롤로직설계,fulladd_[STUDENT-ID]_[AUTHOR]__extracted\fulladd\fulladd\fulladd.sim\sim_1\behav\xsim\xelab.pb,.pb,1707,2181df29523d237366cec8ad07f5df860b1881b145505cf617982deffdc45141,2,학부 과제 및 프로젝트\컨트롤로직설계\fulladd_[STUDENT-ID]_[AUTHOR]__extracted\fulladd\fulladd.sim\sim_1\behav\xsim\xelab.pb,DUPLICATE,Exact SHA-256 duplicate of the canonical source record.
SRC-0681,컨트롤로직설계,fulladd_[STUDENT-ID]_[AUTHOR]__extracted\fulladd\fulladd\fulladd.sim\sim_1\behav\xsim\xsim.dir\add_4bits_tb_behav\Compile_Options.txt,.txt,161,5679c26d98fe3154455ee165dd8c794b36851b2590a982a3249cd9100a640dd8,2,학부 과제 및 프로젝트\컨트롤로직설계\fulladd_[STUDENT-ID]_[AUTHOR]__extracted\fulladd\fulladd.sim\sim_1\behav\xsim\xsim.dir\add_4bits_tb_behav\Compile_Options.txt,DUPLICATE,Exact SHA-256 duplicate of the canonical source record.
SRC-0682,컨트롤로직설계,fulladd_[STUDENT-ID]_[AUTHOR]__extracted\fulladd\fulladd\fulladd.sim\sim_1\behav\xsim\xsim.dir\add_4bits_tb_behav\obj\xsim_0.win64.obj,.obj,3633,832d1fd063d67c96626c488d99b6bbe530de5ee8602debaa69bcec6cd6884b22,2,학부 과제 및 프로젝트\컨트롤로직설계\fulladd_[STUDENT-ID]_[AUTHOR]__extracted\fulladd\fulladd.sim\sim_1\behav\xsim\xsim.dir\add_4bits_tb_behav\obj\xsim_0.win64.obj,DUPLICATE,Exact SHA-256 duplicate of the canonical source record.
SRC-0683,컨트롤로직설계,fulladd_[STUDENT-ID]_[AUTHOR]__extracted\fulladd\fulladd\fulladd.sim\sim_1\behav\xsim\xsim.dir\add_4bits_tb_behav\obj\xsim_1.c,.c,4664,8f5e9b41ce477ce00f8d74e6469046529c7d5aa63c9a609e7437605af1cc1d33,2,학부 과제 및 프로젝트\컨트롤로직설계\fulladd_[STUDENT-ID]_[AUTHOR]__extracted\fulladd\fulladd.sim\sim_1\behav\xsim\xsim.dir\add_4bits_tb_behav\obj\xsim_1.c,DUPLICATE,Exact SHA-256 duplicate of the canonical source record.
SRC-0684,컨트롤로직설계,fulladd_[STUDENT-ID]_[AUTHOR]__extracted\fulladd\fulladd\fulladd.sim\sim_1\behav\xsim\xsim.dir\add_4bits_tb_behav\obj\xsim_1.win64.obj,.obj,2786,94131580ef32a33f582908bf843f679acce479bc7c7324410d542f5d13ad6b50,2,학부 과제 및 프로젝트\컨트롤로직설계\fulladd_[STUDENT-ID]_[AUTHOR]__extracted\fulladd\fulladd.sim\sim_1\behav\xsim\xsim.dir\add_4bits_tb_behav\obj\xsim_1.win64.obj,DUPLICATE,Exact SHA-256 duplicate of the canonical source record.
SRC-0685,컨트롤로직설계,fulladd_[STUDENT-ID]_[AUTHOR]__extracted\fulladd\fulladd\fulladd.sim\sim_1\behav\xsim\xsim.dir\add_4bits_tb_behav\TempBreakPointFile.txt,.txt,29,89bd34ab9b7056058ec7acc5470f6ec95f1ef47b9aeb329d53e24d38b9607451,9,학부 과제 및 프로젝트\컨트롤로직설계\FSM__extracted\FSM\FSM.sim\sim_1\behav\xsim\xsim.dir\mealy_tb_behav\TempBreakPointFile.txt,DUPLICATE,Exact SHA-256 duplicate of the canonical source record.
SRC-0686,컨트롤로직설계,fulladd_[STUDENT-ID]_[AUTHOR]__extracted\fulladd\fulladd\fulladd.sim\sim_1\behav\xsim\xsim.dir\add_4bits_tb_behav\xsim.dbg,.dbg,6480,ea016cd45b796f7b523e3f677a13e50a1522978ece63a99d8ce25e51e9a31364,2,학부 과제 및 프로젝트\컨트롤로직설계\fulladd_[STUDENT-ID]_[AUTHOR]__extracted\fulladd\fulladd.sim\sim_1\behav\xsim\xsim.dir\add_4bits_tb_behav\xsim.dbg,DUPLICATE,Exact SHA-256 duplicate of the canonical source record.
SRC-0687,컨트롤로직설계,fulladd_[STUDENT-ID]_[AUTHOR]__extracted\fulladd\fulladd\fulladd.sim\sim_1\behav\xsim\xsim.dir\add_4bits_tb_behav\xsim.mem,.mem,3136,264ddf871a958165c1160a871bfa9982a900ffbb6fca7b0139d50dd17ea2b111,2,학부 과제 및 프로젝트\컨트롤로직설계\fulladd_[STUDENT-ID]_[AUTHOR]__extracted\fulladd\fulladd.sim\sim_1\behav\xsim\xsim.dir\add_4bits_tb_behav\xsim.mem,DUPLICATE,Exact SHA-256 duplicate of the canonical source record.
SRC-0688,컨트롤로직설계,fulladd_[STUDENT-ID]_[AUTHOR]__extracted\fulladd\fulladd\fulladd.sim\sim_1\behav\xsim\xsim.dir\add_4bits_tb_behav\xsim.reloc,.reloc,1078,dcb0c0f0c14f487eef1f82c4f8e63591ea6660f0c3ad5ecb0cbea845caa24bf2,2,학부 과제 및 프로젝트\컨트롤로직설계\fulladd_[STUDENT-ID]_[AUTHOR]__extracted\fulladd\fulladd.sim\sim_1\behav\xsim\xsim.dir\add_4bits_tb_behav\xsim.reloc,DUPLICATE,Exact SHA-256 duplicate of the canonical source record.
SRC-0689,컨트롤로직설계,fulladd_[STUDENT-ID]_[AUTHOR]__extracted\fulladd\fulladd\fulladd.sim\sim_1\behav\xsim\xsim.dir\add_4bits_tb_behav\xsim.rlx,.rlx,709,f1c80849e2648e7c0ced686c31377258b84f4520e5abf744324446b7724d8bac,2,학부 과제 및 프로젝트\컨트롤로직설계\fulladd_[STUDENT-ID]_[AUTHOR]__extracted\fulladd\fulladd.sim\sim_1\behav\xsim\xsim.dir\add_4bits_tb_behav\xsim.rlx,DUPLICATE,Exact SHA-256 duplicate of the canonical source record.
SRC-0690,컨트롤로직설계,fulladd_[STUDENT-ID]_[AUTHOR]__extracted\fulladd\fulladd\fulladd.sim\sim_1\behav\xsim\xsim.dir\add_4bits_tb_behav\xsim.rtti,.rtti,318,b498cb5b75ff59abe46598d6840bd56c75c980f2eafeedda0c2add4b206dfd5f,2,학부 과제 및 프로젝트\컨트롤로직설계\fulladd_[STUDENT-ID]_[AUTHOR]__extracted\fulladd\fulladd.sim\sim_1\behav\xsim\xsim.dir\add_4bits_tb_behav\xsim.rtti,DUPLICATE,Exact SHA-256 duplicate of the canonical source record.
SRC-0691,컨트롤로직설계,fulladd_[STUDENT-ID]_[AUTHOR]__extracted\fulladd\fulladd\fulladd.sim\sim_1\behav\xsim\xsim.dir\add_4bits_tb_behav\xsim.svtype,.svtype,12,958f8e67d123a4fd3942a588a4447f781501af6120487ff147b2cef0e5076421,9,학부 과제 및 프로젝트\컨트롤로직설계\FSM__extracted\FSM\FSM.sim\sim_1\behav\xsim\xsim.dir\mealy_tb_behav\xsim.svtype,DUPLICATE,Exact SHA-256 duplicate of the canonical source record.
SRC-0692,컨트롤로직설계,fulladd_[STUDENT-ID]_[AUTHOR]__extracted\fulladd\fulladd\fulladd.sim\sim_1\behav\xsim\xsim.dir\add_4bits_tb_behav\xsim.type,.type,6072,11bcd6c2103604ee97ec7dc0f7c9fe43203cf081e7d6a9eb6db4e9f1a1f56688,2,학부 과제 및 프로젝트\컨트롤로직설계\fulladd_[STUDENT-ID]_[AUTHOR]__extracted\fulladd\fulladd.sim\sim_1\behav\xsim\xsim.dir\add_4bits_tb_behav\xsim.type,DUPLICATE,Exact SHA-256 duplicate of the canonical source record.
SRC-0693,컨트롤로직설계,fulladd_[STUDENT-ID]_[AUTHOR]__extracted\fulladd\fulladd\fulladd.sim\sim_1\behav\xsim\xsim.dir\add_4bits_tb_behav\xsim.xdbg,.xdbg,1536,af9ab043276cee876cdb7d5fda679f0ab06b82ba9c5dbe28df926393949183b7,2,학부 과제 및 프로젝트\컨트롤로직설계\fulladd_[STUDENT-ID]_[AUTHOR]__extracted\fulladd\fulladd.sim\sim_1\behav\xsim\xsim.dir\add_4bits_tb_behav\xsim.xdbg,DUPLICATE,Exact SHA-256 duplicate of the canonical source record.
SRC-0694,컨트롤로직설계,fulladd_[STUDENT-ID]_[AUTHOR]__extracted\fulladd\fulladd\fulladd.sim\sim_1\behav\xsim\xsim.dir\add_4bits_tb_behav\xsimcrash.log,.log,0,e3b0c44298fc1c149afbf4c8996fb92427ae41e4649b934ca495991b7852b855,11,학부 과제 및 프로젝트\컨트롤로직설계\FSM__extracted\FSM\FSM.sim\sim_1\behav\xsim\xsim.dir\mealy_tb_behav\xsimcrash.log,DUPLICATE,Exact SHA-256 duplicate of the canonical source record.
SRC-0695,컨트롤로직설계,fulladd_[STUDENT-ID]_[AUTHOR]__extracted\fulladd\fulladd\fulladd.sim\sim_1\behav\xsim\xsim.dir\add_4bits_tb_behav\xsimk.exe,.exe,64792,a7e7c72b9c9675b95c3c156284d7f872512545f18577a71db13fb8dc9f5c384d,2,학부 과제 및 프로젝트\컨트롤로직설계\fulladd_[STUDENT-ID]_[AUTHOR]__extracted\fulladd\fulladd.sim\sim_1\behav\xsim\xsim.dir\add_4bits_tb_behav\xsimk.exe,DUPLICATE,Exact SHA-256 duplicate of the canonical source record.
SRC-0696,컨트롤로직설계,fulladd_[STUDENT-ID]_[AUTHOR]__extracted\fulladd\fulladd\fulladd.sim\sim_1\behav\xsim\xsim.dir\add_4bits_tb_behav\xsimkernel.log,.log,332,b8b16d9f08894fbfc16ccd231a6888c3d2ca66e7c8910721caf9ead002dbb751,2,학부 과제 및 프로젝트\컨트롤로직설계\fulladd_[STUDENT-ID]_[AUTHOR]__extracted\fulladd\fulladd.sim\sim_1\behav\xsim\xsim.dir\add_4bits_tb_behav\xsimkernel.log,DUPLICATE,Exact SHA-256 duplicate of the canonical source record.
SRC-0697,컨트롤로직설계,fulladd_[STUDENT-ID]_[AUTHOR]__extracted\fulladd\fulladd\fulladd.sim\sim_1\behav\xsim\xsim.dir\add_4bits_tb_behav\xsimSettings.ini,.ini,1427,78dabb74386735f34c2c8c0190842392b21818654c2080543be8308cd7cff9eb,2,학부 과제 및 프로젝트\컨트롤로직설계\fulladd_[STUDENT-ID]_[AUTHOR]__extracted\fulladd\fulladd.sim\sim_1\behav\xsim\xsim.dir\add_4bits_tb_behav\xsimSettings.ini,DUPLICATE,Exact SHA-256 duplicate of the canonical source record.
SRC-0698,컨트롤로직설계,fulladd_[STUDENT-ID]_[AUTHOR]__extracted\fulladd\fulladd\fulladd.sim\sim_1\behav\xsim\xsim.dir\fulladd_tb_behav\Compile_Options.txt,.txt,157,c01a483fea80e23abcec36b1c4a0d92b9a3a3dcb61fd796bf5abaaa16e6e3b9e,2,학부 과제 및 프로젝트\컨트롤로직설계\fulladd_[STUDENT-ID]_[AUTHOR]__extracted\fulladd\fulladd.sim\sim_1\behav\xsim\xsim.dir\fulladd_tb_behav\Compile_Options.txt,DUPLICATE,Exact SHA-256 duplicate of the canonical source record.
SRC-0699,컨트롤로직설계,fulladd_[STUDENT-ID]_[AUTHOR]__extracted\fulladd\fulladd\fulladd.sim\sim_1\behav\xsim\xsim.dir\fulladd_tb_behav\obj\xsim_0.win64.obj,.obj,3936,71423de74a96e1daa185c765d623d5407ae60efa28615697bba94bf5c7c362a8,2,학부 과제 및 프로젝트\컨트롤로직설계\fulladd_[STUDENT-ID]_[AUTHOR]__extracted\fulladd\fulladd.sim\sim_1\behav\xsim\xsim.dir\fulladd_tb_behav\obj\xsim_0.win64.obj,DUPLICATE,Exact SHA-256 duplicate of the canonical source record.
SRC-0700,컨트롤로직설계,fulladd_[STUDENT-ID]_[AUTHOR]__extracted\fulladd\fulladd\fulladd.sim\sim_1\behav\xsim\xsim.dir\fulladd_tb_behav\obj\xsim_1.c,.c,4652,fd7476e1c22a85245a83cc8ed2964abd4be4cbede8c1af879093b69d89860e7c,2,학부 과제 및 프로젝트\컨트롤로직설계\fulladd_[STUDENT-ID]_[AUTHOR]__extracted\fulladd\fulladd.sim\sim_1\behav\xsim\xsim.dir\fulladd_tb_behav\obj\xsim_1.c,DUPLICATE,Exact SHA-256 duplicate of the canonical source record.
SRC-0701,컨트롤로직설계,fulladd_[STUDENT-ID]_[AUTHOR]__extracted\fulladd\fulladd\fulladd.sim\sim_1\behav\xsim\xsim.dir\fulladd_tb_behav\obj\xsim_1.win64.obj,.obj,2770,9d42b64188483d8275cc83ea9a838e9cc26bf6a907eb33044568c6a4e31cc408,2,학부 과제 및 프로젝트\컨트롤로직설계\fulladd_[STUDENT-ID]_[AUTHOR]__extracted\fulladd\fulladd.sim\sim_1\behav\xsim\xsim.dir\fulladd_tb_behav\obj\xsim_1.win64.obj,DUPLICATE,Exact SHA-256 duplicate of the canonical source record.
SRC-0702,컨트롤로직설계,fulladd_[STUDENT-ID]_[AUTHOR]__extracted\fulladd\fulladd\fulladd.sim\sim_1\behav\xsim\xsim.dir\fulladd_tb_behav\TempBreakPointFile.txt,.txt,29,89bd34ab9b7056058ec7acc5470f6ec95f1ef47b9aeb329d53e24d38b9607451,9,학부 과제 및 프로젝트\컨트롤로직설계\FSM__extracted\FSM\FSM.sim\sim_1\behav\xsim\xsim.dir\mealy_tb_behav\TempBreakPointFile.txt,DUPLICATE,Exact SHA-256 duplicate of the canonical source record.
SRC-0703,컨트롤로직설계,fulladd_[STUDENT-ID]_[AUTHOR]__extracted\fulladd\fulladd\fulladd.sim\sim_1\behav\xsim\xsim.dir\fulladd_tb_behav\xsim.dbg,.dbg,3416,de708146726f2550953ad36331e9e593b9faaa50794c87571d6529a1071928d6,2,학부 과제 및 프로젝트\컨트롤로직설계\fulladd_[STUDENT-ID]_[AUTHOR]__extracted\fulladd\fulladd.sim\sim_1\behav\xsim\xsim.dir\fulladd_tb_behav\xsim.dbg,DUPLICATE,Exact SHA-256 duplicate of the canonical source record.
SRC-0704,컨트롤로직설계,fulladd_[STUDENT-ID]_[AUTHOR]__extracted\fulladd\fulladd\fulladd.sim\sim_1\behav\xsim\xsim.dir\fulladd_tb_behav\xsim.mem,.mem,2550,30b9090a58bee4a6f998147eeac4aec51e986d33413ba98b948d1969e82075cf,2,학부 과제 및 프로젝트\컨트롤로직설계\fulladd_[STUDENT-ID]_[AUTHOR]__extracted\fulladd\fulladd.sim\sim_1\behav\xsim\xsim.dir\fulladd_tb_behav\xsim.mem,DUPLICATE,Exact SHA-256 duplicate of the canonical source record.
SRC-0705,컨트롤로직설계,fulladd_[STUDENT-ID]_[AUTHOR]__extracted\fulladd\fulladd\fulladd.sim\sim_1\behav\xsim\xsim.dir\fulladd_tb_behav\xsim.reloc,.reloc,376,c53fab79a3c562a28058f13c5ffc927a563f4f192d0a41196fc68ef6f6b17f33,2,학부 과제 및 프로젝트\컨트롤로직설계\fulladd_[STUDENT-ID]_[AUTHOR]__extracted\fulladd\fulladd.sim\sim_1\behav\xsim\xsim.dir\fulladd_tb_behav\xsim.reloc,DUPLICATE,Exact SHA-256 duplicate of the canonical source record.
SRC-0706,컨트롤로직설계,fulladd_[STUDENT-ID]_[AUTHOR]__extracted\fulladd\fulladd\fulladd.sim\sim_1\behav\xsim\xsim.dir\fulladd_tb_behav\xsim.rlx,.rlx,702,d492d46c86d1123133258c9a46f11e9c3f31cb3934ad29556b498957ef258ada,2,학부 과제 및 프로젝트\컨트롤로직설계\fulladd_[STUDENT-ID]_[AUTHOR]__extracted\fulladd\fulladd.sim\sim_1\behav\xsim\xsim.dir\fulladd_tb_behav\xsim.rlx,DUPLICATE,Exact SHA-256 duplicate of the canonical source record.
SRC-0707,컨트롤로직설계,fulladd_[STUDENT-ID]_[AUTHOR]__extracted\fulladd\fulladd\fulladd.sim\sim_1\behav\xsim\xsim.dir\fulladd_tb_behav\xsim.rtti,.rtti,122,0096a88f39eb80f375fe695ff289cea4b5bb09d1aeb48092ed301b1c02056d4f,2,학부 과제 및 프로젝트\컨트롤로직설계\fulladd_[STUDENT-ID]_[AUTHOR]__extracted\fulladd\fulladd.sim\sim_1\behav\xsim\xsim.dir\fulladd_tb_behav\xsim.rtti,DUPLICATE,Exact SHA-256 duplicate of the canonical source record.
SRC-0708,컨트롤로직설계,fulladd_[STUDENT-ID]_[AUTHOR]__extracted\fulladd\fulladd\fulladd.sim\sim_1\behav\xsim\xsim.dir\fulladd_tb_behav\xsim.svtype,.svtype,12,958f8e67d123a4fd3942a588a4447f781501af6120487ff147b2cef0e5076421,9,학부 과제 및 프로젝트\컨트롤로직설계\FSM__extracted\FSM\FSM.sim\sim_1\behav\xsim\xsim.dir\mealy_tb_behav\xsim.svtype,DUPLICATE,Exact SHA-256 duplicate of the canonical source record.
SRC-0709,컨트롤로직설계,fulladd_[STUDENT-ID]_[AUTHOR]__extracted\fulladd\fulladd\fulladd.sim\sim_1\behav\xsim\xsim.dir\fulladd_tb_behav\xsim.type,.type,6072,c3c0600ac3e9a55dd57d70e371eb11afe77e82d39955cab8ed6d69bc6329f2ef,2,학부 과제 및 프로젝트\컨트롤로직설계\fulladd_[STUDENT-ID]_[AUTHOR]__extracted\fulladd\fulladd.sim\sim_1\behav\xsim\xsim.dir\fulladd_tb_behav\xsim.type,DUPLICATE,Exact SHA-256 duplicate of the canonical source record.
SRC-0710,컨트롤로직설계,fulladd_[STUDENT-ID]_[AUTHOR]__extracted\fulladd\fulladd\fulladd.sim\sim_1\behav\xsim\xsim.dir\fulladd_tb_behav\xsim.xdbg,.xdbg,480,4fc333ab26b10a8988ad26661cba25a88c46a9e6206cda0b0e3e6bc9b48b7f29,2,학부 과제 및 프로젝트\컨트롤로직설계\fulladd_[STUDENT-ID]_[AUTHOR]__extracted\fulladd\fulladd.sim\sim_1\behav\xsim\xsim.dir\fulladd_tb_behav\xsim.xdbg,DUPLICATE,Exact SHA-256 duplicate of the canonical source record.
SRC-0711,컨트롤로직설계,fulladd_[STUDENT-ID]_[AUTHOR]__extracted\fulladd\fulladd\fulladd.sim\sim_1\behav\xsim\xsim.dir\fulladd_tb_behav\xsimcrash.log,.log,0,e3b0c44298fc1c149afbf4c8996fb92427ae41e4649b934ca495991b7852b855,11,학부 과제 및 프로젝트\컨트롤로직설계\FSM__extracted\FSM\FSM.sim\sim_1\behav\xsim\xsim.dir\mealy_tb_behav\xsimcrash.log,DUPLICATE,Exact SHA-256 duplicate of the canonical source record.
SRC-0712,컨트롤로직설계,fulladd_[STUDENT-ID]_[AUTHOR]__extracted\fulladd\fulladd\fulladd.sim\sim_1\behav\xsim\xsim.dir\fulladd_tb_behav\xsimk.exe,.exe,63797,a9b44e34ccdaf1be406346dbc5b6244e6109d0c11776936cba1a19c4d76dc046,2,학부 과제 및 프로젝트\컨트롤로직설계\fulladd_[STUDENT-ID]_[AUTHOR]__extracted\fulladd\fulladd.sim\sim_1\behav\xsim\xsim.dir\fulladd_tb_behav\xsimk.exe,DUPLICATE,Exact SHA-256 duplicate of the canonical source record.
SRC-0713,컨트롤로직설계,fulladd_[STUDENT-ID]_[AUTHOR]__extracted\fulladd\fulladd\fulladd.sim\sim_1\behav\xsim\xsim.dir\fulladd_tb_behav\xsimkernel.log,.log,326,6482e32dddcd9c27de923de37d4e4b95c2935b966456fdc025228bb0a2da6466,2,학부 과제 및 프로젝트\컨트롤로직설계\fulladd_[STUDENT-ID]_[AUTHOR]__extracted\fulladd\fulladd.sim\sim_1\behav\xsim\xsim.dir\fulladd_tb_behav\xsimkernel.log,DUPLICATE,Exact SHA-256 duplicate of the canonical source record.
SRC-0714,컨트롤로직설계,fulladd_[STUDENT-ID]_[AUTHOR]__extracted\fulladd\fulladd\fulladd.sim\sim_1\behav\xsim\xsim.dir\fulladd_tb_behav\xsimSettings.ini,.ini,1429,b75cbdf22faf488b1762e4176f498955e263f150f3e842dc399ff347db8bc2dd,2,학부 과제 및 프로젝트\컨트롤로직설계\fulladd_[STUDENT-ID]_[AUTHOR]__extracted\fulladd\fulladd.sim\sim_1\behav\xsim\xsim.dir\fulladd_tb_behav\xsimSettings.ini,DUPLICATE,Exact SHA-256 duplicate of the canonical source record.
SRC-0715,컨트롤로직설계,fulladd_[STUDENT-ID]_[AUTHOR]__extracted\fulladd\fulladd\fulladd.sim\sim_1\behav\xsim\xsim.dir\xil_defaultlib\add_4bits.vdb,.vdb,3678,71e5948dd6e7f527700cb6ec006683b80bd998c4bd32a81d1852d3ad37065adc,2,학부 과제 및 프로젝트\컨트롤로직설계\fulladd_[STUDENT-ID]_[AUTHOR]__extracted\fulladd\fulladd.sim\sim_1\behav\xsim\xsim.dir\xil_defaultlib\add_4bits.vdb,DUPLICATE,Exact SHA-256 duplicate of the canonical source record.
SRC-0716,컨트롤로직설계,fulladd_[STUDENT-ID]_[AUTHOR]__extracted\fulladd\fulladd\fulladd.sim\sim_1\behav\xsim\xsim.dir\xil_defaultlib\add_4bits_tb.vdb,.vdb,3600,7792ad98d605a36c5802f00f29c3b2e878c87630dafb7e8ce3e4b818d9b4b23f,2,학부 과제 및 프로젝트\컨트롤로직설계\fulladd_[STUDENT-ID]_[AUTHOR]__extracted\fulladd\fulladd.sim\sim_1\behav\xsim\xsim.dir\xil_defaultlib\add_4bits_tb.vdb,DUPLICATE,Exact SHA-256 duplicate of the canonical source record.
SRC-0717,컨트롤로직설계,fulladd_[STUDENT-ID]_[AUTHOR]__extracted\fulladd\fulladd\fulladd.sim\sim_1\behav\xsim\xsim.dir\xil_defaultlib\fulladd.vdb,.vdb,2164,01e4c01131c6f7ee3ba592c8db9680f16144ac485a2fb8f9d610c555fe81f13a,2,학부 과제 및 프로젝트\컨트롤로직설계\fulladd_[STUDENT-ID]_[AUTHOR]__extracted\fulladd\fulladd.sim\sim_1\behav\xsim\xsim.dir\xil_defaultlib\fulladd.vdb,DUPLICATE,Exact SHA-256 duplicate of the canonical source record.
SRC-0718,컨트롤로직설계,fulladd_[STUDENT-ID]_[AUTHOR]__extracted\fulladd\fulladd\fulladd.sim\sim_1\behav\xsim\xsim.dir\xil_defaultlib\fulladd_tb.vdb,.vdb,3987,ca99e52874c52970cdd4c6a81b9160dd375a7751396ff2ed590d5b051639b6c3,2,학부 과제 및 프로젝트\컨트롤로직설계\fulladd_[STUDENT-ID]_[AUTHOR]__extracted\fulladd\fulladd.sim\sim_1\behav\xsim\xsim.dir\xil_defaultlib\fulladd_tb.vdb,DUPLICATE,Exact SHA-256 duplicate of the canonical source record.
SRC-0719,컨트롤로직설계,fulladd_[STUDENT-ID]_[AUTHOR]__extracted\fulladd\fulladd\fulladd.sim\sim_1\behav\xsim\xsim.dir\xil_defaultlib\xil_defaultlib.rlx,.rlx,440,27396d4b6b6c1c0cb3c3a211fadea8bb144873e4225419debede58fbcc618967,2,학부 과제 및 프로젝트\컨트롤로직설계\fulladd_[STUDENT-ID]_[AUTHOR]__extracted\fulladd\fulladd.sim\sim_1\behav\xsim\xsim.dir\xil_defaultlib\xil_defaultlib.rlx,DUPLICATE,Exact SHA-256 duplicate of the canonical source record.
SRC-0720,컨트롤로직설계,fulladd_[STUDENT-ID]_[AUTHOR]__extracted\fulladd\fulladd\fulladd.sim\sim_1\behav\xsim\xsim.ini,.ini,40,d64f4fd0bfefe0536e46919ec0e23695974405b86260a51e1daa0e2d90b2b323,6,학부 과제 및 프로젝트\컨트롤로직설계\FSM__extracted\FSM\FSM.sim\sim_1\behav\xsim\xsim.ini,DUPLICATE,Exact SHA-256 duplicate of the canonical source record.
SRC-0721,컨트롤로직설계,fulladd_[STUDENT-ID]_[AUTHOR]__extracted\fulladd\fulladd\fulladd.sim\sim_1\behav\xsim\xvhdl.log,.log,186,e79eaec106196b844cb69c4a96f3a645fc4cfec3eb960f2a7b6480f1f4ee3239,4,학부 과제 및 프로젝트\컨트롤로직설계\fulladd_[STUDENT-ID]_[AUTHOR]__extracted\fulladd\fulladd.sim\sim_1\behav\xsim\xvhdl.log,DUPLICATE,Exact SHA-256 duplicate of the canonical source record.
SRC-0722,컨트롤로직설계,fulladd_[STUDENT-ID]_[AUTHOR]__extracted\fulladd\fulladd\fulladd.sim\sim_1\behav\xsim\xvhdl.pb,.pb,266,e9f1edfaf29401398b1be15adfd2dc64a30756fee65815d80a61be40a76ebc08,2,학부 과제 및 프로젝트\컨트롤로직설계\fulladd_[STUDENT-ID]_[AUTHOR]__extracted\fulladd\fulladd.sim\sim_1\behav\xsim\xvhdl.pb,DUPLICATE,Exact SHA-256 duplicate of the canonical source record.
SRC-0723,컨트롤로직설계,fulladd_[STUDENT-ID]_[AUTHOR]__extracted\fulladd\fulladd\fulladd.srcs\sim_1\new\add_4bits_tb.vhd,.vhd,1825,d80b75138f9287c98ff0541a5894ba9b34f1ad68de8c754cd92ef2ea758219ed,2,학부 과제 및 프로젝트\컨트롤로직설계\fulladd_[STUDENT-ID]_[AUTHOR]__extracted\fulladd\fulladd.srcs\sim_1\new\add_4bits_tb.vhd,DUPLICATE,Exact SHA-256 duplicate of the canonical source record.
SRC-0724,컨트롤로직설계,fulladd_[STUDENT-ID]_[AUTHOR]__extracted\fulladd\fulladd\fulladd.srcs\sim_1\new\fulladd_tb.vhd,.vhd,1700,d1ca3d8a22cf36d9aa9c287e8d31975bd96265b57ff41b4a1b9a479a099321fb,2,학부 과제 및 프로젝트\컨트롤로직설계\fulladd_[STUDENT-ID]_[AUTHOR]__extracted\fulladd\fulladd.srcs\sim_1\new\fulladd_tb.vhd,DUPLICATE,Exact SHA-256 duplicate of the canonical source record.
SRC-0725,컨트롤로직설계,fulladd_[STUDENT-ID]_[AUTHOR]__extracted\fulladd\fulladd\fulladd.srcs\sources_1\new\add_4bits.vhd,.vhd,1546,33dfadf9e61de5dd1067a364bb9486440c932071e4b7fbbb3b7615b0427ab37b,2,학부 과제 및 프로젝트\컨트롤로직설계\fulladd_[STUDENT-ID]_[AUTHOR]__extracted\fulladd\fulladd.srcs\sources_1\new\add_4bits.vhd,DUPLICATE,Exact SHA-256 duplicate of the canonical source record.
SRC-0726,컨트롤로직설계,fulladd_[STUDENT-ID]_[AUTHOR]__extracted\fulladd\fulladd\fulladd.srcs\sources_1\new\fulladd.vhd,.vhd,1213,e535b6859692e7bd251ac0a6148bed5c843aeaefe75c7de26afd3f7a3dc2d2af,2,학부 과제 및 프로젝트\컨트롤로직설계\fulladd_[STUDENT-ID]_[AUTHOR]__extracted\fulladd\fulladd.srcs\sources_1\new\fulladd.vhd,DUPLICATE,Exact SHA-256 duplicate of the canonical source record.
SRC-0727,컨트롤로직설계,fulladd_[STUDENT-ID]_[AUTHOR]__extracted\fulladd\fulladd\fulladd.xpr,.xpr,11766,35909ab2f7f18ecc8ac245ae92e9492c974af1d02a296ce7db6ea79bdf5ba922,2,학부 과제 및 프로젝트\컨트롤로직설계\fulladd_[STUDENT-ID]_[AUTHOR]__extracted\fulladd\fulladd.xpr,DUPLICATE,Exact SHA-256 duplicate of the canonical source record.
SRC-0728,컨트롤로직설계,fulladd_[STUDENT-ID]_[AUTHOR]__extracted\fulladd\fulladd.cache\sim\ssm.db,.db,538,56c992448e317e1048d3a6c30c0be13211309a0ddb827f1cc58a9c8935186ad7,2,학부 과제 및 프로젝트\컨트롤로직설계\fulladd_[STUDENT-ID]_[AUTHOR]__extracted\fulladd\fulladd.cache\sim\ssm.db,NOT_RELEVANT_WITH_REASON,Generated IDE/simulator/compiler cache or binary build artifact.
SRC-0729,컨트롤로직설계,fulladd_[STUDENT-ID]_[AUTHOR]__extracted\fulladd\fulladd.cache\wt\project.wpc,.wpc,61,acc220de165b8928be5beb7dffde70c8b5566a0694d14d28d547b4d7f97d5df6,2,학부 과제 및 프로젝트\컨트롤로직설계\fulladd_[STUDENT-ID]_[AUTHOR]__extracted\fulladd\fulladd.cache\wt\project.wpc,NOT_RELEVANT_WITH_REASON,Generated IDE/simulator/compiler cache or binary build artifact.
SRC-0730,컨트롤로직설계,fulladd_[STUDENT-ID]_[AUTHOR]__extracted\fulladd\fulladd.cache\wt\xsim.wdf,.wdf,256,8f67524bd73f106bd4482ea18993d5925ee975f25bce1e3bc29455b4a21b6157,3,학부 과제 및 프로젝트\컨트롤로직설계\mux_8to1_[STUDENT-ID]_[AUTHOR]__extracted\mux_8to1.cache\wt\xsim.wdf,DUPLICATE,Exact SHA-256 duplicate of the canonical source record.
SRC-0731,컨트롤로직설계,fulladd_[STUDENT-ID]_[AUTHOR]__extracted\fulladd\fulladd.hw\fulladd.lpr,.lpr,425,956ac2b2222073e9f7a75d89a32126f47576bd26f6cf1538d09866305512d6ce,6,학부 과제 및 프로젝트\컨트롤로직설계\FSM__extracted\FSM\FSM.hw\FSM.lpr,DUPLICATE,Exact SHA-256 duplicate of the canonical source record.
SRC-0732,컨트롤로직설계,fulladd_[STUDENT-ID]_[AUTHOR]__extracted\fulladd\fulladd.ip_user_files\README.txt,.txt,130,fe9e48b0b3fcff2e6267f4bc6bdef859fa1201c41ac49c473b9e414120b0a8c4,6,학부 과제 및 프로젝트\컨트롤로직설계\FSM__extracted\FSM\FSM.ip_user_files\README.txt,DUPLICATE,Exact SHA-256 duplicate of the canonical source record.
SRC-0733,컨트롤로직설계,fulladd_[STUDENT-ID]_[AUTHOR]__extracted\fulladd\fulladd.sim\sim_1\behav\xsim\add_4bits_tb.tcl,.tcl,460,0e126fcc5f0a42aba5569cac225a2879a0382620ef02a41ff913a248e84ec864,9,학부 과제 및 프로젝트\컨트롤로직설계\FSM__extracted\FSM\FSM.sim\sim_1\behav\xsim\mealy_tb.tcl,DUPLICATE,Exact SHA-256 duplicate of the canonical source record.
SRC-0734,컨트롤로직설계,fulladd_[STUDENT-ID]_[AUTHOR]__extracted\fulladd\fulladd.sim\sim_1\behav\xsim\add_4bits_tb_behav.wdb,.wdb,10020,a9d7256a5e362310f905904215b358cd4d80ae43712d49843917d853c2adfef5,2,학부 과제 및 프로젝트\컨트롤로직설계\fulladd_[STUDENT-ID]_[AUTHOR]__extracted\fulladd\fulladd.sim\sim_1\behav\xsim\add_4bits_tb_behav.wdb,PUBLIC_REFERENCE_ONLY,Retained for provenance; not selected for direct publication.
SRC-0735,컨트롤로직설계,fulladd_[STUDENT-ID]_[AUTHOR]__extracted\fulladd\fulladd.sim\sim_1\behav\xsim\add_4bits_tb_vhdl.prj,.prj,270,5ef2cdd1591bda6e7c8fde143b55f6d0b615bb851c87c4ec7574900d6e8bd4c6,2,학부 과제 및 프로젝트\컨트롤로직설계\fulladd_[STUDENT-ID]_[AUTHOR]__extracted\fulladd\fulladd.sim\sim_1\behav\xsim\add_4bits_tb_vhdl.prj,PUBLIC_REFERENCE_ONLY,Original project or simulator context retained as supporting execution evidence.
SRC-0736,컨트롤로직설계,fulladd_[STUDENT-ID]_[AUTHOR]__extracted\fulladd\fulladd.sim\sim_1\behav\xsim\compile.bat,.bat,947,9d10b01846666581775986c1097f16d5f1e1b0270f421ced45940d3340bb89bc,2,학부 과제 및 프로젝트\컨트롤로직설계\fulladd_[STUDENT-ID]_[AUTHOR]__extracted\fulladd\fulladd.sim\sim_1\behav\xsim\compile.bat,PUBLIC_REFERENCE_ONLY,Original project or simulator context retained as supporting execution evidence.
SRC-0737,컨트롤로직설계,fulladd_[STUDENT-ID]_[AUTHOR]__extracted\fulladd\fulladd.sim\sim_1\behav\xsim\compile.log,.log,186,e79eaec106196b844cb69c4a96f3a645fc4cfec3eb960f2a7b6480f1f4ee3239,4,학부 과제 및 프로젝트\컨트롤로직설계\fulladd_[STUDENT-ID]_[AUTHOR]__extracted\fulladd\fulladd.sim\sim_1\behav\xsim\xvhdl.log,DUPLICATE,Exact SHA-256 duplicate of the canonical source record.
SRC-0738,컨트롤로직설계,fulladd_[STUDENT-ID]_[AUTHOR]__extracted\fulladd\fulladd.sim\sim_1\behav\xsim\elaborate.bat,.bat,1083,a253a6afecbdf063490aba48787727b6f1bfd0df8e9bcea7e2bad486ba4b3ab2,2,학부 과제 및 프로젝트\컨트롤로직설계\fulladd_[STUDENT-ID]_[AUTHOR]__extracted\fulladd\fulladd.sim\sim_1\behav\xsim\elaborate.bat,PUBLIC_REFERENCE_ONLY,Original project or simulator context retained as supporting execution evidence.
SRC-0739,컨트롤로직설계,fulladd_[STUDENT-ID]_[AUTHOR]__extracted\fulladd\fulladd.sim\sim_1\behav\xsim\elaborate.log,.log,950,8349fdf2a69c3f90d10993bea5fbded3eebba0ec59f61536bc1465b22f7943ac,2,학부 과제 및 프로젝트\컨트롤로직설계\fulladd_[STUDENT-ID]_[AUTHOR]__extracted\fulladd\fulladd.sim\sim_1\behav\xsim\elaborate.log,PUBLIC_REFERENCE_ONLY,Original project or simulator context retained as supporting execution evidence.
SRC-0740,컨트롤로직설계,fulladd_[STUDENT-ID]_[AUTHOR]__extracted\fulladd\fulladd.sim\sim_1\behav\xsim\fulladd_tb.tcl,.tcl,460,0e126fcc5f0a42aba5569cac225a2879a0382620ef02a41ff913a248e84ec864,9,학부 과제 및 프로젝트\컨트롤로직설계\FSM__extracted\FSM\FSM.sim\sim_1\behav\xsim\mealy_tb.tcl,DUPLICATE,Exact SHA-256 duplicate of the canonical source record.
SRC-0741,컨트롤로직설계,fulladd_[STUDENT-ID]_[AUTHOR]__extracted\fulladd\fulladd.sim\sim_1\behav\xsim\fulladd_tb_behav.wdb,.wdb,6781,573b26b4e148f1cbb0990b743a87876c0775853c4510d247de25d5622e3f228f,2,학부 과제 및 프로젝트\컨트롤로직설계\fulladd_[STUDENT-ID]_[AUTHOR]__extracted\fulladd\fulladd.sim\sim_1\behav\xsim\fulladd_tb_behav.wdb,PUBLIC_REFERENCE_ONLY,Retained for provenance; not selected for direct publication.
SRC-0742,컨트롤로직설계,fulladd_[STUDENT-ID]_[AUTHOR]__extracted\fulladd\fulladd.sim\sim_1\behav\xsim\simulate.bat,.bat,1029,134a473c26689a80c81ab48f3448efbf375d3d0218da32ec3e965c3e74664ec1,2,학부 과제 및 프로젝트\컨트롤로직설계\fulladd_[STUDENT-ID]_[AUTHOR]__extracted\fulladd\fulladd.sim\sim_1\behav\xsim\simulate.bat,PUBLIC_REFERENCE_ONLY,Original project or simulator context retained as supporting execution evidence.
SRC-0743,컨트롤로직설계,fulladd_[STUDENT-ID]_[AUTHOR]__extracted\fulladd\fulladd.sim\sim_1\behav\xsim\simulate.log,.log,25,c3010a11fe802ab44438e8118ebc44fcdf776f650837cfcd429ef0d2dd4f6de0,6,학부 과제 및 프로젝트\컨트롤로직설계\FSM__extracted\FSM\FSM.sim\sim_1\behav\xsim\simulate.log,DUPLICATE,Exact SHA-256 duplicate of the canonical source record.
SRC-0744,컨트롤로직설계,fulladd_[STUDENT-ID]_[AUTHOR]__extracted\fulladd\fulladd.sim\sim_1\behav\xsim\xelab.pb,.pb,1707,2181df29523d237366cec8ad07f5df860b1881b145505cf617982deffdc45141,2,학부 과제 및 프로젝트\컨트롤로직설계\fulladd_[STUDENT-ID]_[AUTHOR]__extracted\fulladd\fulladd.sim\sim_1\behav\xsim\xelab.pb,NOT_RELEVANT_WITH_REASON,Generated IDE/simulator/compiler cache or binary build artifact.
SRC-0745,컨트롤로직설계,fulladd_[STUDENT-ID]_[AUTHOR]__extracted\fulladd\fulladd.sim\sim_1\behav\xsim\xsim.dir\add_4bits_tb_behav\Compile_Options.txt,.txt,161,5679c26d98fe3154455ee165dd8c794b36851b2590a982a3249cd9100a640dd8,2,학부 과제 및 프로젝트\컨트롤로직설계\fulladd_[STUDENT-ID]_[AUTHOR]__extracted\fulladd\fulladd.sim\sim_1\behav\xsim\xsim.dir\add_4bits_tb_behav\Compile_Options.txt,NOT_RELEVANT_WITH_REASON,Generated IDE/simulator/compiler cache or binary build artifact.
SRC-0746,컨트롤로직설계,fulladd_[STUDENT-ID]_[AUTHOR]__extracted\fulladd\fulladd.sim\sim_1\behav\xsim\xsim.dir\add_4bits_tb_behav\obj\xsim_0.win64.obj,.obj,3633,832d1fd063d67c96626c488d99b6bbe530de5ee8602debaa69bcec6cd6884b22,2,학부 과제 및 프로젝트\컨트롤로직설계\fulladd_[STUDENT-ID]_[AUTHOR]__extracted\fulladd\fulladd.sim\sim_1\behav\xsim\xsim.dir\add_4bits_tb_behav\obj\xsim_0.win64.obj,NOT_RELEVANT_WITH_REASON,Generated IDE/simulator/compiler cache or binary build artifact.
SRC-0747,컨트롤로직설계,fulladd_[STUDENT-ID]_[AUTHOR]__extracted\fulladd\fulladd.sim\sim_1\behav\xsim\xsim.dir\add_4bits_tb_behav\obj\xsim_1.c,.c,4664,8f5e9b41ce477ce00f8d74e6469046529c7d5aa63c9a609e7437605af1cc1d33,2,학부 과제 및 프로젝트\컨트롤로직설계\fulladd_[STUDENT-ID]_[AUTHOR]__extracted\fulladd\fulladd.sim\sim_1\behav\xsim\xsim.dir\add_4bits_tb_behav\obj\xsim_1.c,NOT_RELEVANT_WITH_REASON,Generated IDE/simulator/compiler cache or binary build artifact.
SRC-0748,컨트롤로직설계,fulladd_[STUDENT-ID]_[AUTHOR]__extracted\fulladd\fulladd.sim\sim_1\behav\xsim\xsim.dir\add_4bits_tb_behav\obj\xsim_1.win64.obj,.obj,2786,94131580ef32a33f582908bf843f679acce479bc7c7324410d542f5d13ad6b50,2,학부 과제 및 프로젝트\컨트롤로직설계\fulladd_[STUDENT-ID]_[AUTHOR]__extracted\fulladd\fulladd.sim\sim_1\behav\xsim\xsim.dir\add_4bits_tb_behav\obj\xsim_1.win64.obj,NOT_RELEVANT_WITH_REASON,Generated IDE/simulator/compiler cache or binary build artifact.
SRC-0749,컨트롤로직설계,fulladd_[STUDENT-ID]_[AUTHOR]__extracted\fulladd\fulladd.sim\sim_1\behav\xsim\xsim.dir\add_4bits_tb_behav\TempBreakPointFile.txt,.txt,29,89bd34ab9b7056058ec7acc5470f6ec95f1ef47b9aeb329d53e24d38b9607451,9,학부 과제 및 프로젝트\컨트롤로직설계\FSM__extracted\FSM\FSM.sim\sim_1\behav\xsim\xsim.dir\mealy_tb_behav\TempBreakPointFile.txt,DUPLICATE,Exact SHA-256 duplicate of the canonical source record.
SRC-0750,컨트롤로직설계,fulladd_[STUDENT-ID]_[AUTHOR]__extracted\fulladd\fulladd.sim\sim_1\behav\xsim\xsim.dir\add_4bits_tb_behav\xsim.dbg,.dbg,6480,ea016cd45b796f7b523e3f677a13e50a1522978ece63a99d8ce25e51e9a31364,2,학부 과제 및 프로젝트\컨트롤로직설계\fulladd_[STUDENT-ID]_[AUTHOR]__extracted\fulladd\fulladd.sim\sim_1\behav\xsim\xsim.dir\add_4bits_tb_behav\xsim.dbg,NOT_RELEVANT_WITH_REASON,Generated IDE/simulator/compiler cache or binary build artifact.
SRC-0751,컨트롤로직설계,fulladd_[STUDENT-ID]_[AUTHOR]__extracted\fulladd\fulladd.sim\sim_1\behav\xsim\xsim.dir\add_4bits_tb_behav\xsim.mem,.mem,3136,264ddf871a958165c1160a871bfa9982a900ffbb6fca7b0139d50dd17ea2b111,2,학부 과제 및 프로젝트\컨트롤로직설계\fulladd_[STUDENT-ID]_[AUTHOR]__extracted\fulladd\fulladd.sim\sim_1\behav\xsim\xsim.dir\add_4bits_tb_behav\xsim.mem,NOT_RELEVANT_WITH_REASON,Generated IDE/simulator/compiler cache or binary build artifact.
SRC-0752,컨트롤로직설계,fulladd_[STUDENT-ID]_[AUTHOR]__extracted\fulladd\fulladd.sim\sim_1\behav\xsim\xsim.dir\add_4bits_tb_behav\xsim.reloc,.reloc,1078,dcb0c0f0c14f487eef1f82c4f8e63591ea6660f0c3ad5ecb0cbea845caa24bf2,2,학부 과제 및 프로젝트\컨트롤로직설계\fulladd_[STUDENT-ID]_[AUTHOR]__extracted\fulladd\fulladd.sim\sim_1\behav\xsim\xsim.dir\add_4bits_tb_behav\xsim.reloc,NOT_RELEVANT_WITH_REASON,Generated IDE/simulator/compiler cache or binary build artifact.
SRC-0753,컨트롤로직설계,fulladd_[STUDENT-ID]_[AUTHOR]__extracted\fulladd\fulladd.sim\sim_1\behav\xsim\xsim.dir\add_4bits_tb_behav\xsim.rlx,.rlx,709,f1c80849e2648e7c0ced686c31377258b84f4520e5abf744324446b7724d8bac,2,학부 과제 및 프로젝트\컨트롤로직설계\fulladd_[STUDENT-ID]_[AUTHOR]__extracted\fulladd\fulladd.sim\sim_1\behav\xsim\xsim.dir\add_4bits_tb_behav\xsim.rlx,NOT_RELEVANT_WITH_REASON,Generated IDE/simulator/compiler cache or binary build artifact.
SRC-0754,컨트롤로직설계,fulladd_[STUDENT-ID]_[AUTHOR]__extracted\fulladd\fulladd.sim\sim_1\behav\xsim\xsim.dir\add_4bits_tb_behav\xsim.rtti,.rtti,318,b498cb5b75ff59abe46598d6840bd56c75c980f2eafeedda0c2add4b206dfd5f,2,학부 과제 및 프로젝트\컨트롤로직설계\fulladd_[STUDENT-ID]_[AUTHOR]__extracted\fulladd\fulladd.sim\sim_1\behav\xsim\xsim.dir\add_4bits_tb_behav\xsim.rtti,NOT_RELEVANT_WITH_REASON,Generated IDE/simulator/compiler cache or binary build artifact.
SRC-0755,컨트롤로직설계,fulladd_[STUDENT-ID]_[AUTHOR]__extracted\fulladd\fulladd.sim\sim_1\behav\xsim\xsim.dir\add_4bits_tb_behav\xsim.svtype,.svtype,12,958f8e67d123a4fd3942a588a4447f781501af6120487ff147b2cef0e5076421,9,학부 과제 및 프로젝트\컨트롤로직설계\FSM__extracted\FSM\FSM.sim\sim_1\behav\xsim\xsim.dir\mealy_tb_behav\xsim.svtype,DUPLICATE,Exact SHA-256 duplicate of the canonical source record.
SRC-0756,컨트롤로직설계,fulladd_[STUDENT-ID]_[AUTHOR]__extracted\fulladd\fulladd.sim\sim_1\behav\xsim\xsim.dir\add_4bits_tb_behav\xsim.type,.type,6072,11bcd6c2103604ee97ec7dc0f7c9fe43203cf081e7d6a9eb6db4e9f1a1f56688,2,학부 과제 및 프로젝트\컨트롤로직설계\fulladd_[STUDENT-ID]_[AUTHOR]__extracted\fulladd\fulladd.sim\sim_1\behav\xsim\xsim.dir\add_4bits_tb_behav\xsim.type,NOT_RELEVANT_WITH_REASON,Generated IDE/simulator/compiler cache or binary build artifact.
SRC-0757,컨트롤로직설계,fulladd_[STUDENT-ID]_[AUTHOR]__extracted\fulladd\fulladd.sim\sim_1\behav\xsim\xsim.dir\add_4bits_tb_behav\xsim.xdbg,.xdbg,1536,af9ab043276cee876cdb7d5fda679f0ab06b82ba9c5dbe28df926393949183b7,2,학부 과제 및 프로젝트\컨트롤로직설계\fulladd_[STUDENT-ID]_[AUTHOR]__extracted\fulladd\fulladd.sim\sim_1\behav\xsim\xsim.dir\add_4bits_tb_behav\xsim.xdbg,NOT_RELEVANT_WITH_REASON,Generated IDE/simulator/compiler cache or binary build artifact.
SRC-0758,컨트롤로직설계,fulladd_[STUDENT-ID]_[AUTHOR]__extracted\fulladd\fulladd.sim\sim_1\behav\xsim\xsim.dir\add_4bits_tb_behav\xsimcrash.log,.log,0,e3b0c44298fc1c149afbf4c8996fb92427ae41e4649b934ca495991b7852b855,11,학부 과제 및 프로젝트\컨트롤로직설계\FSM__extracted\FSM\FSM.sim\sim_1\behav\xsim\xsim.dir\mealy_tb_behav\xsimcrash.log,DUPLICATE,Exact SHA-256 duplicate of the canonical source record.
SRC-0759,컨트롤로직설계,fulladd_[STUDENT-ID]_[AUTHOR]__extracted\fulladd\fulladd.sim\sim_1\behav\xsim\xsim.dir\add_4bits_tb_behav\xsimk.exe,.exe,64792,a7e7c72b9c9675b95c3c156284d7f872512545f18577a71db13fb8dc9f5c384d,2,학부 과제 및 프로젝트\컨트롤로직설계\fulladd_[STUDENT-ID]_[AUTHOR]__extracted\fulladd\fulladd.sim\sim_1\behav\xsim\xsim.dir\add_4bits_tb_behav\xsimk.exe,NOT_RELEVANT_WITH_REASON,Generated IDE/simulator/compiler cache or binary build artifact.
SRC-0760,컨트롤로직설계,fulladd_[STUDENT-ID]_[AUTHOR]__extracted\fulladd\fulladd.sim\sim_1\behav\xsim\xsim.dir\add_4bits_tb_behav\xsimkernel.log,.log,332,b8b16d9f08894fbfc16ccd231a6888c3d2ca66e7c8910721caf9ead002dbb751,2,학부 과제 및 프로젝트\컨트롤로직설계\fulladd_[STUDENT-ID]_[AUTHOR]__extracted\fulladd\fulladd.sim\sim_1\behav\xsim\xsim.dir\add_4bits_tb_behav\xsimkernel.log,NOT_RELEVANT_WITH_REASON,Generated IDE/simulator/compiler cache or binary build artifact.
SRC-0761,컨트롤로직설계,fulladd_[STUDENT-ID]_[AUTHOR]__extracted\fulladd\fulladd.sim\sim_1\behav\xsim\xsim.dir\add_4bits_tb_behav\xsimSettings.ini,.ini,1427,78dabb74386735f34c2c8c0190842392b21818654c2080543be8308cd7cff9eb,2,학부 과제 및 프로젝트\컨트롤로직설계\fulladd_[STUDENT-ID]_[AUTHOR]__extracted\fulladd\fulladd.sim\sim_1\behav\xsim\xsim.dir\add_4bits_tb_behav\xsimSettings.ini,NOT_RELEVANT_WITH_REASON,Generated IDE/simulator/compiler cache or binary build artifact.
SRC-0762,컨트롤로직설계,fulladd_[STUDENT-ID]_[AUTHOR]__extracted\fulladd\fulladd.sim\sim_1\behav\xsim\xsim.dir\fulladd_tb_behav\Compile_Options.txt,.txt,157,c01a483fea80e23abcec36b1c4a0d92b9a3a3dcb61fd796bf5abaaa16e6e3b9e,2,학부 과제 및 프로젝트\컨트롤로직설계\fulladd_[STUDENT-ID]_[AUTHOR]__extracted\fulladd\fulladd.sim\sim_1\behav\xsim\xsim.dir\fulladd_tb_behav\Compile_Options.txt,NOT_RELEVANT_WITH_REASON,Generated IDE/simulator/compiler cache or binary build artifact.
SRC-0763,컨트롤로직설계,fulladd_[STUDENT-ID]_[AUTHOR]__extracted\fulladd\fulladd.sim\sim_1\behav\xsim\xsim.dir\fulladd_tb_behav\obj\xsim_0.win64.obj,.obj,3936,71423de74a96e1daa185c765d623d5407ae60efa28615697bba94bf5c7c362a8,2,학부 과제 및 프로젝트\컨트롤로직설계\fulladd_[STUDENT-ID]_[AUTHOR]__extracted\fulladd\fulladd.sim\sim_1\behav\xsim\xsim.dir\fulladd_tb_behav\obj\xsim_0.win64.obj,NOT_RELEVANT_WITH_REASON,Generated IDE/simulator/compiler cache or binary build artifact.
SRC-0764,컨트롤로직설계,fulladd_[STUDENT-ID]_[AUTHOR]__extracted\fulladd\fulladd.sim\sim_1\behav\xsim\xsim.dir\fulladd_tb_behav\obj\xsim_1.c,.c,4652,fd7476e1c22a85245a83cc8ed2964abd4be4cbede8c1af879093b69d89860e7c,2,학부 과제 및 프로젝트\컨트롤로직설계\fulladd_[STUDENT-ID]_[AUTHOR]__extracted\fulladd\fulladd.sim\sim_1\behav\xsim\xsim.dir\fulladd_tb_behav\obj\xsim_1.c,NOT_RELEVANT_WITH_REASON,Generated IDE/simulator/compiler cache or binary build artifact.
SRC-0765,컨트롤로직설계,fulladd_[STUDENT-ID]_[AUTHOR]__extracted\fulladd\fulladd.sim\sim_1\behav\xsim\xsim.dir\fulladd_tb_behav\obj\xsim_1.win64.obj,.obj,2770,9d42b64188483d8275cc83ea9a838e9cc26bf6a907eb33044568c6a4e31cc408,2,학부 과제 및 프로젝트\컨트롤로직설계\fulladd_[STUDENT-ID]_[AUTHOR]__extracted\fulladd\fulladd.sim\sim_1\behav\xsim\xsim.dir\fulladd_tb_behav\obj\xsim_1.win64.obj,NOT_RELEVANT_WITH_REASON,Generated IDE/simulator/compiler cache or binary build artifact.
SRC-0766,컨트롤로직설계,fulladd_[STUDENT-ID]_[AUTHOR]__extracted\fulladd\fulladd.sim\sim_1\behav\xsim\xsim.dir\fulladd_tb_behav\TempBreakPointFile.txt,.txt,29,89bd34ab9b7056058ec7acc5470f6ec95f1ef47b9aeb329d53e24d38b9607451,9,학부 과제 및 프로젝트\컨트롤로직설계\FSM__extracted\FSM\FSM.sim\sim_1\behav\xsim\xsim.dir\mealy_tb_behav\TempBreakPointFile.txt,DUPLICATE,Exact SHA-256 duplicate of the canonical source record.
SRC-0767,컨트롤로직설계,fulladd_[STUDENT-ID]_[AUTHOR]__extracted\fulladd\fulladd.sim\sim_1\behav\xsim\xsim.dir\fulladd_tb_behav\xsim.dbg,.dbg,3416,de708146726f2550953ad36331e9e593b9faaa50794c87571d6529a1071928d6,2,학부 과제 및 프로젝트\컨트롤로직설계\fulladd_[STUDENT-ID]_[AUTHOR]__extracted\fulladd\fulladd.sim\sim_1\behav\xsim\xsim.dir\fulladd_tb_behav\xsim.dbg,NOT_RELEVANT_WITH_REASON,Generated IDE/simulator/compiler cache or binary build artifact.
SRC-0768,컨트롤로직설계,fulladd_[STUDENT-ID]_[AUTHOR]__extracted\fulladd\fulladd.sim\sim_1\behav\xsim\xsim.dir\fulladd_tb_behav\xsim.mem,.mem,2550,30b9090a58bee4a6f998147eeac4aec51e986d33413ba98b948d1969e82075cf,2,학부 과제 및 프로젝트\컨트롤로직설계\fulladd_[STUDENT-ID]_[AUTHOR]__extracted\fulladd\fulladd.sim\sim_1\behav\xsim\xsim.dir\fulladd_tb_behav\xsim.mem,NOT_RELEVANT_WITH_REASON,Generated IDE/simulator/compiler cache or binary build artifact.
SRC-0769,컨트롤로직설계,fulladd_[STUDENT-ID]_[AUTHOR]__extracted\fulladd\fulladd.sim\sim_1\behav\xsim\xsim.dir\fulladd_tb_behav\xsim.reloc,.reloc,376,c53fab79a3c562a28058f13c5ffc927a563f4f192d0a41196fc68ef6f6b17f33,2,학부 과제 및 프로젝트\컨트롤로직설계\fulladd_[STUDENT-ID]_[AUTHOR]__extracted\fulladd\fulladd.sim\sim_1\behav\xsim\xsim.dir\fulladd_tb_behav\xsim.reloc,NOT_RELEVANT_WITH_REASON,Generated IDE/simulator/compiler cache or binary build artifact.
SRC-0770,컨트롤로직설계,fulladd_[STUDENT-ID]_[AUTHOR]__extracted\fulladd\fulladd.sim\sim_1\behav\xsim\xsim.dir\fulladd_tb_behav\xsim.rlx,.rlx,702,d492d46c86d1123133258c9a46f11e9c3f31cb3934ad29556b498957ef258ada,2,학부 과제 및 프로젝트\컨트롤로직설계\fulladd_[STUDENT-ID]_[AUTHOR]__extracted\fulladd\fulladd.sim\sim_1\behav\xsim\xsim.dir\fulladd_tb_behav\xsim.rlx,NOT_RELEVANT_WITH_REASON,Generated IDE/simulator/compiler cache or binary build artifact.
SRC-0771,컨트롤로직설계,fulladd_[STUDENT-ID]_[AUTHOR]__extracted\fulladd\fulladd.sim\sim_1\behav\xsim\xsim.dir\fulladd_tb_behav\xsim.rtti,.rtti,122,0096a88f39eb80f375fe695ff289cea4b5bb09d1aeb48092ed301b1c02056d4f,2,학부 과제 및 프로젝트\컨트롤로직설계\fulladd_[STUDENT-ID]_[AUTHOR]__extracted\fulladd\fulladd.sim\sim_1\behav\xsim\xsim.dir\fulladd_tb_behav\xsim.rtti,NOT_RELEVANT_WITH_REASON,Generated IDE/simulator/compiler cache or binary build artifact.
SRC-0772,컨트롤로직설계,fulladd_[STUDENT-ID]_[AUTHOR]__extracted\fulladd\fulladd.sim\sim_1\behav\xsim\xsim.dir\fulladd_tb_behav\xsim.svtype,.svtype,12,958f8e67d123a4fd3942a588a4447f781501af6120487ff147b2cef0e5076421,9,학부 과제 및 프로젝트\컨트롤로직설계\FSM__extracted\FSM\FSM.sim\sim_1\behav\xsim\xsim.dir\mealy_tb_behav\xsim.svtype,DUPLICATE,Exact SHA-256 duplicate of the canonical source record.
SRC-0773,컨트롤로직설계,fulladd_[STUDENT-ID]_[AUTHOR]__extracted\fulladd\fulladd.sim\sim_1\behav\xsim\xsim.dir\fulladd_tb_behav\xsim.type,.type,6072,c3c0600ac3e9a55dd57d70e371eb11afe77e82d39955cab8ed6d69bc6329f2ef,2,학부 과제 및 프로젝트\컨트롤로직설계\fulladd_[STUDENT-ID]_[AUTHOR]__extracted\fulladd\fulladd.sim\sim_1\behav\xsim\xsim.dir\fulladd_tb_behav\xsim.type,NOT_RELEVANT_WITH_REASON,Generated IDE/simulator/compiler cache or binary build artifact.
SRC-0774,컨트롤로직설계,fulladd_[STUDENT-ID]_[AUTHOR]__extracted\fulladd\fulladd.sim\sim_1\behav\xsim\xsim.dir\fulladd_tb_behav\xsim.xdbg,.xdbg,480,4fc333ab26b10a8988ad26661cba25a88c46a9e6206cda0b0e3e6bc9b48b7f29,2,학부 과제 및 프로젝트\컨트롤로직설계\fulladd_[STUDENT-ID]_[AUTHOR]__extracted\fulladd\fulladd.sim\sim_1\behav\xsim\xsim.dir\fulladd_tb_behav\xsim.xdbg,NOT_RELEVANT_WITH_REASON,Generated IDE/simulator/compiler cache or binary build artifact.
SRC-0775,컨트롤로직설계,fulladd_[STUDENT-ID]_[AUTHOR]__extracted\fulladd\fulladd.sim\sim_1\behav\xsim\xsim.dir\fulladd_tb_behav\xsimcrash.log,.log,0,e3b0c44298fc1c149afbf4c8996fb92427ae41e4649b934ca495991b7852b855,11,학부 과제 및 프로젝트\컨트롤로직설계\FSM__extracted\FSM\FSM.sim\sim_1\behav\xsim\xsim.dir\mealy_tb_behav\xsimcrash.log,DUPLICATE,Exact SHA-256 duplicate of the canonical source record.
SRC-0776,컨트롤로직설계,fulladd_[STUDENT-ID]_[AUTHOR]__extracted\fulladd\fulladd.sim\sim_1\behav\xsim\xsim.dir\fulladd_tb_behav\xsimk.exe,.exe,63797,a9b44e34ccdaf1be406346dbc5b6244e6109d0c11776936cba1a19c4d76dc046,2,학부 과제 및 프로젝트\컨트롤로직설계\fulladd_[STUDENT-ID]_[AUTHOR]__extracted\fulladd\fulladd.sim\sim_1\behav\xsim\xsim.dir\fulladd_tb_behav\xsimk.exe,NOT_RELEVANT_WITH_REASON,Generated IDE/simulator/compiler cache or binary build artifact.
SRC-0777,컨트롤로직설계,fulladd_[STUDENT-ID]_[AUTHOR]__extracted\fulladd\fulladd.sim\sim_1\behav\xsim\xsim.dir\fulladd_tb_behav\xsimkernel.log,.log,326,6482e32dddcd9c27de923de37d4e4b95c2935b966456fdc025228bb0a2da6466,2,학부 과제 및 프로젝트\컨트롤로직설계\fulladd_[STUDENT-ID]_[AUTHOR]__extracted\fulladd\fulladd.sim\sim_1\behav\xsim\xsim.dir\fulladd_tb_behav\xsimkernel.log,NOT_RELEVANT_WITH_REASON,Generated IDE/simulator/compiler cache or binary build artifact.
SRC-0778,컨트롤로직설계,fulladd_[STUDENT-ID]_[AUTHOR]__extracted\fulladd\fulladd.sim\sim_1\behav\xsim\xsim.dir\fulladd_tb_behav\xsimSettings.ini,.ini,1429,b75cbdf22faf488b1762e4176f498955e263f150f3e842dc399ff347db8bc2dd,2,학부 과제 및 프로젝트\컨트롤로직설계\fulladd_[STUDENT-ID]_[AUTHOR]__extracted\fulladd\fulladd.sim\sim_1\behav\xsim\xsim.dir\fulladd_tb_behav\xsimSettings.ini,NOT_RELEVANT_WITH_REASON,Generated IDE/simulator/compiler cache or binary build artifact.
SRC-0779,컨트롤로직설계,fulladd_[STUDENT-ID]_[AUTHOR]__extracted\fulladd\fulladd.sim\sim_1\behav\xsim\xsim.dir\xil_defaultlib\add_4bits.vdb,.vdb,3678,71e5948dd6e7f527700cb6ec006683b80bd998c4bd32a81d1852d3ad37065adc,2,학부 과제 및 프로젝트\컨트롤로직설계\fulladd_[STUDENT-ID]_[AUTHOR]__extracted\fulladd\fulladd.sim\sim_1\behav\xsim\xsim.dir\xil_defaultlib\add_4bits.vdb,NOT_RELEVANT_WITH_REASON,Generated IDE/simulator/compiler cache or binary build artifact.
SRC-0780,컨트롤로직설계,fulladd_[STUDENT-ID]_[AUTHOR]__extracted\fulladd\fulladd.sim\sim_1\behav\xsim\xsim.dir\xil_defaultlib\add_4bits_tb.vdb,.vdb,3600,7792ad98d605a36c5802f00f29c3b2e878c87630dafb7e8ce3e4b818d9b4b23f,2,학부 과제 및 프로젝트\컨트롤로직설계\fulladd_[STUDENT-ID]_[AUTHOR]__extracted\fulladd\fulladd.sim\sim_1\behav\xsim\xsim.dir\xil_defaultlib\add_4bits_tb.vdb,NOT_RELEVANT_WITH_REASON,Generated IDE/simulator/compiler cache or binary build artifact.
SRC-0781,컨트롤로직설계,fulladd_[STUDENT-ID]_[AUTHOR]__extracted\fulladd\fulladd.sim\sim_1\behav\xsim\xsim.dir\xil_defaultlib\fulladd.vdb,.vdb,2164,01e4c01131c6f7ee3ba592c8db9680f16144ac485a2fb8f9d610c555fe81f13a,2,학부 과제 및 프로젝트\컨트롤로직설계\fulladd_[STUDENT-ID]_[AUTHOR]__extracted\fulladd\fulladd.sim\sim_1\behav\xsim\xsim.dir\xil_defaultlib\fulladd.vdb,NOT_RELEVANT_WITH_REASON,Generated IDE/simulator/compiler cache or binary build artifact.
SRC-0782,컨트롤로직설계,fulladd_[STUDENT-ID]_[AUTHOR]__extracted\fulladd\fulladd.sim\sim_1\behav\xsim\xsim.dir\xil_defaultlib\fulladd_tb.vdb,.vdb,3987,ca99e52874c52970cdd4c6a81b9160dd375a7751396ff2ed590d5b051639b6c3,2,학부 과제 및 프로젝트\컨트롤로직설계\fulladd_[STUDENT-ID]_[AUTHOR]__extracted\fulladd\fulladd.sim\sim_1\behav\xsim\xsim.dir\xil_defaultlib\fulladd_tb.vdb,NOT_RELEVANT_WITH_REASON,Generated IDE/simulator/compiler cache or binary build artifact.
SRC-0783,컨트롤로직설계,fulladd_[STUDENT-ID]_[AUTHOR]__extracted\fulladd\fulladd.sim\sim_1\behav\xsim\xsim.dir\xil_defaultlib\xil_defaultlib.rlx,.rlx,440,27396d4b6b6c1c0cb3c3a211fadea8bb144873e4225419debede58fbcc618967,2,학부 과제 및 프로젝트\컨트롤로직설계\fulladd_[STUDENT-ID]_[AUTHOR]__extracted\fulladd\fulladd.sim\sim_1\behav\xsim\xsim.dir\xil_defaultlib\xil_defaultlib.rlx,NOT_RELEVANT_WITH_REASON,Generated IDE/simulator/compiler cache or binary build artifact.
SRC-0784,컨트롤로직설계,fulladd_[STUDENT-ID]_[AUTHOR]__extracted\fulladd\fulladd.sim\sim_1\behav\xsim\xsim.ini,.ini,40,d64f4fd0bfefe0536e46919ec0e23695974405b86260a51e1daa0e2d90b2b323,6,학부 과제 및 프로젝트\컨트롤로직설계\FSM__extracted\FSM\FSM.sim\sim_1\behav\xsim\xsim.ini,DUPLICATE,Exact SHA-256 duplicate of the canonical source record.
SRC-0785,컨트롤로직설계,fulladd_[STUDENT-ID]_[AUTHOR]__extracted\fulladd\fulladd.sim\sim_1\behav\xsim\xvhdl.log,.log,186,e79eaec106196b844cb69c4a96f3a645fc4cfec3eb960f2a7b6480f1f4ee3239,4,학부 과제 및 프로젝트\컨트롤로직설계\fulladd_[STUDENT-ID]_[AUTHOR]__extracted\fulladd\fulladd.sim\sim_1\behav\xsim\xvhdl.log,PUBLIC_REFERENCE_ONLY,Original project or simulator context retained as supporting execution evidence.
SRC-0786,컨트롤로직설계,fulladd_[STUDENT-ID]_[AUTHOR]__extracted\fulladd\fulladd.sim\sim_1\behav\xsim\xvhdl.pb,.pb,266,e9f1edfaf29401398b1be15adfd2dc64a30756fee65815d80a61be40a76ebc08,2,학부 과제 및 프로젝트\컨트롤로직설계\fulladd_[STUDENT-ID]_[AUTHOR]__extracted\fulladd\fulladd.sim\sim_1\behav\xsim\xvhdl.pb,NOT_RELEVANT_WITH_REASON,Generated IDE/simulator/compiler cache or binary build artifact.
SRC-0787,컨트롤로직설계,fulladd_[STUDENT-ID]_[AUTHOR]__extracted\fulladd\fulladd.srcs\sim_1\new\add_4bits_tb.vhd,.vhd,1825,d80b75138f9287c98ff0541a5894ba9b34f1ad68de8c754cd92ef2ea758219ed,2,학부 과제 및 프로젝트\컨트롤로직설계\fulladd_[STUDENT-ID]_[AUTHOR]__extracted\fulladd\fulladd.srcs\sim_1\new\add_4bits_tb.vhd,PUBLIC_USED,"Primary student-authored report, source, calculation, or visual evidence."
SRC-0788,컨트롤로직설계,fulladd_[STUDENT-ID]_[AUTHOR]__extracted\fulladd\fulladd.srcs\sim_1\new\fulladd_tb.vhd,.vhd,1700,d1ca3d8a22cf36d9aa9c287e8d31975bd96265b57ff41b4a1b9a479a099321fb,2,학부 과제 및 프로젝트\컨트롤로직설계\fulladd_[STUDENT-ID]_[AUTHOR]__extracted\fulladd\fulladd.srcs\sim_1\new\fulladd_tb.vhd,PUBLIC_USED,"Primary student-authored report, source, calculation, or visual evidence."
SRC-0789,컨트롤로직설계,fulladd_[STUDENT-ID]_[AUTHOR]__extracted\fulladd\fulladd.srcs\sources_1\new\add_4bits.vhd,.vhd,1546,33dfadf9e61de5dd1067a364bb9486440c932071e4b7fbbb3b7615b0427ab37b,2,학부 과제 및 프로젝트\컨트롤로직설계\fulladd_[STUDENT-ID]_[AUTHOR]__extracted\fulladd\fulladd.srcs\sources_1\new\add_4bits.vhd,PUBLIC_USED,"Primary student-authored report, source, calculation, or visual evidence."
SRC-0790,컨트롤로직설계,fulladd_[STUDENT-ID]_[AUTHOR]__extracted\fulladd\fulladd.srcs\sources_1\new\fulladd.vhd,.vhd,1213,e535b6859692e7bd251ac0a6148bed5c843aeaefe75c7de26afd3f7a3dc2d2af,2,학부 과제 및 프로젝트\컨트롤로직설계\fulladd_[STUDENT-ID]_[AUTHOR]__extracted\fulladd\fulladd.srcs\sources_1\new\fulladd.vhd,PUBLIC_USED,"Primary student-authored report, source, calculation, or visual evidence."
SRC-0791,컨트롤로직설계,fulladd_[STUDENT-ID]_[AUTHOR]__extracted\fulladd\fulladd.xpr,.xpr,11766,35909ab2f7f18ecc8ac245ae92e9492c974af1d02a296ce7db6ea79bdf5ba922,2,학부 과제 및 프로젝트\컨트롤로직설계\fulladd_[STUDENT-ID]_[AUTHOR]__extracted\fulladd\fulladd.xpr,PUBLIC_REFERENCE_ONLY,Original project or simulator context retained as supporting execution evidence.
SRC-0792,컨트롤로직설계,mealy_[STUDENT-ID]_[AUTHOR].zip,.zip,59499,1c6d14f5d0d016922aaa6714427301a9ad7d34a84dd9c85bd6e5439b3093c0c2,1,학부 과제 및 프로젝트\컨트롤로직설계\mealy_[STUDENT-ID]_[AUTHOR].zip,PUBLIC_REFERENCE_ONLY,Archive provenance retained; publish curated extracted sources only.
SRC-0793,컨트롤로직설계,mealy_[STUDENT-ID]_[AUTHOR]__extracted\mealy_[STUDENT-ID]_[AUTHOR]\mealy.cache\sim\ssm.db,.db,538,fc913b6bffc3e15c5399bd1637427b3af8d41a62e59db7e9d5c7b76dc6a9d007,2,학부 과제 및 프로젝트\컨트롤로직설계\mealy_[STUDENT-ID]_[AUTHOR]__extracted\mealy_[STUDENT-ID]_[AUTHOR]\mealy.cache\sim\ssm.db,NOT_RELEVANT_WITH_REASON,Generated IDE/simulator/compiler cache or binary build artifact.
SRC-0794,컨트롤로직설계,mealy_[STUDENT-ID]_[AUTHOR]__extracted\mealy_[STUDENT-ID]_[AUTHOR]\mealy.cache\wt\project.wpc,.wpc,61,868826f37ffb4c6f5b92e253c7d473f0effa236e823a5923a3691677b870cadb,2,학부 과제 및 프로젝트\컨트롤로직설계\mealy_[STUDENT-ID]_[AUTHOR]__extracted\mealy_[STUDENT-ID]_[AUTHOR]\mealy.cache\wt\project.wpc,NOT_RELEVANT_WITH_REASON,Generated IDE/simulator/compiler cache or binary build artifact.
SRC-0795,컨트롤로직설계,mealy_[STUDENT-ID]_[AUTHOR]__extracted\mealy_[STUDENT-ID]_[AUTHOR]\mealy.cache\wt\xsim.wdf,.wdf,239,b986f962cc352b71cac258678a0d4733322cc86dcac7a75a58cfc03cc7fbac68,3,학부 과제 및 프로젝트\컨트롤로직설계\FSM__extracted\FSM\FSM.cache\wt\xsim.wdf,DUPLICATE,Exact SHA-256 duplicate of the canonical source record.
SRC-0796,컨트롤로직설계,mealy_[STUDENT-ID]_[AUTHOR]__extracted\mealy_[STUDENT-ID]_[AUTHOR]\mealy.hw\mealy.lpr,.lpr,425,956ac2b2222073e9f7a75d89a32126f47576bd26f6cf1538d09866305512d6ce,6,학부 과제 및 프로젝트\컨트롤로직설계\FSM__extracted\FSM\FSM.hw\FSM.lpr,DUPLICATE,Exact SHA-256 duplicate of the canonical source record.
SRC-0797,컨트롤로직설계,mealy_[STUDENT-ID]_[AUTHOR]__extracted\mealy_[STUDENT-ID]_[AUTHOR]\mealy.ip_user_files\README.txt,.txt,130,fe9e48b0b3fcff2e6267f4bc6bdef859fa1201c41ac49c473b9e414120b0a8c4,6,학부 과제 및 프로젝트\컨트롤로직설계\FSM__extracted\FSM\FSM.ip_user_files\README.txt,DUPLICATE,Exact SHA-256 duplicate of the canonical source record.
SRC-0798,컨트롤로직설계,mealy_[STUDENT-ID]_[AUTHOR]__extracted\mealy_[STUDENT-ID]_[AUTHOR]\mealy.sim\sim_1\behav\xsim\compile.bat,.bat,939,17176de307ffd321146be4c804b88dc01ca0aaadb367af34f92dedc54c31e773,2,학부 과제 및 프로젝트\컨트롤로직설계\mealy_[STUDENT-ID]_[AUTHOR]__extracted\mealy_[STUDENT-ID]_[AUTHOR]\mealy.sim\sim_1\behav\xsim\compile.bat,PUBLIC_REFERENCE_ONLY,Original project or simulator context retained as supporting execution evidence.
SRC-0799,컨트롤로직설계,mealy_[STUDENT-ID]_[AUTHOR]__extracted\mealy_[STUDENT-ID]_[AUTHOR]\mealy.sim\sim_1\behav\xsim\elaborate.bat,.bat,1067,6a61faf53646b2a1ee3d00d22fb9d810d49e632bf1b0348e06e5ac659e9f710b,2,학부 과제 및 프로젝트\컨트롤로직설계\mealy_[STUDENT-ID]_[AUTHOR]__extracted\mealy_[STUDENT-ID]_[AUTHOR]\mealy.sim\sim_1\behav\xsim\elaborate.bat,PUBLIC_REFERENCE_ONLY,Original project or simulator context retained as supporting execution evidence.
SRC-0800,컨트롤로직설계,mealy_[STUDENT-ID]_[AUTHOR]__extracted\mealy_[STUDENT-ID]_[AUTHOR]\mealy.sim\sim_1\behav\xsim\elaborate.log,.log,531,10e1fbb839723da186802f6608e6d8ff61c58f84b2d37cfef83b5eb207090758,2,학부 과제 및 프로젝트\컨트롤로직설계\mealy_[STUDENT-ID]_[AUTHOR]__extracted\mealy_[STUDENT-ID]_[AUTHOR]\mealy.sim\sim_1\behav\xsim\elaborate.log,PUBLIC_REFERENCE_ONLY,Original project or simulator context retained as supporting execution evidence.
SRC-0801,컨트롤로직설계,mealy_[STUDENT-ID]_[AUTHOR]__extracted\mealy_[STUDENT-ID]_[AUTHOR]\mealy.sim\sim_1\behav\xsim\mealy_tb.tcl,.tcl,460,0e126fcc5f0a42aba5569cac225a2879a0382620ef02a41ff913a248e84ec864,9,학부 과제 및 프로젝트\컨트롤로직설계\FSM__extracted\FSM\FSM.sim\sim_1\behav\xsim\mealy_tb.tcl,DUPLICATE,Exact SHA-256 duplicate of the canonical source record.
SRC-0802,컨트롤로직설계,mealy_[STUDENT-ID]_[AUTHOR]__extracted\mealy_[STUDENT-ID]_[AUTHOR]\mealy.sim\sim_1\behav\xsim\mealy_tb_behav.wdb,.wdb,8859,a95d58da6355ac1b8a41fede3b18f8057490517b8fcd56fb7ad49826d2cd1139,2,학부 과제 및 프로젝트\컨트롤로직설계\mealy_[STUDENT-ID]_[AUTHOR]__extracted\mealy_[STUDENT-ID]_[AUTHOR]\mealy.sim\sim_1\behav\xsim\mealy_tb_behav.wdb,PUBLIC_REFERENCE_ONLY,Retained for provenance; not selected for direct publication.
SRC-0803,컨트롤로직설계,mealy_[STUDENT-ID]_[AUTHOR]__extracted\mealy_[STUDENT-ID]_[AUTHOR]\mealy.sim\sim_1\behav\xsim\mealy_tb_vhdl.prj,.prj,202,4ce43d247aa5885feb217e0849376c1530b19d1483cff18e4af0227e81ad64de,2,학부 과제 및 프로젝트\컨트롤로직설계\mealy_[STUDENT-ID]_[AUTHOR]__extracted\mealy_[STUDENT-ID]_[AUTHOR]\mealy.sim\sim_1\behav\xsim\mealy_tb_vhdl.prj,PUBLIC_REFERENCE_ONLY,Original project or simulator context retained as supporting execution evidence.
SRC-0804,컨트롤로직설계,mealy_[STUDENT-ID]_[AUTHOR]__extracted\mealy_[STUDENT-ID]_[AUTHOR]\mealy.sim\sim_1\behav\xsim\simulate.bat,.bat,1005,3989b8fb143692a6803cf75f727cb6e3d2902eace942a208d86440568b1e5f3f,2,학부 과제 및 프로젝트\컨트롤로직설계\mealy_[STUDENT-ID]_[AUTHOR]__extracted\mealy_[STUDENT-ID]_[AUTHOR]\mealy.sim\sim_1\behav\xsim\simulate.bat,PUBLIC_REFERENCE_ONLY,Original project or simulator context retained as supporting execution evidence.
SRC-0805,컨트롤로직설계,mealy_[STUDENT-ID]_[AUTHOR]__extracted\mealy_[STUDENT-ID]_[AUTHOR]\mealy.sim\sim_1\behav\xsim\simulate.log,.log,25,c3010a11fe802ab44438e8118ebc44fcdf776f650837cfcd429ef0d2dd4f6de0,6,학부 과제 및 프로젝트\컨트롤로직설계\FSM__extracted\FSM\FSM.sim\sim_1\behav\xsim\simulate.log,DUPLICATE,Exact SHA-256 duplicate of the canonical source record.
SRC-0806,컨트롤로직설계,mealy_[STUDENT-ID]_[AUTHOR]__extracted\mealy_[STUDENT-ID]_[AUTHOR]\mealy.sim\sim_1\behav\xsim\xelab.pb,.pb,838,435e2f49b5a7466a095090614a7f7a65bdae38fb4c89c537fc08f95970b0fbc1,2,학부 과제 및 프로젝트\컨트롤로직설계\mealy_[STUDENT-ID]_[AUTHOR]__extracted\mealy_[STUDENT-ID]_[AUTHOR]\mealy.sim\sim_1\behav\xsim\xelab.pb,NOT_RELEVANT_WITH_REASON,Generated IDE/simulator/compiler cache or binary build artifact.
SRC-0807,컨트롤로직설계,mealy_[STUDENT-ID]_[AUTHOR]__extracted\mealy_[STUDENT-ID]_[AUTHOR]\mealy.sim\sim_1\behav\xsim\xsim.dir\mealy_tb_behav\Compile_Options.txt,.txt,153,ae79223988ae80cbd37e4b0902a580a661cd85541ac92d744c9852f0b14b2bd6,3,학부 과제 및 프로젝트\컨트롤로직설계\FSM__extracted\FSM\FSM.sim\sim_1\behav\xsim\xsim.dir\mealy_tb_behav\Compile_Options.txt,DUPLICATE,Exact SHA-256 duplicate of the canonical source record.
SRC-0808,컨트롤로직설계,mealy_[STUDENT-ID]_[AUTHOR]__extracted\mealy_[STUDENT-ID]_[AUTHOR]\mealy.sim\sim_1\behav\xsim\xsim.dir\mealy_tb_behav\obj\xsim_0.win64.obj,.obj,4734,5025d18cd4f9a91ba6d23a907ea51c7fccb214923a3f539e2278e9aa0c697303,2,학부 과제 및 프로젝트\컨트롤로직설계\mealy_[STUDENT-ID]_[AUTHOR]__extracted\mealy_[STUDENT-ID]_[AUTHOR]\mealy.sim\sim_1\behav\xsim\xsim.dir\mealy_tb_behav\obj\xsim_0.win64.obj,NOT_RELEVANT_WITH_REASON,Generated IDE/simulator/compiler cache or binary build artifact.
SRC-0809,컨트롤로직설계,mealy_[STUDENT-ID]_[AUTHOR]__extracted\mealy_[STUDENT-ID]_[AUTHOR]\mealy.sim\sim_1\behav\xsim\xsim.dir\mealy_tb_behav\obj\xsim_1.c,.c,4601,da2e7451a9d09502ccc4f7bbeae5cd5af8753f67efbbe843d074ed872afa1006,3,학부 과제 및 프로젝트\컨트롤로직설계\FSM__extracted\FSM\FSM.sim\sim_1\behav\xsim\xsim.dir\mealy_tb_behav\obj\xsim_1.c,DUPLICATE,Exact SHA-256 duplicate of the canonical source record.
SRC-0810,컨트롤로직설계,mealy_[STUDENT-ID]_[AUTHOR]__extracted\mealy_[STUDENT-ID]_[AUTHOR]\mealy.sim\sim_1\behav\xsim\xsim.dir\mealy_tb_behav\obj\xsim_1.win64.obj,.obj,2733,6b2fcdf39e1fd9ec218cb6b2569f2c4d6e0ba926cf06fbc746b86e3d738cef33,3,학부 과제 및 프로젝트\컨트롤로직설계\FSM__extracted\FSM\FSM.sim\sim_1\behav\xsim\xsim.dir\mealy_tb_behav\obj\xsim_1.win64.obj,DUPLICATE,Exact SHA-256 duplicate of the canonical source record.
SRC-0811,컨트롤로직설계,mealy_[STUDENT-ID]_[AUTHOR]__extracted\mealy_[STUDENT-ID]_[AUTHOR]\mealy.sim\sim_1\behav\xsim\xsim.dir\mealy_tb_behav\TempBreakPointFile.txt,.txt,29,89bd34ab9b7056058ec7acc5470f6ec95f1ef47b9aeb329d53e24d38b9607451,9,학부 과제 및 프로젝트\컨트롤로직설계\FSM__extracted\FSM\FSM.sim\sim_1\behav\xsim\xsim.dir\mealy_tb_behav\TempBreakPointFile.txt,DUPLICATE,Exact SHA-256 duplicate of the canonical source record.
SRC-0812,컨트롤로직설계,mealy_[STUDENT-ID]_[AUTHOR]__extracted\mealy_[STUDENT-ID]_[AUTHOR]\mealy.sim\sim_1\behav\xsim\xsim.dir\mealy_tb_behav\xsim.dbg,.dbg,3128,b74e313ae399da95ba06789a0626063d8aaa66e87a42ff3e8bec58024ed4a832,2,학부 과제 및 프로젝트\컨트롤로직설계\mealy_[STUDENT-ID]_[AUTHOR]__extracted\mealy_[STUDENT-ID]_[AUTHOR]\mealy.sim\sim_1\behav\xsim\xsim.dir\mealy_tb_behav\xsim.dbg,NOT_RELEVANT_WITH_REASON,Generated IDE/simulator/compiler cache or binary build artifact.
SRC-0813,컨트롤로직설계,mealy_[STUDENT-ID]_[AUTHOR]__extracted\mealy_[STUDENT-ID]_[AUTHOR]\mealy.sim\sim_1\behav\xsim\xsim.dir\mealy_tb_behav\xsim.mem,.mem,2504,fb313cc5e71013fe5f16389058da5dedfe1eb61bdbcb26053cd0f91e2931d377,2,학부 과제 및 프로젝트\컨트롤로직설계\mealy_[STUDENT-ID]_[AUTHOR]__extracted\mealy_[STUDENT-ID]_[AUTHOR]\mealy.sim\sim_1\behav\xsim\xsim.dir\mealy_tb_behav\xsim.mem,NOT_RELEVANT_WITH_REASON,Generated IDE/simulator/compiler cache or binary build artifact.
SRC-0814,컨트롤로직설계,mealy_[STUDENT-ID]_[AUTHOR]__extracted\mealy_[STUDENT-ID]_[AUTHOR]\mealy.sim\sim_1\behav\xsim\xsim.dir\mealy_tb_behav\xsim.reloc,.reloc,288,df5bcbe498b4e0eea0adaa1e9d0817f5210d3d740231ff10b50f0e968e1633e7,3,학부 과제 및 프로젝트\컨트롤로직설계\FSM__extracted\FSM\FSM.sim\sim_1\behav\xsim\xsim.dir\mealy_tb_behav\xsim.reloc,DUPLICATE,Exact SHA-256 duplicate of the canonical source record.
SRC-0815,컨트롤로직설계,mealy_[STUDENT-ID]_[AUTHOR]__extracted\mealy_[STUDENT-ID]_[AUTHOR]\mealy.sim\sim_1\behav\xsim\xsim.dir\mealy_tb_behav\xsim.rlx,.rlx,691,433f3b84dddc9d8adf4cebcc5c5e55fb8fa4b086eacc6141716fc079e54a0123,2,학부 과제 및 프로젝트\컨트롤로직설계\mealy_[STUDENT-ID]_[AUTHOR]__extracted\mealy_[STUDENT-ID]_[AUTHOR]\mealy.sim\sim_1\behav\xsim\xsim.dir\mealy_tb_behav\xsim.rlx,NOT_RELEVANT_WITH_REASON,Generated IDE/simulator/compiler cache or binary build artifact.
SRC-0816,컨트롤로직설계,mealy_[STUDENT-ID]_[AUTHOR]__extracted\mealy_[STUDENT-ID]_[AUTHOR]\mealy.sim\sim_1\behav\xsim\xsim.dir\mealy_tb_behav\xsim.rtti,.rtti,299,4e33c153410159dcc37f58e043f5caeb631cdb548dea000240b850787d0ddc63,2,학부 과제 및 프로젝트\컨트롤로직설계\mealy_[STUDENT-ID]_[AUTHOR]__extracted\mealy_[STUDENT-ID]_[AUTHOR]\mealy.sim\sim_1\behav\xsim\xsim.dir\mealy_tb_behav\xsim.rtti,NOT_RELEVANT_WITH_REASON,Generated IDE/simulator/compiler cache or binary build artifact.
SRC-0817,컨트롤로직설계,mealy_[STUDENT-ID]_[AUTHOR]__extracted\mealy_[STUDENT-ID]_[AUTHOR]\mealy.sim\sim_1\behav\xsim\xsim.dir\mealy_tb_behav\xsim.svtype,.svtype,12,958f8e67d123a4fd3942a588a4447f781501af6120487ff147b2cef0e5076421,9,학부 과제 및 프로젝트\컨트롤로직설계\FSM__extracted\FSM\FSM.sim\sim_1\behav\xsim\xsim.dir\mealy_tb_behav\xsim.svtype,DUPLICATE,Exact SHA-256 duplicate of the canonical source record.
SRC-0818,컨트롤로직설계,mealy_[STUDENT-ID]_[AUTHOR]__extracted\mealy_[STUDENT-ID]_[AUTHOR]\mealy.sim\sim_1\behav\xsim\xsim.dir\mealy_tb_behav\xsim.type,.type,6152,d3ecd163ea70852d56a429fcb9f461dc1ea86bf44aa7725f90e3482ccf5734c0,2,학부 과제 및 프로젝트\컨트롤로직설계\mealy_[STUDENT-ID]_[AUTHOR]__extracted\mealy_[STUDENT-ID]_[AUTHOR]\mealy.sim\sim_1\behav\xsim\xsim.dir\mealy_tb_behav\xsim.type,NOT_RELEVANT_WITH_REASON,Generated IDE/simulator/compiler cache or binary build artifact.
SRC-0819,컨트롤로직설계,mealy_[STUDENT-ID]_[AUTHOR]__extracted\mealy_[STUDENT-ID]_[AUTHOR]\mealy.sim\sim_1\behav\xsim\xsim.dir\mealy_tb_behav\xsim.xdbg,.xdbg,392,1e1efef69f96654a0291cbd4007a150cb608fb67cee55e8db15144e739e899e7,2,학부 과제 및 프로젝트\컨트롤로직설계\mealy_[STUDENT-ID]_[AUTHOR]__extracted\mealy_[STUDENT-ID]_[AUTHOR]\mealy.sim\sim_1\behav\xsim\xsim.dir\mealy_tb_behav\xsim.xdbg,NOT_RELEVANT_WITH_REASON,Generated IDE/simulator/compiler cache or binary build artifact.
SRC-0820,컨트롤로직설계,mealy_[STUDENT-ID]_[AUTHOR]__extracted\mealy_[STUDENT-ID]_[AUTHOR]\mealy.sim\sim_1\behav\xsim\xsim.dir\mealy_tb_behav\xsimcrash.log,.log,0,e3b0c44298fc1c149afbf4c8996fb92427ae41e4649b934ca495991b7852b855,11,학부 과제 및 프로젝트\컨트롤로직설계\FSM__extracted\FSM\FSM.sim\sim_1\behav\xsim\xsim.dir\mealy_tb_behav\xsimcrash.log,DUPLICATE,Exact SHA-256 duplicate of the canonical source record.
SRC-0821,컨트롤로직설계,mealy_[STUDENT-ID]_[AUTHOR]__extracted\mealy_[STUDENT-ID]_[AUTHOR]\mealy.sim\sim_1\behav\xsim\xsim.dir\mealy_tb_behav\xsimk.exe,.exe,65219,72eadfeaf007ce48704bbdbe20ba457af96767e1d009a3a0e9a35fce5da79a41,2,학부 과제 및 프로젝트\컨트롤로직설계\mealy_[STUDENT-ID]_[AUTHOR]__extracted\mealy_[STUDENT-ID]_[AUTHOR]\mealy.sim\sim_1\behav\xsim\xsim.dir\mealy_tb_behav\xsimk.exe,NOT_RELEVANT_WITH_REASON,Generated IDE/simulator/compiler cache or binary build artifact.
SRC-0822,컨트롤로직설계,mealy_[STUDENT-ID]_[AUTHOR]__extracted\mealy_[STUDENT-ID]_[AUTHOR]\mealy.sim\sim_1\behav\xsim\xsim.dir\mealy_tb_behav\xsimkernel.log,.log,322,39d8024d8316fc33106337f53560d78edf039a9469e04f1337b1ef0a5452d23c,2,학부 과제 및 프로젝트\컨트롤로직설계\mealy_[STUDENT-ID]_[AUTHOR]__extracted\mealy_[STUDENT-ID]_[AUTHOR]\mealy.sim\sim_1\behav\xsim\xsim.dir\mealy_tb_behav\xsimkernel.log,NOT_RELEVANT_WITH_REASON,Generated IDE/simulator/compiler cache or binary build artifact.
SRC-0823,컨트롤로직설계,mealy_[STUDENT-ID]_[AUTHOR]__extracted\mealy_[STUDENT-ID]_[AUTHOR]\mealy.sim\sim_1\behav\xsim\xsim.dir\mealy_tb_behav\xsimSettings.ini,.ini,1427,5c54074b096f4e7f6cdee4e4d484954f2f8b909ac8fcf227b406fc959f532a58,2,학부 과제 및 프로젝트\컨트롤로직설계\mealy_[STUDENT-ID]_[AUTHOR]__extracted\mealy_[STUDENT-ID]_[AUTHOR]\mealy.sim\sim_1\behav\xsim\xsim.dir\mealy_tb_behav\xsimSettings.ini,NOT_RELEVANT_WITH_REASON,Generated IDE/simulator/compiler cache or binary build artifact.
SRC-0824,컨트롤로직설계,mealy_[STUDENT-ID]_[AUTHOR]__extracted\mealy_[STUDENT-ID]_[AUTHOR]\mealy.sim\sim_1\behav\xsim\xsim.dir\xil_defaultlib\mealy.vdb,.vdb,4053,ec7a75cdc928884ebc940d09ad8be4e5cf4d678ffb6ed94ffd6fc2ccaff3dff2,2,학부 과제 및 프로젝트\컨트롤로직설계\mealy_[STUDENT-ID]_[AUTHOR]__extracted\mealy_[STUDENT-ID]_[AUTHOR]\mealy.sim\sim_1\behav\xsim\xsim.dir\xil_defaultlib\mealy.vdb,NOT_RELEVANT_WITH_REASON,Generated IDE/simulator/compiler cache or binary build artifact.
SRC-0825,컨트롤로직설계,mealy_[STUDENT-ID]_[AUTHOR]__extracted\mealy_[STUDENT-ID]_[AUTHOR]\mealy.sim\sim_1\behav\xsim\xsim.dir\xil_defaultlib\mealy_tb.vdb,.vdb,3913,f337bd86980db47d61ec8efbc2ddb2d3921b699567851c0548ab81e052635f05,2,학부 과제 및 프로젝트\컨트롤로직설계\mealy_[STUDENT-ID]_[AUTHOR]__extracted\mealy_[STUDENT-ID]_[AUTHOR]\mealy.sim\sim_1\behav\xsim\xsim.dir\xil_defaultlib\mealy_tb.vdb,NOT_RELEVANT_WITH_REASON,Generated IDE/simulator/compiler cache or binary build artifact.
SRC-0826,컨트롤로직설계,mealy_[STUDENT-ID]_[AUTHOR]__extracted\mealy_[STUDENT-ID]_[AUTHOR]\mealy.sim\sim_1\behav\xsim\xsim.dir\xil_defaultlib\xil_defaultlib.rlx,.rlx,218,26e07c858b8d80282be18b10e16ce0e19d25a4cc8bc2cd561f06dc7257bede64,2,학부 과제 및 프로젝트\컨트롤로직설계\mealy_[STUDENT-ID]_[AUTHOR]__extracted\mealy_[STUDENT-ID]_[AUTHOR]\mealy.sim\sim_1\behav\xsim\xsim.dir\xil_defaultlib\xil_defaultlib.rlx,NOT_RELEVANT_WITH_REASON,Generated IDE/simulator/compiler cache or binary build artifact.
SRC-0827,컨트롤로직설계,mealy_[STUDENT-ID]_[AUTHOR]__extracted\mealy_[STUDENT-ID]_[AUTHOR]\mealy.sim\sim_1\behav\xsim\xsim.ini,.ini,40,d64f4fd0bfefe0536e46919ec0e23695974405b86260a51e1daa0e2d90b2b323,6,학부 과제 및 프로젝트\컨트롤로직설계\FSM__extracted\FSM\FSM.sim\sim_1\behav\xsim\xsim.ini,DUPLICATE,Exact SHA-256 duplicate of the canonical source record.
SRC-0828,컨트롤로직설계,mealy_[STUDENT-ID]_[AUTHOR]__extracted\mealy_[STUDENT-ID]_[AUTHOR]\mealy.sim\sim_1\behav\xsim\xvhdl.log,.log,0,e3b0c44298fc1c149afbf4c8996fb92427ae41e4649b934ca495991b7852b855,11,학부 과제 및 프로젝트\컨트롤로직설계\FSM__extracted\FSM\FSM.sim\sim_1\behav\xsim\xsim.dir\mealy_tb_behav\xsimcrash.log,DUPLICATE,Exact SHA-256 duplicate of the canonical source record.
SRC-0829,컨트롤로직설계,mealy_[STUDENT-ID]_[AUTHOR]__extracted\mealy_[STUDENT-ID]_[AUTHOR]\mealy.sim\sim_1\behav\xsim\xvhdl.pb,.pb,16,813d702fe80317b12421205e89a187b1d479bf586f7e8f2ed05b386f3caa7652,2,학부 과제 및 프로젝트\컨트롤로직설계\mealy_[STUDENT-ID]_[AUTHOR]__extracted\mealy_[STUDENT-ID]_[AUTHOR]\mealy.sim\sim_1\behav\xsim\xvhdl.pb,NOT_RELEVANT_WITH_REASON,Generated IDE/simulator/compiler cache or binary build artifact.
SRC-0830,컨트롤로직설계,mealy_[STUDENT-ID]_[AUTHOR]__extracted\mealy_[STUDENT-ID]_[AUTHOR]\mealy.srcs\sim_1\new\mealy_tb.vhd,.vhd,2044,e22bdbd5ce65ca19e677e6b8ef6bdf61644edbe59e5c66334b43dfba76d7ac28,2,학부 과제 및 프로젝트\컨트롤로직설계\mealy_[STUDENT-ID]_[AUTHOR]__extracted\mealy_[STUDENT-ID]_[AUTHOR]\mealy.srcs\sim_1\new\mealy_tb.vhd,PUBLIC_USED,"Primary student-authored report, source, calculation, or visual evidence."
SRC-0831,컨트롤로직설계,mealy_[STUDENT-ID]_[AUTHOR]__extracted\mealy_[STUDENT-ID]_[AUTHOR]\mealy.srcs\sources_1\new\mealy.vhd,.vhd,2541,23ceae32a75682b42374981d08b04fee7939d8a736393cbf8d53521ba94c33f5,2,학부 과제 및 프로젝트\컨트롤로직설계\mealy_[STUDENT-ID]_[AUTHOR]__extracted\mealy_[STUDENT-ID]_[AUTHOR]\mealy.srcs\sources_1\new\mealy.vhd,PUBLIC_USED,"Primary student-authored report, source, calculation, or visual evidence."
SRC-0832,컨트롤로직설계,mealy_[STUDENT-ID]_[AUTHOR]__extracted\mealy_[STUDENT-ID]_[AUTHOR]\mealy.xpr,.xpr,11501,7a207302afc475f45b3a2d7c511e5ce39a2649dcd02cd614cf1770c4bf8d8176,2,학부 과제 및 프로젝트\컨트롤로직설계\mealy_[STUDENT-ID]_[AUTHOR]__extracted\mealy_[STUDENT-ID]_[AUTHOR]\mealy.xpr,PUBLIC_REFERENCE_ONLY,Original project or simulator context retained as supporting execution evidence.
SRC-0833,컨트롤로직설계,mux_8to1\스크린샷 2026-07-29 110103.png,.png,64501,d3d59eaffd5e0d5fb221071aa54014cba03e45e624555dffd0384a91b8686fbd,1,학부 과제 및 프로젝트\컨트롤로직설계\mux_8to1\스크린샷 2026-07-29 110103.png,PUBLIC_USED,"Primary student-authored report, source, calculation, or visual evidence."
SRC-0834,컨트롤로직설계,mux_8to1\스크린샷 2026-07-29 110115.png,.png,53042,406801e8f8874aca5135c19d06eeae3098ef16348e8ea84d0935d6bea6791ae7,1,학부 과제 및 프로젝트\컨트롤로직설계\mux_8to1\스크린샷 2026-07-29 110115.png,PUBLIC_USED,"Primary student-authored report, source, calculation, or visual evidence."
SRC-0835,컨트롤로직설계,mux_8to1\스크린샷 2026-07-29 110244.png,.png,37305,03be15a7ad6d06c1bb78b7df491990e9c821ccc80c379e58f118f822a515a54b,1,학부 과제 및 프로젝트\컨트롤로직설계\mux_8to1\스크린샷 2026-07-29 110244.png,PUBLIC_USED,"Primary student-authored report, source, calculation, or visual evidence."
SRC-0836,컨트롤로직설계,mux_8to1\스크린샷 2026-07-29 110314.png,.png,35178,6623f48be7f1d13b63e3029d2e3f4394c0618d2bc5811d9fc1e65fc3b0b7c147,1,학부 과제 및 프로젝트\컨트롤로직설계\mux_8to1\스크린샷 2026-07-29 110314.png,PUBLIC_USED,"Primary student-authored report, source, calculation, or visual evidence."
SRC-0837,컨트롤로직설계,mux_8to1\스크린샷 2026-07-29 110323.png,.png,102860,1c1c7457c5f05773c48639c3b528802db42fd67dc287f36c26fd69e0d035a86d,1,학부 과제 및 프로젝트\컨트롤로직설계\mux_8to1\스크린샷 2026-07-29 110323.png,PUBLIC_USED,"Primary student-authored report, source, calculation, or visual evidence."
SRC-0838,컨트롤로직설계,mux_8to1\스크린샷 2026-07-29 110328.png,.png,36164,43aab546178f6e1a800039f2fd9248392c22b232ec224b5a57f60bee3d0cfac0,1,학부 과제 및 프로젝트\컨트롤로직설계\mux_8to1\스크린샷 2026-07-29 110328.png,PUBLIC_USED,"Primary student-authored report, source, calculation, or visual evidence."
SRC-0839,컨트롤로직설계,mux_8to1\스크린샷 2026-07-29 110332.png,.png,34880,5e707438da1e293857cb551dff82372172a02a8b737dffc7bce9cba62779fa6f,1,학부 과제 및 프로젝트\컨트롤로직설계\mux_8to1\스크린샷 2026-07-29 110332.png,PUBLIC_USED,"Primary student-authored report, source, calculation, or visual evidence."
SRC-0840,컨트롤로직설계,mux_8to1\스크린샷 2026-07-29 110335.png,.png,38717,a6aaccd1afb21c3847478d5b472c9f46b03c7e07f6571d731f18d293c8741cb2,1,학부 과제 및 프로젝트\컨트롤로직설계\mux_8to1\스크린샷 2026-07-29 110335.png,PUBLIC_USED,"Primary student-authored report, source, calculation, or visual evidence."
SRC-0841,컨트롤로직설계,mux_8to1\스크린샷 2026-07-29 110339.png,.png,115997,03634971450a10f067617ff12f7a882f5e0cd996d445580ba1dd76ddbe18faad,1,학부 과제 및 프로젝트\컨트롤로직설계\mux_8to1\스크린샷 2026-07-29 110339.png,PUBLIC_USED,"Primary student-authored report, source, calculation, or visual evidence."
SRC-0842,컨트롤로직설계,mux_8to1\스크린샷 2026-07-29 110347.png,.png,103530,92094f2c40242c1758f73c540d1314d6556e275452caf56a1bcb468c8ef815cd,1,학부 과제 및 프로젝트\컨트롤로직설계\mux_8to1\스크린샷 2026-07-29 110347.png,PUBLIC_USED,"Primary student-authored report, source, calculation, or visual evidence."
SRC-0843,컨트롤로직설계,mux_8to1\스크린샷 2026-07-29 110357.png,.png,38885,be074a106f8f6afdb916d882bc4ca597d78598154f695a2e5145fa872d412607,1,학부 과제 및 프로젝트\컨트롤로직설계\mux_8to1\스크린샷 2026-07-29 110357.png,PUBLIC_USED,"Primary student-authored report, source, calculation, or visual evidence."
SRC-0844,컨트롤로직설계,mux_8to1\스크린샷 2026-07-29 110440.png,.png,39053,9456b2ef2661c480a3de8e2b71f858e36369ca97528f7c8ad791a34213345965,1,학부 과제 및 프로젝트\컨트롤로직설계\mux_8to1\스크린샷 2026-07-29 110440.png,PUBLIC_USED,"Primary student-authored report, source, calculation, or visual evidence."
SRC-0845,컨트롤로직설계,mux_8to1\스크린샷 2026-07-29 110449.png,.png,103543,1f105dd738dd2003710758211800000ea5b20a30a7595c19ffb74c1a33feeb01,1,학부 과제 및 프로젝트\컨트롤로직설계\mux_8to1\스크린샷 2026-07-29 110449.png,PUBLIC_USED,"Primary student-authored report, source, calculation, or visual evidence."
SRC-0846,컨트롤로직설계,mux_8to1\스크린샷 2026-07-29 110455.png,.png,116039,c3e0553c4e09d79b2277194cbae79a92c8cb286a47000dd91ad94195795f3898,1,학부 과제 및 프로젝트\컨트롤로직설계\mux_8to1\스크린샷 2026-07-29 110455.png,PUBLIC_USED,"Primary student-authored report, source, calculation, or visual evidence."
SRC-0847,컨트롤로직설계,mux_8to1\스크린샷 2026-07-29 110459.png,.png,40524,af110d757259ba1ba410ad8b8cf6c4e23bed1fcdca4f4aeafdbbc5388b6cff3b,1,학부 과제 및 프로젝트\컨트롤로직설계\mux_8to1\스크린샷 2026-07-29 110459.png,PUBLIC_USED,"Primary student-authored report, source, calculation, or visual evidence."
SRC-0848,컨트롤로직설계,mux_8to1\스크린샷 2026-07-29 110503.png,.png,59118,65ac8e541f5eadcf07b38a7fe96c1df3c2e92cbc9aef5328a92225a56199de8a,1,학부 과제 및 프로젝트\컨트롤로직설계\mux_8to1\스크린샷 2026-07-29 110503.png,PUBLIC_USED,"Primary student-authored report, source, calculation, or visual evidence."
SRC-0849,컨트롤로직설계,mux_8to1_[STUDENT-ID]_[AUTHOR].zip,.zip,104574,27c71a094dc20a7af1c799d1d65a2eff5fa04f307c72b99696d5f1195e18d326,1,학부 과제 및 프로젝트\컨트롤로직설계\mux_8to1_[STUDENT-ID]_[AUTHOR].zip,PUBLIC_REFERENCE_ONLY,Archive provenance retained; publish curated extracted sources only.
SRC-0850,컨트롤로직설계,mux_8to1_[STUDENT-ID]_[AUTHOR]__extracted\mux_8to1.cache\sim\ssm.db,.db,538,563d4219b50dcdc9e194e2ba18a52b983ff74b4dbb48b81ed5ef7cfa50a31e9c,1,학부 과제 및 프로젝트\컨트롤로직설계\mux_8to1_[STUDENT-ID]_[AUTHOR]__extracted\mux_8to1.cache\sim\ssm.db,NOT_RELEVANT_WITH_REASON,Generated IDE/simulator/compiler cache or binary build artifact.
SRC-0851,컨트롤로직설계,mux_8to1_[STUDENT-ID]_[AUTHOR]__extracted\mux_8to1.cache\wt\project.wpc,.wpc,61,ea2f40ff389c0c2a04490587f62687e2d327b18f9bc9ec9c07748f048322f537,2,학부 과제 및 프로젝트\컨트롤로직설계\FSM__extracted\FSM\FSM.cache\wt\project.wpc,DUPLICATE,Exact SHA-256 duplicate of the canonical source record.
SRC-0852,컨트롤로직설계,mux_8to1_[STUDENT-ID]_[AUTHOR]__extracted\mux_8to1.cache\wt\xsim.wdf,.wdf,256,8f67524bd73f106bd4482ea18993d5925ee975f25bce1e3bc29455b4a21b6157,3,학부 과제 및 프로젝트\컨트롤로직설계\mux_8to1_[STUDENT-ID]_[AUTHOR]__extracted\mux_8to1.cache\wt\xsim.wdf,NOT_RELEVANT_WITH_REASON,Generated IDE/simulator/compiler cache or binary build artifact.
SRC-0853,컨트롤로직설계,mux_8to1_[STUDENT-ID]_[AUTHOR]__extracted\mux_8to1.hw\mux_8to1.lpr,.lpr,425,956ac2b2222073e9f7a75d89a32126f47576bd26f6cf1538d09866305512d6ce,6,학부 과제 및 프로젝트\컨트롤로직설계\FSM__extracted\FSM\FSM.hw\FSM.lpr,DUPLICATE,Exact SHA-256 duplicate of the canonical source record.
SRC-0854,컨트롤로직설계,mux_8to1_[STUDENT-ID]_[AUTHOR]__extracted\mux_8to1.ip_user_files\README.txt,.txt,130,fe9e48b0b3fcff2e6267f4bc6bdef859fa1201c41ac49c473b9e414120b0a8c4,6,학부 과제 및 프로젝트\컨트롤로직설계\FSM__extracted\FSM\FSM.ip_user_files\README.txt,DUPLICATE,Exact SHA-256 duplicate of the canonical source record.
SRC-0855,컨트롤로직설계,mux_8to1_[STUDENT-ID]_[AUTHOR]__extracted\mux_8to1.sim\sim_1\behav\xsim\compile.bat,.bat,945,206cf61967f85696e828693641915bd333f2d1fd55effc28525e1c0ddedcfcec,1,학부 과제 및 프로젝트\컨트롤로직설계\mux_8to1_[STUDENT-ID]_[AUTHOR]__extracted\mux_8to1.sim\sim_1\behav\xsim\compile.bat,PUBLIC_REFERENCE_ONLY,Original project or simulator context retained as supporting execution evidence.
SRC-0856,컨트롤로직설계,mux_8to1_[STUDENT-ID]_[AUTHOR]__extracted\mux_8to1.sim\sim_1\behav\xsim\compile.log,.log,370,12ed9173553bc2ada218f2277f151a5fda8b45b83ec87e9eb28c050e286ed58a,2,학부 과제 및 프로젝트\컨트롤로직설계\mux_8to1_[STUDENT-ID]_[AUTHOR]__extracted\mux_8to1.sim\sim_1\behav\xsim\xvhdl.log,DUPLICATE,Exact SHA-256 duplicate of the canonical source record.
SRC-0857,컨트롤로직설계,mux_8to1_[STUDENT-ID]_[AUTHOR]__extracted\mux_8to1.sim\sim_1\behav\xsim\dec_3to8_tb.tcl,.tcl,460,0e126fcc5f0a42aba5569cac225a2879a0382620ef02a41ff913a248e84ec864,9,학부 과제 및 프로젝트\컨트롤로직설계\FSM__extracted\FSM\FSM.sim\sim_1\behav\xsim\mealy_tb.tcl,DUPLICATE,Exact SHA-256 duplicate of the canonical source record.
SRC-0858,컨트롤로직설계,mux_8to1_[STUDENT-ID]_[AUTHOR]__extracted\mux_8to1.sim\sim_1\behav\xsim\dec_3to8_tb_behav.wdb,.wdb,9833,b854030fc3b4b9b6b1b554e9408a041120380fdaf404cc9108d2aedeb87ebe13,1,학부 과제 및 프로젝트\컨트롤로직설계\mux_8to1_[STUDENT-ID]_[AUTHOR]__extracted\mux_8to1.sim\sim_1\behav\xsim\dec_3to8_tb_behav.wdb,PUBLIC_REFERENCE_ONLY,Retained for provenance; not selected for direct publication.
SRC-0859,컨트롤로직설계,mux_8to1_[STUDENT-ID]_[AUTHOR]__extracted\mux_8to1.sim\sim_1\behav\xsim\elaborate.bat,.bat,1079,5901359d5320196d338c16422d560d297a508ff07d1e824d2fbfa72bd77743dc,1,학부 과제 및 프로젝트\컨트롤로직설계\mux_8to1_[STUDENT-ID]_[AUTHOR]__extracted\mux_8to1.sim\sim_1\behav\xsim\elaborate.bat,PUBLIC_REFERENCE_ONLY,Original project or simulator context retained as supporting execution evidence.
SRC-0860,컨트롤로직설계,mux_8to1_[STUDENT-ID]_[AUTHOR]__extracted\mux_8to1.sim\sim_1\behav\xsim\elaborate.log,.log,946,83762f44c975a9104a1d67f8299f8044b776a25613db8d64a7bab8a7f017696b,1,학부 과제 및 프로젝트\컨트롤로직설계\mux_8to1_[STUDENT-ID]_[AUTHOR]__extracted\mux_8to1.sim\sim_1\behav\xsim\elaborate.log,PUBLIC_REFERENCE_ONLY,Original project or simulator context retained as supporting execution evidence.
SRC-0861,컨트롤로직설계,mux_8to1_[STUDENT-ID]_[AUTHOR]__extracted\mux_8to1.sim\sim_1\behav\xsim\mux_8to1_tb.tcl,.tcl,460,0e126fcc5f0a42aba5569cac225a2879a0382620ef02a41ff913a248e84ec864,9,학부 과제 및 프로젝트\컨트롤로직설계\FSM__extracted\FSM\FSM.sim\sim_1\behav\xsim\mealy_tb.tcl,DUPLICATE,Exact SHA-256 duplicate of the canonical source record.
SRC-0862,컨트롤로직설계,mux_8to1_[STUDENT-ID]_[AUTHOR]__extracted\mux_8to1.sim\sim_1\behav\xsim\mux_8to1_tb_behav.wdb,.wdb,14027,f3c726c6b9ab774500e359bd697b0cec7aa562a470daff128e439c540ec9096a,1,학부 과제 및 프로젝트\컨트롤로직설계\mux_8to1_[STUDENT-ID]_[AUTHOR]__extracted\mux_8to1.sim\sim_1\behav\xsim\mux_8to1_tb_behav.wdb,PUBLIC_REFERENCE_ONLY,Retained for provenance; not selected for direct publication.
SRC-0863,컨트롤로직설계,mux_8to1_[STUDENT-ID]_[AUTHOR]__extracted\mux_8to1.sim\sim_1\behav\xsim\mux_8to1_tb_vhdl.prj,.prj,257,d70a92cf8cd053c6539bfc14f846cda7b45695a155fdb79e11926c43d8b2cb20,1,학부 과제 및 프로젝트\컨트롤로직설계\mux_8to1_[STUDENT-ID]_[AUTHOR]__extracted\mux_8to1.sim\sim_1\behav\xsim\mux_8to1_tb_vhdl.prj,PUBLIC_REFERENCE_ONLY,Original project or simulator context retained as supporting execution evidence.
SRC-0864,컨트롤로직설계,mux_8to1_[STUDENT-ID]_[AUTHOR]__extracted\mux_8to1.sim\sim_1\behav\xsim\simulate.bat,.bat,1023,525c2060ee332457ffe80f887e4971613de54afe1dbae6017a950f77c2610975,1,학부 과제 및 프로젝트\컨트롤로직설계\mux_8to1_[STUDENT-ID]_[AUTHOR]__extracted\mux_8to1.sim\sim_1\behav\xsim\simulate.bat,PUBLIC_REFERENCE_ONLY,Original project or simulator context retained as supporting execution evidence.
SRC-0865,컨트롤로직설계,mux_8to1_[STUDENT-ID]_[AUTHOR]__extracted\mux_8to1.sim\sim_1\behav\xsim\simulate.log,.log,25,c3010a11fe802ab44438e8118ebc44fcdf776f650837cfcd429ef0d2dd4f6de0,6,학부 과제 및 프로젝트\컨트롤로직설계\FSM__extracted\FSM\FSM.sim\sim_1\behav\xsim\simulate.log,DUPLICATE,Exact SHA-256 duplicate of the canonical source record.
SRC-0866,컨트롤로직설계,mux_8to1_[STUDENT-ID]_[AUTHOR]__extracted\mux_8to1.sim\sim_1\behav\xsim\xelab.pb,.pb,1703,49e7e93ed92e4a9eff6123c4b30373d9da910dee4020d2c796efafad8005d185,1,학부 과제 및 프로젝트\컨트롤로직설계\mux_8to1_[STUDENT-ID]_[AUTHOR]__extracted\mux_8to1.sim\sim_1\behav\xsim\xelab.pb,NOT_RELEVANT_WITH_REASON,Generated IDE/simulator/compiler cache or binary build artifact.
SRC-0867,컨트롤로직설계,mux_8to1_[STUDENT-ID]_[AUTHOR]__extracted\mux_8to1.sim\sim_1\behav\xsim\xsim.dir\dec_3to8_tb_behav\Compile_Options.txt,.txt,159,dd211025f1da37ec0ac198e98b8c033dea4699283cb0d0d4b102d5167b2f4024,1,학부 과제 및 프로젝트\컨트롤로직설계\mux_8to1_[STUDENT-ID]_[AUTHOR]__extracted\mux_8to1.sim\sim_1\behav\xsim\xsim.dir\dec_3to8_tb_behav\Compile_Options.txt,NOT_RELEVANT_WITH_REASON,Generated IDE/simulator/compiler cache or binary build artifact.
SRC-0868,컨트롤로직설계,mux_8to1_[STUDENT-ID]_[AUTHOR]__extracted\mux_8to1.sim\sim_1\behav\xsim\xsim.dir\dec_3to8_tb_behav\obj\xsim_0.win64.obj,.obj,5581,4f31569d9201ad0a70aef47b433ce1d5dc4f6e59547760fa0cc70ffe65de3489,1,학부 과제 및 프로젝트\컨트롤로직설계\mux_8to1_[STUDENT-ID]_[AUTHOR]__extracted\mux_8to1.sim\sim_1\behav\xsim\xsim.dir\dec_3to8_tb_behav\obj\xsim_0.win64.obj,NOT_RELEVANT_WITH_REASON,Generated IDE/simulator/compiler cache or binary build artifact.
SRC-0869,컨트롤로직설계,mux_8to1_[STUDENT-ID]_[AUTHOR]__extracted\mux_8to1.sim\sim_1\behav\xsim\xsim.dir\dec_3to8_tb_behav\obj\xsim_1.c,.c,5091,4296874c53ce4da64816ed2552330323c4d07736f588157a88e88d2e8e751ab6,1,학부 과제 및 프로젝트\컨트롤로직설계\mux_8to1_[STUDENT-ID]_[AUTHOR]__extracted\mux_8to1.sim\sim_1\behav\xsim\xsim.dir\dec_3to8_tb_behav\obj\xsim_1.c,NOT_RELEVANT_WITH_REASON,Generated IDE/simulator/compiler cache or binary build artifact.
SRC-0870,컨트롤로직설계,mux_8to1_[STUDENT-ID]_[AUTHOR]__extracted\mux_8to1.sim\sim_1\behav\xsim\xsim.dir\dec_3to8_tb_behav\obj\xsim_1.win64.obj,.obj,3067,b974bc0d14193a1015aca55599615927fb9fb4608b61fcd3a28ade12e2bf25ae,1,학부 과제 및 프로젝트\컨트롤로직설계\mux_8to1_[STUDENT-ID]_[AUTHOR]__extracted\mux_8to1.sim\sim_1\behav\xsim\xsim.dir\dec_3to8_tb_behav\obj\xsim_1.win64.obj,NOT_RELEVANT_WITH_REASON,Generated IDE/simulator/compiler cache or binary build artifact.
SRC-0871,컨트롤로직설계,mux_8to1_[STUDENT-ID]_[AUTHOR]__extracted\mux_8to1.sim\sim_1\behav\xsim\xsim.dir\dec_3to8_tb_behav\TempBreakPointFile.txt,.txt,29,89bd34ab9b7056058ec7acc5470f6ec95f1ef47b9aeb329d53e24d38b9607451,9,학부 과제 및 프로젝트\컨트롤로직설계\FSM__extracted\FSM\FSM.sim\sim_1\behav\xsim\xsim.dir\mealy_tb_behav\TempBreakPointFile.txt,DUPLICATE,Exact SHA-256 duplicate of the canonical source record.
SRC-0872,컨트롤로직설계,mux_8to1_[STUDENT-ID]_[AUTHOR]__extracted\mux_8to1.sim\sim_1\behav\xsim\xsim.dir\dec_3to8_tb_behav\xsim.dbg,.dbg,5096,fd8f27b479eca4a421b58c23b40cdecb0da9076afc77ea909b01252d0fc35107,1,학부 과제 및 프로젝트\컨트롤로직설계\mux_8to1_[STUDENT-ID]_[AUTHOR]__extracted\mux_8to1.sim\sim_1\behav\xsim\xsim.dir\dec_3to8_tb_behav\xsim.dbg,NOT_RELEVANT_WITH_REASON,Generated IDE/simulator/compiler cache or binary build artifact.
SRC-0873,컨트롤로직설계,mux_8to1_[STUDENT-ID]_[AUTHOR]__extracted\mux_8to1.sim\sim_1\behav\xsim\xsim.dir\dec_3to8_tb_behav\xsim.mem,.mem,2703,90716a7aeb5b8049eb3c93f7379344e544c555b8d7c4115b610b344cf2c42da9,1,학부 과제 및 프로젝트\컨트롤로직설계\mux_8to1_[STUDENT-ID]_[AUTHOR]__extracted\mux_8to1.sim\sim_1\behav\xsim\xsim.dir\dec_3to8_tb_behav\xsim.mem,NOT_RELEVANT_WITH_REASON,Generated IDE/simulator/compiler cache or binary build artifact.
SRC-0874,컨트롤로직설계,mux_8to1_[STUDENT-ID]_[AUTHOR]__extracted\mux_8to1.sim\sim_1\behav\xsim\xsim.dir\dec_3to8_tb_behav\xsim.reloc,.reloc,674,1c6ded6e33a3a1efb68922591390dea9d4b38da0e98593017f4ef4f2329968a9,1,학부 과제 및 프로젝트\컨트롤로직설계\mux_8to1_[STUDENT-ID]_[AUTHOR]__extracted\mux_8to1.sim\sim_1\behav\xsim\xsim.dir\dec_3to8_tb_behav\xsim.reloc,NOT_RELEVANT_WITH_REASON,Generated IDE/simulator/compiler cache or binary build artifact.
SRC-0875,컨트롤로직설계,mux_8to1_[STUDENT-ID]_[AUTHOR]__extracted\mux_8to1.sim\sim_1\behav\xsim\xsim.dir\dec_3to8_tb_behav\xsim.rlx,.rlx,706,c251460f88d2bee8531c43163e33694e601de709cbdd52c5c08991b58886d63b,1,학부 과제 및 프로젝트\컨트롤로직설계\mux_8to1_[STUDENT-ID]_[AUTHOR]__extracted\mux_8to1.sim\sim_1\behav\xsim\xsim.dir\dec_3to8_tb_behav\xsim.rlx,NOT_RELEVANT_WITH_REASON,Generated IDE/simulator/compiler cache or binary build artifact.
SRC-0876,컨트롤로직설계,mux_8to1_[STUDENT-ID]_[AUTHOR]__extracted\mux_8to1.sim\sim_1\behav\xsim\xsim.dir\dec_3to8_tb_behav\xsim.rtti,.rtti,122,08272e702e8e42995d759b65d6d2b6bc7f29e67fe1c1fc065fe67a0302f3fe38,1,학부 과제 및 프로젝트\컨트롤로직설계\mux_8to1_[STUDENT-ID]_[AUTHOR]__extracted\mux_8to1.sim\sim_1\behav\xsim\xsim.dir\dec_3to8_tb_behav\xsim.rtti,NOT_RELEVANT_WITH_REASON,Generated IDE/simulator/compiler cache or binary build artifact.
SRC-0877,컨트롤로직설계,mux_8to1_[STUDENT-ID]_[AUTHOR]__extracted\mux_8to1.sim\sim_1\behav\xsim\xsim.dir\dec_3to8_tb_behav\xsim.svtype,.svtype,12,958f8e67d123a4fd3942a588a4447f781501af6120487ff147b2cef0e5076421,9,학부 과제 및 프로젝트\컨트롤로직설계\FSM__extracted\FSM\FSM.sim\sim_1\behav\xsim\xsim.dir\mealy_tb_behav\xsim.svtype,DUPLICATE,Exact SHA-256 duplicate of the canonical source record.
SRC-0878,컨트롤로직설계,mux_8to1_[STUDENT-ID]_[AUTHOR]__extracted\mux_8to1.sim\sim_1\behav\xsim\xsim.dir\dec_3to8_tb_behav\xsim.type,.type,6072,739e6e7b449a8d6d45fd02a6c5733cfb143ce5a7cf2d03ceffa2132bd5216c1c,1,학부 과제 및 프로젝트\컨트롤로직설계\mux_8to1_[STUDENT-ID]_[AUTHOR]__extracted\mux_8to1.sim\sim_1\behav\xsim\xsim.dir\dec_3to8_tb_behav\xsim.type,NOT_RELEVANT_WITH_REASON,Generated IDE/simulator/compiler cache or binary build artifact.
SRC-0879,컨트롤로직설계,mux_8to1_[STUDENT-ID]_[AUTHOR]__extracted\mux_8to1.sim\sim_1\behav\xsim\xsim.dir\dec_3to8_tb_behav\xsim.xdbg,.xdbg,816,7322f956f729bad3b8e36b4f6aeee9a7a9b485ebb327823c59b83734bf0307f0,1,학부 과제 및 프로젝트\컨트롤로직설계\mux_8to1_[STUDENT-ID]_[AUTHOR]__extracted\mux_8to1.sim\sim_1\behav\xsim\xsim.dir\dec_3to8_tb_behav\xsim.xdbg,NOT_RELEVANT_WITH_REASON,Generated IDE/simulator/compiler cache or binary build artifact.
SRC-0880,컨트롤로직설계,mux_8to1_[STUDENT-ID]_[AUTHOR]__extracted\mux_8to1.sim\sim_1\behav\xsim\xsim.dir\dec_3to8_tb_behav\xsimcrash.log,.log,0,e3b0c44298fc1c149afbf4c8996fb92427ae41e4649b934ca495991b7852b855,11,학부 과제 및 프로젝트\컨트롤로직설계\FSM__extracted\FSM\FSM.sim\sim_1\behav\xsim\xsim.dir\mealy_tb_behav\xsimcrash.log,DUPLICATE,Exact SHA-256 duplicate of the canonical source record.
SRC-0881,컨트롤로직설계,mux_8to1_[STUDENT-ID]_[AUTHOR]__extracted\mux_8to1.sim\sim_1\behav\xsim\xsim.dir\dec_3to8_tb_behav\xsimk.exe,.exe,64954,308a2c2c6ac5064f7b74e34f9b5dc1d9a0aa22fad41d9d35b2eef10effcc0f3a,1,학부 과제 및 프로젝트\컨트롤로직설계\mux_8to1_[STUDENT-ID]_[AUTHOR]__extracted\mux_8to1.sim\sim_1\behav\xsim\xsim.dir\dec_3to8_tb_behav\xsimk.exe,NOT_RELEVANT_WITH_REASON,Generated IDE/simulator/compiler cache or binary build artifact.
SRC-0882,컨트롤로직설계,mux_8to1_[STUDENT-ID]_[AUTHOR]__extracted\mux_8to1.sim\sim_1\behav\xsim\xsim.dir\dec_3to8_tb_behav\xsimkernel.log,.log,328,dcecf90ee50754bff2806d100026469056f12f67fd308aee69b56683b8b0600c,1,학부 과제 및 프로젝트\컨트롤로직설계\mux_8to1_[STUDENT-ID]_[AUTHOR]__extracted\mux_8to1.sim\sim_1\behav\xsim\xsim.dir\dec_3to8_tb_behav\xsimkernel.log,NOT_RELEVANT_WITH_REASON,Generated IDE/simulator/compiler cache or binary build artifact.
SRC-0883,컨트롤로직설계,mux_8to1_[STUDENT-ID]_[AUTHOR]__extracted\mux_8to1.sim\sim_1\behav\xsim\xsim.dir\dec_3to8_tb_behav\xsimSettings.ini,.ini,1420,ac1910866377582ffec9ae172d1fbf09067f6f779614c4ffdd3a73f20dddcbbc,1,학부 과제 및 프로젝트\컨트롤로직설계\mux_8to1_[STUDENT-ID]_[AUTHOR]__extracted\mux_8to1.sim\sim_1\behav\xsim\xsim.dir\dec_3to8_tb_behav\xsimSettings.ini,NOT_RELEVANT_WITH_REASON,Generated IDE/simulator/compiler cache or binary build artifact.
SRC-0884,컨트롤로직설계,mux_8to1_[STUDENT-ID]_[AUTHOR]__extracted\mux_8to1.sim\sim_1\behav\xsim\xsim.dir\mux_8to1_tb_behav\Compile_Options.txt,.txt,159,3cbca300a70c0dd85fa7c32a2d2165a6befe30ed32b73930cc67ab4700d47916,1,학부 과제 및 프로젝트\컨트롤로직설계\mux_8to1_[STUDENT-ID]_[AUTHOR]__extracted\mux_8to1.sim\sim_1\behav\xsim\xsim.dir\mux_8to1_tb_behav\Compile_Options.txt,NOT_RELEVANT_WITH_REASON,Generated IDE/simulator/compiler cache or binary build artifact.
SRC-0885,컨트롤로직설계,mux_8to1_[STUDENT-ID]_[AUTHOR]__extracted\mux_8to1.sim\sim_1\behav\xsim\xsim.dir\mux_8to1_tb_behav\obj\xsim_0.win64.obj,.obj,10057,4c4a64c1bd3e87a59ff30157414b5aee8965915905efe60f2aa6eaffa8515434,1,학부 과제 및 프로젝트\컨트롤로직설계\mux_8to1_[STUDENT-ID]_[AUTHOR]__extracted\mux_8to1.sim\sim_1\behav\xsim\xsim.dir\mux_8to1_tb_behav\obj\xsim_0.win64.obj,NOT_RELEVANT_WITH_REASON,Generated IDE/simulator/compiler cache or binary build artifact.
SRC-0886,컨트롤로직설계,mux_8to1_[STUDENT-ID]_[AUTHOR]__extracted\mux_8to1.sim\sim_1\behav\xsim\xsim.dir\mux_8to1_tb_behav\obj\xsim_1.c,.c,5741,de38d4a92351cbdb9d87813f856d8a6bf0a763163b2685c75cf626dbfdedf1b0,1,학부 과제 및 프로젝트\컨트롤로직설계\mux_8to1_[STUDENT-ID]_[AUTHOR]__extracted\mux_8to1.sim\sim_1\behav\xsim\xsim.dir\mux_8to1_tb_behav\obj\xsim_1.c,NOT_RELEVANT_WITH_REASON,Generated IDE/simulator/compiler cache or binary build artifact.
SRC-0887,컨트롤로직설계,mux_8to1_[STUDENT-ID]_[AUTHOR]__extracted\mux_8to1.sim\sim_1\behav\xsim\xsim.dir\mux_8to1_tb_behav\obj\xsim_1.win64.obj,.obj,3483,20f81b477252de1ae5cb7a3d64ab4b07144507d7d4fa3c4930213bfd5b5131e1,1,학부 과제 및 프로젝트\컨트롤로직설계\mux_8to1_[STUDENT-ID]_[AUTHOR]__extracted\mux_8to1.sim\sim_1\behav\xsim\xsim.dir\mux_8to1_tb_behav\obj\xsim_1.win64.obj,NOT_RELEVANT_WITH_REASON,Generated IDE/simulator/compiler cache or binary build artifact.
SRC-0888,컨트롤로직설계,mux_8to1_[STUDENT-ID]_[AUTHOR]__extracted\mux_8to1.sim\sim_1\behav\xsim\xsim.dir\mux_8to1_tb_behav\TempBreakPointFile.txt,.txt,29,89bd34ab9b7056058ec7acc5470f6ec95f1ef47b9aeb329d53e24d38b9607451,9,학부 과제 및 프로젝트\컨트롤로직설계\FSM__extracted\FSM\FSM.sim\sim_1\behav\xsim\xsim.dir\mealy_tb_behav\TempBreakPointFile.txt,DUPLICATE,Exact SHA-256 duplicate of the canonical source record.
SRC-0889,컨트롤로직설계,mux_8to1_[STUDENT-ID]_[AUTHOR]__extracted\mux_8to1.sim\sim_1\behav\xsim\xsim.dir\mux_8to1_tb_behav\xsim.dbg,.dbg,9272,dbc57785fdf97c1d2dda95014a39368674eca8267fce825b562704db25315c12,1,학부 과제 및 프로젝트\컨트롤로직설계\mux_8to1_[STUDENT-ID]_[AUTHOR]__extracted\mux_8to1.sim\sim_1\behav\xsim\xsim.dir\mux_8to1_tb_behav\xsim.dbg,NOT_RELEVANT_WITH_REASON,Generated IDE/simulator/compiler cache or binary build artifact.
SRC-0890,컨트롤로직설계,mux_8to1_[STUDENT-ID]_[AUTHOR]__extracted\mux_8to1.sim\sim_1\behav\xsim\xsim.dir\mux_8to1_tb_behav\xsim.mem,.mem,3177,a05c34a8e8ef286e6f92094c9783d11cc61817a2528880155fcf9cb3636d945a,1,학부 과제 및 프로젝트\컨트롤로직설계\mux_8to1_[STUDENT-ID]_[AUTHOR]__extracted\mux_8to1.sim\sim_1\behav\xsim\xsim.dir\mux_8to1_tb_behav\xsim.mem,NOT_RELEVANT_WITH_REASON,Generated IDE/simulator/compiler cache or binary build artifact.
SRC-0891,컨트롤로직설계,mux_8to1_[STUDENT-ID]_[AUTHOR]__extracted\mux_8to1.sim\sim_1\behav\xsim\xsim.dir\mux_8to1_tb_behav\xsim.reloc,.reloc,1251,ef2e35e34f310c01f1fe7bed08b252b6b4ab1d8d81787471b03cf443a68e3a5f,1,학부 과제 및 프로젝트\컨트롤로직설계\mux_8to1_[STUDENT-ID]_[AUTHOR]__extracted\mux_8to1.sim\sim_1\behav\xsim\xsim.dir\mux_8to1_tb_behav\xsim.reloc,NOT_RELEVANT_WITH_REASON,Generated IDE/simulator/compiler cache or binary build artifact.
SRC-0892,컨트롤로직설계,mux_8to1_[STUDENT-ID]_[AUTHOR]__extracted\mux_8to1.sim\sim_1\behav\xsim\xsim.dir\mux_8to1_tb_behav\xsim.rlx,.rlx,706,8f6255b5936571c18aa472ccfa662c445b0d7527965c1b272d746b133ff2a562,1,학부 과제 및 프로젝트\컨트롤로직설계\mux_8to1_[STUDENT-ID]_[AUTHOR]__extracted\mux_8to1.sim\sim_1\behav\xsim\xsim.dir\mux_8to1_tb_behav\xsim.rlx,NOT_RELEVANT_WITH_REASON,Generated IDE/simulator/compiler cache or binary build artifact.
SRC-0893,컨트롤로직설계,mux_8to1_[STUDENT-ID]_[AUTHOR]__extracted\mux_8to1.sim\sim_1\behav\xsim\xsim.dir\mux_8to1_tb_behav\xsim.rtti,.rtti,122,f38db2e62058b07675b121936abe2d17f6cdaf2fc3c5cb83a54b9dcba6d053ee,1,학부 과제 및 프로젝트\컨트롤로직설계\mux_8to1_[STUDENT-ID]_[AUTHOR]__extracted\mux_8to1.sim\sim_1\behav\xsim\xsim.dir\mux_8to1_tb_behav\xsim.rtti,NOT_RELEVANT_WITH_REASON,Generated IDE/simulator/compiler cache or binary build artifact.
SRC-0894,컨트롤로직설계,mux_8to1_[STUDENT-ID]_[AUTHOR]__extracted\mux_8to1.sim\sim_1\behav\xsim\xsim.dir\mux_8to1_tb_behav\xsim.svtype,.svtype,12,958f8e67d123a4fd3942a588a4447f781501af6120487ff147b2cef0e5076421,9,학부 과제 및 프로젝트\컨트롤로직설계\FSM__extracted\FSM\FSM.sim\sim_1\behav\xsim\xsim.dir\mealy_tb_behav\xsim.svtype,DUPLICATE,Exact SHA-256 duplicate of the canonical source record.
SRC-0895,컨트롤로직설계,mux_8to1_[STUDENT-ID]_[AUTHOR]__extracted\mux_8to1.sim\sim_1\behav\xsim\xsim.dir\mux_8to1_tb_behav\xsim.type,.type,6072,956bdbff803d89f2674e1e6c0a5fc4e2d11f7b8f0d942c4afc046f64ce045398,1,학부 과제 및 프로젝트\컨트롤로직설계\mux_8to1_[STUDENT-ID]_[AUTHOR]__extracted\mux_8to1.sim\sim_1\behav\xsim\xsim.dir\mux_8to1_tb_behav\xsim.type,NOT_RELEVANT_WITH_REASON,Generated IDE/simulator/compiler cache or binary build artifact.
SRC-0896,컨트롤로직설계,mux_8to1_[STUDENT-ID]_[AUTHOR]__extracted\mux_8to1.sim\sim_1\behav\xsim\xsim.dir\mux_8to1_tb_behav\xsim.xdbg,.xdbg,1704,92fb4e7111e12db4a9b210a26a2ee4bdae77b2cab8845d1b94f840b97631dfea,1,학부 과제 및 프로젝트\컨트롤로직설계\mux_8to1_[STUDENT-ID]_[AUTHOR]__extracted\mux_8to1.sim\sim_1\behav\xsim\xsim.dir\mux_8to1_tb_behav\xsim.xdbg,NOT_RELEVANT_WITH_REASON,Generated IDE/simulator/compiler cache or binary build artifact.
SRC-0897,컨트롤로직설계,mux_8to1_[STUDENT-ID]_[AUTHOR]__extracted\mux_8to1.sim\sim_1\behav\xsim\xsim.dir\mux_8to1_tb_behav\xsimcrash.log,.log,0,e3b0c44298fc1c149afbf4c8996fb92427ae41e4649b934ca495991b7852b855,11,학부 과제 및 프로젝트\컨트롤로직설계\FSM__extracted\FSM\FSM.sim\sim_1\behav\xsim\xsim.dir\mealy_tb_behav\xsimcrash.log,DUPLICATE,Exact SHA-256 duplicate of the canonical source record.
SRC-0898,컨트롤로직설계,mux_8to1_[STUDENT-ID]_[AUTHOR]__extracted\mux_8to1.sim\sim_1\behav\xsim\xsim.dir\mux_8to1_tb_behav\xsimk.exe,.exe,68328,847ecb81f4dc019507ad8e8e26298a5a0eaf9214f29c67ef4feac7b05d13b42c,1,학부 과제 및 프로젝트\컨트롤로직설계\mux_8to1_[STUDENT-ID]_[AUTHOR]__extracted\mux_8to1.sim\sim_1\behav\xsim\xsim.dir\mux_8to1_tb_behav\xsimk.exe,NOT_RELEVANT_WITH_REASON,Generated IDE/simulator/compiler cache or binary build artifact.
SRC-0899,컨트롤로직설계,mux_8to1_[STUDENT-ID]_[AUTHOR]__extracted\mux_8to1.sim\sim_1\behav\xsim\xsim.dir\mux_8to1_tb_behav\xsimkernel.log,.log,328,6d804d3c7a6b2473d07ac1344316157ad646d6b5f0022fe7bba69c5926930e5f,1,학부 과제 및 프로젝트\컨트롤로직설계\mux_8to1_[STUDENT-ID]_[AUTHOR]__extracted\mux_8to1.sim\sim_1\behav\xsim\xsim.dir\mux_8to1_tb_behav\xsimkernel.log,NOT_RELEVANT_WITH_REASON,Generated IDE/simulator/compiler cache or binary build artifact.
SRC-0900,컨트롤로직설계,mux_8to1_[STUDENT-ID]_[AUTHOR]__extracted\mux_8to1.sim\sim_1\behav\xsim\xsim.dir\mux_8to1_tb_behav\xsimSettings.ini,.ini,1428,114d8716ee6741f857ee8532fcac56a412eec5092fcb36cf922a662c0a8c023d,1,학부 과제 및 프로젝트\컨트롤로직설계\mux_8to1_[STUDENT-ID]_[AUTHOR]__extracted\mux_8to1.sim\sim_1\behav\xsim\xsim.dir\mux_8to1_tb_behav\xsimSettings.ini,NOT_RELEVANT_WITH_REASON,Generated IDE/simulator/compiler cache or binary build artifact.
SRC-0901,컨트롤로직설계,mux_8to1_[STUDENT-ID]_[AUTHOR]__extracted\mux_8to1.sim\sim_1\behav\xsim\xsim.dir\xil_defaultlib\dec_3to8.vdb,.vdb,3712,ebc9ebc709288e4241458d9e6ff5275c3f0c204f8d7a60834250dada48a81b4b,1,학부 과제 및 프로젝트\컨트롤로직설계\mux_8to1_[STUDENT-ID]_[AUTHOR]__extracted\mux_8to1.sim\sim_1\behav\xsim\xsim.dir\xil_defaultlib\dec_3to8.vdb,NOT_RELEVANT_WITH_REASON,Generated IDE/simulator/compiler cache or binary build artifact.
SRC-0902,컨트롤로직설계,mux_8to1_[STUDENT-ID]_[AUTHOR]__extracted\mux_8to1.sim\sim_1\behav\xsim\xsim.dir\xil_defaultlib\dec_3to8_tb.vdb,.vdb,5106,7367ea29fe7a1e9f1587b2221c8af0f2e940b1f22f9fdccd7f7773c69a3b0b89,1,학부 과제 및 프로젝트\컨트롤로직설계\mux_8to1_[STUDENT-ID]_[AUTHOR]__extracted\mux_8to1.sim\sim_1\behav\xsim\xsim.dir\xil_defaultlib\dec_3to8_tb.vdb,NOT_RELEVANT_WITH_REASON,Generated IDE/simulator/compiler cache or binary build artifact.
SRC-0903,컨트롤로직설계,mux_8to1_[STUDENT-ID]_[AUTHOR]__extracted\mux_8to1.sim\sim_1\behav\xsim\xsim.dir\xil_defaultlib\mux_8to1.vdb,.vdb,5408,2947afe6f252491955c188f7fb1131e250da532b18a3b63ec0cca8b8146cd46d,1,학부 과제 및 프로젝트\컨트롤로직설계\mux_8to1_[STUDENT-ID]_[AUTHOR]__extracted\mux_8to1.sim\sim_1\behav\xsim\xsim.dir\xil_defaultlib\mux_8to1.vdb,NOT_RELEVANT_WITH_REASON,Generated IDE/simulator/compiler cache or binary build artifact.
SRC-0904,컨트롤로직설계,mux_8to1_[STUDENT-ID]_[AUTHOR]__extracted\mux_8to1.sim\sim_1\behav\xsim\xsim.dir\xil_defaultlib\mux_8to1_tb.vdb,.vdb,8729,8d6768043095d412d593a9fdfcfb2fb69ec06660e24c464ede332a0e1de75fca,1,학부 과제 및 프로젝트\컨트롤로직설계\mux_8to1_[STUDENT-ID]_[AUTHOR]__extracted\mux_8to1.sim\sim_1\behav\xsim\xsim.dir\xil_defaultlib\mux_8to1_tb.vdb,NOT_RELEVANT_WITH_REASON,Generated IDE/simulator/compiler cache or binary build artifact.
SRC-0905,컨트롤로직설계,mux_8to1_[STUDENT-ID]_[AUTHOR]__extracted\mux_8to1.sim\sim_1\behav\xsim\xsim.dir\xil_defaultlib\xil_defaultlib.rlx,.rlx,398,4058aab25fa4fc736879a77a25ff5b0b9ac34798991d7dd1e327bebb4847c73d,1,학부 과제 및 프로젝트\컨트롤로직설계\mux_8to1_[STUDENT-ID]_[AUTHOR]__extracted\mux_8to1.sim\sim_1\behav\xsim\xsim.dir\xil_defaultlib\xil_defaultlib.rlx,NOT_RELEVANT_WITH_REASON,Generated IDE/simulator/compiler cache or binary build artifact.
SRC-0906,컨트롤로직설계,mux_8to1_[STUDENT-ID]_[AUTHOR]__extracted\mux_8to1.sim\sim_1\behav\xsim\xsim.ini,.ini,40,d64f4fd0bfefe0536e46919ec0e23695974405b86260a51e1daa0e2d90b2b323,6,학부 과제 및 프로젝트\컨트롤로직설계\FSM__extracted\FSM\FSM.sim\sim_1\behav\xsim\xsim.ini,DUPLICATE,Exact SHA-256 duplicate of the canonical source record.
SRC-0907,컨트롤로직설계,mux_8to1_[STUDENT-ID]_[AUTHOR]__extracted\mux_8to1.sim\sim_1\behav\xsim\xvhdl.log,.log,370,12ed9173553bc2ada218f2277f151a5fda8b45b83ec87e9eb28c050e286ed58a,2,학부 과제 및 프로젝트\컨트롤로직설계\mux_8to1_[STUDENT-ID]_[AUTHOR]__extracted\mux_8to1.sim\sim_1\behav\xsim\xvhdl.log,PUBLIC_REFERENCE_ONLY,Original project or simulator context retained as supporting execution evidence.
SRC-0908,컨트롤로직설계,mux_8to1_[STUDENT-ID]_[AUTHOR]__extracted\mux_8to1.sim\sim_1\behav\xsim\xvhdl.pb,.pb,514,958247aca64cd3b984e60ff087d1d1c036d65800a2aebe83b7003ff5cf441d56,1,학부 과제 및 프로젝트\컨트롤로직설계\mux_8to1_[STUDENT-ID]_[AUTHOR]__extracted\mux_8to1.sim\sim_1\behav\xsim\xvhdl.pb,NOT_RELEVANT_WITH_REASON,Generated IDE/simulator/compiler cache or binary build artifact.
SRC-0909,컨트롤로직설계,mux_8to1_[STUDENT-ID]_[AUTHOR]__extracted\mux_8to1.srcs\sim_1\new\mux_8to1_tb.vhd,.vhd,3444,256b2235a04a056309750517c19668b88b58ef482b9e8bfd9252f575670d3b53,1,학부 과제 및 프로젝트\컨트롤로직설계\mux_8to1_[STUDENT-ID]_[AUTHOR]__extracted\mux_8to1.srcs\sim_1\new\mux_8to1_tb.vhd,PUBLIC_USED,"Primary student-authored report, source, calculation, or visual evidence."
SRC-0910,컨트롤로직설계,mux_8to1_[STUDENT-ID]_[AUTHOR]__extracted\mux_8to1.srcs\sources_1\new\mux_8to1.vhd,.vhd,1970,4858b22d0c2f94adbe3adde8a6ec11020da82470baa7fce5e1dd4cc94c61028e,1,학부 과제 및 프로젝트\컨트롤로직설계\mux_8to1_[STUDENT-ID]_[AUTHOR]__extracted\mux_8to1.srcs\sources_1\new\mux_8to1.vhd,PUBLIC_USED,"Primary student-authored report, source, calculation, or visual evidence."
SRC-0911,컨트롤로직설계,mux_8to1_[STUDENT-ID]_[AUTHOR]__extracted\mux_8to1.xpr,.xpr,11941,0b2b9ded9bc161637dff9917bbe008ab838a1f66b45b49248206002ef0350c75,1,학부 과제 및 프로젝트\컨트롤로직설계\mux_8to1_[STUDENT-ID]_[AUTHOR]__extracted\mux_8to1.xpr,PUBLIC_REFERENCE_ONLY,Original project or simulator context retained as supporting execution evidence.
