source_id,subject,relative_path,width,height,aspect_ratio,sha256,dhash,suggested_role,publication_decision,notes
SRC-0015,고주파공학,사진\homework2\dessign1.png,929,155,5.9935,25bc0d3dcf2347543acc52e870ee27a34c8639bce56db5e07bd136b53d72a4cc,003426291511c603,source screenshot,PUBLIC_USED,"Primary student-authored report, source, calculation, or visual evidence."
SRC-0017,고주파공학,사진\homework2\KakaoTalk_20260414_221106302.png,985,684,1.4401,21b383e608fbfc0ee7ec134b05792bee2d06e01b8332050518e58bd123eb0c77,a006466636168789,source screenshot,PUBLIC_USED,"Primary student-authored report, source, calculation, or visual evidence."
SRC-0018,고주파공학,사진\homework2\KakaoTalk_20260414_221117923.png,988,683,1.4466,ec8ba28f82e0a0b0a7bd53af15a9a5597704a277e9105e466c077dd3ead6f2b3,a002467212068389,source screenshot,PUBLIC_USED,"Primary student-authored report, source, calculation, or visual evidence."
SRC-0019,고주파공학,사진\homework2\KakaoTalk_20260414_221352505.png,802,719,1.1154,ff2c82c306c0eb8fe5ed4b00189bbbc13b13c86c6522cfe7578968287ed4e185,828692b038707070,source screenshot,PUBLIC_USED,"Primary student-authored report, source, calculation, or visual evidence."
SRC-0020,고주파공학,사진\homework2\KakaoTalk_20260414_221403220.png,481,950,0.5063,6a0c31dceb3ef0ce5c718042697035e41005ee96fa164f655950f85f4d2545a7,050200e8c8d5c586,source screenshot,PUBLIC_USED,"Primary student-authored report, source, calculation, or visual evidence."
SRC-0021,고주파공학,사진\homework2\KakaoTalk_20260414_221425558.png,480,949,0.5058,59c4e8e6295a7b8c8aece68448ac6f437fae72a2e1df48ab7d22a43c06111e0e,c1e0e1e8c4e5c586,source screenshot,PUBLIC_USED,"Primary student-authored report, source, calculation, or visual evidence."
SRC-0022,고주파공학,사진\homework2\KakaoTalk_20260414_221451343.png,481,950,0.5063,d2fbd7b91e36aa9efb987bc5e0309f53d2c80453261852207226d2db604c51d6,c1c0e1ccc4e5c186,source screenshot,PUBLIC_USED,"Primary student-authored report, source, calculation, or visual evidence."
SRC-0023,고주파공학,사진\homework2\KakaoTalk_20260414_221506800.png,476,953,0.4995,1a93e791aba72f4b9b2848de4ae306b4bf7d413072c888547fa00d7f6cbd7d9b,0102cc8c9cd54586,source screenshot,PUBLIC_USED,"Primary student-authored report, source, calculation, or visual evidence."
SRC-0024,고주파공학,사진\homework2\KakaoTalk_20260414_221514460.png,765,550,1.3909,349ce2b220d5130ad766ff010aa1c44b3100ed47c69c8cc976ee0777665bca42,bc8383821b1a1b90,source screenshot,PUBLIC_USED,"Primary student-authored report, source, calculation, or visual evidence."
SRC-0025,고주파공학,사진\homework2\KakaoTalk_20260414_221522227.png,776,551,1.4083,7e9c695750d8265bf6b3e480c6792eebb5da133c4f4de3716a9fffe26b0847fd,28d89898818a80a0,source screenshot,PUBLIC_USED,"Primary student-authored report, source, calculation, or visual evidence."
SRC-0026,고주파공학,사진\homework2\KakaoTalk_20260414_221548576.png,404,1013,0.3988,1733c0f8dfca430d3ed9e36cd2b591da50fe1d020ff344f13f9cab103d1bb9fd,4280492181b04642,source screenshot,PUBLIC_USED,"Primary student-authored report, source, calculation, or visual evidence."
SRC-0028,고주파공학,사진\homework2\스크린샷 2026-04-14 222606.png,1000,813,1.23,9c54b85fa1937386a28a7e18f6e2d78df36945cbb2a84d7ab186e84bdc1ee1da,200206160603a180,source screenshot,PUBLIC_USED,"Primary student-authored report, source, calculation, or visual evidence."
SRC-0030,고주파공학,사진\homework4\ex5-1\1.png,836,534,1.5655,725732f7f445e09f7a519f3190637187320a5084b721a0f62ec223b43712f1fa,27071f9fd707a707,source screenshot,PUBLIC_USED,"Primary student-authored report, source, calculation, or visual evidence."
SRC-0031,고주파공학,사진\homework4\ex5-1\2.png,972,615,1.5805,ecaa5ffeeb5e8b929a6f92b05e387217b3e5daa4377bea67cfaff07d027160b3,c0e4c0c0d0cc4463,source screenshot,PUBLIC_USED,"Primary student-authored report, source, calculation, or visual evidence."
SRC-0032,고주파공학,사진\homework4\ex5-1\3.png,980,663,1.4781,12cdb251b6cc792d7053598fde88f36e5b87fd0efb1d5183b7138e538e2dedb6,c04cd0d0d04c41a3,source screenshot,PUBLIC_USED,"Primary student-authored report, source, calculation, or visual evidence."
SRC-0033,고주파공학,사진\homework4\ex5-1\4.png,986,662,1.4894,9e678c9eee5a5f6edbed87c5822eb4ed4afb81d75c2fd08bed0b37fd1c32db6f,c21a1e1a1a1e8c85,source screenshot,PUBLIC_USED,"Primary student-authored report, source, calculation, or visual evidence."
SRC-0034,고주파공학,사진\homework4\ex5-1\5.png,1916,884,2.1674,38c6b2759b1899a5b5f3efd2e88cb22dc9b121734b02f5485c33694ab561a80f,8c31b3b1b1333191,source screenshot,PUBLIC_USED,"Primary student-authored report, source, calculation, or visual evidence."
SRC-0035,고주파공학,사진\homework4\ex5-1\design ex5-6.png,1025,187,5.4813,3e007a0c3af1e7dcd521720e3388d5ddedaece0ebde0d4fa74ba43759e7bff6c,002829620d6d171b,schematic/model,PUBLIC_USED,"Primary student-authored report, source, calculation, or visual evidence."
SRC-0036,고주파공학,사진\homework4\ex5-1\회로도.png,1020,435,2.3448,9752eb25fb7578be9925f7963a072bad6907471b43c0f9cd41e04943fc5cc738,00a2a2a2a2a6e808,schematic/model,PUBLIC_USED,"Primary student-authored report, source, calculation, or visual evidence."
SRC-0037,고주파공학,사진\homework4\ex5-2\db20sol1.PNG,992,787,1.2605,c41c8365f558b496c97d9148ef1a63b66a818013025b7a91d946e328596ff920,a406060606d3a180,source screenshot,PUBLIC_USED,"Primary student-authored report, source, calculation, or visual evidence."
SRC-0038,고주파공학,사진\homework4\ex5-2\db20sol2.PNG,984,683,1.4407,061edc1b5be2b20824aa2991d8548ed08b391f31430159f758edff2760a50d23,a00646260e068389,source screenshot,PUBLIC_USED,"Primary student-authored report, source, calculation, or visual evidence."
SRC-0039,고주파공학,사진\homework4\ex5-2\design ex5-7.png,1000,187,5.3476,38adc31b96dda4911dfbb2724e2411c30b13078589fdcff3edb0abfcc710d031,04060568594c3717,schematic/model,PUBLIC_USED,"Primary student-authored report, source, calculation, or visual evidence."
SRC-0040,고주파공학,사진\homework4\ex5-2\main sol1.PNG,1065,685,1.5547,3b80d1e551750995433b38c554b644bce2043d43a450a8bfc1156c33cb0e40cb,c0c0808085848420,source screenshot,PUBLIC_USED,"Primary student-authored report, source, calculation, or visual evidence."
SRC-0041,고주파공학,사진\homework4\ex5-2\main sol2.PNG,1286,591,2.176,127df3bee4af8d461f4ff4ef67f8d3c4563be43c6d1ab7a8138eb194c7e47dbe,c8c8888dcdcc89c8,source screenshot,PUBLIC_USED,"Primary student-authored report, source, calculation, or visual evidence."
SRC-0042,고주파공학,사진\homework4\ex5-2\stub sol1.PNG,1101,615,1.7902,8328aad8813a783e3f8a42cd1c5d39ccb2385dfd74b43dd1c634dad84efe3163,c0808085c4848480,source screenshot,PUBLIC_USED,"Primary student-authored report, source, calculation, or visual evidence."
SRC-0043,고주파공학,사진\homework4\ex5-2\stub sol2.PNG,1092,764,1.4293,c4a72d4144f6bd76b9186777e25c1dd8523fcdbc71cd47e0eeb48fce195707f9,80808080858480a0,source screenshot,PUBLIC_USED,"Primary student-authored report, source, calculation, or visual evidence."
SRC-0044,고주파공학,사진\homework4\ex5-2\회로도.PNG,879,528,1.6648,fa520770fe6168eb31903d07dca64af8e54cd394394641c741ac827e45914a9d,00009292d4e40280,schematic/model,PUBLIC_USED,"Primary student-authored report, source, calculation, or visual evidence."
SRC-0048,고주파공학,사진\homework5\ex12-3(시뮬하다가 중단)\1.png,1017,823,1.2357,480d436446d173686d15c411150a77734d1819827bb12010afaba289f003f796,30324644e0604040,source screenshot,INCOMPLETE_WORK,Source directory explicitly records an unfinished simulation.
SRC-0049,고주파공학,사진\homework5\ex12-3(시뮬하다가 중단)\10.png,1003,680,1.475,7e2763d2b0d54a0cffee0f0a8d03a63e4a39f0f01da0ed30a990d93a7fdfd4b2,4169657d656d11a7,source screenshot,INCOMPLETE_WORK,Source directory explicitly records an unfinished simulation.
SRC-0050,고주파공학,사진\homework5\ex12-3(시뮬하다가 중단)\11.png,1000,801,1.2484,a5a5e037582559d3cdca6eede78c60c08a27274d2318732608f1f79401403072,a466662666aba180,source screenshot,INCOMPLETE_WORK,Source directory explicitly records an unfinished simulation.
SRC-0051,고주파공학,사진\homework5\ex12-3(시뮬하다가 중단)\2.png,693,431,1.6079,bc85f5e8e5f43c72be13fd2a8ad416ac29e68f97fd852397d8a4652164b65c21,8484aca6822c1e82,source screenshot,INCOMPLETE_WORK,Source directory explicitly records an unfinished simulation.
SRC-0052,고주파공학,사진\homework5\ex12-3(시뮬하다가 중단)\3.png,991,781,1.2689,b51e9c437b6f8ab908f204ef3ef57562c91dc897e7c7b74b92c0604e52ac2ffe,e066662623e3a580,source screenshot,INCOMPLETE_WORK,Source directory explicitly records an unfinished simulation.
SRC-0053,고주파공학,사진\homework5\ex12-3(시뮬하다가 중단)\4.png,1148,778,1.4756,669317b9c9efd9be20f416d606df09a73c64a650c1e153a12a8b11849d651b1e,3ccccc6c6d4c4d0d,source screenshot,INCOMPLETE_WORK,Source directory explicitly records an unfinished simulation.
SRC-0054,고주파공학,사진\homework5\ex12-3(시뮬하다가 중단)\5.png,676,496,1.3629,00e051bcb6d9756a65eec3dc3e5b0cef999c6c1b0ae9c98839084a36e3b5a506,bca4c4ac82a4ae82,source screenshot,INCOMPLETE_WORK,Source directory explicitly records an unfinished simulation.
SRC-0055,고주파공학,사진\homework5\ex12-3(시뮬하다가 중단)\6.png,991,815,1.216,5e89fd2b2c161c9fd379536375593644b23862a41e72889be42870dde29de64c,a060662627e3a180,source screenshot,INCOMPLETE_WORK,Source directory explicitly records an unfinished simulation.
SRC-0056,고주파공학,사진\homework5\ex12-3(시뮬하다가 중단)\8.png,992,821,1.2083,f37493c95554bf1f50a831212d5d76e972a6dab0adc71b89ee6417e1672486a4,a064666627a3a580,source screenshot,INCOMPLETE_WORK,Source directory explicitly records an unfinished simulation.
SRC-0057,고주파공학,사진\homework5\ex12-3(시뮬하다가 중단)\9.png,986,781,1.2625,f679d88153ee2f16e0867c2ca5df2b5fabc700af4a46bdd1b61ca62095823147,a066662666e3b580,source screenshot,INCOMPLETE_WORK,Source directory explicitly records an unfinished simulation.
SRC-0058,고주파공학,사진\homework5\ex12-3(시뮬하다가 중단)\스크린샷 2026-07-29 104524.png,1151,260,4.4269,46207114c0486073cf7aeda0341165d50cf188351a6b078d3c9ded1eb82124c3,000262545911091f,source screenshot,INCOMPLETE_WORK,Source directory explicitly records an unfinished simulation.
SRC-0059,고주파공학,사진\homework5\ex12-3(시뮬하다가 중단)\스크린샷 2026-07-29 104534.png,898,725,1.2386,c859cff8275fd8768fe76fc50ea9772b80ccaaf277a422cbe85d64dab1169be6,555455145554550d,source screenshot,INCOMPLETE_WORK,Source directory explicitly records an unfinished simulation.
SRC-0060,고주파공학,사진\homework5\ex12-3(시뮬하다가 중단)\스크린샷 2026-07-29 104541.png,794,720,1.1028,b0369a2e73ac1fb89ffe5adbef160795d99185dd1ae074800596eb4acc427c12,3d4dc5654d6d6d0e,source screenshot,INCOMPLETE_WORK,Source directory explicitly records an unfinished simulation.
SRC-0061,고주파공학,사진\homework5\ex12-3(시뮬하다가 중단)\스크린샷 2026-07-29 104547.png,972,725,1.3407,67ca5989b414b16eadd3f5ddbe070bb7abd9e233f12f25a85e0438c03fc520b1,8025e3073c070302,source screenshot,INCOMPLETE_WORK,Source directory explicitly records an unfinished simulation.
SRC-0062,고주파공학,사진\homework5\ex12-3(시뮬하다가 중단)\스크린샷 2026-07-29 104550.png,804,340,2.3647,5a822b30a379b0d4b734d9bd965519db9a1ea987c9ac84765e4fe6f597766f57,153d34152d5d1700,source screenshot,INCOMPLETE_WORK,Source directory explicitly records an unfinished simulation.
SRC-0063,고주파공학,사진\homework5\ex7-2\1.png,1206,676,1.784,fb3ab9fd7b16a190b685d9318d580d2027727835dc1e975db84eae51c361ef59,8080d2f2ceccf0f1,source screenshot,PUBLIC_USED,"Primary student-authored report, source, calculation, or visual evidence."
SRC-0064,고주파공학,사진\homework5\ex7-2\2.png,1336,823,1.6233,da2ed4b1eec5a5079a8401e812f260417636b2a6b3cc61610aeeaa7b686e7af3,8040cc8882888049,source screenshot,PUBLIC_USED,"Primary student-authored report, source, calculation, or visual evidence."
SRC-0065,고주파공학,사진\homework5\ex7-2\3.png,980,786,1.2468,3b161adce444fc7a8268080110cf120730dd4bc09554d7209b143b63a83843f2,a466b60e078bb580,source screenshot,PUBLIC_USED,"Primary student-authored report, source, calculation, or visual evidence."
SRC-0066,고주파공학,사진\homework5\ex7-2\4.png,687,495,1.3879,97efea5820d132c9e1c55a4ecd4399fa5ffc02cd8d25374935b4631b7b64e528,9292846ce4b2ae82,source screenshot,PUBLIC_USED,"Primary student-authored report, source, calculation, or visual evidence."
SRC-0067,고주파공학,사진\homework5\ex7-2\5.png,1004,781,1.2855,6aa3065160084c43de26ab06cda23115e6b02c4159f7dfd09be5231ce349a09c,2006362607c3a180,source screenshot,PUBLIC_USED,"Primary student-authored report, source, calculation, or visual evidence."
SRC-0068,고주파공학,사진\homework5\ex7-2\6.png,1564,745,2.0993,8cc3f93bbd599da92eec6da8c2abd6f5d78c5d5532bf943bab62eb5f5b6c3b41,80809a9294909880,source screenshot,PUBLIC_USED,"Primary student-authored report, source, calculation, or visual evidence."
SRC-0069,고주파공학,사진\homework5\ex7-2\7.png,686,452,1.5177,371a5f17f1ea347b2a743eecd257c5fbcbb5298c0e1ce765ff966479f59c7ace,9684aeac84b4ae82,source screenshot,PUBLIC_USED,"Primary student-authored report, source, calculation, or visual evidence."
SRC-0070,고주파공학,사진\homework5\ex7-2\8.png,989,788,1.2551,613c668c120f0aebff1883f3dfec1e5537a25a322ba19be3ae4e3041b9ff858e,a066660606c3a180,source screenshot,PUBLIC_USED,"Primary student-authored report, source, calculation, or visual evidence."
SRC-0071,고주파공학,사진\homework5\ex7-2\ex7.2.png,1020,191,5.3403,be76eb22f872769a006ac2d2648129c5ec0aa96c45200561158ccb0b5dac94ce,0949561543552d6d,source screenshot,PUBLIC_USED,"Primary student-authored report, source, calculation, or visual evidence."
SRC-0072,고주파공학,사진\homework5\ex7-5\1.png,938,664,1.4127,3667bbeca788c3c1a4aaa42e93ad95a7b9ccea871f4782991ffa2a383f80181e,848494c0d8d8d8c0,source screenshot,PUBLIC_USED,"Primary student-authored report, source, calculation, or visual evidence."
SRC-0073,고주파공학,사진\homework5\ex7-5\2.png,679,498,1.3635,afbb8bcef957d44228be712c93784e8405fff266e009ace9660ff70c5036289d,9494846cc4b4ae82,source screenshot,PUBLIC_USED,"Primary student-authored report, source, calculation, or visual evidence."
SRC-0074,고주파공학,사진\homework5\ex7-5\3.png,998,823,1.2126,0a9bcda08552dff25163b13ad15886732a4d90ac1cf23758c397344f6d870c48,200206161643a180,source screenshot,PUBLIC_USED,"Primary student-authored report, source, calculation, or visual evidence."
SRC-0075,고주파공학,사진\homework5\ex7-5\4-1.png,1244,959,1.2972,d94c17e5a33b4a99856ce058e6058335bef5380c0f4ce7136cd164a755ea873c,0c0cccacaccc0c0d,source screenshot,PUBLIC_USED,"Primary student-authored report, source, calculation, or visual evidence."
SRC-0076,고주파공학,사진\homework5\ex7-5\4-2.png,1318,964,1.3672,f39336d0303a49d00a46c56fd5f01740f7f624d936cb6449bea69ab4df1743aa,0c8cccacaccc0e0d,source screenshot,PUBLIC_USED,"Primary student-authored report, source, calculation, or visual evidence."
SRC-0077,고주파공학,사진\homework5\ex7-5\5.png,989,675,1.4652,f94b3dc06d896862f3ef92b14e2b4a0508fffb200b0cbf7a13e726e50b4cbce4,606666560e4623a1,source screenshot,PUBLIC_USED,"Primary student-authored report, source, calculation, or visual evidence."
SRC-0078,고주파공학,사진\homework5\ex7-5\6.png,1892,896,2.1116,74926fa0428e1902df0fbfbe20b496a892e42c856fb4ca089e8683ad1b7e133d,2023238b03030321,source screenshot,PUBLIC_USED,"Primary student-authored report, source, calculation, or visual evidence."
SRC-0079,고주파공학,사진\homework5\ex7-5\ex7.5.png,1020,269,3.7918,3bdff42b8b561ba75629af55eaa1ab6580e3dce3eeac5d42b6d277db4a462089,0945174529490616,source screenshot,PUBLIC_USED,"Primary student-authored report, source, calculation, or visual evidence."
SRC-0082,고주파공학,사진\homework5\시뮬사진\스크린샷 2026-04-13 230356.png,600,81,7.4074,757baa652dbbcef683b059abf642c72aaec52a1ff9b74f2ec5dea5d41ab67ed6,010d33ad4557034b,source screenshot,PUBLIC_REFERENCE_ONLY,Large sequential Cadence screenshot set; select only decision-relevant frames.
SRC-0083,고주파공학,사진\homework5\시뮬사진\스크린샷 2026-04-13 230413.png,726,289,2.5121,2720099876a31c854fddc7a9183d36ce8e674dde7aca44e713f4d5f2e7051429,00085371090f0504,source screenshot,PUBLIC_REFERENCE_ONLY,Large sequential Cadence screenshot set; select only decision-relevant frames.
SRC-0084,고주파공학,사진\homework5\시뮬사진\스크린샷 2026-04-14 132756.png,1029,239,4.3054,a3a1208b3235f7f6abc2f2e133599a429047423576cf411cfd7721c63c3494f5,00262911a7410616,source screenshot,PUBLIC_REFERENCE_ONLY,Large sequential Cadence screenshot set; select only decision-relevant frames.
SRC-0085,고주파공학,사진\homework5\시뮬사진\스크린샷 2026-04-14 133338.png,622,490,1.2694,3dd7e67ebc302022c3c5c845337cba746b39392afd74ebf42d99bd35fa66cc0f,6160ca8a1a1a0490,source screenshot,PUBLIC_REFERENCE_ONLY,Large sequential Cadence screenshot set; select only decision-relevant frames.
SRC-0086,고주파공학,사진\homework5\시뮬사진\스크린샷 2026-04-14 133510.png,1212,212,5.717,11a240ea92976754a18e533829d4cad8a91c70718edaaa58f7463975976abe1c,0d04241805240400,source screenshot,PUBLIC_REFERENCE_ONLY,Large sequential Cadence screenshot set; select only decision-relevant frames.
SRC-0087,고주파공학,사진\homework5\시뮬사진\스크린샷 2026-04-14 135049.png,806,548,1.4708,72f838223119f4fd057c8e0d114baa133e484747cd185f964fa07df88ec84dad,ac9abbbbbbbc9b91,source screenshot,PUBLIC_REFERENCE_ONLY,Large sequential Cadence screenshot set; select only decision-relevant frames.
SRC-0088,고주파공학,사진\homework5\시뮬사진\스크린샷 2026-04-14 135152.png,768,544,1.4118,7d3cad26abf73025f9960db109c1046431e936877c576bbcca9eb809d3f95d1a,ac8383831b1a1b91,source screenshot,PUBLIC_REFERENCE_ONLY,Large sequential Cadence screenshot set; select only decision-relevant frames.
SRC-0089,고주파공학,사진\homework5\시뮬사진\스크린샷 2026-04-14 135358.png,521,354,1.4718,574f203e661d0b84802c7b97066c0a92f79d749d71c2e9633d9d88f835a46562,0000090302040220,source screenshot,PUBLIC_REFERENCE_ONLY,Large sequential Cadence screenshot set; select only decision-relevant frames.
SRC-0090,고주파공학,사진\homework5\시뮬사진\스크린샷 2026-04-14 135602.png,775,551,1.4065,98a7d18e7cb54ed7b0f47d0f119f22f5ac578c86bfb3a1c167f49b3850bc3ecd,bc8383821b1a1b90,source screenshot,PUBLIC_REFERENCE_ONLY,Large sequential Cadence screenshot set; select only decision-relevant frames.
SRC-0091,고주파공학,사진\homework5\시뮬사진\스크린샷 2026-04-14 135937.png,770,549,1.4026,d92fc790a1cbd1758777520731a84ff314eab8ff8ec8ef19f705fb45fe7ba394,bc8383821b1a1b90,source screenshot,PUBLIC_REFERENCE_ONLY,Large sequential Cadence screenshot set; select only decision-relevant frames.
SRC-0092,고주파공학,사진\homework5\시뮬사진\스크린샷 2026-04-14 140037.png,1074,739,1.4533,249acbed33c1c1de4d259d96254b76b4317871147a56dff8f18ee90bd9f3c40e,c0c0cccacccac88c,source screenshot,PUBLIC_REFERENCE_ONLY,Large sequential Cadence screenshot set; select only decision-relevant frames.
SRC-0093,고주파공학,사진\homework5\시뮬사진\스크린샷 2026-04-14 140114.png,408,599,0.6811,ad4c67db5625d445662551f9e752affdc2509b9c46f927adc55f7f6ad2bdefb0,a68cbcacafd260b0,source screenshot,PUBLIC_REFERENCE_ONLY,Large sequential Cadence screenshot set; select only decision-relevant frames.
SRC-0094,고주파공학,사진\homework5\시뮬사진\스크린샷 2026-04-14 143646.png,621,575,1.08,980f3308d2adf8da961ebfcb36af8439fec71bb841f8e584e61f0c43a734e64f,0084d4f078706870,source screenshot,PUBLIC_REFERENCE_ONLY,Large sequential Cadence screenshot set; select only decision-relevant frames.
SRC-0095,고주파공학,사진\homework5\시뮬사진\스크린샷 2026-04-14 144610.png,509,740,0.6878,1a569739eaf9f5ce6b4160a1dbf4fc5cecd64e43abe75e654b2da09c1b73f623,15102121181c1313,source screenshot,PUBLIC_REFERENCE_ONLY,Large sequential Cadence screenshot set; select only decision-relevant frames.
SRC-0096,고주파공학,사진\homework5\시뮬사진\스크린샷 2026-04-14 144626.png,608,528,1.1515,72b2ebc6847ce9e7e1d74392a7657211c757f482c06156679927089d8f5a87bf,8c84b4b069606061,source screenshot,PUBLIC_REFERENCE_ONLY,Large sequential Cadence screenshot set; select only decision-relevant frames.
SRC-0097,고주파공학,사진\homework5\시뮬사진\스크린샷 2026-04-14 144634.png,470,666,0.7057,b0344707cfcdc7566fe3e5299a3f1d5020eb9ebc900085e806ba9d2ff94972c7,e1c8c084a5e1d182,source screenshot,PUBLIC_REFERENCE_ONLY,Large sequential Cadence screenshot set; select only decision-relevant frames.
SRC-0098,고주파공학,사진\homework5\시뮬사진\스크린샷 2026-04-14 144743.png,358,547,0.6545,0f934a26bc3bca25fca6c3e11b3af993bd1750022358c8a529932b9b34f71547,84848181818185c4,source screenshot,PUBLIC_REFERENCE_ONLY,Large sequential Cadence screenshot set; select only decision-relevant frames.
SRC-0099,고주파공학,사진\homework5\시뮬사진\스크린샷 2026-04-14 154838.png,543,300,1.81,769b20c7bfa1c378dad694584b960ff7d903adbcaf103cdbd463435663260c3b,1c3e393970a61003,source screenshot,PUBLIC_REFERENCE_ONLY,Large sequential Cadence screenshot set; select only decision-relevant frames.
SRC-0100,고주파공학,사진\homework5\시뮬사진\스크린샷 2026-04-14 154930.png,688,135,5.0963,b83f7282296e5b9ac7d1b807ab234a01bea267742a4da314fd2fb6f767c1a214,c62d0c95b50c0648,source screenshot,PUBLIC_REFERENCE_ONLY,Large sequential Cadence screenshot set; select only decision-relevant frames.
SRC-0101,고주파공학,사진\homework5\시뮬사진\스크린샷 2026-04-14 154945.png,708,260,2.7231,a2dbbb33732719dfc4be6f3054ddd5e0547315e2dae2356a9b4f6faab57d47c3,3a3a3a3b38119342,source screenshot,PUBLIC_REFERENCE_ONLY,Large sequential Cadence screenshot set; select only decision-relevant frames.
SRC-0102,고주파공학,사진\homework5\시뮬사진\스크린샷 2026-04-14 155733.png,485,957,0.5068,6db03c8bb47a5894bf3d52169832fc341e0a277f931d38cdc79779e55e349136,c1e0e1e8c4e5c586,source screenshot,PUBLIC_REFERENCE_ONLY,Large sequential Cadence screenshot set; select only decision-relevant frames.
SRC-0103,고주파공학,사진\homework5\시뮬사진\스크린샷 2026-04-14 155838.png,472,952,0.4958,f41c108bb42182be8b0110d9453dcb90f09ceed26c6f827edc38d7f21b1c1f49,c1c0e1ccc4e5c586,source screenshot,PUBLIC_REFERENCE_ONLY,Large sequential Cadence screenshot set; select only decision-relevant frames.
SRC-0104,고주파공학,사진\homework5\시뮬사진\스크린샷 2026-04-14 160721.png,773,551,1.4029,162014d2ecf231156a196a3e2530b5b1fa4e1c70da79b477cd600a4da98d3860,bc8383821a1a1390,source screenshot,PUBLIC_REFERENCE_ONLY,Large sequential Cadence screenshot set; select only decision-relevant frames.
SRC-0105,고주파공학,사진\homework5\시뮬사진\스크린샷 2026-04-14 160735.png,475,552,0.8605,de34dcf7441dff446c07119c1ac3087ca22023f1fe3dd5dd3e4ad9743603d133,ecc8c195e5c58fc6,source screenshot,PUBLIC_REFERENCE_ONLY,Large sequential Cadence screenshot set; select only decision-relevant frames.
SRC-0106,고주파공학,사진\homework5\시뮬사진\스크린샷 2026-04-14 161506.png,1317,737,1.787,16e1d5a0d598e741ca85c4fda8ac29be2374c474478da02aeb181d3037985776,9313131303110120,source screenshot,PUBLIC_REFERENCE_ONLY,Large sequential Cadence screenshot set; select only decision-relevant frames.
SRC-0107,고주파공학,사진\homework5\시뮬사진\스크린샷 2026-04-14 161542.png,978,796,1.2286,9eb9cbad80d6279598b068eff01188f7f711ed65d0bcc56a6d208625528d4929,a0064e964ecba1a4,source screenshot,PUBLIC_REFERENCE_ONLY,Large sequential Cadence screenshot set; select only decision-relevant frames.
SRC-0108,고주파공학,사진\homework5\시뮬사진\스크린샷 2026-04-14 161635.png,1006,765,1.315,32f6b70cef5331666d4229f6e11c825a07268b4902b4fce0eb0e2a0cb35f8076,626e66564a4ba180,source screenshot,PUBLIC_REFERENCE_ONLY,Large sequential Cadence screenshot set; select only decision-relevant frames.
SRC-0109,고주파공학,사진\homework5\시뮬사진\스크린샷 2026-04-14 163927.png,684,815,0.8393,07fab70274c64ccea94ab0c69fb208462904dd89a58637812cfd7e4512f8a5f9,134321080f1b130f,source screenshot,PUBLIC_REFERENCE_ONLY,Large sequential Cadence screenshot set; select only decision-relevant frames.
SRC-0110,고주파공학,사진\homework5\시뮬사진\스크린샷 2026-04-14 163950.png,1022,275,3.7164,703514a315883ac40dbcf4dd403f7d94ea133fd72b490fec242811c804e0ad0f,2427199303061660,source screenshot,PUBLIC_REFERENCE_ONLY,Large sequential Cadence screenshot set; select only decision-relevant frames.
SRC-0111,고주파공학,사진\homework5\시뮬사진\스크린샷 2026-04-14 164141.png,479,540,0.887,f622032dc284746b8c5512b04d988084b74079241147e133dccf3be9ccae6750,ecc8c195e1518ec6,source screenshot,PUBLIC_REFERENCE_ONLY,Large sequential Cadence screenshot set; select only decision-relevant frames.
SRC-0112,고주파공학,사진\homework5\시뮬사진\스크린샷 2026-04-14 164722.png,468,582,0.8041,79fdc2b48c7590253c261b0d45c6c696c7c96af27990495ca6978444add783e8,a0ccc891d5c18f46,source screenshot,PUBLIC_REFERENCE_ONLY,Large sequential Cadence screenshot set; select only decision-relevant frames.
SRC-0113,고주파공학,사진\homework5\시뮬사진\스크린샷 2026-04-14 165210.png,1188,795,1.4943,fcc69956e0788fb7b7fde509415bab48a7c71e5baedacba43af5b5df31a9a080,470646460606a686,source screenshot,PUBLIC_REFERENCE_ONLY,Large sequential Cadence screenshot set; select only decision-relevant frames.
SRC-0114,고주파공학,사진\homework5\시뮬사진\스크린샷 2026-04-14 165421.png,1214,765,1.5869,7df720bb053d8bcb621e06dfd80b37bedb35a1443b95f391500af8aaff63c2b8,4b4363535b88810b,source screenshot,PUBLIC_REFERENCE_ONLY,Large sequential Cadence screenshot set; select only decision-relevant frames.
SRC-0115,고주파공학,사진\homework5\시뮬사진\스크린샷 2026-04-14 165434.png,1113,655,1.6992,c90c586b9e3477238fe22b0dffd44f16dbce3febdaec81d7ea2fc38f95dfac08,9b93a3a393990501,source screenshot,PUBLIC_REFERENCE_ONLY,Large sequential Cadence screenshot set; select only decision-relevant frames.
SRC-0116,고주파공학,사진\homework5\시뮬사진\스크린샷 2026-04-14 165555.png,1000,803,1.2453,988da8eef2fe33a82d2c5c37777c81f45da7db268225c1483c9a9027d431c546,200226260643a180,source screenshot,PUBLIC_REFERENCE_ONLY,Large sequential Cadence screenshot set; select only decision-relevant frames.
SRC-0117,고주파공학,사진\homework5\시뮬사진\스크린샷 2026-04-14 165721.png,526,135,3.8963,69f02aca644aece19412804c129c7c5f2795e18e8f90c3b8819d35986a690d02,4d6939135b590606,source screenshot,PUBLIC_REFERENCE_ONLY,Large sequential Cadence screenshot set; select only decision-relevant frames.
SRC-0118,고주파공학,사진\homework5\시뮬사진\스크린샷 2026-04-14 165941.png,815,533,1.5291,a0581457acce3dcea8da02aaf7d3d0d648dbbb5c09bd466e29130a54f38fba01,4b33583038783505,source screenshot,PUBLIC_REFERENCE_ONLY,Large sequential Cadence screenshot set; select only decision-relevant frames.
SRC-0119,고주파공학,사진\homework5\시뮬사진\스크린샷 2026-04-14 170057.png,1025,220,4.6591,30e81ac5a928bc14aef4d86dc7fcf3c786367224ca1408b076da856748d4c845,0000502629118603,source screenshot,PUBLIC_REFERENCE_ONLY,Large sequential Cadence screenshot set; select only decision-relevant frames.
SRC-0120,고주파공학,사진\homework5\시뮬사진\스크린샷 2026-04-14 174542.png,869,272,3.1949,017dd4525fb83c34f209c26d60ccf41e33a2d29cf42f8ff695e663ef1f3c77bf,1909010149416100,source screenshot,PUBLIC_REFERENCE_ONLY,Large sequential Cadence screenshot set; select only decision-relevant frames.
SRC-0121,고주파공학,사진\homework5\시뮬사진\스크린샷 2026-04-14 175623.png,983,637,1.5432,a8868780d67ae87fbce0240733bd8207812cca3a6cd7819c390c173a5e945b90,0d6f4f4657570381,source screenshot,PUBLIC_REFERENCE_ONLY,Large sequential Cadence screenshot set; select only decision-relevant frames.
SRC-0122,고주파공학,사진\homework5\시뮬사진\스크린샷 2026-04-14 175651.png,973,635,1.5323,8705bf22a6bebd1cdcf6c7f0d4b99a125d57c4787b676bb31739d4e25b2cd4c2,09696d0753534b81,source screenshot,PUBLIC_REFERENCE_ONLY,Large sequential Cadence screenshot set; select only decision-relevant frames.
SRC-0123,고주파공학,사진\homework5\시뮬사진\스크린샷 2026-04-14 175735.png,876,784,1.1173,7c7a628264e08908fba8d12c28f2d771206c0dfb29586e805712c3ae6e855978,8686b2b068706070,source screenshot,PUBLIC_REFERENCE_ONLY,Large sequential Cadence screenshot set; select only decision-relevant frames.
SRC-0124,고주파공학,사진\homework5\시뮬사진\스크린샷 2026-04-14 175847.png,469,953,0.4921,9c5c3e19717bfdbe319529e82af75cd65e699fe8b5d5b52715b492c47349ca33,c1e0e1c8c4e5d186,source screenshot,PUBLIC_REFERENCE_ONLY,Large sequential Cadence screenshot set; select only decision-relevant frames.
SRC-0125,고주파공학,사진\homework5\시뮬사진\스크린샷 2026-04-14 175859.png,192,524,0.3664,9806fb8b17766816593756eabe9af7224188afed29be7ff4cc94c715d00414c3,b2929292a68692c5,source screenshot,PUBLIC_REFERENCE_ONLY,Large sequential Cadence screenshot set; select only decision-relevant frames.
SRC-0126,고주파공학,사진\homework5\시뮬사진\스크린샷 2026-04-14 175908.png,428,255,1.6784,ba8af9d26e58b7aa8b30206420c5b820be1dd9a8421c4ded88e23229dd493ea0,12020612020288ac,source screenshot,PUBLIC_REFERENCE_ONLY,Large sequential Cadence screenshot set; select only decision-relevant frames.
SRC-0127,고주파공학,사진\homework5\시뮬사진\스크린샷 2026-04-14 175914.png,429,287,1.4948,83f11926ef42126e38017b6ea06f334699b6ae1ee07c55576646eadbbf05ddbe,06026605050404ac,source screenshot,PUBLIC_REFERENCE_ONLY,Large sequential Cadence screenshot set; select only decision-relevant frames.
SRC-0128,고주파공학,사진\homework5\시뮬사진\스크린샷 2026-04-14 175922.png,953,798,1.1942,c2e7e0b694c0b7d5dd6b229e16c827750e8623460ba8d53276ec138ac4fa7026,848694b068706870,source screenshot,PUBLIC_REFERENCE_ONLY,Large sequential Cadence screenshot set; select only decision-relevant frames.
SRC-0129,고주파공학,사진\homework5\시뮬사진\스크린샷 2026-04-14 180339.png,911,787,1.1576,63214242f059e5c69e6a0d7c73d47f3328fb4ee27081b58b1a5fde9b779d4abe,86c29ab838303030,source screenshot,PUBLIC_REFERENCE_ONLY,Large sequential Cadence screenshot set; select only decision-relevant frames.
SRC-0130,고주파공학,사진\homework5\시뮬사진\스크린샷 2026-04-14 191333.png,495,492,1.0061,971dbd344a967bcf8d1b573e82b4b9ed12ddc949eac99d4c8636dab0102ef2ba,206c28150bb0b818,source screenshot,PUBLIC_REFERENCE_ONLY,Large sequential Cadence screenshot set; select only decision-relevant frames.
SRC-0131,고주파공학,사진\homework5\시뮬사진\스크린샷 2026-04-14 191733.png,964,775,1.2439,092ade140dc95d7d76289b5008f23ad8548107527954243d17e09227dabb8e88,8484b4b0e0c0c0c0,source screenshot,PUBLIC_REFERENCE_ONLY,Large sequential Cadence screenshot set; select only decision-relevant frames.
SRC-0132,고주파공학,사진\homework5\시뮬사진\스크린샷 2026-04-14 192021.png,1411,634,2.2256,3da3af6dd558f7b8e37c95151a948b3ad861d5c071161ad679ade67e00778ae6,f6969696f6f68686,source screenshot,PUBLIC_REFERENCE_ONLY,Large sequential Cadence screenshot set; select only decision-relevant frames.
SRC-0133,고주파공학,사진\homework5\시뮬사진\스크린샷 2026-04-14 193003.png,491,545,0.9009,ec6673f508f31c0f56ca727329bb28ef34776e4104b077f370ea3a754a88416a,edeec195e1f18f86,source screenshot,PUBLIC_REFERENCE_ONLY,Large sequential Cadence screenshot set; select only decision-relevant frames.
SRC-0134,고주파공학,사진\homework5\시뮬사진\스크린샷 2026-04-14 193556.png,401,331,1.2115,d5475acf57d1f14f29b494cf2c7877376975ba8b2eb992d7a16dddc3a3536c70,a491838384048082,source screenshot,PUBLIC_REFERENCE_ONLY,Large sequential Cadence screenshot set; select only decision-relevant frames.
SRC-0135,고주파공학,사진\homework5\시뮬사진\스크린샷 2026-04-14 195211.png,379,205,1.8488,05759dc9ee26fefc0d4d71e36870ae154482f206e63d8330d5eeacec23b263dc,9a98981290902333,source screenshot,PUBLIC_REFERENCE_ONLY,Large sequential Cadence screenshot set; select only decision-relevant frames.
SRC-0136,고주파공학,사진\homework5\시뮬사진\스크린샷 2026-04-14 200628.png,770,545,1.4128,9d690f4eb0034208ffd4fe7a428017b9ff40e10da51a5e01e2f72e6e2d1725fe,bc8383821b1a1b90,source screenshot,PUBLIC_REFERENCE_ONLY,Large sequential Cadence screenshot set; select only decision-relevant frames.
SRC-0137,고주파공학,사진\homework5\시뮬사진\스크린샷 2026-04-14 201112.png,726,542,1.3395,4b9b10c57f2a91f44b6f40574d43be63a7d2dec4cb7fa3786280880a502fb79b,9692908799998393,source screenshot,PUBLIC_REFERENCE_ONLY,Large sequential Cadence screenshot set; select only decision-relevant frames.
SRC-0138,고주파공학,사진\homework5\시뮬사진\스크린샷 2026-04-14 201540.png,1011,287,3.5226,4534afb70e589d53a8869443928def357fa3f1a9867407395b555e6a21a3befa,0064271986410616,source screenshot,PUBLIC_REFERENCE_ONLY,Large sequential Cadence screenshot set; select only decision-relevant frames.
SRC-0139,고주파공학,사진\homework5\시뮬사진\스크린샷 2026-04-14 202315.png,993,805,1.2335,fdded95f868164a47d1ff19ba350683d858a800b905a71378df2f093a49f871b,a40626160687a1a0,source screenshot,PUBLIC_REFERENCE_ONLY,Large sequential Cadence screenshot set; select only decision-relevant frames.
SRC-0140,고주파공학,사진\homework5\시뮬사진\스크린샷 2026-04-14 202433.png,966,618,1.5631,94e82b953d1d60c21c5bbc903cec20ae624a68da242a432b03ebce0810347bb3,2406060606060681,source screenshot,PUBLIC_REFERENCE_ONLY,Large sequential Cadence screenshot set; select only decision-relevant frames.
SRC-0141,고주파공학,사진\homework5\시뮬사진\스크린샷 2026-04-14 202522.png,590,812,0.7266,de6b6034775888c3e6dd8b6e644ead861dd47b5492500d271c47f8ea8a2b3938,3038242025333143,source screenshot,PUBLIC_REFERENCE_ONLY,Large sequential Cadence screenshot set; select only decision-relevant frames.
SRC-0142,고주파공학,사진\homework5\시뮬사진\스크린샷 2026-04-14 202530.png,595,786,0.757,a5ec9b6429febd82619538e2d58bff0b01ac5c1b59c0e0f20fa30fa968282002,3030242027333142,source screenshot,PUBLIC_REFERENCE_ONLY,Large sequential Cadence screenshot set; select only decision-relevant frames.
SRC-0143,고주파공학,사진\homework5\시뮬사진\스크린샷 2026-04-14 202558.png,757,356,2.1264,6f3f78fd5d11fca55724267f92d7e548f96b55f9969fd2c217263e7537eae3ac,18189183d89a4130,source screenshot,PUBLIC_REFERENCE_ONLY,Large sequential Cadence screenshot set; select only decision-relevant frames.
SRC-0144,고주파공학,사진\homework5\시뮬사진\스크린샷 2026-04-14 202603.png,757,457,1.6565,7e66dcc7fa932349a74de3b03796864505238de369c32e28fa50e350c64ee212,8383821a5a181310,source screenshot,PUBLIC_REFERENCE_ONLY,Large sequential Cadence screenshot set; select only decision-relevant frames.
SRC-0145,고주파공학,사진\homework5\시뮬사진\스크린샷 2026-04-14 202614.png,533,232,2.2974,87a57efa9a611a69a43bd15cd82729d35977b21f588eb8f9affbf70e0a42da50,82928282828091ac,source screenshot,PUBLIC_REFERENCE_ONLY,Large sequential Cadence screenshot set; select only decision-relevant frames.
SRC-0146,고주파공학,사진\homework5\시뮬사진\스크린샷 2026-04-14 202624.png,484,486,0.9959,888383a99fb6b5035c9cbf9c6e9da55ba378a5443ad8c1c00ce8a501342ff0d3,84c6ced670383030,source screenshot,PUBLIC_REFERENCE_ONLY,Large sequential Cadence screenshot set; select only decision-relevant frames.
SRC-0147,고주파공학,사진\homework5\시뮬사진\스크린샷 2026-04-14 202654.png,1320,590,2.2373,0ba219a4ae47f9d91432af0949e7a55ced985ef5cf2990711d29f8fe44dddce1,818181818ba9b810,source screenshot,PUBLIC_REFERENCE_ONLY,Large sequential Cadence screenshot set; select only decision-relevant frames.
SRC-0148,고주파공학,사진\homework5\시뮬사진\스크린샷 2026-04-14 202743.png,856,470,1.8213,95f24cfd6415e6153245886cceaae6daf677c6ea1926b8661d7e527edc5469df,82828282828692f0,source screenshot,PUBLIC_REFERENCE_ONLY,Large sequential Cadence screenshot set; select only decision-relevant frames.
SRC-0149,고주파공학,사진\homework5\시뮬사진\스크린샷 2026-04-14 203837.png,1603,755,2.1232,30e6324b0472a5e403a96dac559d266960ea8c769d19ac2f829f551356f0d130,3009c56919050301,source screenshot,PUBLIC_REFERENCE_ONLY,Large sequential Cadence screenshot set; select only decision-relevant frames.
SRC-0150,고주파공학,사진\homework5\시뮬사진\스크린샷 2026-04-14 203849.png,1681,802,2.096,dabb362ebf215c786ae01a76225a1954c0722af38df2be7d5175034b0eb3ee4b,1001816509090301,source screenshot,PUBLIC_REFERENCE_ONLY,Large sequential Cadence screenshot set; select only decision-relevant frames.
SRC-0151,고주파공학,사진\homework5\시뮬사진\스크린샷 2026-04-14 204129.png,1910,865,2.2081,91af9f7e0ea85b80c42b253e3461950b5b909d742a69e18cea749bbdacecc994,1203434343074381,source screenshot,PUBLIC_REFERENCE_ONLY,Large sequential Cadence screenshot set; select only decision-relevant frames.
SRC-0152,고주파공학,사진\homework5\시뮬사진\스크린샷 2026-04-14 204158.png,1850,809,2.2868,897a3074ed6891ac2c7d798ba2a6c7ba794a4f7424c8e1982c3fab043ddbb6dd,0203431303030381,source screenshot,PUBLIC_REFERENCE_ONLY,Large sequential Cadence screenshot set; select only decision-relevant frames.
SRC-0153,고주파공학,사진\homework5\시뮬사진\스크린샷 2026-04-14 204445.png,1901,859,2.213,c9f2162e187f943e386a7347f3f4e6f09b6fe95a15b724f45b6bad29647d17dd,220313435b4b0381,source screenshot,PUBLIC_REFERENCE_ONLY,Large sequential Cadence screenshot set; select only decision-relevant frames.
SRC-0154,고주파공학,사진\homework5\시뮬사진\스크린샷 2026-04-14 204516.png,1911,840,2.275,d9ae135fbfc321e49802833e3b858cb3d4d0c2d8983793a13de9431284c7941a,1003431b0b030385,source screenshot,PUBLIC_REFERENCE_ONLY,Large sequential Cadence screenshot set; select only decision-relevant frames.
SRC-0155,고주파공학,사진\homework5\시뮬사진\스크린샷 2026-04-14 210036.png,235,36,6.5278,2dfb299438d3a904f0c12fc8f628bd9335457bf2fd48900148e8c290212c0ba6,0000020303010001,source screenshot,PUBLIC_REFERENCE_ONLY,Large sequential Cadence screenshot set; select only decision-relevant frames.
SRC-0156,고주파공학,사진\homework5\시뮬사진\스크린샷 2026-04-14 210041.png,394,234,1.6838,266dc0d0cf5d345cc0d4a518f8b9b2b73af90df2dc922759a8bbc89757f0018b,a490818183838540,source screenshot,PUBLIC_REFERENCE_ONLY,Large sequential Cadence screenshot set; select only decision-relevant frames.
SRC-0157,고주파공학,사진\homework5\시뮬사진\스크린샷 2026-04-14 210856.png,573,734,0.7807,969853a2969dfdfcc215bb84aac9a8beb3b528ec5f23b935ad4b4685b307fbb5,2466666e0f312542,source screenshot,PUBLIC_REFERENCE_ONLY,Large sequential Cadence screenshot set; select only decision-relevant frames.
SRC-0158,고주파공학,사진\homework5\시뮬사진\스크린샷 2026-04-14 210942.png,717,839,0.8546,f3a4b02a3db3964dccf209f6fc7d3d4ac297c766e3a0b48b8062c3c2ab7f36ef,2420009290191ba3,source screenshot,PUBLIC_REFERENCE_ONLY,Large sequential Cadence screenshot set; select only decision-relevant frames.
SRC-0159,고주파공학,사진\homework5\시뮬사진\스크린샷 2026-04-14 211030.png,573,746,0.7681,3e543fef6e50606fe1246a256392205cc9105faa03c1ab8848e1b22fe02b9b29,2066666e47332742,source screenshot,PUBLIC_REFERENCE_ONLY,Large sequential Cadence screenshot set; select only decision-relevant frames.
SRC-0160,고주파공학,사진\homework5\시뮬사진\스크린샷 2026-04-14 211040.png,836,742,1.1267,649dc9607006f9a1eccf506b852d66219909fab5bbecd29d9f9000f86cc6ac13,868696b030707071,source screenshot,PUBLIC_REFERENCE_ONLY,Large sequential Cadence screenshot set; select only decision-relevant frames.
SRC-0161,고주파공학,사진\homework5\시뮬사진\스크린샷 2026-04-14 211051.png,481,772,0.6231,fa9063731be1317ae4881669fadd3ea4057d49922bc73fdc1ffe43551deecaaf,e0e1c8c485e14186,source screenshot,PUBLIC_REFERENCE_ONLY,Large sequential Cadence screenshot set; select only decision-relevant frames.
SRC-0162,고주파공학,사진\homework5\시뮬사진\스크린샷 2026-04-14 211104.png,474,704,0.6733,3015768c0dd171bd574503a848397438a33e6ee55750a6ec06f2c97d37499014,e1c8c48ca5c5c706,source screenshot,PUBLIC_REFERENCE_ONLY,Large sequential Cadence screenshot set; select only decision-relevant frames.
SRC-0163,고주파공학,사진\homework5\시뮬사진\스크린샷 2026-04-14 211129.png,763,537,1.4209,9bc825f9213b20253a7a88c610e74a46c2c476155f6b37aa733322683fba9845,bc8383825a1a1311,source screenshot,PUBLIC_REFERENCE_ONLY,Large sequential Cadence screenshot set; select only decision-relevant frames.
SRC-0164,고주파공학,사진\homework5\시뮬사진\스크린샷 2026-04-14 211137.png,766,367,2.0872,f87da2bdf117844dd7febd00333e4a9cb38ff9a5407a5b3ed461f530f51079a1,98989181d89a8190,source screenshot,PUBLIC_REFERENCE_ONLY,Large sequential Cadence screenshot set; select only decision-relevant frames.
SRC-0165,고주파공학,사진\homework5\시뮬사진\스크린샷 2026-04-14 211334.png,399,744,0.5363,3192f06a4d3b0e6ab34e7c1b4d1dfbe8afea955545b3407b35e069b6949d4cac,8ba59181b0a55342,source screenshot,PUBLIC_REFERENCE_ONLY,Large sequential Cadence screenshot set; select only decision-relevant frames.
SRC-0166,고주파공학,사진\homework5\시뮬사진\스크린샷 2026-04-14 211340.png,404,802,0.5037,0c64b676964ff8c761217fd5fd1dea7192abfdc0158a47be66b2380f94cbf036,8aa8a181b8a95242,source screenshot,PUBLIC_REFERENCE_ONLY,Large sequential Cadence screenshot set; select only decision-relevant frames.
SRC-0167,고주파공학,사진\homework5\시뮬사진\스크린샷 2026-04-14 211722.png,531,236,2.25,fd6c54cdd6d9f4352f2a7580c3d8f6a267fcc7d8ebce843c12ba826cd90b6ce2,9164646460646049,source screenshot,PUBLIC_REFERENCE_ONLY,Large sequential Cadence screenshot set; select only decision-relevant frames.
SRC-0168,고주파공학,사진\homework5\시뮬사진\스크린샷 2026-04-14 211833.png,986,783,1.2593,0ef33ff2c8152ec82098f91d91562c5da541c7fc3c5e9db36aa07e33f4a0c3bf,800202020670e08c,source screenshot,PUBLIC_REFERENCE_ONLY,Large sequential Cadence screenshot set; select only decision-relevant frames.
SRC-0169,고주파공학,사진\homework5\시뮬사진\스크린샷 2026-04-14 214226.png,448,713,0.6283,48f0ae5985a613b89c1ec46cee996ced2e9d1e2a4c1de6b21724d4521b6d9cdd,84c68e9e97e14507,source screenshot,PUBLIC_REFERENCE_ONLY,Large sequential Cadence screenshot set; select only decision-relevant frames.
SRC-0170,고주파공학,사진\homework5\시뮬사진\스크린샷 2026-04-14 214229.png,486,734,0.6621,3dfb948e608c51685bbc0104193640d6ddd279e6a425fa708d86baa44666bb2b,8a8c8c8c96e4c686,source screenshot,PUBLIC_REFERENCE_ONLY,Large sequential Cadence screenshot set; select only decision-relevant frames.
SRC-0171,고주파공학,사진\homework5\시뮬사진\스크린샷 2026-04-14 214542.png,1899,912,2.0822,e1acd8fb44325c629052d9e45d1d083e56ad3121aa42915bafd8c50226bde46f,20202060e0202060,source screenshot,PUBLIC_REFERENCE_ONLY,Large sequential Cadence screenshot set; select only decision-relevant frames.
SRC-0172,고주파공학,사진\homework5\시뮬사진\스크린샷 2026-04-14 214819.png,1881,976,1.9273,1b1f6f1e4a2e0846dac67765a6a3dea5be4ad6a0259432f21793fc8fab0c6ea4,206020e0602060e0,source screenshot,PUBLIC_REFERENCE_ONLY,Large sequential Cadence screenshot set; select only decision-relevant frames.
SRC-0173,고주파공학,사진\homework5\시뮬사진\스크린샷 2026-04-14 215624.png,332,740,0.4486,1088653bdf56c4cecab41ef162ddd5873c66d3a44e4dad7dc606ba070dac7e2b,b182949582aaa8d4,source screenshot,PUBLIC_REFERENCE_ONLY,Large sequential Cadence screenshot set; select only decision-relevant frames.
SRC-0174,고주파공학,사진\homework5\시뮬사진\스크린샷 2026-04-14 215632.png,310,744,0.4167,4a3f8c3ea18930c17c40a8963eca090d0a7bd6f8cf45e77554db51528a39acfb,33c294940a2a28d4,source screenshot,PUBLIC_REFERENCE_ONLY,Large sequential Cadence screenshot set; select only decision-relevant frames.
SRC-0175,고주파공학,사진\homework5\시뮬사진\스크린샷 2026-04-14 215702.png,983,807,1.2181,a3ae9f2af7f5671687967ccb622354b7c77b68f9aa32a3fce216f7db698d1b37,a1064626068ba1a0,source screenshot,PUBLIC_REFERENCE_ONLY,Large sequential Cadence screenshot set; select only decision-relevant frames.
SRC-0176,고주파공학,사진\homework5\시뮬사진\스크린샷 2026-04-14 215820.png,998,671,1.4873,a69b94a6172a27f1879f87acdeff91dd38d5a3498201c6c97b4b763cce1ff5f5,a1074767330f8389,source screenshot,PUBLIC_REFERENCE_ONLY,Large sequential Cadence screenshot set; select only decision-relevant frames.
SRC-0177,고주파공학,사진\homework5\시뮬사진\스크린샷 2026-04-14 215829.png,980,671,1.4605,a02d0d7e952bd6ddf4bad0596f84aaf0685bb93dfc3cad0ef544d82b72525349,a507477617078389,source screenshot,PUBLIC_REFERENCE_ONLY,Large sequential Cadence screenshot set; select only decision-relevant frames.
SRC-0178,고주파공학,사진\homework5\시뮬사진\스크린샷 2026-04-14 215957.png,921,561,1.6417,cc1657e37561042d27a7b653e7a05192f7adc467136a55d8cf31997e787d3e1d,4f37393131713307,source screenshot,PUBLIC_REFERENCE_ONLY,Large sequential Cadence screenshot set; select only decision-relevant frames.
SRC-0179,고주파공학,사진\homework5\시뮬사진\스크린샷 2026-04-14 220300.png,812,616,1.3182,3b4ea090b6024338e6588ae8b122b01031329131e2d174b75652683d83b8e476,300343231b0b0380,source screenshot,PUBLIC_REFERENCE_ONLY,Large sequential Cadence screenshot set; select only decision-relevant frames.
SRC-0180,고주파공학,사진\homework5\시뮬사진\스크린샷 2026-04-14 220308.png,820,588,1.3946,148692d309a7f667eb3ece30b4aea7d77322eedf81f4a0855b03fc24daa7d35b,9101457959050182,source screenshot,PUBLIC_REFERENCE_ONLY,Large sequential Cadence screenshot set; select only decision-relevant frames.
SRC-0181,고주파공학,사진\homework5\시뮬사진\스크린샷 2026-04-14 220321.png,866,628,1.379,291c2615ec0a6fa878240b2268e56514ad9c46d2f4f5da9a603eebc06f0da8c9,b00343735b0b0384,source screenshot,PUBLIC_REFERENCE_ONLY,Large sequential Cadence screenshot set; select only decision-relevant frames.
SRC-0182,고주파공학,사진\homework5\시뮬사진\스크린샷 2026-04-14 221102.png,985,684,1.4401,29b893cbc3a592d339c6e189f5440813aa9038369c4b56dda88c7824b72968ed,a006466636168789,source screenshot,PUBLIC_REFERENCE_ONLY,Large sequential Cadence screenshot set; select only decision-relevant frames.
SRC-0183,고주파공학,사진\homework5\시뮬사진\스크린샷 2026-04-14 221116.png,988,683,1.4466,165616858e3c3e679c3bc5e8d79641e72f79c135c9506e3593ba58ad6512b2a9,a002467212068389,source screenshot,PUBLIC_REFERENCE_ONLY,Large sequential Cadence screenshot set; select only decision-relevant frames.
SRC-0184,고주파공학,사진\homework5\시뮬사진\스크린샷 2026-04-14 221351.png,802,719,1.1154,f0bc4e8079c91575caa4a4fe4d739f52d5d1db4ec9531236282c7befc69f7e77,828692b038707070,source screenshot,PUBLIC_REFERENCE_ONLY,Large sequential Cadence screenshot set; select only decision-relevant frames.
SRC-0185,고주파공학,사진\homework5\시뮬사진\스크린샷 2026-04-14 221401.png,481,950,0.5063,1025ed6a2b9622975770d2e9049a9ba223da7c325f16cfc6912084395eb12b23,050200e8c8d5c586,source screenshot,PUBLIC_REFERENCE_ONLY,Large sequential Cadence screenshot set; select only decision-relevant frames.
SRC-0186,고주파공학,사진\homework5\시뮬사진\스크린샷 2026-04-14 221417.png,1428,576,2.4792,074ed88f2eec389804f8911db9ca2dc0c1bac5c10beebb606fb984c2921943ba,8383838383031200,source screenshot,PUBLIC_REFERENCE_ONLY,Large sequential Cadence screenshot set; select only decision-relevant frames.
SRC-0187,고주파공학,사진\homework5\시뮬사진\스크린샷 2026-04-14 221424.png,480,949,0.5058,e447399811b66be5e6281fcbae8b660e0aa0d2e2978860e97228fc1bcd48cb22,c1e0e1e8c4e5c586,source screenshot,PUBLIC_REFERENCE_ONLY,Large sequential Cadence screenshot set; select only decision-relevant frames.
SRC-0188,고주파공학,사진\homework5\시뮬사진\스크린샷 2026-04-14 221437.png,419,811,0.5166,0228c43fed2dd0b3f65736d4f888ec69b3b2419e8b7ecce8decbcd693e5e1d74,e0f0e8c286e2c28b,source screenshot,PUBLIC_REFERENCE_ONLY,Large sequential Cadence screenshot set; select only decision-relevant frames.
SRC-0189,고주파공학,사진\homework5\시뮬사진\스크린샷 2026-04-14 221449.png,481,950,0.5063,411519a2ffef90c35f876b6b12ee2d944c037391df5af95ef0f5dcd3d78ce6f1,c1c0e1ccc4e5c186,source screenshot,PUBLIC_REFERENCE_ONLY,Large sequential Cadence screenshot set; select only decision-relevant frames.
SRC-0190,고주파공학,사진\homework5\시뮬사진\스크린샷 2026-04-14 221505.png,476,953,0.4995,a1e476419d5f89e6d34d4375d254f0daee2ffdd9342385f392861c7764f0c73d,0102cc8c9cd54586,source screenshot,PUBLIC_REFERENCE_ONLY,Large sequential Cadence screenshot set; select only decision-relevant frames.
SRC-0191,고주파공학,사진\homework5\시뮬사진\스크린샷 2026-04-14 221512.png,765,550,1.3909,15aa2444fbadd7d82f35a7f8ba2090dcdeb86e75a49367698d5644e6bb342146,bc8383821b1a1b90,source screenshot,PUBLIC_REFERENCE_ONLY,Large sequential Cadence screenshot set; select only decision-relevant frames.
SRC-0192,고주파공학,사진\homework5\시뮬사진\스크린샷 2026-04-14 221521.png,776,551,1.4083,d6e04c045607dce39e285386afcfd4a6181f5e4845d93e9acc49175ee3a0df43,28d89898818a80a0,source screenshot,PUBLIC_REFERENCE_ONLY,Large sequential Cadence screenshot set; select only decision-relevant frames.
SRC-0193,고주파공학,사진\homework5\시뮬사진\스크린샷 2026-04-14 221542.png,404,1013,0.3988,80b0f67bc07603a47d357533eae171684803eda3188fae6dfc6d35cc64f93ebf,4280492181b04642,source screenshot,PUBLIC_REFERENCE_ONLY,Large sequential Cadence screenshot set; select only decision-relevant frames.
SRC-0194,고주파공학,사진\homework5\시뮬사진\스크린샷 2026-04-14 221553.png,1892,989,1.913,af067f7e0920d4e86a69ae077139b4593a942e31817a3692541a477fe0b7cfc9,202020e0602060e0,source screenshot,PUBLIC_REFERENCE_ONLY,Large sequential Cadence screenshot set; select only decision-relevant frames.
SRC-0195,고주파공학,사진\homework5\시뮬사진\스크린샷 2026-04-14 221627.png,1001,805,1.2435,91cb791e6a639dc2e5f45049a14f2d090659dd4c1e01dfe59b621266e6939684,25070e361601a184,source screenshot,PUBLIC_REFERENCE_ONLY,Large sequential Cadence screenshot set; select only decision-relevant frames.
SRC-0196,고주파공학,사진\homework5\시뮬사진\스크린샷 2026-04-14 221711.png,998,683,1.4612,23aa87cc945bef6d41d36c044e197bfbe4b29db9b19d29f08f41ee05ac26df4d,2006467656068781,source screenshot,PUBLIC_REFERENCE_ONLY,Large sequential Cadence screenshot set; select only decision-relevant frames.
SRC-0197,고주파공학,사진\homework5\시뮬사진\스크린샷 2026-04-14 222407.png,543,367,1.4796,ab3da72452dfa3484c8d78fcb86e5debf208103bbfc6b239c2138e235b4810f3,0d494929290b1622,source screenshot,PUBLIC_REFERENCE_ONLY,Large sequential Cadence screenshot set; select only decision-relevant frames.
SRC-0198,고주파공학,사진\homework5\시뮬사진\스크린샷 2026-04-14 222410.png,981,804,1.2201,840cd17686fe51101faed22a7c16f18c9fb4406b05ab3704951a2c9b26543c0f,200646160681a1a4,source screenshot,PUBLIC_REFERENCE_ONLY,Large sequential Cadence screenshot set; select only decision-relevant frames.
SRC-0199,고주파공학,사진\homework5\시뮬사진\스크린샷 2026-04-14 222606.png,1000,813,1.23,9c54b85fa1937386a28a7e18f6e2d78df36945cbb2a84d7ab186e84bdc1ee1da,200206160603a180,source screenshot,DUPLICATE,Exact SHA-256 duplicate of the canonical source record.
SRC-0200,고주파공학,사진\homework5\시뮬사진\스크린샷 2026-05-28 163230.png,757,52,14.5577,b4545a001ad0170b6644c28f73f0798ac88dc67448230ecc300fc885f066c59e,0a09096425350000,source screenshot,PUBLIC_REFERENCE_ONLY,Large sequential Cadence screenshot set; select only decision-relevant frames.
SRC-0201,고주파공학,사진\homework5\시뮬사진\스크린샷 2026-05-28 163316.png,727,52,13.9808,c9a57edf51df47a91255988297b3d96c14780ba0e31fdd5a6d885bac6a05c697,030305206d4d1600,source screenshot,PUBLIC_REFERENCE_ONLY,Large sequential Cadence screenshot set; select only decision-relevant frames.
SRC-0202,고주파공학,사진\homework5\시뮬사진\스크린샷 2026-05-28 163341.png,738,192,3.8438,8d6f33feae3f85f85f7bd3690649f6cd2fb80e42bf34c4b693f9b14d4849c629,06331b0e000b4931,source screenshot,PUBLIC_REFERENCE_ONLY,Large sequential Cadence screenshot set; select only decision-relevant frames.
SRC-0203,고주파공학,사진\homework5\시뮬사진\스크린샷 2026-05-28 163405.png,733,46,15.9348,d44dde2026ce64c3d5fbe1354f957b47f13b0b8fd65cf8c37c8d0a8fb8379a17,01010100256b4800,source screenshot,PUBLIC_REFERENCE_ONLY,Large sequential Cadence screenshot set; select only decision-relevant frames.
SRC-0204,고주파공학,사진\homework5\시뮬사진\스크린샷 2026-05-28 163416.png,732,83,8.8193,f0e0d6a3f16cf1653ab9a6fa80a20c5edd613dba35cdab2421941651a298828e,392b4d6d6b130b2a,source screenshot,PUBLIC_REFERENCE_ONLY,Large sequential Cadence screenshot set; select only decision-relevant frames.
SRC-0205,고주파공학,사진\homework5\시뮬사진\스크린샷 2026-05-28 163432.png,742,128,5.7969,e6ac11bfe9a2d7a34deba22f4692723365e61cd3d959a7e25e893d1f8a56b42b,016523934d1b0307,source screenshot,PUBLIC_REFERENCE_ONLY,Large sequential Cadence screenshot set; select only decision-relevant frames.
SRC-0206,고주파공학,사진\homework5\시뮬사진\스크린샷 2026-05-28 163520.png,741,87,8.5172,a5f60337714585ba9ff5eac242db03d03832d512c708e9fe7119404f1abfef9c,0101495125730f02,source screenshot,PUBLIC_REFERENCE_ONLY,Large sequential Cadence screenshot set; select only decision-relevant frames.
SRC-0207,고주파공학,사진\homework5\시뮬사진\스크린샷 2026-05-28 163540.png,860,131,6.5649,71d04596ae355b9df393abcb631a9e0bd6304e82a8510d640caaa7770814fe23,00015256254d0c06,source screenshot,PUBLIC_REFERENCE_ONLY,Large sequential Cadence screenshot set; select only decision-relevant frames.
SRC-0208,고주파공학,사진\homework5\시뮬사진\스크린샷 2026-05-28 163547.png,846,124,6.8226,b12c8554d89177fb8308e07a717d9cf2bf2f0bff91dcc1b806eefed601984059,01031c462d4d2c24,source screenshot,PUBLIC_REFERENCE_ONLY,Large sequential Cadence screenshot set; select only decision-relevant frames.
SRC-0209,고주파공학,사진\homework5\시뮬사진\스크린샷 2026-05-28 163603.png,965,210,4.5952,17a3b7294c460bae418ce8c4340239342f05598eda27535356e56e4d15867132,242722207549050d,source screenshot,PUBLIC_REFERENCE_ONLY,Large sequential Cadence screenshot set; select only decision-relevant frames.
SRC-0210,고주파공학,사진\homework5\시뮬사진\스크린샷 2026-05-28 163619.png,1016,149,6.8188,4c04f33962436080467d5c830758263fd371539be427ff26891e487f3e83a16a,0202bb0915803357,source screenshot,PUBLIC_REFERENCE_ONLY,Large sequential Cadence screenshot set; select only decision-relevant frames.
SRC-0211,고주파공학,사진\homework5\시뮬사진\스크린샷 2026-05-28 163634.png,1025,187,5.4813,3e007a0c3af1e7dcd521720e3388d5ddedaece0ebde0d4fa74ba43759e7bff6c,002829620d6d171b,source screenshot,DUPLICATE,Exact SHA-256 duplicate of the canonical source record.
SRC-0212,고주파공학,사진\homework5\시뮬사진\스크린샷 2026-05-28 163648.png,1000,187,5.3476,38adc31b96dda4911dfbb2724e2411c30b13078589fdcff3edb0abfcc710d031,04060568594c3717,source screenshot,DUPLICATE,Exact SHA-256 duplicate of the canonical source record.
SRC-0213,고주파공학,사진\homework5\시뮬사진\스크린샷 2026-05-29 141655.png,522,553,0.9439,2bd54ee94c38933123d6110116c9cea30f08472c5bac0447757f7043125b1dc7,016b4b4b4b4f4f02,source screenshot,PUBLIC_REFERENCE_ONLY,Large sequential Cadence screenshot set; select only decision-relevant frames.
SRC-0214,고주파공학,사진\homework5\시뮬사진\스크린샷 2026-05-29 141701.png,522,395,1.3215,d3923a129bc8eec47f9afa4fb2d93140230bdeb711e8b90e283fd9ef756686bb,23014507034b0701,source screenshot,PUBLIC_REFERENCE_ONLY,Large sequential Cadence screenshot set; select only decision-relevant frames.
SRC-0215,고주파공학,사진\homework5\시뮬사진\스크린샷 2026-05-29 141712.png,538,590,0.9119,c8d1e82cbf844f59505d3cad066b22083f1689fca3771bbb55b7ce183a8ccfec,2d0f0307270f4303,source screenshot,PUBLIC_REFERENCE_ONLY,Large sequential Cadence screenshot set; select only decision-relevant frames.
SRC-0216,고주파공학,사진\homework5\시뮬사진\스크린샷 2026-05-29 141723.png,566,571,0.9912,5a7279a7c6aa7255efca155caf9a81197a3242678ffb2636b1cb5f859124fe99,1303031307070301,source screenshot,PUBLIC_REFERENCE_ONLY,Large sequential Cadence screenshot set; select only decision-relevant frames.
SRC-0217,고주파공학,사진\homework5\시뮬사진\스크린샷 2026-05-29 141734.png,550,628,0.8758,74658dfea2ea32fede3259fb0720a4d814ce128f18d07e46dbfb34cd16ac9b56,060633690d1d332e,source screenshot,PUBLIC_REFERENCE_ONLY,Large sequential Cadence screenshot set; select only decision-relevant frames.
SRC-0218,고주파공학,사진\homework5\시뮬사진\스크린샷 2026-05-29 141954.png,486,433,1.1224,fd0cb90578dc40810402b3b53bb76af88f39b805d324434b143e0a261d5045c4,070518318d0d274e,source screenshot,PUBLIC_REFERENCE_ONLY,Large sequential Cadence screenshot set; select only decision-relevant frames.
SRC-0219,고주파공학,사진\homework5\시뮬사진\스크린샷 2026-05-29 143858.png,516,640,0.8063,d404cdde0eadbb9b8eade136c878f0c4fe16b559ef2024e37260140aebd26c65,0b4b039f0d23233b,source screenshot,PUBLIC_REFERENCE_ONLY,Large sequential Cadence screenshot set; select only decision-relevant frames.
SRC-0220,고주파공학,사진\homework5\시뮬사진\스크린샷 2026-05-29 143913.png,503,678,0.7419,b551f974c2c0a072d12c89725f7463b1393bef6ba1b84f7e119ae911a78d7e73,6b71074f4d356907,source screenshot,PUBLIC_REFERENCE_ONLY,Large sequential Cadence screenshot set; select only decision-relevant frames.
SRC-0221,고주파공학,사진\homework5\시뮬사진\스크린샷 2026-05-29 143929.png,481,673,0.7147,ed78981f44bbe63966c778a2762da85f2359ea6011c5f2abca9464dd3c79cd81,460f07070e3d0f93,source screenshot,PUBLIC_REFERENCE_ONLY,Large sequential Cadence screenshot set; select only decision-relevant frames.
SRC-0222,고주파공학,사진\homework5\시뮬사진\스크린샷 2026-05-29 143937.png,519,583,0.8902,ec02265faa3f7e6150aadbae1534e5b0a277bbb09f41c1c8868528bcf0f01a33,0b034509170f0506,source screenshot,PUBLIC_REFERENCE_ONLY,Large sequential Cadence screenshot set; select only decision-relevant frames.
SRC-0223,고주파공학,사진\homework5\시뮬사진\스크린샷 2026-05-31 192127.png,1020,435,2.3448,9752eb25fb7578be9925f7963a072bad6907471b43c0f9cd41e04943fc5cc738,00a2a2a2a2a6e808,source screenshot,DUPLICATE,Exact SHA-256 duplicate of the canonical source record.
SRC-0224,고주파공학,사진\homework5\시뮬사진\스크린샷 2026-05-31 192218.png,975,640,1.5234,43484f18c5d8b0388ebf4fe0a67d206293c044874c2097ed4a303f0f82570b48,7149c9c1d9482013,source screenshot,PUBLIC_REFERENCE_ONLY,Large sequential Cadence screenshot set; select only decision-relevant frames.
SRC-0225,고주파공학,사진\homework5\시뮬사진\스크린샷 2026-05-31 195223.png,686,604,1.1358,4d3d919b0dc43f6f2c1aa0c84e948791580a285d0ddae2695bcff0764e4b1112,0430302024111340,source screenshot,PUBLIC_REFERENCE_ONLY,Large sequential Cadence screenshot set; select only decision-relevant frames.
SRC-0226,고주파공학,사진\homework5\시뮬사진\스크린샷 2026-05-31 195232.png,1183,776,1.5245,e3ac17ebbcf4adfb823288b6fd30af2a1054f4edda19b63448fc65cecbd8ebf7,26561e19587b0606,source screenshot,PUBLIC_REFERENCE_ONLY,Large sequential Cadence screenshot set; select only decision-relevant frames.
SRC-0227,고주파공학,사진\homework5\시뮬사진\스크린샷 2026-05-31 195239.png,805,554,1.4531,8918311c8575a00ff2e50d125360ebe66cd78cb75a765ae53205b47067c2d4dd,c982920c01810886,source screenshot,PUBLIC_REFERENCE_ONLY,Large sequential Cadence screenshot set; select only decision-relevant frames.
SRC-0228,고주파공학,사진\homework5\시뮬사진\스크린샷 2026-05-31 195357.png,538,469,1.1471,e5ca447495a90a9b5692cf8dba7be97c494c39328f2206602d49d263ea632c6b,080833096921c1c9,source screenshot,PUBLIC_REFERENCE_ONLY,Large sequential Cadence screenshot set; select only decision-relevant frames.
SRC-0229,고주파공학,사진\homework5\시뮬사진\스크린샷 2026-05-31 195421.png,629,370,1.7,a08807772d6773bfea2f86f054e05acb5a19682b6894eb61ed6b430924f6b21c,1010c6c60a120101,source screenshot,PUBLIC_REFERENCE_ONLY,Large sequential Cadence screenshot set; select only decision-relevant frames.
SRC-0230,고주파공학,사진\homework5\시뮬사진\스크린샷 2026-05-31 195706.png,628,437,1.4371,0dd7ae71c5324bd02da825561dd3bd758abe1d6cb3533de0facd8d5ef95091ab,1813322709210120,source screenshot,PUBLIC_REFERENCE_ONLY,Large sequential Cadence screenshot set; select only decision-relevant frames.
SRC-0231,고주파공학,사진\homework5\시뮬사진\스크린샷 2026-05-31 195738.png,417,368,1.1332,8262f88ee00935d2f9ed5c0874af5302ace954ee51b9c057bc2e1f476d03d683,4a130c2c04042c06,source screenshot,PUBLIC_REFERENCE_ONLY,Large sequential Cadence screenshot set; select only decision-relevant frames.
SRC-0232,고주파공학,사진\homework5\시뮬사진\스크린샷 2026-05-31 200123.png,443,249,1.7791,99413a070193c6913ef4d08918784dd71664faaeea9ff51d7a46504d04f1e3bf,8080808080e459d9,source screenshot,PUBLIC_REFERENCE_ONLY,Large sequential Cadence screenshot set; select only decision-relevant frames.
SRC-0233,고주파공학,사진\homework5\시뮬사진\스크린샷 2026-05-31 200502.png,537,442,1.2149,88b5e2f2dc9a1a3e333cb123d99c44d901fbf640472ff7734fdd33d6b45b06f4,1942662901010912,source screenshot,PUBLIC_REFERENCE_ONLY,Large sequential Cadence screenshot set; select only decision-relevant frames.
SRC-0234,고주파공학,사진\homework5\시뮬사진\스크린샷 2026-05-31 200507.png,906,614,1.4756,caf27538e64bf8ada776d27e319e05cc6d3c36982ca3119e3f49bbea05c177e1,85c9118511099343,source screenshot,PUBLIC_REFERENCE_ONLY,Large sequential Cadence screenshot set; select only decision-relevant frames.
SRC-0235,고주파공학,사진\homework5\시뮬사진\스크린샷 2026-05-31 200513.png,816,622,1.3119,d78bd8de56160a2c8c83b82c437eb80e64ff13a5b5d6deb6544b6eb6fd86d057,20182008201823a7,source screenshot,PUBLIC_REFERENCE_ONLY,Large sequential Cadence screenshot set; select only decision-relevant frames.
SRC-0236,고주파공학,사진\homework5\시뮬사진\스크린샷 2026-05-31 200525.png,969,621,1.5604,8ef34f8804b56cfb3c8b9029edc91c9d1a21ce7e9e20c56613be31e9265baacf,d0c8a884809888d3,source screenshot,PUBLIC_REFERENCE_ONLY,Large sequential Cadence screenshot set; select only decision-relevant frames.
SRC-0237,고주파공학,사진\homework5\시뮬사진\스크린샷 2026-05-31 200531.png,953,632,1.5079,c685d53ffb5d16a53d2b2b01809610e160a43427f788cf21b6d85b3ee3790504,d0c8808490889103,source screenshot,PUBLIC_REFERENCE_ONLY,Large sequential Cadence screenshot set; select only decision-relevant frames.
SRC-0238,고주파공학,사진\homework5\시뮬사진\스크린샷 2026-05-31 200548.png,960,614,1.5635,5651353dbcb7834e2f6d98eef778adad78ea54e0f94a9f530e7684434e68c1d0,d08c9894b0988cd3,source screenshot,PUBLIC_REFERENCE_ONLY,Large sequential Cadence screenshot set; select only decision-relevant frames.
SRC-0239,고주파공학,사진\homework5\시뮬사진\스크린샷 2026-05-31 200610.png,985,623,1.5811,db1123514036240826e33b9e807e29f6c0270aa3f93dfcb007fbf5271b406ace,c18591b5918d4343,source screenshot,PUBLIC_REFERENCE_ONLY,Large sequential Cadence screenshot set; select only decision-relevant frames.
SRC-0240,고주파공학,사진\homework5\시뮬사진\스크린샷 2026-05-31 200618.png,971,630,1.5413,acca0fbff87f1246fe0e6b874b0afe53a2a092070038e8e011acc685bde8f8a0,d1899985b1898957,source screenshot,PUBLIC_REFERENCE_ONLY,Large sequential Cadence screenshot set; select only decision-relevant frames.
SRC-0241,고주파공학,사진\homework5\시뮬사진\스크린샷 2026-05-31 200915.png,946,837,1.1302,e6371091e2e658a237a1113a8074594c163c46bd9528c5220314f50e9a1610a1,a4262626d60e0681,source screenshot,PUBLIC_REFERENCE_ONLY,Large sequential Cadence screenshot set; select only decision-relevant frames.
SRC-0242,고주파공학,사진\homework5\시뮬사진\스크린샷 2026-05-31 200937.png,1909,865,2.2069,06cf3c5ed396ebe202d4f05befa3ba7d8a8a9f5eaecfbe5a87518568c850178d,88b1b1b1b1333193,source screenshot,PUBLIC_REFERENCE_ONLY,Large sequential Cadence screenshot set; select only decision-relevant frames.
SRC-0243,고주파공학,사진\homework5\시뮬사진\스크린샷 2026-05-31 201127.png,1916,884,2.1674,38c6b2759b1899a5b5f3efd2e88cb22dc9b121734b02f5485c33694ab561a80f,8c31b3b1b1333191,source screenshot,DUPLICATE,Exact SHA-256 duplicate of the canonical source record.
SRC-0244,고주파공학,사진\homework5\시뮬사진\스크린샷 2026-05-31 201320.png,1037,321,3.2305,3feac1e3b0128381f69ef6a54a66c1be688bbb3396ee3b3fb940766876c0ea31,0505313131050716,source screenshot,PUBLIC_REFERENCE_ONLY,Large sequential Cadence screenshot set; select only decision-relevant frames.
SRC-0245,고주파공학,사진\homework5\시뮬사진\스크린샷 2026-05-31 203551.png,1017,235,4.3277,dba9d7949f6b41664ad97628cd7cfed484acb0b50b8b56455682c9717bb53102,02b3091017418616,source screenshot,PUBLIC_REFERENCE_ONLY,Large sequential Cadence screenshot set; select only decision-relevant frames.
SRC-0246,고주파공학,사진\homework5\시뮬사진\스크린샷 2026-05-31 203601.png,1013,215,4.7116,72a981b93ffff0d8a5b00e4aabc9a68edd170458bdd8f4f2baedaf6b2687e5a2,000029630d6d1b0b,source screenshot,PUBLIC_REFERENCE_ONLY,Large sequential Cadence screenshot set; select only decision-relevant frames.
SRC-0247,고주파공학,사진\homework5\시뮬사진\스크린샷 2026-05-31 203608.png,1024,206,4.9709,1c73cd67b748ab4b41465deb8f22783c39747886ca92891211bfbe3b9d9f2d53,0505156959491717,source screenshot,PUBLIC_REFERENCE_ONLY,Large sequential Cadence screenshot set; select only decision-relevant frames.
SRC-0248,고주파공학,사진\homework5\시뮬사진\스크린샷 2026-06-01 164836.png,1211,774,1.5646,95167ac3631ec0639e0ca1a3d0af4d0d04361d56dcd1020289fdcea228022afe,151b2d2531e52511,source screenshot,PUBLIC_REFERENCE_ONLY,Large sequential Cadence screenshot set; select only decision-relevant frames.
SRC-0249,고주파공학,사진\homework5\시뮬사진\스크린샷 2026-06-01 193348.png,600,409,1.467,9f010c23dc0ae1c0c65ecbf0eb9ed83ff48e1646814a02d4e3e4c5d331838bed,c10018120c07050a,source screenshot,PUBLIC_REFERENCE_ONLY,Large sequential Cadence screenshot set; select only decision-relevant frames.
SRC-0250,고주파공학,사진\homework5\시뮬사진\스크린샷 2026-06-01 193352.png,1167,775,1.5058,bbb51a0a76029e09aab3802b8724159b585b12d908ce1bc6a30de636820692c3,8323311528440517,source screenshot,PUBLIC_REFERENCE_ONLY,Large sequential Cadence screenshot set; select only decision-relevant frames.
SRC-0251,고주파공학,사진\homework5\시뮬사진\스크린샷 2026-06-01 193657.png,624,757,0.8243,71098ab810e1717aef300b6811fb2bfced7907f196324165ed22d08f83eb6eff,060707070f1d0f03,source screenshot,PUBLIC_REFERENCE_ONLY,Large sequential Cadence screenshot set; select only decision-relevant frames.
SRC-0252,고주파공학,사진\homework5\시뮬사진\스크린샷 2026-06-01 193707.png,597,649,0.9199,32f3ea3d6ea3cf1e6d5ac84a92832a507283ce4cd773ba4ea630fe4bbe35203c,0b2b4145074f0507,source screenshot,PUBLIC_REFERENCE_ONLY,Large sequential Cadence screenshot set; select only decision-relevant frames.
SRC-0253,고주파공학,사진\homework5\시뮬사진\스크린샷 2026-06-01 193717.png,1154,795,1.4516,4f3a17c719b957075ebc26bce0c3e2bd91df0a3e38e13c111aae33803161fb82,15192d2531652113,source screenshot,PUBLIC_REFERENCE_ONLY,Large sequential Cadence screenshot set; select only decision-relevant frames.
SRC-0254,고주파공학,사진\homework5\시뮬사진\스크린샷 2026-06-01 193724.png,1176,816,1.4412,9440e6909a5b0bbf6c5febf43bca0e43cd041d82be904a118a85051f8a3fc23d,8c13172333531309,source screenshot,PUBLIC_REFERENCE_ONLY,Large sequential Cadence screenshot set; select only decision-relevant frames.
SRC-0255,고주파공학,사진\homework5\시뮬사진\스크린샷 2026-06-01 193732.png,1117,783,1.4266,7367e086ab8b67015407b83c8dd240af2a0e28725b0ebd0ce5ceecd0af34a426,8343252528440515,source screenshot,PUBLIC_REFERENCE_ONLY,Large sequential Cadence screenshot set; select only decision-relevant frames.
SRC-0256,고주파공학,사진\homework5\시뮬사진\스크린샷 2026-06-01 193741.png,1106,534,2.0712,f17fe397bfc1c5254f3d70e61a746367ac9781d75bdad3219db4645fb0ec31f2,115b010343630101,source screenshot,PUBLIC_REFERENCE_ONLY,Large sequential Cadence screenshot set; select only decision-relevant frames.
SRC-0257,고주파공학,사진\homework5\시뮬사진\스크린샷 2026-06-01 194023.png,774,517,1.4971,5c11231c4595d772ba2525a7aa11af6e91f0ae321a2d3154e7a1a3e0cebcb574,9918181c1c2d0d00,source screenshot,PUBLIC_REFERENCE_ONLY,Large sequential Cadence screenshot set; select only decision-relevant frames.
SRC-0258,고주파공학,사진\homework5\시뮬사진\스크린샷 2026-06-01 194421.png,1101,760,1.4487,4d9331e99989f1e1aaa031771b03a6bcf9b9a679ef1d6ee71a9dacc01a751855,83432125694c0d35,source screenshot,PUBLIC_REFERENCE_ONLY,Large sequential Cadence screenshot set; select only decision-relevant frames.
SRC-0259,고주파공학,사진\homework5\시뮬사진\스크린샷 2026-06-01 194426.png,1157,749,1.5447,1706d70bac030d78c0d6b81c7ed232cf6509592ba7f89ecaf1c4083259cbe09c,0b01030323010515,source screenshot,PUBLIC_REFERENCE_ONLY,Large sequential Cadence screenshot set; select only decision-relevant frames.
SRC-0260,고주파공학,사진\homework5\시뮬사진\스크린샷 2026-06-01 220830.png,560,634,0.8833,054a45bbf5dc8877b74eb8456aa6d15ff7c4f6b5fb2113a7825ae86f1ab2932b,2323431327070301,source screenshot,PUBLIC_REFERENCE_ONLY,Large sequential Cadence screenshot set; select only decision-relevant frames.
SRC-0261,고주파공학,사진\homework5\시뮬사진\스크린샷 2026-06-01 220841.png,631,750,0.8413,d0edc1a5b32d3159045b6347a676ca2a08fdb59a15bd213de4fc12b31b153488,02060b310d1d3336,source screenshot,PUBLIC_REFERENCE_ONLY,Large sequential Cadence screenshot set; select only decision-relevant frames.
SRC-0262,고주파공학,사진\homework5\시뮬사진\스크린샷 2026-06-01 220913.png,1116,751,1.486,0d06f06eba4327df8ea1268b05652f6ef67662babbdba02d26427babf2a9d222,19311199cd232101,source screenshot,PUBLIC_REFERENCE_ONLY,Large sequential Cadence screenshot set; select only decision-relevant frames.
SRC-0263,고주파공학,사진\homework5\시뮬사진\스크린샷 2026-06-01 220946.png,1128,736,1.5326,a503775776c76598583c67bb83ff36033ce6144b8a60e199f5c38a7ff6d74c2c,19111111cd332109,source screenshot,PUBLIC_REFERENCE_ONLY,Large sequential Cadence screenshot set; select only decision-relevant frames.
SRC-0264,고주파공학,사진\homework5\시뮬사진\스크린샷 2026-06-01 220956.png,1143,822,1.3905,277bf10f12cb5ae52df7a8f02ab1e68e0b6223ac0e69bb1bb46f20f06bffbbcf,05254c1d9005454f,source screenshot,PUBLIC_REFERENCE_ONLY,Large sequential Cadence screenshot set; select only decision-relevant frames.
SRC-0265,고주파공학,사진\homework5\시뮬사진\스크린샷 2026-06-01 221002.png,1154,800,1.4425,8ad40e4d57bc2aeef689f6cefc2af846698adacc029b6c1bd0e08abfe18f8406,49010e8f86074f41,source screenshot,PUBLIC_REFERENCE_ONLY,Large sequential Cadence screenshot set; select only decision-relevant frames.
SRC-0266,고주파공학,사진\homework5\시뮬사진\스크린샷 2026-06-01 221007.png,1082,627,1.7257,e8994ca98d7507423c7ec2c9a2472380f1687dc5e503c72c9a7e847b422a5a61,0c0e061607474587,source screenshot,PUBLIC_REFERENCE_ONLY,Large sequential Cadence screenshot set; select only decision-relevant frames.
SRC-0267,고주파공학,사진\homework5\시뮬사진\스크린샷 2026-06-01 221018.png,1074,778,1.3805,43ece60afcfb5fb30102a74b58125d4c8d3c314d011544ac05bb3e5d22894a10,31470d0716164d07,source screenshot,PUBLIC_REFERENCE_ONLY,Large sequential Cadence screenshot set; select only decision-relevant frames.
SRC-0268,고주파공학,사진\homework5\시뮬사진\스크린샷 2026-06-01 221029.png,1099,788,1.3947,519ebaf3db5b6ef1bb63f1394ddd8bd5adbc158642f058e1fbadb3785e8c71f5,49090e0e16074747,source screenshot,PUBLIC_REFERENCE_ONLY,Large sequential Cadence screenshot set; select only decision-relevant frames.
SRC-0269,고주파공학,사진\homework5\시뮬사진\스크린샷 2026-06-01 221035.png,1144,806,1.4194,691102ea1c10011dc7f6acd5618aa0e3391d60ceaae1c66f0b9ecea2da33ae59,11230d0716164d05,source screenshot,PUBLIC_REFERENCE_ONLY,Large sequential Cadence screenshot set; select only decision-relevant frames.
SRC-0270,고주파공학,사진\homework5\시뮬사진\스크린샷 2026-06-01 221041.png,1019,845,1.2059,9f10940cf63ae13e9eaf392d170c5bae158f69230695973b44e492ab71b03af7,0b0f0e061b1b1306,source screenshot,PUBLIC_REFERENCE_ONLY,Large sequential Cadence screenshot set; select only decision-relevant frames.
SRC-0271,고주파공학,사진\homework5\시뮬사진\스크린샷 2026-06-01 221207.png,1100,768,1.4323,b72c8e1535a9095d99f80f7ba4838b1fb7d3f18cb56e5dae30fb45c5b6243423,1913131147030301,source screenshot,PUBLIC_REFERENCE_ONLY,Large sequential Cadence screenshot set; select only decision-relevant frames.
SRC-0272,고주파공학,사진\homework5\시뮬사진\스크린샷 2026-06-01 221213.png,1129,785,1.4382,656f3f4a586a4da99215727ccf5c43c120aea640e7d48547ae05bf0853980781,250d0e06060d490f,source screenshot,PUBLIC_REFERENCE_ONLY,Large sequential Cadence screenshot set; select only decision-relevant frames.
SRC-0273,고주파공학,사진\homework5\시뮬사진\스크린샷 2026-06-01 221218.png,1112,778,1.4293,d040a48591800c1211e5d75f824ae6ef46bc29fc6ed221540daa0a31401d8b4c,21091c16160c4d0f,source screenshot,PUBLIC_REFERENCE_ONLY,Large sequential Cadence screenshot set; select only decision-relevant frames.
SRC-0274,고주파공학,사진\homework5\시뮬사진\스크린샷 2026-06-01 221227.png,1186,873,1.3585,88ac44ca6e17f6a6f8ec5734e6ffdf6f4c0c25b0cc284e625106a53a65cae4c5,a90f0f9717854587,source screenshot,PUBLIC_REFERENCE_ONLY,Large sequential Cadence screenshot set; select only decision-relevant frames.
SRC-0275,고주파공학,사진\homework5\시뮬사진\스크린샷 2026-06-01 221231.png,1093,771,1.4176,6a292a0eb89702335a9c185a606d5c51f882b34b75930c8794567701ab63c2ff,110d0616160d4107,source screenshot,PUBLIC_REFERENCE_ONLY,Large sequential Cadence screenshot set; select only decision-relevant frames.
SRC-0276,고주파공학,사진\homework5\시뮬사진\스크린샷 2026-06-01 221236.png,1051,793,1.3253,33a4946a9d1f93b6554c05abf224bb9c504466d107561c1518865626802cf899,61070f27260c0d05,source screenshot,PUBLIC_REFERENCE_ONLY,Large sequential Cadence screenshot set; select only decision-relevant frames.
SRC-0277,고주파공학,사진\homework5\시뮬사진\스크린샷 2026-06-01 221241.png,1139,834,1.3657,d4e744ff2fc6bd9cbb3cfe47a4bf3de9d4d5fae873f20aa58b1015172b54244c,21090c1677550d07,source screenshot,PUBLIC_REFERENCE_ONLY,Large sequential Cadence screenshot set; select only decision-relevant frames.
SRC-0278,고주파공학,사진\homework5\시뮬사진\스크린샷 2026-06-01 221245.png,1149,822,1.3978,31f8f4ac5272da63ecd6f45b223e9b313c7e2c0cf34c65c870541445826a40ae,210d0e1677550d07,source screenshot,PUBLIC_REFERENCE_ONLY,Large sequential Cadence screenshot set; select only decision-relevant frames.
SRC-0279,고주파공학,사진\homework5\시뮬사진\스크린샷 2026-06-01 221251.png,1147,792,1.4482,30462e67b745aa0fcb92a5b2374d99066736db01fe1886d2e97cb118e691b8f5,010d0e07060d4107,source screenshot,PUBLIC_REFERENCE_ONLY,Large sequential Cadence screenshot set; select only decision-relevant frames.
SRC-0280,고주파공학,사진\homework5\시뮬사진\스크린샷 2026-06-01 221258.png,1106,830,1.3325,9c93e7eaf80f6cc21f683bd138c9e32d3f938da7e29fe7960c78e860c22772ac,01210c1606060707,source screenshot,PUBLIC_REFERENCE_ONLY,Large sequential Cadence screenshot set; select only decision-relevant frames.
SRC-0281,고주파공학,사진\homework5\시뮬사진\스크린샷 2026-06-01 221306.png,1101,835,1.3186,3ba54b102e77878c19d001fc4fb6d85dd236bb4a4fe644a6ceb2f0393e986485,85490f0707060d01,source screenshot,PUBLIC_REFERENCE_ONLY,Large sequential Cadence screenshot set; select only decision-relevant frames.
SRC-0282,고주파공학,사진\homework5\시뮬사진\스크린샷 2026-06-02 013019.png,972,615,1.5805,ecaa5ffeeb5e8b929a6f92b05e387217b3e5daa4377bea67cfaff07d027160b3,c0e4c0c0d0cc4463,source screenshot,DUPLICATE,Exact SHA-256 duplicate of the canonical source record.
SRC-0283,고주파공학,사진\homework5\시뮬사진\스크린샷 2026-06-02 013103.png,980,663,1.4781,12cdb251b6cc792d7053598fde88f36e5b87fd0efb1d5183b7138e538e2dedb6,c04cd0d0d04c41a3,source screenshot,DUPLICATE,Exact SHA-256 duplicate of the canonical source record.
SRC-0284,고주파공학,사진\homework5\시뮬사진\스크린샷 2026-06-02 013442.png,986,662,1.4894,9e678c9eee5a5f6edbed87c5822eb4ed4afb81d75c2fd08bed0b37fd1c32db6f,c21a1e1a1a1e8c85,source screenshot,DUPLICATE,Exact SHA-256 duplicate of the canonical source record.
SRC-0285,고주파공학,사진\homework5\시뮬사진\스크린샷 2026-06-02 015309.png,836,534,1.5655,725732f7f445e09f7a519f3190637187320a5084b721a0f62ec223b43712f1fa,27071f9fd707a707,source screenshot,DUPLICATE,Exact SHA-256 duplicate of the canonical source record.
SRC-0286,고주파공학,사진\homework5\시뮬사진\스크린샷 2026-06-08 131213.png,601,131,4.5878,ca639edb2bb1e3337deca8d61e5666d131c7fdf9f20047557a47a0ca9b50a41c,062627173e1f3545,source screenshot,PUBLIC_REFERENCE_ONLY,Large sequential Cadence screenshot set; select only decision-relevant frames.
SRC-0287,고주파공학,사진\homework5\시뮬사진\스크린샷 2026-06-08 131331.png,647,80,8.0875,140563ad441d8beec1dfda4b5427236823ac2582125624c595da4db08d4fd4ad,0000253523356518,source screenshot,PUBLIC_REFERENCE_ONLY,Large sequential Cadence screenshot set; select only decision-relevant frames.
SRC-0288,고주파공학,사진\homework5\시뮬사진\스크린샷 2026-06-08 131346.png,636,110,5.7818,f4d6c3fa753520a8d984bfdd2fc2ecace3713f51f29649d13ac7c75610b4fa56,3337571737332200,source screenshot,PUBLIC_REFERENCE_ONLY,Large sequential Cadence screenshot set; select only decision-relevant frames.
SRC-0289,고주파공학,사진\homework5\시뮬사진\스크린샷 2026-06-08 131423.png,610,73,8.3562,1f287963b2a5f55d9ed7ee68ccb42721690bbc7134dcbe189b10ae9e63f0fc6f,030b3b29170d2112,source screenshot,PUBLIC_REFERENCE_ONLY,Large sequential Cadence screenshot set; select only decision-relevant frames.
SRC-0290,고주파공학,사진\homework5\시뮬사진\스크린샷 2026-06-08 131439.png,602,68,8.8529,63e4f7177510e5314efd8941c01f577b729958f7de1b37c4519900bff6643597,05137b272b491524,source screenshot,PUBLIC_REFERENCE_ONLY,Large sequential Cadence screenshot set; select only decision-relevant frames.
SRC-0291,고주파공학,사진\homework5\시뮬사진\스크린샷 2026-06-08 131539.png,608,93,6.5376,4147d8fa55a99b9036075ff500c13b6ae313a3863c7e6e921d8454768451961a,31333329d3551943,source screenshot,PUBLIC_REFERENCE_ONLY,Large sequential Cadence screenshot set; select only decision-relevant frames.
SRC-0292,고주파공학,사진\homework5\시뮬사진\스크린샷 2026-06-08 131553.png,603,51,11.8235,7e39afee162f73f7bc98cc2894382141d544684ba311a62235fbb4ce18657bec,0d093537490f4d71,source screenshot,PUBLIC_REFERENCE_ONLY,Large sequential Cadence screenshot set; select only decision-relevant frames.
SRC-0293,고주파공학,사진\homework5\시뮬사진\스크린샷 2026-06-08 131604.png,613,33,18.5758,23eb777cae8f3049a7eb052b5514710e1325cc4d27e5d05a9ddf6d3de1f39ab0,1b130701393be404,source screenshot,PUBLIC_REFERENCE_ONLY,Large sequential Cadence screenshot set; select only decision-relevant frames.
SRC-0294,고주파공학,사진\homework5\시뮬사진\스크린샷 2026-06-08 131617.png,618,72,8.5833,b94324fdcb70cd1cc4c9e81cb8648d64075eeb905bbeabc4972fa875c368a030,01017363352d516c,source screenshot,PUBLIC_REFERENCE_ONLY,Large sequential Cadence screenshot set; select only decision-relevant frames.
SRC-0295,고주파공학,사진\homework5\시뮬사진\스크린샷 2026-06-08 131630.png,620,70,8.8571,8131c41853326088a1d974856c3f04bea9d0be06558c779a1caaab4364d70226,19074d4d67070725,source screenshot,PUBLIC_REFERENCE_ONLY,Large sequential Cadence screenshot set; select only decision-relevant frames.
SRC-0296,고주파공학,사진\homework5\시뮬사진\스크린샷 2026-06-08 131828.png,515,97,5.3093,49f1c00c23a640b295064fc0beaa0b19108d5435b03196bf014ff4a164150b0d,0033535b5a333323,source screenshot,PUBLIC_REFERENCE_ONLY,Large sequential Cadence screenshot set; select only decision-relevant frames.
SRC-0297,고주파공학,사진\homework5\시뮬사진\스크린샷 2026-06-08 151942.png,368,407,0.9042,4548fd6bfad6d45427e4924b9b674dbe35101567b3eab0c3e3af2d325a30b62f,5b33278f2d4f9b0f,source screenshot,PUBLIC_REFERENCE_ONLY,Large sequential Cadence screenshot set; select only decision-relevant frames.
SRC-0298,고주파공학,사진\homework5\시뮬사진\스크린샷 2026-06-08 162010.png,326,406,0.803,c0806968365a539ce13d2f140b03fe22fe6b3ab3a1d6cb2e0c5f40e6c7de2763,5b338787052d8d8d,source screenshot,PUBLIC_REFERENCE_ONLY,Large sequential Cadence screenshot set; select only decision-relevant frames.
SRC-0299,고주파공학,사진\homework5\시뮬사진\스크린샷 2026-06-08 164932.png,1036,541,1.915,2b6f2abf11360be73936955f5af20741285a2631db8ccd25245db784a36c26fc,b771455655676767,source screenshot,PUBLIC_REFERENCE_ONLY,Large sequential Cadence screenshot set; select only decision-relevant frames.
SRC-0300,고주파공학,사진\homework5\시뮬사진\스크린샷 2026-06-08 165021.png,646,387,1.6693,56be51347cedbd3803c443065c869d9e5870ab7c53323e71f722cdc175ab80e7,25a525070d0e0e0e,source screenshot,PUBLIC_REFERENCE_ONLY,Large sequential Cadence screenshot set; select only decision-relevant frames.
SRC-0301,고주파공학,사진\homework5\시뮬사진\스크린샷 2026-06-08 165420.png,1312,431,3.0441,1d4f123317160e57cc52aac5af259ebcdd1aaf3c1eb79fa8fb49de56a1172924,0000010001060001,source screenshot,PUBLIC_REFERENCE_ONLY,Large sequential Cadence screenshot set; select only decision-relevant frames.
SRC-0302,고주파공학,사진\homework5\시뮬사진\스크린샷 2026-06-08 165457.png,1292,357,3.619,1a6b67d7e1d9c15fc865a31ece63d4de4d324a198656f1c3162b9dd424777b99,0100000101060103,source screenshot,PUBLIC_REFERENCE_ONLY,Large sequential Cadence screenshot set; select only decision-relevant frames.
SRC-0303,고주파공학,사진\homework5\시뮬사진\스크린샷 2026-06-08 171620.png,1069,763,1.401,0e00f6b8c294fb6118c782fa234cf416a4cf4f063f0aeea751b9c609d62f330a,030363727212d1d1,source screenshot,PUBLIC_REFERENCE_ONLY,Large sequential Cadence screenshot set; select only decision-relevant frames.
SRC-0304,고주파공학,사진\homework5\시뮬사진\스크린샷 2026-06-09 144807.png,1020,191,5.3403,be76eb22f872769a006ac2d2648129c5ec0aa96c45200561158ccb0b5dac94ce,0949561543552d6d,source screenshot,DUPLICATE,Exact SHA-256 duplicate of the canonical source record.
SRC-0305,고주파공학,사진\homework5\시뮬사진\스크린샷 2026-06-09 144855.png,1020,269,3.7918,3bdff42b8b561ba75629af55eaa1ab6580e3dce3eeac5d42b6d277db4a462089,0945174529490616,source screenshot,DUPLICATE,Exact SHA-256 duplicate of the canonical source record.
SRC-0306,고주파공학,사진\homework5\시뮬사진\스크린샷 2026-06-09 144914.png,1023,299,3.4214,a2f5a3d1a0a748ffb2816ff8935cc858488c504eefd13fa42d0c8b59cbe16a06,00634d5111090216,source screenshot,PUBLIC_REFERENCE_ONLY,Large sequential Cadence screenshot set; select only decision-relevant frames.
SRC-0307,고주파공학,사진\homework5\시뮬사진\스크린샷 2026-06-09 182007.png,1573,681,2.3098,b2a4aac76924ad6c4e4b5386fb7f381db792ea9f2c5a7363251f76ff4190eb7e,80809a8284801880,source screenshot,PUBLIC_REFERENCE_ONLY,Large sequential Cadence screenshot set; select only decision-relevant frames.
SRC-0308,고주파공학,사진\homework5\시뮬사진\스크린샷 2026-06-09 182858.png,1059,228,4.6447,e87053a71230f80250ca3a9a61f8bcb8ffb039c2abf55d7ff55ce8459455816f,8081c69663952fc1,source screenshot,PUBLIC_REFERENCE_ONLY,Large sequential Cadence screenshot set; select only decision-relevant frames.
SRC-0309,고주파공학,사진\homework5\시뮬사진\스크린샷 2026-06-09 183956.png,474,843,0.5623,46fbff032ecc146a967f2e37007cbdb4530cd95de6189248ee0fd06092aedc81,c1e0e1ccc485e1d1,source screenshot,PUBLIC_REFERENCE_ONLY,Large sequential Cadence screenshot set; select only decision-relevant frames.
SRC-0310,고주파공학,사진\homework5\시뮬사진\스크린샷 2026-06-09 184010.png,752,821,0.916,95ddf81e8ca7db45fe2986f91e181f40d7f88c4533c55ebf19b9931d524cdf62,8080c3a393339390,source screenshot,PUBLIC_REFERENCE_ONLY,Large sequential Cadence screenshot set; select only decision-relevant frames.
SRC-0311,고주파공학,사진\homework5\시뮬사진\스크린샷 2026-06-09 184020.png,664,751,0.8842,81fc663867ae2329a9bc77cdbb2e70ed64b9cb491cdb43a632f6252ea2abecaa,8080c0a090b09080,source screenshot,PUBLIC_REFERENCE_ONLY,Large sequential Cadence screenshot set; select only decision-relevant frames.
SRC-0312,고주파공학,사진\homework5\시뮬사진\스크린샷 2026-06-09 184611.png,997,828,1.2041,da99771b02fe8cbc97c4ed0fba5ce3a2cfebab4f37ad7fdbdd5f5b8dde3a71fa,a0022e064693a180,source screenshot,PUBLIC_REFERENCE_ONLY,Large sequential Cadence screenshot set; select only decision-relevant frames.
SRC-0313,고주파공학,사진\homework5\시뮬사진\스크린샷 2026-06-09 184620.png,621,309,2.0097,dfd57c10b9c72b2edeb4328d4eb238e1ad46dda69702214cc6373c13f332556a,0f050e0a0a36260e,source screenshot,PUBLIC_REFERENCE_ONLY,Large sequential Cadence screenshot set; select only decision-relevant frames.
SRC-0314,고주파공학,사진\homework5\시뮬사진\스크린샷 2026-06-09 185008.png,993,684,1.4518,ce4b93d0cc058ba3d1d493ed7aea1e86faebd06d1d5d22903bbb973214121b45,a0162612060683a1,source screenshot,PUBLIC_REFERENCE_ONLY,Large sequential Cadence screenshot set; select only decision-relevant frames.
SRC-0315,고주파공학,사진\homework5\시뮬사진\스크린샷 2026-06-09 185258.png,990,661,1.4977,71cbfee34995f3cb4c12bc951555221e8d570310978bd7decfa12b1585e2a9ff,2006160606068381,source screenshot,PUBLIC_REFERENCE_ONLY,Large sequential Cadence screenshot set; select only decision-relevant frames.
SRC-0316,고주파공학,사진\homework5\시뮬사진\스크린샷 2026-06-09 185409.png,979,646,1.5155,43eb7b5e887f593fe1c243669a51ab183bb092978ade27f419e58c9a9984048f,a086468606060681,source screenshot,PUBLIC_REFERENCE_ONLY,Large sequential Cadence screenshot set; select only decision-relevant frames.
SRC-0317,고주파공학,사진\homework5\시뮬사진\스크린샷 2026-06-09 185520.png,551,686,0.8032,e32bd5667ac7b93db2cddf4c487f073db533c0a60bd8251368d1b0591b697374,073627404b4b0b47,source screenshot,PUBLIC_REFERENCE_ONLY,Large sequential Cadence screenshot set; select only decision-relevant frames.
SRC-0318,고주파공학,사진\homework5\시뮬사진\스크린샷 2026-06-09 190122.png,1000,306,3.268,a4d36dedad56f65c4e8984d6e59dd9a1bd5f96e1b7d1825920c0980d9e8189e5,00094607456d0706,source screenshot,PUBLIC_REFERENCE_ONLY,Large sequential Cadence screenshot set; select only decision-relevant frames.
SRC-0319,고주파공학,사진\homework5\시뮬사진\스크린샷 2026-06-09 190713.png,450,628,0.7166,d3758b0ea3056952aff3c0979b2af8239b91d47911ac28df2d50e5a4d5e5e327,2d13034064000602,source screenshot,PUBLIC_REFERENCE_ONLY,Large sequential Cadence screenshot set; select only decision-relevant frames.
SRC-0320,고주파공학,사진\homework5\시뮬사진\스크린샷 2026-06-09 191415.png,984,679,1.4492,056134d8632a738921295712863137b6c97a484e77c7aa9e3b5910b4c071c71a,2107a75687078389,source screenshot,PUBLIC_REFERENCE_ONLY,Large sequential Cadence screenshot set; select only decision-relevant frames.
SRC-0321,고주파공학,사진\homework5\시뮬사진\스크린샷 2026-06-09 191813.png,989,679,1.4566,1e5abfbdc9ab2b22dd4535c73b5b7ed2940ea0574585aefeba9d60ca55d6c640,a006560646068381,source screenshot,PUBLIC_REFERENCE_ONLY,Large sequential Cadence screenshot set; select only decision-relevant frames.
SRC-0322,고주파공학,사진\homework5\시뮬사진\스크린샷 2026-06-09 192550.png,986,629,1.5676,5246e8cf2f2256d26d097f6ab235bf72486ca2fb510d60d370f3da3bf572db1b,a006562e460617a1,source screenshot,PUBLIC_REFERENCE_ONLY,Large sequential Cadence screenshot set; select only decision-relevant frames.
SRC-0323,고주파공학,사진\homework5\시뮬사진\스크린샷 2026-06-09 192817.png,997,651,1.5315,3c4b1b5e219638dd14f2c35ec992c40ee00f7088080d266fc30c458c5bee3f68,a44656264606a791,source screenshot,PUBLIC_REFERENCE_ONLY,Large sequential Cadence screenshot set; select only decision-relevant frames.
SRC-0324,고주파공학,사진\homework5\시뮬사진\스크린샷 2026-06-09 210058.png,962,771,1.2477,1ba39f3b6b21c07620a37bc8cf491b12b7b373a6d619bcd308d05e29b8475d71,a05682060683a180,source screenshot,PUBLIC_REFERENCE_ONLY,Large sequential Cadence screenshot set; select only decision-relevant frames.
SRC-0325,고주파공학,사진\homework5\시뮬사진\스크린샷 2026-06-09 210211.png,1206,676,1.784,fb3ab9fd7b16a190b685d9318d580d2027727835dc1e975db84eae51c361ef59,8080d2f2ceccf0f1,source screenshot,DUPLICATE,Exact SHA-256 duplicate of the canonical source record.
SRC-0326,고주파공학,사진\homework5\시뮬사진\스크린샷 2026-06-09 210229.png,993,660,1.5045,3f58b8002a9f602cb3a291719b16ac0aabb35608e4cb0b65f8952637fbdf5ac8,a446560e5606a781,source screenshot,PUBLIC_REFERENCE_ONLY,Large sequential Cadence screenshot set; select only decision-relevant frames.
SRC-0327,고주파공학,사진\homework5\시뮬사진\스크린샷 2026-06-09 210307.png,980,786,1.2468,3b161adce444fc7a8268080110cf120730dd4bc09554d7209b143b63a83843f2,a466b60e078bb580,source screenshot,DUPLICATE,Exact SHA-256 duplicate of the canonical source record.
SRC-0328,고주파공학,사진\homework5\시뮬사진\스크린샷 2026-06-09 210327.png,1336,823,1.6233,da2ed4b1eec5a5079a8401e812f260417636b2a6b3cc61610aeeaa7b686e7af3,8040cc8882888049,source screenshot,DUPLICATE,Exact SHA-256 duplicate of the canonical source record.
SRC-0329,고주파공학,사진\homework5\시뮬사진\스크린샷 2026-06-09 210424.png,976,779,1.2529,280f3015a5fbad4708fc34a44d353a7df39abee74a1adec89c490c968b97b898,a00612160683a180,source screenshot,PUBLIC_REFERENCE_ONLY,Large sequential Cadence screenshot set; select only decision-relevant frames.
SRC-0330,고주파공학,사진\homework5\시뮬사진\스크린샷 2026-06-09 210519.png,687,495,1.3879,97efea5820d132c9e1c55a4ecd4399fa5ffc02cd8d25374935b4631b7b64e528,9292846ce4b2ae82,source screenshot,DUPLICATE,Exact SHA-256 duplicate of the canonical source record.
SRC-0331,고주파공학,사진\homework5\시뮬사진\스크린샷 2026-06-09 210903.png,1004,781,1.2855,6aa3065160084c43de26ab06cda23115e6b02c4159f7dfd09be5231ce349a09c,2006362607c3a180,source screenshot,DUPLICATE,Exact SHA-256 duplicate of the canonical source record.
SRC-0332,고주파공학,사진\homework5\시뮬사진\스크린샷 2026-06-09 211310.png,997,811,1.2293,92490c001707592e10ceec02918cfb042aebade3dd4306cdaf8b45f8db1d20c4,a406264e0647a1a4,source screenshot,PUBLIC_REFERENCE_ONLY,Large sequential Cadence screenshot set; select only decision-relevant frames.
SRC-0333,고주파공학,사진\homework5\시뮬사진\스크린샷 2026-06-09 211654.png,1000,802,1.2469,07b93bff80d04a9e5845f40b23cf4e7b49a5d7f5068251d6e9153168695414d8,200626460643a180,source screenshot,PUBLIC_REFERENCE_ONLY,Large sequential Cadence screenshot set; select only decision-relevant frames.
SRC-0334,고주파공학,사진\homework5\시뮬사진\스크린샷 2026-06-09 211700.png,1164,726,1.6033,dca7e5af0747ce11039a1662a0d59d53db7548e0a0f5615fbf803644f2c3dd64,808080c2ca88c020,source screenshot,PUBLIC_REFERENCE_ONLY,Large sequential Cadence screenshot set; select only decision-relevant frames.
SRC-0335,고주파공학,사진\homework5\시뮬사진\스크린샷 2026-06-09 211707.png,670,292,2.2945,eeacc9f262e9596ba5f987e395c2ada0edc326cb3adaf92d148695ab3a10ccde,2cac8484842c5c86,source screenshot,PUBLIC_REFERENCE_ONLY,Large sequential Cadence screenshot set; select only decision-relevant frames.
SRC-0336,고주파공학,사진\homework5\시뮬사진\스크린샷 2026-06-09 212749.png,1001,785,1.2752,4b5cf85e6a312760e616026d1725573b9dc3681b3e6acbb6c41af6e88a751859,e147170e0783a184,source screenshot,PUBLIC_REFERENCE_ONLY,Large sequential Cadence screenshot set; select only decision-relevant frames.
SRC-0337,고주파공학,사진\homework5\시뮬사진\스크린샷 2026-06-09 212753.png,1156,660,1.7515,09591b129cf294319a93c8c44cbd11e18fdd06ceb4116b442536990572fa37ac,8080d2c2ca88c021,source screenshot,PUBLIC_REFERENCE_ONLY,Large sequential Cadence screenshot set; select only decision-relevant frames.
SRC-0338,고주파공학,사진\homework5\시뮬사진\스크린샷 2026-06-09 212801.png,668,386,1.7306,2a233a9cdb353cc437395e2bf7fa4fe2fcc6f0727e19b60ea11d8ed6d21455bd,86aeae84b72c8683,source screenshot,PUBLIC_REFERENCE_ONLY,Large sequential Cadence screenshot set; select only decision-relevant frames.
SRC-0339,고주파공학,사진\homework5\시뮬사진\스크린샷 2026-06-09 213044.png,1177,682,1.7258,517a073a09f3fcede3ca063ededec26b9a90fcd92367cf39283e2903d622120d,808082c2ca88d060,source screenshot,PUBLIC_REFERENCE_ONLY,Large sequential Cadence screenshot set; select only decision-relevant frames.
SRC-0340,고주파공학,사진\homework5\시뮬사진\스크린샷 2026-06-09 213839.png,1002,777,1.2896,a5ff8ee71dd8d6e28387cd1b8ab696d484502f3b7af5dec4c10aab186b88a52b,242646460603a180,source screenshot,PUBLIC_REFERENCE_ONLY,Large sequential Cadence screenshot set; select only decision-relevant frames.
SRC-0341,고주파공학,사진\homework5\시뮬사진\스크린샷 2026-06-09 214022.png,980,757,1.2946,1372776f5bc9fc170e8cedb8d38518e57cbcfc069adb7759dd25aa9458e214b6,8426a6060683a1a4,source screenshot,PUBLIC_REFERENCE_ONLY,Large sequential Cadence screenshot set; select only decision-relevant frames.
SRC-0342,고주파공학,사진\homework5\시뮬사진\스크린샷 2026-06-09 214125.png,986,685,1.4394,5eb24def51cfbc9a371fcbd41aa25724a9346d5fec5140f05bf71de4eb98143b,a006468e160687a1,source screenshot,PUBLIC_REFERENCE_ONLY,Large sequential Cadence screenshot set; select only decision-relevant frames.
SRC-0343,고주파공학,사진\homework5\시뮬사진\스크린샷 2026-06-09 214432.png,996,707,1.4088,ad3242db61dad850cb81b7565dde813b79504c79c109a91aead1fe474c6480e9,a06666060606a6a1,source screenshot,PUBLIC_REFERENCE_ONLY,Large sequential Cadence screenshot set; select only decision-relevant frames.
SRC-0344,고주파공학,사진\homework5\시뮬사진\스크린샷 2026-06-09 214508.png,1223,703,1.7397,02b728222b1927f4681ed35b14d993103711f40ac4682ad56a62e6d627e85b6f,8080d2f2ceccf030,source screenshot,PUBLIC_REFERENCE_ONLY,Large sequential Cadence screenshot set; select only decision-relevant frames.
SRC-0345,고주파공학,사진\homework5\시뮬사진\스크린샷 2026-06-09 214518.png,676,498,1.3574,e60f343efc94c88e0abdd37f9918658e99f9549b603908f7388a0e0399780e5d,909686ae84b6ae82,source screenshot,PUBLIC_REFERENCE_ONLY,Large sequential Cadence screenshot set; select only decision-relevant frames.
SRC-0346,고주파공학,사진\homework5\시뮬사진\스크린샷 2026-06-09 214537.png,691,500,1.382,8486b69d30622fdeaf9708b66a25cd1bb241192b962aa65baadf149a0948ff9c,d496a6ec84b4ae82,source screenshot,PUBLIC_REFERENCE_ONLY,Large sequential Cadence screenshot set; select only decision-relevant frames.
SRC-0347,고주파공학,사진\homework5\시뮬사진\스크린샷 2026-06-09 214550.png,1030,629,1.6375,1c0524886c01d217fddf46eceaae1699139037afbbc3f7ee30a30d6e33986417,0000c2c24a88c060,source screenshot,PUBLIC_REFERENCE_ONLY,Large sequential Cadence screenshot set; select only decision-relevant frames.
SRC-0348,고주파공학,사진\homework5\시뮬사진\스크린샷 2026-06-09 214607.png,2,5,0.4,e3b0a5b1633fd14c0a145e392c238d21becb0d99fb271db7d6c7a09d204353fb,0000000000000000,source screenshot,PUBLIC_REFERENCE_ONLY,Large sequential Cadence screenshot set; select only decision-relevant frames.
SRC-0349,고주파공학,사진\homework5\시뮬사진\스크린샷 2026-06-09 214612.png,1564,745,2.0993,8cc3f93bbd599da92eec6da8c2abd6f5d78c5d5532bf943bab62eb5f5b6c3b41,80809a9294909880,source screenshot,DUPLICATE,Exact SHA-256 duplicate of the canonical source record.
SRC-0350,고주파공학,사진\homework5\시뮬사진\스크린샷 2026-06-09 214737.png,686,452,1.5177,371a5f17f1ea347b2a743eecd257c5fbcbb5298c0e1ce765ff966479f59c7ace,9684aeac84b4ae82,source screenshot,DUPLICATE,Exact SHA-256 duplicate of the canonical source record.
SRC-0351,고주파공학,사진\homework5\시뮬사진\스크린샷 2026-06-09 214827.png,989,788,1.2551,613c668c120f0aebff1883f3dfec1e5537a25a322ba19be3ae4e3041b9ff858e,a066660606c3a180,source screenshot,DUPLICATE,Exact SHA-256 duplicate of the canonical source record.
SRC-0352,고주파공학,사진\homework5\시뮬사진\스크린샷 2026-06-09 221801.png,1329,821,1.6188,bda67b40eb434ad522b3dce85bbd933e2f670b0834d5afb3dd30bdf7e9818b1a,c7060f1e2e8f8782,source screenshot,PUBLIC_REFERENCE_ONLY,Large sequential Cadence screenshot set; select only decision-relevant frames.
SRC-0353,고주파공학,사진\homework5\시뮬사진\스크린샷 2026-06-09 221825.png,938,664,1.4127,3667bbeca788c3c1a4aaa42e93ad95a7b9ccea871f4782991ffa2a383f80181e,848494c0d8d8d8c0,source screenshot,DUPLICATE,Exact SHA-256 duplicate of the canonical source record.
SRC-0354,고주파공학,사진\homework5\시뮬사진\스크린샷 2026-06-09 221848.png,679,498,1.3635,afbb8bcef957d44228be712c93784e8405fff266e009ace9660ff70c5036289d,9494846cc4b4ae82,source screenshot,DUPLICATE,Exact SHA-256 duplicate of the canonical source record.
SRC-0355,고주파공학,사진\homework5\시뮬사진\스크린샷 2026-06-09 221938.png,998,823,1.2126,0a9bcda08552dff25163b13ad15886732a4d90ac1cf23758c397344f6d870c48,200206161643a180,source screenshot,DUPLICATE,Exact SHA-256 duplicate of the canonical source record.
SRC-0356,고주파공학,사진\homework5\시뮬사진\스크린샷 2026-06-09 222102.png,992,803,1.2354,f16fb602bdf8682ae4f9b6c7b95087321e58f8762a02e9d7e805ef4bfc6e81ed,a006560e16c6a1a0,source screenshot,PUBLIC_REFERENCE_ONLY,Large sequential Cadence screenshot set; select only decision-relevant frames.
SRC-0357,고주파공학,사진\homework5\시뮬사진\스크린샷 2026-06-09 222110.png,809,694,1.1657,5efb0ef20c7b0037856b5712734ce997de0c11b2b04d11c84b306efae986945c,848694d888c8d061,source screenshot,PUBLIC_REFERENCE_ONLY,Large sequential Cadence screenshot set; select only decision-relevant frames.
SRC-0358,고주파공학,사진\homework5\시뮬사진\스크린샷 2026-06-09 222242.png,772,693,1.114,17d46cb4c02af44e79fec12d6e7d6b94dd4158d187c843be476b2f3194476278,828292d4ccccd454,source screenshot,PUBLIC_REFERENCE_ONLY,Large sequential Cadence screenshot set; select only decision-relevant frames.
SRC-0359,고주파공학,사진\homework5\시뮬사진\스크린샷 2026-06-09 222426.png,1003,788,1.2728,c22113d4a65d4a1445f41d748ff0491abf8de0f1f4b4c89a33d20320c471fb11,2406461607c3a180,source screenshot,PUBLIC_REFERENCE_ONLY,Large sequential Cadence screenshot set; select only decision-relevant frames.
SRC-0360,고주파공학,사진\homework5\시뮬사진\스크린샷 2026-06-09 222640.png,1001,704,1.4219,1071976ade3b499fe366f80e08c24dbd610bef97e03c3b85fc9231b6e18e5b34,888ca0c09898e020,source screenshot,PUBLIC_REFERENCE_ONLY,Large sequential Cadence screenshot set; select only decision-relevant frames.
SRC-0361,고주파공학,사진\homework5\시뮬사진\스크린샷 2026-06-09 222712.png,989,675,1.4652,f94b3dc06d896862f3ef92b14e2b4a0508fffb200b0cbf7a13e726e50b4cbce4,606666560e4623a1,source screenshot,DUPLICATE,Exact SHA-256 duplicate of the canonical source record.
SRC-0362,고주파공학,사진\homework5\시뮬사진\스크린샷 2026-06-09 222728.png,1892,896,2.1116,74926fa0428e1902df0fbfbe20b496a892e42c856fb4ca089e8683ad1b7e133d,2023238b03030321,source screenshot,DUPLICATE,Exact SHA-256 duplicate of the canonical source record.
SRC-0363,고주파공학,사진\homework5\시뮬사진\스크린샷 2026-06-09 222753.png,1244,959,1.2972,d94c17e5a33b4a99856ce058e6058335bef5380c0f4ce7136cd164a755ea873c,0c0cccacaccc0c0d,source screenshot,DUPLICATE,Exact SHA-256 duplicate of the canonical source record.
SRC-0364,고주파공학,사진\homework5\시뮬사진\스크린샷 2026-06-09 222815.png,1318,964,1.3672,f39336d0303a49d00a46c56fd5f01740f7f624d936cb6449bea69ab4df1743aa,0c8cccacaccc0e0d,source screenshot,DUPLICATE,Exact SHA-256 duplicate of the canonical source record.
SRC-0365,고주파공학,사진\homework5\시뮬사진\스크린샷 2026-06-09 223246.png,442,377,1.1724,2787708f62a2a10cf401b86237170c33d6bd4f5f002761556c3727a3ef3887b8,c0c0c0c0c0c0c001,source screenshot,PUBLIC_REFERENCE_ONLY,Large sequential Cadence screenshot set; select only decision-relevant frames.
SRC-0366,고주파공학,사진\homework5\시뮬사진\스크린샷 2026-06-09 223553.png,466,223,2.0897,50205581a3e9463e4a722701891b973854a8204d1a374de845ab6047b8953cba,0011556727160e18,source screenshot,PUBLIC_REFERENCE_ONLY,Large sequential Cadence screenshot set; select only decision-relevant frames.
SRC-0367,고주파공학,사진\homework5\시뮬사진\스크린샷 2026-06-09 223618.png,337,230,1.4652,e19f597bf4cf8194a747a9748c2c2482a7c295c6ff0dc43345b7f4368296f5a8,00f0e07060782802,source screenshot,PUBLIC_REFERENCE_ONLY,Large sequential Cadence screenshot set; select only decision-relevant frames.
SRC-0368,고주파공학,사진\homework5\시뮬사진\스크린샷 2026-06-09 225617.png,774,590,1.3119,2936cdd3262465f9742bc64d2184450275c6f43aa2d59838145120c6d27e2867,1112a6e465626060,source screenshot,PUBLIC_REFERENCE_ONLY,Large sequential Cadence screenshot set; select only decision-relevant frames.
SRC-0369,고주파공학,사진\homework5\시뮬사진\스크린샷 2026-06-09 225624.png,288,263,1.0951,e653179a8b7fdcf41c61204fff4d538afbfbdc35e02e866997d77e6cb6f75bd6,c0c0c0c0c4c838a2,source screenshot,PUBLIC_REFERENCE_ONLY,Large sequential Cadence screenshot set; select only decision-relevant frames.
SRC-0370,고주파공학,사진\homework5\시뮬사진\스크린샷 2026-06-09 230236.png,998,784,1.273,939e5528a5241a708865e62f6b5e8536052b50eb75fc0a901484f50c9e9bda42,240e66560e8ba180,source screenshot,PUBLIC_REFERENCE_ONLY,Large sequential Cadence screenshot set; select only decision-relevant frames.
SRC-0371,고주파공학,사진\homework5\시뮬사진\스크린샷 2026-06-09 230421.png,824,544,1.5147,2926a5e7c9af8476b032a9670c848057cce1c0220c7ba94a39a4e24e0d9a49c7,096f5149614d4571,source screenshot,PUBLIC_REFERENCE_ONLY,Large sequential Cadence screenshot set; select only decision-relevant frames.
SRC-0372,고주파공학,사진\homework5\시뮬사진\스크린샷 2026-06-09 230451.png,735,617,1.1912,41584433461aabb70251efd17268797ea92a884652e256023f2b037812f4474b,1130c4c461624240,source screenshot,PUBLIC_REFERENCE_ONLY,Large sequential Cadence screenshot set; select only decision-relevant frames.
SRC-0373,고주파공학,사진\homework5\시뮬사진\스크린샷 2026-06-09 230504.png,1238,825,1.5006,1e11ae66d49642b37017f5b08993b6d93626bddd8a4907713edf90ea219cc6a7,32324244c4606060,source screenshot,PUBLIC_REFERENCE_ONLY,Large sequential Cadence screenshot set; select only decision-relevant frames.
SRC-0374,고주파공학,사진\homework5\시뮬사진\스크린샷 2026-06-09 230647.png,988,802,1.2319,84068f4bd27d4525d2b0f8c2a9125acd45d39386d47235bc855755f461f6ab89,24460606065ba180,source screenshot,PUBLIC_REFERENCE_ONLY,Large sequential Cadence screenshot set; select only decision-relevant frames.
SRC-0375,고주파공학,사진\homework5\시뮬사진\스크린샷 2026-06-09 230926.png,993,805,1.2335,4c87a38e923223a75a62c4a8807fe1c692637f1c7c9c46954ec1824ae4104d0d,a066666623e3a580,source screenshot,PUBLIC_REFERENCE_ONLY,Large sequential Cadence screenshot set; select only decision-relevant frames.
SRC-0376,고주파공학,사진\homework5\시뮬사진\스크린샷 2026-06-09 233922.png,1017,823,1.2357,480d436446d173686d15c411150a77734d1819827bb12010afaba289f003f796,30324644e0604040,source screenshot,DUPLICATE,Exact SHA-256 duplicate of the canonical source record.
SRC-0377,고주파공학,사진\homework5\시뮬사진\스크린샷 2026-06-09 233950.png,693,431,1.6079,bc85f5e8e5f43c72be13fd2a8ad416ac29e68f97fd852397d8a4652164b65c21,8484aca6822c1e82,source screenshot,DUPLICATE,Exact SHA-256 duplicate of the canonical source record.
SRC-0378,고주파공학,사진\homework5\시뮬사진\스크린샷 2026-06-09 234018.png,991,781,1.2689,b51e9c437b6f8ab908f204ef3ef57562c91dc897e7c7b74b92c0604e52ac2ffe,e066662623e3a580,source screenshot,DUPLICATE,Exact SHA-256 duplicate of the canonical source record.
SRC-0379,고주파공학,사진\homework5\시뮬사진\스크린샷 2026-06-09 234414.png,975,798,1.2218,e19d3e933930543ae9003021b1e032b92b0ec7d2dfa19f5a96b6cf249dea3ea8,a064662627e3a180,source screenshot,PUBLIC_REFERENCE_ONLY,Large sequential Cadence screenshot set; select only decision-relevant frames.
SRC-0380,고주파공학,사진\homework5\시뮬사진\스크린샷 2026-06-09 234525.png,991,815,1.216,5e89fd2b2c161c9fd379536375593644b23862a41e72889be42870dde29de64c,a060662627e3a180,source screenshot,DUPLICATE,Exact SHA-256 duplicate of the canonical source record.
SRC-0381,고주파공학,사진\homework5\시뮬사진\스크린샷 2026-06-09 234714.png,676,496,1.3629,00e051bcb6d9756a65eec3dc3e5b0cef999c6c1b0ae9c98839084a36e3b5a506,bca4c4ac82a4ae82,source screenshot,DUPLICATE,Exact SHA-256 duplicate of the canonical source record.
SRC-0382,고주파공학,사진\homework5\시뮬사진\스크린샷 2026-06-09 234731.png,1148,778,1.4756,669317b9c9efd9be20f416d606df09a73c64a650c1e153a12a8b11849d651b1e,3ccccc6c6d4c4d0d,source screenshot,DUPLICATE,Exact SHA-256 duplicate of the canonical source record.
SRC-0383,고주파공학,사진\homework5\시뮬사진\스크린샷 2026-06-09 234938.png,999,793,1.2598,d02dd6ea2a1dcd6459044d8cd12baee576e26058d80f35916f920a15ca70e944,a066662727a3a580,source screenshot,PUBLIC_REFERENCE_ONLY,Large sequential Cadence screenshot set; select only decision-relevant frames.
SRC-0384,고주파공학,사진\homework5\시뮬사진\스크린샷 2026-06-09 235101.png,992,821,1.2083,f37493c95554bf1f50a831212d5d76e972a6dab0adc71b89ee6417e1672486a4,a064666627a3a580,source screenshot,DUPLICATE,Exact SHA-256 duplicate of the canonical source record.
SRC-0385,고주파공학,사진\homework5\시뮬사진\스크린샷 2026-06-09 235200.png,997,774,1.2881,963856f1a4d6f9a7ca293d5198d96a872b8e2a52aba4f73bab684674b35f24c7,200626120689a184,source screenshot,PUBLIC_REFERENCE_ONLY,Large sequential Cadence screenshot set; select only decision-relevant frames.
SRC-0386,고주파공학,사진\homework5\시뮬사진\스크린샷 2026-06-09 235350.png,986,781,1.2625,f679d88153ee2f16e0867c2ca5df2b5fabc700af4a46bdd1b61ca62095823147,a066662666e3b580,source screenshot,DUPLICATE,Exact SHA-256 duplicate of the canonical source record.
SRC-0387,고주파공학,사진\homework5\시뮬사진\스크린샷 2026-06-09 235410.png,687,372,1.8468,fc7fc5b661872bb72cc62d20c533ded66df57c0997874d3631f9d950d77befa0,846ccc80a02c1e83,source screenshot,PUBLIC_REFERENCE_ONLY,Large sequential Cadence screenshot set; select only decision-relevant frames.
SRC-0388,고주파공학,사진\homework5\시뮬사진\스크린샷 2026-06-09 235700.png,1003,680,1.475,7e2763d2b0d54a0cffee0f0a8d03a63e4a39f0f01da0ed30a990d93a7fdfd4b2,4169657d656d11a7,source screenshot,DUPLICATE,Exact SHA-256 duplicate of the canonical source record.
SRC-0389,고주파공학,사진\homework5\시뮬사진\스크린샷 2026-06-09 235751.png,1000,801,1.2484,a5a5e037582559d3cdca6eede78c60c08a27274d2318732608f1f79401403072,a466662666aba180,source screenshot,DUPLICATE,Exact SHA-256 duplicate of the canonical source record.
SRC-0390,고주파공학,사진\homework5\시뮬사진\스크린샷 2026-06-09 235823.png,486,600,0.81,2125a339db445d401d6c35f1d513d89c45ed702b4b7d70acf9dfc51ae93f2915,50f0e3dfc3967007,source screenshot,PUBLIC_REFERENCE_ONLY,Large sequential Cadence screenshot set; select only decision-relevant frames.
SRC-0391,고주파공학,사진\homework5\시뮬사진\스크린샷 2026-06-10 000140.png,336,305,1.1016,b025d5d751a37b18b4903abf1325e06f150c82d65318331798137521c9118af5,0041c1c0669e9880,source screenshot,PUBLIC_REFERENCE_ONLY,Large sequential Cadence screenshot set; select only decision-relevant frames.
SRC-0392,고주파공학,사진\homework5\시뮬사진\스크린샷 2026-06-10 000154.png,922,852,1.0822,50ee5d7b0b88feb7ee739cff648f44d7fa9c8a571fa5f57bb2da5fd9a779b7a0,202025a4a0a0a021,source screenshot,PUBLIC_REFERENCE_ONLY,Large sequential Cadence screenshot set; select only decision-relevant frames.
SRC-0393,고주파공학,사진\homework5\시뮬사진\스크린샷 2026-06-10 000156.png,1214,839,1.447,755b5d4b3858e46eae9b68e6ed4f95c4215e1fd870104f6adec53ca01a562e83,8082828480c08080,source screenshot,PUBLIC_REFERENCE_ONLY,Large sequential Cadence screenshot set; select only decision-relevant frames.
SRC-0394,고주파공학,사진\homework5\시뮬사진\스크린샷 2026-06-10 000228.png,468,740,0.6324,fb5751864c320c5316fcfb74fc5c0647628f8c1653fe6e44cf4a6cef25afc024,818181818181c1c0,source screenshot,PUBLIC_REFERENCE_ONLY,Large sequential Cadence screenshot set; select only decision-relevant frames.
SRC-0395,고주파공학,사진\homework5\시뮬사진\스크린샷 2026-06-10 001638.png,1091,788,1.3845,1823b86f2e27af551529d503e111f8fd70782dcce419ce7d7f5c4cd78dbf35c6,81878684808080a0,source screenshot,PUBLIC_REFERENCE_ONLY,Large sequential Cadence screenshot set; select only decision-relevant frames.
SRC-0396,고주파공학,사진\homework5\시뮬사진\스크린샷 2026-06-10 001652.png,1104,768,1.4375,6f354f7c43d5e59a45074d8d3b5be88dc2025009f8fa9002b37e0e62732c9e88,42828680c0808000,source screenshot,PUBLIC_REFERENCE_ONLY,Large sequential Cadence screenshot set; select only decision-relevant frames.
SRC-0397,고주파공학,사진\homework5\시뮬사진\스크린샷 2026-06-10 002147.png,463,722,0.6413,057e22f0bbd00c91ceba17ffbc74d328ae0766d18d27d1195b5a21009d415236,c0c040c0c0c0c0c0,source screenshot,PUBLIC_REFERENCE_ONLY,Large sequential Cadence screenshot set; select only decision-relevant frames.
SRC-0403,전기기기,사진\스크린샷 2026-07-29 102810.png,434,132,3.2879,3acea71f2163dc8d9af6b468fdd768a7059b0986aeeb476ba32d049ce11b13df,29495f566d4c0703,source screenshot,PUBLIC_USED,"Primary student-authored report, source, calculation, or visual evidence."
SRC-0404,전기기기,사진\스크린샷 2026-07-29 102913.png,580,694,0.8357,52df3d939a25b918a95cd9f63e30f07d53e4576c77e94190633545d7718c2f36,07070e0e06455101,source screenshot,PUBLIC_USED,"Primary student-authored report, source, calculation, or visual evidence."
SRC-0405,전기기기,사진\스크린샷 2026-07-29 102922.png,552,180,3.0667,46bb42f707da1b6a389274f88f0cc31d1de6e85669df3d8f20fb1520c2dd035d,081401150e07070b,source screenshot,PUBLIC_USED,"Primary student-authored report, source, calculation, or visual evidence."
SRC-0406,전기기기,사진\스크린샷 2026-07-29 102926.png,500,258,1.938,cb3161e0daf1d31dd06900ea0457be6d684594ea31d98b7a1dd1f39e85622f33,1939391919393939,source screenshot,PUBLIC_USED,"Primary student-authored report, source, calculation, or visual evidence."
SRC-0407,전기기기,사진\스크린샷 2026-07-29 102935.png,613,368,1.6658,d251dc3420a8f7d54e319fd7ed2b03e727fd054946644f7eb46103af0d8c3d60,3131718733065517,source screenshot,PUBLIC_USED,"Primary student-authored report, source, calculation, or visual evidence."
SRC-0408,전기기기,사진\스크린샷 2026-07-29 102944.png,521,318,1.6384,de5f7f69fbba26ab118d1a368e35111d37725e1f37689af22724936fbfbf92e7,1915151515450f13,source screenshot,PUBLIC_USED,"Primary student-authored report, source, calculation, or visual evidence."
SRC-0409,전기기기,사진\스크린샷 2026-07-29 103001.png,442,167,2.6467,2cd52af29261049b8e8857c256e359a87c9c821f9ce4153cebb78d7fdbed9bce,028f8d8d0f0d3575,source screenshot,PUBLIC_USED,"Primary student-authored report, source, calculation, or visual evidence."
SRC-0410,전기기기,사진\스크린샷 2026-07-29 103010.png,466,145,3.2138,b2f2ad89a3ecb9abf1e50648950c63358bbd7c484fef99b8b5d02f5a3c391dc8,030f0d0d4d357561,source screenshot,PUBLIC_USED,"Primary student-authored report, source, calculation, or visual evidence."
SRC-0411,전기기기,사진\스크린샷 2026-07-29 103013.png,419,285,1.4702,cd83b6fe9111bf5a752b76cc9521e720333db2968fb33789acf0234af07f1091,0107070707070300,source screenshot,PUBLIC_USED,"Primary student-authored report, source, calculation, or visual evidence."
SRC-0412,전기기기,사진\스크린샷 2026-07-29 103047.png,558,572,0.9755,dda610221b000f12e92398e46166dca64b38cf8c0da2c9b90e76f309738034e8,020282529eae322f,source screenshot,PUBLIC_USED,"Primary student-authored report, source, calculation, or visual evidence."
SRC-0448,전동기제어,사진\aim3 결과.png,1401,590,2.3746,ca01ed4d8f65a4aa27407ae8d0f1f076ec644a8449335ef1a81869c662747de1,88808080828c30c0,source screenshot,PUBLIC_USED,"Primary student-authored report, source, calculation, or visual evidence."
SRC-0449,전동기제어,사진\속도응답.png,1400,589,2.3769,37997c252bb8774ed625fa362256c5712fd18c4b7b7f455c3b839221d1d91225,4c80808082848810,quantitative result,PUBLIC_USED,"Primary student-authored report, source, calculation, or visual evidence."
SRC-0450,전동기제어,사진\속도응답matlab.png,1731,830,2.0855,de22f62939c6c83fbaabb03871765614b73a7efd05733fcf0aa64b827faaa035,49c080808080114c,quantitative result,PUBLIC_USED,"Primary student-authored report, source, calculation, or visual evidence."
SRC-0451,전동기제어,사진\스크린샷 2026-07-29 103254.png,663,365,1.8164,8cd20b3de0b0466d5c6079085361ec63cb36af7b1b9f5df22c7503cade41451e,4921497b77776977,source screenshot,PUBLIC_USED,"Primary student-authored report, source, calculation, or visual evidence."
SRC-0452,전동기제어,사진\스크린샷 2026-07-29 103419.png,676,288,2.3472,e4207561511951ab3812bd34ecf53528046d39cfee072e0185089beeda8ac525,a8898e82c8206200,source screenshot,PUBLIC_USED,"Primary student-authored report, source, calculation, or visual evidence."
SRC-0453,전동기제어,사진\스크린샷 2026-07-29 103428.png,676,173,3.9075,e2aeb626ec9de17429d4d5718360137ac0140b99b946869e725c288fbd6c6831,0989494d69690001,source screenshot,PUBLIC_USED,"Primary student-authored report, source, calculation, or visual evidence."
SRC-0454,전동기제어,사진\스크린샷 2026-07-29 103432.png,659,178,3.7022,74bd98ffb7dc60494a9bd43b6803861dc9c11067391980c600f4531cb7659cc3,098d494d69690001,source screenshot,PUBLIC_USED,"Primary student-authored report, source, calculation, or visual evidence."
SRC-0455,전동기제어,사진\스크린샷 2026-07-29 103436.png,657,232,2.8319,f56b550df2e75bfadd71f3f4bf1952fffb3f6a5a42e07b6a02a7c0bbb8292580,252d8cac8c8d0118,source screenshot,PUBLIC_USED,"Primary student-authored report, source, calculation, or visual evidence."
SRC-0456,전동기제어,사진\스크린샷 2026-07-29 103441.png,656,189,3.4709,3cb8ff40f0216aedb82cb7f9f2b1b1f446f43cc3a17efe63bd1a9aab1e9f2915,8e92828282828282,source screenshot,PUBLIC_USED,"Primary student-authored report, source, calculation, or visual evidence."
SRC-0457,전동기제어,사진\스크린샷 2026-07-29 103446.png,653,288,2.2674,5547260eb8e656de53386f90b24a90f52b07afa69015514e46b068003bc6d84f,338b9f9dbbd91d0d,source screenshot,PUBLIC_USED,"Primary student-authored report, source, calculation, or visual evidence."
SRC-0458,전동기제어,사진\스크린샷 2026-07-29 103450.png,653,249,2.6225,46a30edd8374c97f40c5f0dd1fe2f227148925c1eb32b6f57f05487336dae8e3,5daea58580a48c8e,source screenshot,PUBLIC_USED,"Primary student-authored report, source, calculation, or visual evidence."
SRC-0459,전동기제어,사진\스크린샷 2026-07-29 103455.png,645,384,1.6797,fe5eed41647de8d2cf9535ba1f2fe91e01dd14592409b5fc2956305a205ed7be,39c8888888888888,source screenshot,PUBLIC_USED,"Primary student-authored report, source, calculation, or visual evidence."
SRC-0460,전동기제어,사진\스크린샷 2026-07-29 103505.png,648,376,1.7234,d1fcc577e7c1d15a7d5e3722133d814f7312d15c4057b0b7f6de4a963828318f,8588881818888888,source screenshot,PUBLIC_USED,"Primary student-authored report, source, calculation, or visual evidence."
SRC-0461,전동기제어,사진\스크린샷 2026-07-29 103509.png,648,269,2.4089,5d4e587c37129ef03922e02ec12c510c54b9e8cd032191da82a4a42ce3c20747,888c889818988888,source screenshot,PUBLIC_USED,"Primary student-authored report, source, calculation, or visual evidence."
SRC-0462,전동기제어,사진\전류응답.png,1404,595,2.3597,7f53692b82f4dd518a034cf19047af9f53760c912d9b1f4c2c5b32fdea9b9327,0c8086888890b010,quantitative result,PUBLIC_USED,"Primary student-authored report, source, calculation, or visual evidence."
SRC-0463,전동기제어,사진\전류응답matlab.png,1648,820,2.0098,44379583071a26053af9a2fb276211277956c40ec82ad684cc273fa5171df92e,088080808000614e,quantitative result,PUBLIC_USED,"Primary student-authored report, source, calculation, or visual evidence."
SRC-0464,전동기제어,사진\토크리플 10000.png,1897,886,2.1411,7bf4735131a72248e6cc0ab32d736b6fb4d5d7fff300b050b4d2e6e88871fcca,4224444444444444,source screenshot,PUBLIC_USED,"Primary student-authored report, source, calculation, or visual evidence."
SRC-0465,전동기제어,사진\토크리플 25000.png,1899,889,2.1361,f474e2106b70726ad6181fb9f033d1df78317bcafb95259d19700bf4e216fc4d,4444464444444444,source screenshot,PUBLIC_USED,"Primary student-authored report, source, calculation, or visual evidence."
SRC-0466,전동기제어,사진\프정격조건 속도 그래.png,1401,579,2.4197,6dc4f0b86f13b04a010cd3ad8fbfb34dcf38ca90740c894c2263cc82037a74e0,88808080828c30c0,quantitative result,PUBLIC_USED,"Primary student-authored report, source, calculation, or visual evidence."
SRC-0467,전동기제어,사진\회로도.png,1041,630,1.6524,f3f295981cf2206f9e1202bc684a62e99f2c92d40e8c66e79882859252ed1554,00006172032f0e03,schematic/model,PUBLIC_USED,"Primary student-authored report, source, calculation, or visual evidence."
SRC-0468,전동기제어,전동기 프로젝트\aim3 결과.png,1401,590,2.3746,ca01ed4d8f65a4aa27407ae8d0f1f076ec644a8449335ef1a81869c662747de1,88808080828c30c0,source screenshot,DUPLICATE,Exact SHA-256 duplicate of the canonical source record.
SRC-0474,전동기제어,전동기 프로젝트\속도응답.png,1400,589,2.3769,37997c252bb8774ed625fa362256c5712fd18c4b7b7f455c3b839221d1d91225,4c80808082848810,quantitative result,DUPLICATE,Exact SHA-256 duplicate of the canonical source record.
SRC-0475,전동기제어,전동기 프로젝트\속도응답matlab.png,1731,830,2.0855,de22f62939c6c83fbaabb03871765614b73a7efd05733fcf0aa64b827faaa035,49c080808080114c,quantitative result,DUPLICATE,Exact SHA-256 duplicate of the canonical source record.
SRC-0478,전동기제어,전동기 프로젝트\전류응답.png,1404,595,2.3597,7f53692b82f4dd518a034cf19047af9f53760c912d9b1f4c2c5b32fdea9b9327,0c8086888890b010,quantitative result,DUPLICATE,Exact SHA-256 duplicate of the canonical source record.
SRC-0479,전동기제어,전동기 프로젝트\전류응답matlab.png,1648,820,2.0098,44379583071a26053af9a2fb276211277956c40ec82ad684cc273fa5171df92e,088080808000614e,quantitative result,DUPLICATE,Exact SHA-256 duplicate of the canonical source record.
SRC-0480,전동기제어,전동기 프로젝트\토크리플 10000.png,1897,886,2.1411,7bf4735131a72248e6cc0ab32d736b6fb4d5d7fff300b050b4d2e6e88871fcca,4224444444444444,source screenshot,DUPLICATE,Exact SHA-256 duplicate of the canonical source record.
SRC-0481,전동기제어,전동기 프로젝트\토크리플 25000.png,1899,889,2.1361,f474e2106b70726ad6181fb9f033d1df78317bcafb95259d19700bf4e216fc4d,4444464444444444,source screenshot,DUPLICATE,Exact SHA-256 duplicate of the canonical source record.
SRC-0482,전동기제어,전동기 프로젝트\프정격조건 속도 그래.png,1401,579,2.4197,6dc4f0b86f13b04a010cd3ad8fbfb34dcf38ca90740c894c2263cc82037a74e0,88808080828c30c0,quantitative result,DUPLICATE,Exact SHA-256 duplicate of the canonical source record.
SRC-0483,전동기제어,전동기 프로젝트\회로도.png,1041,630,1.6524,f3f295981cf2206f9e1202bc684a62e99f2c92d40e8c66e79882859252ed1554,00006172032f0e03,schematic/model,DUPLICATE,Exact SHA-256 duplicate of the canonical source record.
SRC-0485,전동기제어,전동기 프로젝트__extracted\aim3 결과.png,1401,590,2.3746,ca01ed4d8f65a4aa27407ae8d0f1f076ec644a8449335ef1a81869c662747de1,88808080828c30c0,source screenshot,DUPLICATE,Exact SHA-256 duplicate of the canonical source record.
SRC-0491,전동기제어,전동기 프로젝트__extracted\속도응답.png,1400,589,2.3769,37997c252bb8774ed625fa362256c5712fd18c4b7b7f455c3b839221d1d91225,4c80808082848810,quantitative result,DUPLICATE,Exact SHA-256 duplicate of the canonical source record.
SRC-0492,전동기제어,전동기 프로젝트__extracted\속도응답matlab.png,1731,830,2.0855,de22f62939c6c83fbaabb03871765614b73a7efd05733fcf0aa64b827faaa035,49c080808080114c,quantitative result,DUPLICATE,Exact SHA-256 duplicate of the canonical source record.
SRC-0495,전동기제어,전동기 프로젝트__extracted\전류응답.png,1404,595,2.3597,7f53692b82f4dd518a034cf19047af9f53760c912d9b1f4c2c5b32fdea9b9327,0c8086888890b010,quantitative result,DUPLICATE,Exact SHA-256 duplicate of the canonical source record.
SRC-0496,전동기제어,전동기 프로젝트__extracted\전류응답matlab.png,1648,820,2.0098,44379583071a26053af9a2fb276211277956c40ec82ad684cc273fa5171df92e,088080808000614e,quantitative result,DUPLICATE,Exact SHA-256 duplicate of the canonical source record.
SRC-0497,전동기제어,전동기 프로젝트__extracted\토크리플 10000.png,1897,886,2.1411,7bf4735131a72248e6cc0ab32d736b6fb4d5d7fff300b050b4d2e6e88871fcca,4224444444444444,source screenshot,DUPLICATE,Exact SHA-256 duplicate of the canonical source record.
SRC-0498,전동기제어,전동기 프로젝트__extracted\토크리플 25000.png,1899,889,2.1361,f474e2106b70726ad6181fb9f033d1df78317bcafb95259d19700bf4e216fc4d,4444464444444444,source screenshot,DUPLICATE,Exact SHA-256 duplicate of the canonical source record.
SRC-0499,전동기제어,전동기 프로젝트__extracted\프정격조건 속도 그래.png,1401,579,2.4197,6dc4f0b86f13b04a010cd3ad8fbfb34dcf38ca90740c894c2263cc82037a74e0,88808080828c30c0,quantitative result,DUPLICATE,Exact SHA-256 duplicate of the canonical source record.
SRC-0500,전동기제어,전동기 프로젝트__extracted\회로도.png,1041,630,1.6524,f3f295981cf2206f9e1202bc684a62e99f2c92d40e8c66e79882859252ed1554,00006172032f0e03,schematic/model,DUPLICATE,Exact SHA-256 duplicate of the canonical source record.
SRC-0520,전력시스템공학,중간과제\7과제6.png,1206,574,2.101,19a3f86ec91edcfe1b1bfdf65ef0f3321893a7c9eb6edc5feca605c6b9dd6726,0033233373230000,source screenshot,PUBLIC_USED,"Primary student-authored report, source, calculation, or visual evidence."
SRC-0523,전력시스템공학,중간과제\newsample1.png,990,712,1.3904,1e994703c1e72a538f344401b39d67cb9e43de3641024e33ab5a3e5575a5386e,180e361635232200,source screenshot,PUBLIC_USED,"Primary student-authored report, source, calculation, or visual evidence."
SRC-0524,전력시스템공학,중간과제\newsample2.png,982,652,1.5061,cac1beaa5f0fa707e03ea308100450f3feeb3b801beb2bf9013a7fd101d0c7ed,0c0e1616b5232222,source screenshot,PUBLIC_USED,"Primary student-authored report, source, calculation, or visual evidence."
SRC-0525,전력시스템공학,중간과제\sample.png,883,520,1.6981,86611360e139db89c7676395e3aeaf71697989a6fcfccad1da5b4b0f1aa416e5,601b192b2b316b6c,source screenshot,PUBLIC_USED,"Primary student-authored report, source, calculation, or visual evidence."
SRC-0528,전력시스템공학,중간과제\sample1.png,873,524,1.666,779f13c7217bbc8504cae7d959c9a1d8aee02ede6defa6827e3626872612941f,411b1b2327676b68,source screenshot,PUBLIC_USED,"Primary student-authored report, source, calculation, or visual evidence."
SRC-0529,전력시스템공학,중간과제\sample2.png,882,542,1.6273,68892e42004e902f6586e42bf6a2dc0b2eb7cdd8fb3cd110523a6f3579810975,521b1b222373634c,source screenshot,PUBLIC_USED,"Primary student-authored report, source, calculation, or visual evidence."
SRC-0530,전력시스템공학,중간과제\sample3.png,968,536,1.806,61d3639b4bed5890a06266ba0011c4587c020153d2ed3eb1fadabd01398eb51e,531b332673534d49,source screenshot,PUBLIC_USED,"Primary student-authored report, source, calculation, or visual evidence."
SRC-0531,전력시스템공학,중간과제\sample4.png,981,529,1.8544,6867edc9efa32ec3a80cd43622292c6ea6f9b0aec18a9b9801136e7f3d13f98d,490f0b262373474d,source screenshot,PUBLIC_USED,"Primary student-authored report, source, calculation, or visual evidence."
SRC-0532,전력시스템공학,중간과제\sample5.png,988,536,1.8433,1401dc8ba49a618030ddad070eab62c05214e58c3160fead0746a98944c5e3c8,4b0f0b266373474d,source screenshot,PUBLIC_USED,"Primary student-authored report, source, calculation, or visual evidence."
SRC-0533,전력시스템공학,중간과제\과제 2400 강하.png,1134,433,2.6189,499d5bf29bf82717b66732b13b11ba5153cdf8b2f9e1b598ff2b2579b38096e2,0031311313313300,source screenshot,PUBLIC_USED,"Primary student-authored report, source, calculation, or visual evidence."
SRC-0538,전력시스템공학,중간과제\과제1.png,1300,523,2.4857,458b39e1089e76f6a45fb708c4d0509ad6edc9c2c1d81e144a7519d8866fd4eb,00332393b3233300,source screenshot,PUBLIC_USED,"Primary student-authored report, source, calculation, or visual evidence."
SRC-0539,전력시스템공학,중간과제\과제2.png,1369,612,2.2369,4f0a11bae0ae6b0148c22f8da65f87ad86cef8a33411e923ee6147215c85bedb,0033231333330000,source screenshot,PUBLIC_USED,"Primary student-authored report, source, calculation, or visual evidence."
SRC-0540,전력시스템공학,중간과제\과제3.png,1315,543,2.4217,9bbfd6aea7be4255eba3fe55b628968b7b4113adbacd30a6e400a11e8d954ab4,0031231313333100,source screenshot,PUBLIC_USED,"Primary student-authored report, source, calculation, or visual evidence."
SRC-0541,전력시스템공학,중간과제\과제4.png,1426,561,2.5419,474e5e073f76c2cea6f385ffdfed8a8930b55d274cc3db537e842042957196cb,0033321733332000,source screenshot,PUBLIC_USED,"Primary student-authored report, source, calculation, or visual evidence."
SRC-0542,전력시스템공학,중간과제\과제5.png,1372,678,2.0236,41abbe6d00246d4aa2c5f9176825c3d33bc5d06db27ea27fccfa3a0c406c3c53,3133333333c0c2c2,source screenshot,PUBLIC_USED,"Primary student-authored report, source, calculation, or visual evidence."
SRC-0543,전력시스템공학,중간과제\과제6.png,1282,475,2.6989,3b211cf9029b3ed3ae189d4ba591498fee94020c8a56631dd6b04f2d6e63a84f,0011331b7b132000,source screenshot,PUBLIC_USED,"Primary student-authored report, source, calculation, or visual evidence."
SRC-0544,전력시스템공학,중간과제\과제7.png,1246,442,2.819,ebc17630a63827e43e5f71e0f75e85d94df549d1040d7ec96426003ec906878f,0033331373333300,source screenshot,PUBLIC_USED,"Primary student-authored report, source, calculation, or visual evidence."
SRC-0548,전력시스템공학,중간과제\화면 캡처 2025-06-22 183946.png,1348,552,2.442,1ae773e084702fe3191cb933191601720325625f7e4030b26438d2514914bfe3,00332313b3332100,source screenshot,PUBLIC_USED,"Primary student-authored report, source, calculation, or visual evidence."
SRC-0549,전력시스템공학,중간과제\화면 캡처 2025-06-22 190327.png,1197,435,2.7517,cce9276740fcf5dfbe43bb1aa2fbc6a91b8f61b88773246bc6786c6098f7ed74,0011311313713300,source screenshot,PUBLIC_USED,"Primary student-authored report, source, calculation, or visual evidence."
SRC-0597,컨트롤로직설계,4 bit Universal Shift Register\스크린샷 2026-07-29 110723.png,1159,410,2.8268,e695d33719f34adddfa40c7c0d72660a9b9554264648c674f447c508a822373c,51070f0707010807,source screenshot,PUBLIC_USED,"Primary student-authored report, source, calculation, or visual evidence."
SRC-0598,컨트롤로직설계,4 bit Universal Shift Register\스크린샷 2026-07-29 110726.png,733,412,1.7791,90bb79c0ec4a40655ae5c8608eb697bebbc71f2a30a27844eca32e84234069c9,4317151533030b01,source screenshot,PUBLIC_USED,"Primary student-authored report, source, calculation, or visual evidence."
SRC-0599,컨트롤로직설계,4 bit Universal Shift Register\스크린샷 2026-07-29 110732.png,1064,794,1.3401,cb84cbaaad7360b8a7784f902302792568421debdcddd8ad6492f3b129bd1e78,cbeb2ba707071605,source screenshot,PUBLIC_USED,"Primary student-authored report, source, calculation, or visual evidence."
SRC-0600,컨트롤로직설계,4 bit Universal Shift Register\스크린샷 2026-07-29 110744.png,1084,844,1.2844,cc9865eb7feaa7c39c6d4b9240d6218a6cd33d9c79b0de9456ea5fb10e033d12,42c9d9030f07111d,source screenshot,PUBLIC_USED,"Primary student-authored report, source, calculation, or visual evidence."
SRC-0601,컨트롤로직설계,4 bit Universal Shift Register\스크린샷 2026-07-29 110750.png,1214,785,1.5465,151dccfd03365e4c41fc26c3f3e245bdf746c4d1dc32bff0cbdd2dbe0408d80a,9991111313189901,source screenshot,PUBLIC_USED,"Primary student-authored report, source, calculation, or visual evidence."
SRC-0602,컨트롤로직설계,4 bit Universal Shift Register\스크린샷 2026-07-29 110758.png,1234,709,1.7405,455288b051f914095a5963fe48b9de3247b2acf9cf6968fac90c6638338a36b0,47723606787bc301,source screenshot,PUBLIC_USED,"Primary student-authored report, source, calculation, or visual evidence."
SRC-0603,컨트롤로직설계,4 bit Universal Shift Register\스크린샷 2026-07-29 110805.png,1243,283,4.3922,dc14b5f45d65d340ec4fba5c7675643484ebd16e5ab35ad4ce6bc28d11e6e95b,14166378786a6b6b,source screenshot,PUBLIC_USED,"Primary student-authored report, source, calculation, or visual evidence."
SRC-0604,컨트롤로직설계,4 bit Universal Shift Register\스크린샷 2026-07-29 110809.png,1116,243,4.5926,e4bf1e156ae5c48d8cf87a269ad5762be2e3a83ec6f1da2cecb3de5e119b097a,80e7e7a036367646,source screenshot,PUBLIC_USED,"Primary student-authored report, source, calculation, or visual evidence."
SRC-0605,컨트롤로직설계,4bit-fulladder\스크린샷 2026-07-29 105828.png,1182,776,1.5232,748739ed41a5f9dea91325252a3539da569e3c2289247d34ea4a917859453f43,4953530303010902,source screenshot,PUBLIC_USED,"Primary student-authored report, source, calculation, or visual evidence."
SRC-0606,컨트롤로직설계,4bit-fulladder\스크린샷 2026-07-29 105832.png,1143,665,1.7188,5fce9aed17d47f5940239476df7d667b0e1d6c97d62721073658be3a3aff2cd0,0a034361030e0001,source screenshot,PUBLIC_USED,"Primary student-authored report, source, calculation, or visual evidence."
SRC-0607,컨트롤로직설계,4bit-fulladder\스크린샷 2026-07-29 105836.png,1200,672,1.7857,9857050ad640dff07eb7513929b230ff39ee83e48401b437c92544a8696b8d5a,0939313173430801,source screenshot,PUBLIC_USED,"Primary student-authored report, source, calculation, or visual evidence."
SRC-0608,컨트롤로직설계,4bit-fulladder\스크린샷 2026-07-29 105842.png,1223,809,1.5117,436f3751ab763d718ae22bcf10fae064df755d8447f5de17b92b61963f27b290,0129213133717101,source screenshot,PUBLIC_USED,"Primary student-authored report, source, calculation, or visual evidence."
SRC-0609,컨트롤로직설계,4bit-fulladder\스크린샷 2026-07-29 105849.png,1114,638,1.7461,6f036e432eb97600dfbcc04c6a749191c8510c40d8336cd3ff8cd04bd0c99699,4f774f0606070502,source screenshot,PUBLIC_USED,"Primary student-authored report, source, calculation, or visual evidence."
SRC-0610,컨트롤로직설계,4bit-fulladder\스크린샷 2026-07-29 105900.png,1200,573,2.0942,d27147e4f33feda313663dd1149d30fdd5c15a55625b40eb6894d0ea3fba0eac,9009110131319101,source screenshot,PUBLIC_USED,"Primary student-authored report, source, calculation, or visual evidence."
SRC-0611,컨트롤로직설계,4bit-fulladder\스크린샷 2026-07-29 105907.png,1183,693,1.7071,88d6798b8f81feed3220a9e3282f486de0ce084a7d9c34709f0e8a263d5fe879,3030311117213181,source screenshot,PUBLIC_USED,"Primary student-authored report, source, calculation, or visual evidence."
SRC-0612,컨트롤로직설계,fsm(FINITE-STATE MACHINE)\스크린샷 2026-07-29 110542.png,1130,572,1.9755,733d0f7180251d6d89c6177ec59adcfb949437280a42a3def64ccc82d731d027,0313001513010106,source screenshot,PUBLIC_USED,"Primary student-authored report, source, calculation, or visual evidence."
SRC-0613,컨트롤로직설계,fsm(FINITE-STATE MACHINE)\스크린샷 2026-07-29 110548.png,1144,730,1.5671,d2133d3b9d84c550126612b738f469b1397e3ac84315458ea85bd90f3f5fa0cc,0e2e0a0e0e1fc37b,source screenshot,PUBLIC_USED,"Primary student-authored report, source, calculation, or visual evidence."
SRC-0614,컨트롤로직설계,fsm(FINITE-STATE MACHINE)\스크린샷 2026-07-29 110555.png,1233,832,1.482,d7c1da861bc1311660e5a24a3fb56a0e3660c4171ef030c4fdec8e8cff99a9eb,8c18911910199829,source screenshot,PUBLIC_USED,"Primary student-authored report, source, calculation, or visual evidence."
SRC-0615,컨트롤로직설계,fsm(FINITE-STATE MACHINE)\스크린샷 2026-07-29 110600.png,1219,829,1.4704,34050f46337338594342d9a023366743a77a940a89ea73d0b22bd37456e977b1,9899999899989829,source screenshot,PUBLIC_USED,"Primary student-authored report, source, calculation, or visual evidence."
SRC-0616,컨트롤로직설계,fsm(FINITE-STATE MACHINE)\스크린샷 2026-07-29 110605.png,1215,688,1.766,e6fb64c9df14184d793126e52cd6001d72538d3f6a76f27d6f9e4c99879c14e1,11470515770c0d29,source screenshot,PUBLIC_USED,"Primary student-authored report, source, calculation, or visual evidence."
SRC-0617,컨트롤로직설계,fsm(FINITE-STATE MACHINE)\스크린샷 2026-07-29 110608.png,1208,514,2.3502,675c2bbfe8b26e6250c94e9a626840afe60f4c3b0d602d809d7f39e5eeffff7f,1047670531773600,source screenshot,PUBLIC_USED,"Primary student-authored report, source, calculation, or visual evidence."
SRC-0618,컨트롤로직설계,fsm(FINITE-STATE MACHINE)\스크린샷 2026-07-29 110612.png,1225,836,1.4653,42991961f79ab017ad80298cdcfd813cdbe2e144af1540dcf1f3e4eb280396a6,5e7d4d5e7d031305,source screenshot,PUBLIC_USED,"Primary student-authored report, source, calculation, or visual evidence."
SRC-0619,컨트롤로직설계,fsm(FINITE-STATE MACHINE)\스크린샷 2026-07-29 110620.png,1116,586,1.9044,3e43410b24c96739bdbe5d8645368df365be8cb63aac54ad2fb44c367d8e11bb,5e3f7d0d5e3e7c02,source screenshot,PUBLIC_USED,"Primary student-authored report, source, calculation, or visual evidence."
SRC-0620,컨트롤로직설계,fsm(FINITE-STATE MACHINE)\스크린샷 2026-07-29 110625.png,1199,507,2.3649,43fc875371bf78243aa2860c46c97fd6226b5415a296c0369c9da017403ed9e2,303c72720c480307,source screenshot,PUBLIC_USED,"Primary student-authored report, source, calculation, or visual evidence."
SRC-0833,컨트롤로직설계,mux_8to1\스크린샷 2026-07-29 110103.png,1108,691,1.6035,d3d59eaffd5e0d5fb221071aa54014cba03e45e624555dffd0384a91b8686fbd,28282929a9890183,source screenshot,PUBLIC_USED,"Primary student-authored report, source, calculation, or visual evidence."
SRC-0834,컨트롤로직설계,mux_8to1\스크린샷 2026-07-29 110115.png,966,697,1.3859,406801e8f8874aca5135c19d06eeae3098ef16348e8ea84d0935d6bea6791ae7,1b43730b0f010103,source screenshot,PUBLIC_USED,"Primary student-authored report, source, calculation, or visual evidence."
SRC-0835,컨트롤로직설계,mux_8to1\스크린샷 2026-07-29 110244.png,971,490,1.9816,03be15a7ad6d06c1bb78b7df491990e9c821ccc80c379e58f118f822a515a54b,1b4b6b73230f4f03,source screenshot,PUBLIC_USED,"Primary student-authored report, source, calculation, or visual evidence."
SRC-0836,컨트롤로직설계,mux_8to1\스크린샷 2026-07-29 110314.png,976,399,2.4461,6623f48be7f1d13b63e3029d2e3f4394c0618d2bc5811d9fc1e65fc3b0b7c147,0109180105010103,source screenshot,PUBLIC_USED,"Primary student-authored report, source, calculation, or visual evidence."
SRC-0837,컨트롤로직설계,mux_8to1\스크린샷 2026-07-29 110323.png,1081,630,1.7159,1c1c7457c5f05773c48639c3b528802db42fd67dc287f36c26fd69e0d035a86d,0707070907070709,source screenshot,PUBLIC_USED,"Primary student-authored report, source, calculation, or visual evidence."
SRC-0838,컨트롤로직설계,mux_8to1\스크린샷 2026-07-29 110328.png,1089,684,1.5921,43aab546178f6e1a800039f2fd9248392c22b232ec224b5a57f60bee3d0cfac0,1003121a02070301,source screenshot,PUBLIC_USED,"Primary student-authored report, source, calculation, or visual evidence."
SRC-0839,컨트롤로직설계,mux_8to1\스크린샷 2026-07-29 110332.png,1072,394,2.7208,5e707438da1e293857cb551dff82372172a02a8b737dffc7bce9cba62779fa6f,1711035547454343,source screenshot,PUBLIC_USED,"Primary student-authored report, source, calculation, or visual evidence."
SRC-0840,컨트롤로직설계,mux_8to1\스크린샷 2026-07-29 110335.png,939,334,2.8114,a6aaccd1afb21c3847478d5b472c9f46b03c7e07f6571d731f18d293c8741cb2,0938040505210107,source screenshot,PUBLIC_USED,"Primary student-authored report, source, calculation, or visual evidence."
SRC-0841,컨트롤로직설계,mux_8to1\스크린샷 2026-07-29 110339.png,1056,660,1.6,03634971450a10f067617ff12f7a882f5e0cd996d445580ba1dd76ddbe18faad,3637333131312519,source screenshot,PUBLIC_USED,"Primary student-authored report, source, calculation, or visual evidence."
SRC-0842,컨트롤로직설계,mux_8to1\스크린샷 2026-07-29 110347.png,1069,548,1.9507,92094f2c40242c1758f73c540d1314d6556e275452caf56a1bcb468c8ef815cd,3616133531111137,source screenshot,PUBLIC_USED,"Primary student-authored report, source, calculation, or visual evidence."
SRC-0843,컨트롤로직설계,mux_8to1\스크린샷 2026-07-29 110357.png,933,360,2.5917,be074a106f8f6afdb916d882bc4ca597d78598154f695a2e5145fa872d412607,0b39150105310105,source screenshot,PUBLIC_USED,"Primary student-authored report, source, calculation, or visual evidence."
SRC-0844,컨트롤로직설계,mux_8to1\스크린샷 2026-07-29 110440.png,980,351,2.792,9456b2ef2661c480a3de8e2b71f858e36369ca97528f7c8ad791a34213345965,1930050125390505,source screenshot,PUBLIC_USED,"Primary student-authored report, source, calculation, or visual evidence."
SRC-0845,컨트롤로직설계,mux_8to1\스크린샷 2026-07-29 110449.png,1057,546,1.9359,1f105dd738dd2003710758211800000ea5b20a30a7595c19ffb74c1a33feeb01,3637332531313137,source screenshot,PUBLIC_USED,"Primary student-authored report, source, calculation, or visual evidence."
SRC-0846,컨트롤로직설계,mux_8to1\스크린샷 2026-07-29 110455.png,1046,667,1.5682,c3e0553c4e09d79b2277194cbae79a92c8cb286a47000dd91ad94195795f3898,3637332131312519,source screenshot,PUBLIC_USED,"Primary student-authored report, source, calculation, or visual evidence."
SRC-0847,컨트롤로직설계,mux_8to1\스크린샷 2026-07-29 110459.png,1082,698,1.5501,af110d757259ba1ba410ad8b8cf6c4e23bed1fcdca4f4aeafdbbc5388b6cff3b,10030b1903070301,source screenshot,PUBLIC_USED,"Primary student-authored report, source, calculation, or visual evidence."
SRC-0848,컨트롤로직설계,mux_8to1\스크린샷 2026-07-29 110503.png,1099,410,2.6805,65ac8e541f5eadcf07b38a7fe96c1df3c2e92cbc9aef5328a92225a56199de8a,4f13036727676343,source screenshot,PUBLIC_USED,"Primary student-authored report, source, calculation, or visual evidence."
