asset_id,project,original_path,width,height,selection_score,duplicate_group,preferred_source,publication_status,publication_reason,public_filename,public_locations
COU-671705ce8130,Controller Logic,학부 과제 및 프로젝트/컨트롤로직설계/04. Introduction to VHDL.pdf::page-10::Image14.png,47,21,24,EXACT-0291,COU-671705ce8130,Exact Duplicate,Byte-identical to preferred source COU-671705ce8130,,
COU-4d464849c42f,Controller Logic,학부 과제 및 프로젝트/컨트롤로직설계/04. Introduction to VHDL.pdf::page-10::Image72.jpg,806,535,27,,,Publicly Withheld,"Lower-value, incomplete, redundant-context, or unverified visual",,
COU-671705ce8130,Controller Logic,학부 과제 및 프로젝트/컨트롤로직설계/04. Introduction to VHDL.pdf::page-11::Image14.png,47,21,24,EXACT-0291,COU-671705ce8130,Exact Duplicate,Byte-identical to preferred source COU-671705ce8130,,
COU-ab634bfa9415,Controller Logic,학부 과제 및 프로젝트/컨트롤로직설계/04. Introduction to VHDL.pdf::page-11::Image78.jpg,253,328,25,,,Publicly Withheld,"Lower-value, incomplete, redundant-context, or unverified visual",,
COU-ea1b4fd2dcef,Controller Logic,학부 과제 및 프로젝트/컨트롤로직설계/04. Introduction to VHDL.pdf::page-11::Image79.jpg,461,400,26,,,Publicly Withheld,"Lower-value, incomplete, redundant-context, or unverified visual",,
COU-671705ce8130,Controller Logic,학부 과제 및 프로젝트/컨트롤로직설계/04. Introduction to VHDL.pdf::page-12::Image14.png,47,21,24,EXACT-0291,COU-671705ce8130,Exact Duplicate,Byte-identical to preferred source COU-671705ce8130,,
COU-671705ce8130,Controller Logic,학부 과제 및 프로젝트/컨트롤로직설계/04. Introduction to VHDL.pdf::page-13::Image14.png,47,21,24,EXACT-0291,COU-671705ce8130,Exact Duplicate,Byte-identical to preferred source COU-671705ce8130,,
COU-671705ce8130,Controller Logic,학부 과제 및 프로젝트/컨트롤로직설계/04. Introduction to VHDL.pdf::page-14::Image14.png,47,21,24,EXACT-0291,COU-671705ce8130,Exact Duplicate,Byte-identical to preferred source COU-671705ce8130,,
COU-eed984daad9e,Controller Logic,학부 과제 및 프로젝트/컨트롤로직설계/04. Introduction to VHDL.pdf::page-14::Image88.png,182,78,24,,,Publicly Withheld,"Lower-value, incomplete, redundant-context, or unverified visual",,
COU-671705ce8130,Controller Logic,학부 과제 및 프로젝트/컨트롤로직설계/04. Introduction to VHDL.pdf::page-15::Image14.png,47,21,24,EXACT-0291,COU-671705ce8130,Exact Duplicate,Byte-identical to preferred source COU-671705ce8130,,
COU-671705ce8130,Controller Logic,학부 과제 및 프로젝트/컨트롤로직설계/04. Introduction to VHDL.pdf::page-16::Image14.png,47,21,24,EXACT-0291,COU-671705ce8130,Exact Duplicate,Byte-identical to preferred source COU-671705ce8130,,
COU-671705ce8130,Controller Logic,학부 과제 및 프로젝트/컨트롤로직설계/04. Introduction to VHDL.pdf::page-17::Image14.png,47,21,24,EXACT-0291,COU-671705ce8130,Exact Duplicate,Byte-identical to preferred source COU-671705ce8130,,
COU-a1da41086179,Controller Logic,학부 과제 및 프로젝트/컨트롤로직설계/04. Introduction to VHDL.pdf::page-17::Image97.png,371,79,24,,,Publicly Withheld,"Lower-value, incomplete, redundant-context, or unverified visual",,
COU-4336fbf5d389,Controller Logic,학부 과제 및 프로젝트/컨트롤로직설계/04. Introduction to VHDL.pdf::page-17::Image98.png,133,68,24,,,Publicly Withheld,"Lower-value, incomplete, redundant-context, or unverified visual",,
COU-671705ce8130,Controller Logic,학부 과제 및 프로젝트/컨트롤로직설계/04. Introduction to VHDL.pdf::page-18::Image14.png,47,21,24,EXACT-0291,COU-671705ce8130,Exact Duplicate,Byte-identical to preferred source COU-671705ce8130,,
COU-671705ce8130,Controller Logic,학부 과제 및 프로젝트/컨트롤로직설계/04. Introduction to VHDL.pdf::page-19::Image14.png,47,21,24,EXACT-0291,COU-671705ce8130,Exact Duplicate,Byte-identical to preferred source COU-671705ce8130,,
COU-c6d2eeccd04a,Controller Logic,학부 과제 및 프로젝트/컨트롤로직설계/04. Introduction to VHDL.pdf::page-1::Image7.jpg,92,64,24,EXACT-0290,COU-c6d2eeccd04a,Publicly Withheld,"Lower-value, incomplete, redundant-context, or unverified visual",,
COU-02ac4c518dcf,Controller Logic,학부 과제 및 프로젝트/컨트롤로직설계/04. Introduction to VHDL.pdf::page-20::Image110.jpg,544,198,25,,,Publicly Withheld,"Lower-value, incomplete, redundant-context, or unverified visual",,
COU-671705ce8130,Controller Logic,학부 과제 및 프로젝트/컨트롤로직설계/04. Introduction to VHDL.pdf::page-20::Image14.png,47,21,24,EXACT-0291,COU-671705ce8130,Exact Duplicate,Byte-identical to preferred source COU-671705ce8130,,
COU-cfbf303a4df1,Controller Logic,학부 과제 및 프로젝트/컨트롤로직설계/04. Introduction to VHDL.pdf::page-21::Image118.jpg,356,151,24,,,Publicly Withheld,"Lower-value, incomplete, redundant-context, or unverified visual",,
COU-671705ce8130,Controller Logic,학부 과제 및 프로젝트/컨트롤로직설계/04. Introduction to VHDL.pdf::page-21::Image14.png,47,21,24,EXACT-0291,COU-671705ce8130,Exact Duplicate,Byte-identical to preferred source COU-671705ce8130,,
COU-807fa3c618af,Controller Logic,학부 과제 및 프로젝트/컨트롤로직설계/04. Introduction to VHDL.pdf::page-22::Image121.jpg,353,215,25,,,Publicly Withheld,"Lower-value, incomplete, redundant-context, or unverified visual",,
COU-671705ce8130,Controller Logic,학부 과제 및 프로젝트/컨트롤로직설계/04. Introduction to VHDL.pdf::page-22::Image14.png,47,21,24,EXACT-0291,COU-671705ce8130,Exact Duplicate,Byte-identical to preferred source COU-671705ce8130,,
COU-4cb309ee3f7d,Controller Logic,학부 과제 및 프로젝트/컨트롤로직설계/04. Introduction to VHDL.pdf::page-23::Image124.jpg,253,271,25,,,Publicly Withheld,"Lower-value, incomplete, redundant-context, or unverified visual",,
COU-671705ce8130,Controller Logic,학부 과제 및 프로젝트/컨트롤로직설계/04. Introduction to VHDL.pdf::page-23::Image14.png,47,21,24,EXACT-0291,COU-671705ce8130,Exact Duplicate,Byte-identical to preferred source COU-671705ce8130,,
COU-671705ce8130,Controller Logic,학부 과제 및 프로젝트/컨트롤로직설계/04. Introduction to VHDL.pdf::page-24::Image14.png,47,21,24,EXACT-0291,COU-671705ce8130,Exact Duplicate,Byte-identical to preferred source COU-671705ce8130,,
COU-671705ce8130,Controller Logic,학부 과제 및 프로젝트/컨트롤로직설계/04. Introduction to VHDL.pdf::page-25::Image14.png,47,21,24,EXACT-0291,COU-671705ce8130,Exact Duplicate,Byte-identical to preferred source COU-671705ce8130,,
COU-671705ce8130,Controller Logic,학부 과제 및 프로젝트/컨트롤로직설계/04. Introduction to VHDL.pdf::page-26::Image14.png,47,21,24,EXACT-0291,COU-671705ce8130,Exact Duplicate,Byte-identical to preferred source COU-671705ce8130,,
COU-671705ce8130,Controller Logic,학부 과제 및 프로젝트/컨트롤로직설계/04. Introduction to VHDL.pdf::page-27::Image14.png,47,21,24,EXACT-0291,COU-671705ce8130,Exact Duplicate,Byte-identical to preferred source COU-671705ce8130,,
COU-671705ce8130,Controller Logic,학부 과제 및 프로젝트/컨트롤로직설계/04. Introduction to VHDL.pdf::page-28::Image14.png,47,21,24,EXACT-0291,COU-671705ce8130,Exact Duplicate,Byte-identical to preferred source COU-671705ce8130,,
COU-1e911d587ada,Controller Logic,학부 과제 및 프로젝트/컨트롤로직설계/04. Introduction to VHDL.pdf::page-28::Image149.jpg,361,446,26,,,Publicly Withheld,"Lower-value, incomplete, redundant-context, or unverified visual",,
COU-671705ce8130,Controller Logic,학부 과제 및 프로젝트/컨트롤로직설계/04. Introduction to VHDL.pdf::page-29::Image14.png,47,21,24,EXACT-0291,COU-671705ce8130,Exact Duplicate,Byte-identical to preferred source COU-671705ce8130,,
COU-671705ce8130,Controller Logic,학부 과제 및 프로젝트/컨트롤로직설계/04. Introduction to VHDL.pdf::page-2::Image14.png,47,21,24,EXACT-0291,COU-671705ce8130,Publicly Withheld,"Lower-value, incomplete, redundant-context, or unverified visual",,
COU-671705ce8130,Controller Logic,학부 과제 및 프로젝트/컨트롤로직설계/04. Introduction to VHDL.pdf::page-30::Image14.png,47,21,24,EXACT-0291,COU-671705ce8130,Exact Duplicate,Byte-identical to preferred source COU-671705ce8130,,
COU-671705ce8130,Controller Logic,학부 과제 및 프로젝트/컨트롤로직설계/04. Introduction to VHDL.pdf::page-31::Image14.png,47,21,24,EXACT-0291,COU-671705ce8130,Exact Duplicate,Byte-identical to preferred source COU-671705ce8130,,
COU-671705ce8130,Controller Logic,학부 과제 및 프로젝트/컨트롤로직설계/04. Introduction to VHDL.pdf::page-32::Image14.png,47,21,24,EXACT-0291,COU-671705ce8130,Exact Duplicate,Byte-identical to preferred source COU-671705ce8130,,
COU-671705ce8130,Controller Logic,학부 과제 및 프로젝트/컨트롤로직설계/04. Introduction to VHDL.pdf::page-3::Image14.png,47,21,24,EXACT-0291,COU-671705ce8130,Exact Duplicate,Byte-identical to preferred source COU-671705ce8130,,
COU-671705ce8130,Controller Logic,학부 과제 및 프로젝트/컨트롤로직설계/04. Introduction to VHDL.pdf::page-4::Image14.png,47,21,24,EXACT-0291,COU-671705ce8130,Exact Duplicate,Byte-identical to preferred source COU-671705ce8130,,
COU-671705ce8130,Controller Logic,학부 과제 및 프로젝트/컨트롤로직설계/04. Introduction to VHDL.pdf::page-5::Image14.png,47,21,24,EXACT-0291,COU-671705ce8130,Exact Duplicate,Byte-identical to preferred source COU-671705ce8130,,
COU-671705ce8130,Controller Logic,학부 과제 및 프로젝트/컨트롤로직설계/04. Introduction to VHDL.pdf::page-6::Image14.png,47,21,24,EXACT-0291,COU-671705ce8130,Exact Duplicate,Byte-identical to preferred source COU-671705ce8130,,
COU-f5e95a048116,Controller Logic,학부 과제 및 프로젝트/컨트롤로직설계/04. Introduction to VHDL.pdf::page-6::Image51.jpg,286,291,25,,,Publicly Withheld,"Lower-value, incomplete, redundant-context, or unverified visual",,
COU-09a6cb70676c,Controller Logic,학부 과제 및 프로젝트/컨트롤로직설계/04. Introduction to VHDL.pdf::page-6::Image52.jpg,298,161,24,,,Publicly Withheld,"Lower-value, incomplete, redundant-context, or unverified visual",,
COU-9866bf7bf508,Controller Logic,학부 과제 및 프로젝트/컨트롤로직설계/04. Introduction to VHDL.pdf::page-6::Image53.jpg,280,283,25,,,Publicly Withheld,"Lower-value, incomplete, redundant-context, or unverified visual",,
COU-671705ce8130,Controller Logic,학부 과제 및 프로젝트/컨트롤로직설계/04. Introduction to VHDL.pdf::page-7::Image14.png,47,21,24,EXACT-0291,COU-671705ce8130,Exact Duplicate,Byte-identical to preferred source COU-671705ce8130,,
COU-671705ce8130,Controller Logic,학부 과제 및 프로젝트/컨트롤로직설계/04. Introduction to VHDL.pdf::page-8::Image14.png,47,21,24,EXACT-0291,COU-671705ce8130,Exact Duplicate,Byte-identical to preferred source COU-671705ce8130,,
COU-671705ce8130,Controller Logic,학부 과제 및 프로젝트/컨트롤로직설계/04. Introduction to VHDL.pdf::page-9::Image14.png,47,21,24,EXACT-0291,COU-671705ce8130,Exact Duplicate,Byte-identical to preferred source COU-671705ce8130,,
COU-9540bc798f82,Controller Logic,학부 과제 및 프로젝트/컨트롤로직설계/04. Introduction to VHDL.pdf::page-9::Image67.jpg,170,113,24,,,Publicly Withheld,"Lower-value, incomplete, redundant-context, or unverified visual",,
COU-7f20d716c0f8,Controller Logic,학부 과제 및 프로젝트/컨트롤로직설계/04. Introduction to VHDL.pdf::page-9::Image68.jp2,173,35,24,,,Publicly Withheld,"Lower-value, incomplete, redundant-context, or unverified visual",,
COU-671705ce8130,Controller Logic,학부 과제 및 프로젝트/컨트롤로직설계/06. VHDL Modeling.pdf::page-10::Image14.png,47,21,24,EXACT-0291,COU-671705ce8130,Exact Duplicate,Byte-identical to preferred source COU-671705ce8130,,
COU-85dc10ede929,Controller Logic,학부 과제 및 프로젝트/컨트롤로직설계/06. VHDL Modeling.pdf::page-10::Image85.png,409,116,24,EXACT-0295,COU-85dc10ede929,Publicly Withheld,"Lower-value, incomplete, redundant-context, or unverified visual",,
COU-9fa8fd0f5b3d,Controller Logic,학부 과제 및 프로젝트/컨트롤로직설계/06. VHDL Modeling.pdf::page-10::Image86.jpg,514,133,24,EXACT-0296,COU-9fa8fd0f5b3d,Publicly Withheld,"Lower-value, incomplete, redundant-context, or unverified visual",,
COU-671705ce8130,Controller Logic,학부 과제 및 프로젝트/컨트롤로직설계/06. VHDL Modeling.pdf::page-11::Image14.png,47,21,24,EXACT-0291,COU-671705ce8130,Exact Duplicate,Byte-identical to preferred source COU-671705ce8130,,
COU-16840c85e90c,Controller Logic,학부 과제 및 프로젝트/컨트롤로직설계/06. VHDL Modeling.pdf::page-11::Image89.png,579,229,25,,,Publicly Withheld,"Lower-value, incomplete, redundant-context, or unverified visual",,
COU-c81f69ec1b95,Controller Logic,학부 과제 및 프로젝트/컨트롤로직설계/06. VHDL Modeling.pdf::page-11::Image90.png,160,75,24,,,Publicly Withheld,"Lower-value, incomplete, redundant-context, or unverified visual",,
COU-4f674e354072,Controller Logic,학부 과제 및 프로젝트/컨트롤로직설계/06. VHDL Modeling.pdf::page-11::Image92.png,85,68,24,,,Publicly Withheld,"Lower-value, incomplete, redundant-context, or unverified visual",,
COU-47ffda0e31ef,Controller Logic,학부 과제 및 프로젝트/컨트롤로직설계/06. VHDL Modeling.pdf::page-11::Image96.png,845,111,24,,,Publicly Withheld,"Lower-value, incomplete, redundant-context, or unverified visual",,
COU-1ab08ad62572,Controller Logic,학부 과제 및 프로젝트/컨트롤로직설계/06. VHDL Modeling.pdf::page-12::Image100.jpg,381,131,24,,,Publicly Withheld,"Lower-value, incomplete, redundant-context, or unverified visual",,
COU-2b32932eee82,Controller Logic,학부 과제 및 프로젝트/컨트롤로직설계/06. VHDL Modeling.pdf::page-12::Image101.png,427,159,24,,,Publicly Withheld,"Lower-value, incomplete, redundant-context, or unverified visual",,
COU-d33713c7cfac,Controller Logic,학부 과제 및 프로젝트/컨트롤로직설계/06. VHDL Modeling.pdf::page-12::Image103.png,179,77,24,,,Publicly Withheld,"Lower-value, incomplete, redundant-context, or unverified visual",,
COU-671705ce8130,Controller Logic,학부 과제 및 프로젝트/컨트롤로직설계/06. VHDL Modeling.pdf::page-12::Image14.png,47,21,24,EXACT-0291,COU-671705ce8130,Exact Duplicate,Byte-identical to preferred source COU-671705ce8130,,
COU-f093e1d1383d,Controller Logic,학부 과제 및 프로젝트/컨트롤로직설계/06. VHDL Modeling.pdf::page-12::Image99.png,316,134,24,,,Publicly Withheld,"Lower-value, incomplete, redundant-context, or unverified visual",,
COU-671705ce8130,Controller Logic,학부 과제 및 프로젝트/컨트롤로직설계/06. VHDL Modeling.pdf::page-13::Image14.png,47,21,24,EXACT-0291,COU-671705ce8130,Exact Duplicate,Byte-identical to preferred source COU-671705ce8130,,
COU-e4b1b03ca1a3,Controller Logic,학부 과제 및 프로젝트/컨트롤로직설계/06. VHDL Modeling.pdf::page-14::Image111.png,258,82,24,EXACT-0297,COU-e4b1b03ca1a3,Publicly Withheld,"Lower-value, incomplete, redundant-context, or unverified visual",,
COU-6680463e84b0,Controller Logic,학부 과제 및 프로젝트/컨트롤로직설계/06. VHDL Modeling.pdf::page-14::Image113.png,218,67,24,EXACT-0298,COU-6680463e84b0,Publicly Withheld,"Lower-value, incomplete, redundant-context, or unverified visual",,
COU-d200ff8c4d5c,Controller Logic,학부 과제 및 프로젝트/컨트롤로직설계/06. VHDL Modeling.pdf::page-14::Image117.png,172,78,24,,,Publicly Withheld,"Lower-value, incomplete, redundant-context, or unverified visual",,
COU-0ee11e0257be,Controller Logic,학부 과제 및 프로젝트/컨트롤로직설계/06. VHDL Modeling.pdf::page-14::Image119.png,108,68,24,,,Publicly Withheld,"Lower-value, incomplete, redundant-context, or unverified visual",,
COU-cc502d5e33a3,Controller Logic,학부 과제 및 프로젝트/컨트롤로직설계/06. VHDL Modeling.pdf::page-14::Image123.png,437,67,24,,,Publicly Withheld,"Lower-value, incomplete, redundant-context, or unverified visual",,
COU-7026a1c4c48e,Controller Logic,학부 과제 및 프로젝트/컨트롤로직설계/06. VHDL Modeling.pdf::page-14::Image125.png,228,45,24,,,Publicly Withheld,"Lower-value, incomplete, redundant-context, or unverified visual",,
COU-671705ce8130,Controller Logic,학부 과제 및 프로젝트/컨트롤로직설계/06. VHDL Modeling.pdf::page-14::Image14.png,47,21,24,EXACT-0291,COU-671705ce8130,Exact Duplicate,Byte-identical to preferred source COU-671705ce8130,,
COU-85dc10ede929,Controller Logic,학부 과제 및 프로젝트/컨트롤로직설계/06. VHDL Modeling.pdf::page-14::Image85.png,409,116,24,EXACT-0295,COU-85dc10ede929,Exact Duplicate,Byte-identical to preferred source COU-85dc10ede929,,
COU-e4b1b03ca1a3,Controller Logic,학부 과제 및 프로젝트/컨트롤로직설계/06. VHDL Modeling.pdf::page-15::Image111.png,258,82,24,EXACT-0297,COU-e4b1b03ca1a3,Exact Duplicate,Byte-identical to preferred source COU-e4b1b03ca1a3,,
COU-6680463e84b0,Controller Logic,학부 과제 및 프로젝트/컨트롤로직설계/06. VHDL Modeling.pdf::page-15::Image113.png,218,67,24,EXACT-0298,COU-6680463e84b0,Exact Duplicate,Byte-identical to preferred source COU-6680463e84b0,,
COU-c94803a90dd8,Controller Logic,학부 과제 및 프로젝트/컨트롤로직설계/06. VHDL Modeling.pdf::page-15::Image133.png,142,79,24,,,Publicly Withheld,"Lower-value, incomplete, redundant-context, or unverified visual",,
COU-8243d094aa96,Controller Logic,학부 과제 및 프로젝트/컨트롤로직설계/06. VHDL Modeling.pdf::page-15::Image135.png,73,68,24,,,Publicly Withheld,"Lower-value, incomplete, redundant-context, or unverified visual",,
COU-b65cc4fb11aa,Controller Logic,학부 과제 및 프로젝트/컨트롤로직설계/06. VHDL Modeling.pdf::page-15::Image139.png,379,51,24,,,Publicly Withheld,"Lower-value, incomplete, redundant-context, or unverified visual",,
COU-671705ce8130,Controller Logic,학부 과제 및 프로젝트/컨트롤로직설계/06. VHDL Modeling.pdf::page-15::Image14.png,47,21,24,EXACT-0291,COU-671705ce8130,Exact Duplicate,Byte-identical to preferred source COU-671705ce8130,,
COU-3aa0d00b49a0,Controller Logic,학부 과제 및 프로젝트/컨트롤로직설계/06. VHDL Modeling.pdf::page-15::Image141.png,220,45,24,,,Publicly Withheld,"Lower-value, incomplete, redundant-context, or unverified visual",,
COU-fb7ed193dd21,Controller Logic,학부 과제 및 프로젝트/컨트롤로직설계/06. VHDL Modeling.pdf::page-15::Image145.png,175,37,24,,,Publicly Withheld,"Lower-value, incomplete, redundant-context, or unverified visual",,
COU-26afd691d4c1,Controller Logic,학부 과제 및 프로젝트/컨트롤로직설계/06. VHDL Modeling.pdf::page-15::Image147.png,111,45,24,,,Publicly Withheld,"Lower-value, incomplete, redundant-context, or unverified visual",,
COU-6fa78df8a0e1,Controller Logic,학부 과제 및 프로젝트/컨트롤로직설계/06. VHDL Modeling.pdf::page-15::Image151.png,169,34,24,,,Publicly Withheld,"Lower-value, incomplete, redundant-context, or unverified visual",,
COU-3af8cb13899d,Controller Logic,학부 과제 및 프로젝트/컨트롤로직설계/06. VHDL Modeling.pdf::page-15::Image153.png,111,45,24,,,Publicly Withheld,"Lower-value, incomplete, redundant-context, or unverified visual",,
COU-85dc10ede929,Controller Logic,학부 과제 및 프로젝트/컨트롤로직설계/06. VHDL Modeling.pdf::page-15::Image85.png,409,116,24,EXACT-0295,COU-85dc10ede929,Exact Duplicate,Byte-identical to preferred source COU-85dc10ede929,,
COU-9fa8fd0f5b3d,Controller Logic,학부 과제 및 프로젝트/컨트롤로직설계/06. VHDL Modeling.pdf::page-15::Image86.jpg,514,133,24,EXACT-0296,COU-9fa8fd0f5b3d,Exact Duplicate,Byte-identical to preferred source COU-9fa8fd0f5b3d,,
COU-671705ce8130,Controller Logic,학부 과제 및 프로젝트/컨트롤로직설계/06. VHDL Modeling.pdf::page-16::Image14.png,47,21,24,EXACT-0291,COU-671705ce8130,Exact Duplicate,Byte-identical to preferred source COU-671705ce8130,,
COU-671705ce8130,Controller Logic,학부 과제 및 프로젝트/컨트롤로직설계/06. VHDL Modeling.pdf::page-17::Image14.png,47,21,24,EXACT-0291,COU-671705ce8130,Exact Duplicate,Byte-identical to preferred source COU-671705ce8130,,
COU-671705ce8130,Controller Logic,학부 과제 및 프로젝트/컨트롤로직설계/06. VHDL Modeling.pdf::page-18::Image14.png,47,21,24,EXACT-0291,COU-671705ce8130,Exact Duplicate,Byte-identical to preferred source COU-671705ce8130,,
COU-671705ce8130,Controller Logic,학부 과제 및 프로젝트/컨트롤로직설계/06. VHDL Modeling.pdf::page-19::Image14.png,47,21,24,EXACT-0291,COU-671705ce8130,Exact Duplicate,Byte-identical to preferred source COU-671705ce8130,,
COU-48456300849e,Controller Logic,학부 과제 및 프로젝트/컨트롤로직설계/06. VHDL Modeling.pdf::page-1::Image7.jpg,66,46,24,EXACT-0292,COU-48456300849e,Publicly Withheld,"Lower-value, incomplete, redundant-context, or unverified visual",,
COU-671705ce8130,Controller Logic,학부 과제 및 프로젝트/컨트롤로직설계/06. VHDL Modeling.pdf::page-20::Image14.png,47,21,24,EXACT-0291,COU-671705ce8130,Exact Duplicate,Byte-identical to preferred source COU-671705ce8130,,
COU-671705ce8130,Controller Logic,학부 과제 및 프로젝트/컨트롤로직설계/06. VHDL Modeling.pdf::page-21::Image14.png,47,21,24,EXACT-0291,COU-671705ce8130,Exact Duplicate,Byte-identical to preferred source COU-671705ce8130,,
COU-671705ce8130,Controller Logic,학부 과제 및 프로젝트/컨트롤로직설계/06. VHDL Modeling.pdf::page-22::Image14.png,47,21,24,EXACT-0291,COU-671705ce8130,Exact Duplicate,Byte-identical to preferred source COU-671705ce8130,,
COU-671705ce8130,Controller Logic,학부 과제 및 프로젝트/컨트롤로직설계/06. VHDL Modeling.pdf::page-23::Image14.png,47,21,24,EXACT-0291,COU-671705ce8130,Exact Duplicate,Byte-identical to preferred source COU-671705ce8130,,
COU-4eaf0409a594,Controller Logic,학부 과제 및 프로젝트/컨트롤로직설계/06. VHDL Modeling.pdf::page-23::Image180.png,1204,285,25,,,Publicly Withheld,"Lower-value, incomplete, redundant-context, or unverified visual",,
COU-7cece812788e,Controller Logic,학부 과제 및 프로젝트/컨트롤로직설계/06. VHDL Modeling.pdf::page-23::Image181.jpg,702,191,25,,,Publicly Withheld,"Lower-value, incomplete, redundant-context, or unverified visual",,
COU-671705ce8130,Controller Logic,학부 과제 및 프로젝트/컨트롤로직설계/06. VHDL Modeling.pdf::page-24::Image14.png,47,21,24,EXACT-0291,COU-671705ce8130,Exact Duplicate,Byte-identical to preferred source COU-671705ce8130,,
COU-671705ce8130,Controller Logic,학부 과제 및 프로젝트/컨트롤로직설계/06. VHDL Modeling.pdf::page-25::Image14.png,47,21,24,EXACT-0291,COU-671705ce8130,Exact Duplicate,Byte-identical to preferred source COU-671705ce8130,,
COU-5d46bc5466b2,Controller Logic,학부 과제 및 프로젝트/컨트롤로직설계/06. VHDL Modeling.pdf::page-25::Image51.png,292,92,24,EXACT-0293,COU-5d46bc5466b2,Exact Duplicate,Byte-identical to preferred source COU-5d46bc5466b2,,
COU-671705ce8130,Controller Logic,학부 과제 및 프로젝트/컨트롤로직설계/06. VHDL Modeling.pdf::page-26::Image14.png,47,21,24,EXACT-0291,COU-671705ce8130,Exact Duplicate,Byte-identical to preferred source COU-671705ce8130,,
COU-671705ce8130,Controller Logic,학부 과제 및 프로젝트/컨트롤로직설계/06. VHDL Modeling.pdf::page-27::Image14.png,47,21,24,EXACT-0291,COU-671705ce8130,Exact Duplicate,Byte-identical to preferred source COU-671705ce8130,,
COU-671705ce8130,Controller Logic,학부 과제 및 프로젝트/컨트롤로직설계/06. VHDL Modeling.pdf::page-28::Image14.png,47,21,24,EXACT-0291,COU-671705ce8130,Exact Duplicate,Byte-identical to preferred source COU-671705ce8130,,
COU-671705ce8130,Controller Logic,학부 과제 및 프로젝트/컨트롤로직설계/06. VHDL Modeling.pdf::page-29::Image14.png,47,21,24,EXACT-0291,COU-671705ce8130,Exact Duplicate,Byte-identical to preferred source COU-671705ce8130,,
COU-671705ce8130,Controller Logic,학부 과제 및 프로젝트/컨트롤로직설계/06. VHDL Modeling.pdf::page-2::Image14.png,47,21,24,EXACT-0291,COU-671705ce8130,Exact Duplicate,Byte-identical to preferred source COU-671705ce8130,,
COU-671705ce8130,Controller Logic,학부 과제 및 프로젝트/컨트롤로직설계/06. VHDL Modeling.pdf::page-30::Image14.png,47,21,24,EXACT-0291,COU-671705ce8130,Exact Duplicate,Byte-identical to preferred source COU-671705ce8130,,
COU-671705ce8130,Controller Logic,학부 과제 및 프로젝트/컨트롤로직설계/06. VHDL Modeling.pdf::page-3::Image14.png,47,21,24,EXACT-0291,COU-671705ce8130,Exact Duplicate,Byte-identical to preferred source COU-671705ce8130,,
COU-671705ce8130,Controller Logic,학부 과제 및 프로젝트/컨트롤로직설계/06. VHDL Modeling.pdf::page-4::Image14.png,47,21,24,EXACT-0291,COU-671705ce8130,Exact Duplicate,Byte-identical to preferred source COU-671705ce8130,,
COU-671705ce8130,Controller Logic,학부 과제 및 프로젝트/컨트롤로직설계/06. VHDL Modeling.pdf::page-5::Image14.png,47,21,24,EXACT-0291,COU-671705ce8130,Exact Duplicate,Byte-identical to preferred source COU-671705ce8130,,
COU-671705ce8130,Controller Logic,학부 과제 및 프로젝트/컨트롤로직설계/06. VHDL Modeling.pdf::page-6::Image14.png,47,21,24,EXACT-0291,COU-671705ce8130,Exact Duplicate,Byte-identical to preferred source COU-671705ce8130,,
COU-5d46bc5466b2,Controller Logic,학부 과제 및 프로젝트/컨트롤로직설계/06. VHDL Modeling.pdf::page-6::Image51.png,292,92,24,EXACT-0293,COU-5d46bc5466b2,Publicly Withheld,"Lower-value, incomplete, redundant-context, or unverified visual",,
COU-b4409737607f,Controller Logic,학부 과제 및 프로젝트/컨트롤로직설계/06. VHDL Modeling.pdf::page-6::Image52.png,282,163,24,,,Publicly Withheld,"Lower-value, incomplete, redundant-context, or unverified visual",,
COU-55b33e8079f2,Controller Logic,학부 과제 및 프로젝트/컨트롤로직설계/06. VHDL Modeling.pdf::page-6::Image54.png,203,103,24,,,Publicly Withheld,"Lower-value, incomplete, redundant-context, or unverified visual",,
COU-ef19bb95fbf3,Controller Logic,학부 과제 및 프로젝트/컨트롤로직설계/06. VHDL Modeling.pdf::page-6::Image65.png,71,58,24,EXACT-0294,COU-ef19bb95fbf3,Publicly Withheld,"Lower-value, incomplete, redundant-context, or unverified visual",,
COU-671705ce8130,Controller Logic,학부 과제 및 프로젝트/컨트롤로직설계/06. VHDL Modeling.pdf::page-7::Image14.png,47,21,24,EXACT-0291,COU-671705ce8130,Exact Duplicate,Byte-identical to preferred source COU-671705ce8130,,
COU-ef19bb95fbf3,Controller Logic,학부 과제 및 프로젝트/컨트롤로직설계/06. VHDL Modeling.pdf::page-7::Image65.png,71,58,24,EXACT-0294,COU-ef19bb95fbf3,Exact Duplicate,Byte-identical to preferred source COU-ef19bb95fbf3,,
COU-671705ce8130,Controller Logic,학부 과제 및 프로젝트/컨트롤로직설계/06. VHDL Modeling.pdf::page-8::Image14.png,47,21,24,EXACT-0291,COU-671705ce8130,Exact Duplicate,Byte-identical to preferred source COU-671705ce8130,,
COU-64b90a1bc3ef,Controller Logic,학부 과제 및 프로젝트/컨트롤로직설계/06. VHDL Modeling.pdf::page-8::Image76.png,412,133,24,NEAR-0064,COU-531eeec66507,Near Duplicate,Visually similar to higher-resolution/preferred source COU-531eeec66507,,
COU-671705ce8130,Controller Logic,학부 과제 및 프로젝트/컨트롤로직설계/06. VHDL Modeling.pdf::page-9::Image14.png,47,21,24,EXACT-0291,COU-671705ce8130,Exact Duplicate,Byte-identical to preferred source COU-671705ce8130,,
COU-687b8ea5dd54,Controller Logic,학부 과제 및 프로젝트/컨트롤로직설계/06. VHDL Modeling.pdf::page-9::Image79.png,298,83,24,,,Publicly Withheld,"Lower-value, incomplete, redundant-context, or unverified visual",,
COU-531eeec66507,Controller Logic,학부 과제 및 프로젝트/컨트롤로직설계/06. VHDL Modeling.pdf::page-9::Image80.png,413,134,24,NEAR-0064,COU-531eeec66507,Publicly Withheld,"Lower-value, incomplete, redundant-context, or unverified visual",,
COU-48456300849e,Controller Logic,학부 과제 및 프로젝트/컨트롤로직설계/07. 4-bit Full Adder.pdf::page-1::Image7.jpg,66,46,24,EXACT-0292,COU-48456300849e,Exact Duplicate,Byte-identical to preferred source COU-48456300849e,,
COU-671705ce8130,Controller Logic,학부 과제 및 프로젝트/컨트롤로직설계/07. 4-bit Full Adder.pdf::page-2::Image14.png,47,21,24,EXACT-0291,COU-671705ce8130,Exact Duplicate,Byte-identical to preferred source COU-671705ce8130,,
COU-a1202a7cb55a,Controller Logic,학부 과제 및 프로젝트/컨트롤로직설계/07. 4-bit Full Adder.pdf::page-2::Image29.jpg,958,227,25,,,Publicly Withheld,"Lower-value, incomplete, redundant-context, or unverified visual",,
COU-671705ce8130,Controller Logic,학부 과제 및 프로젝트/컨트롤로직설계/07. 4-bit Full Adder.pdf::page-3::Image14.png,47,21,24,EXACT-0291,COU-671705ce8130,Exact Duplicate,Byte-identical to preferred source COU-671705ce8130,,
COU-5176080905bb,Controller Logic,학부 과제 및 프로젝트/컨트롤로직설계/07. 4-bit Full Adder.pdf::page-3::Image32.jpg,1057,414,27,,,Publicly Withheld,"Lower-value, incomplete, redundant-context, or unverified visual",,
COU-671705ce8130,Controller Logic,학부 과제 및 프로젝트/컨트롤로직설계/07. 4-bit Full Adder.pdf::page-4::Image14.png,47,21,24,EXACT-0291,COU-671705ce8130,Exact Duplicate,Byte-identical to preferred source COU-671705ce8130,,
COU-3128723e6297,Controller Logic,학부 과제 및 프로젝트/컨트롤로직설계/07. 4-bit Full Adder.pdf::page-4::Image35.jp2,406,297,25,,,Publicly Withheld,"Lower-value, incomplete, redundant-context, or unverified visual",,
COU-671705ce8130,Controller Logic,학부 과제 및 프로젝트/컨트롤로직설계/07. 4-bit Full Adder.pdf::page-5::Image14.png,47,21,24,EXACT-0291,COU-671705ce8130,Exact Duplicate,Byte-identical to preferred source COU-671705ce8130,,
COU-d95be5282048,Controller Logic,학부 과제 및 프로젝트/컨트롤로직설계/07. 4-bit Full Adder.pdf::page-5::Image41.png,526,433,26,,,Publicly Withheld,"Lower-value, incomplete, redundant-context, or unverified visual",,
COU-671705ce8130,Controller Logic,학부 과제 및 프로젝트/컨트롤로직설계/07. 4-bit Full Adder.pdf::page-6::Image14.png,47,21,24,EXACT-0291,COU-671705ce8130,Exact Duplicate,Byte-identical to preferred source COU-671705ce8130,,
COU-63035d1f3113,Controller Logic,학부 과제 및 프로젝트/컨트롤로직설계/07. 4-bit Full Adder.pdf::page-6::Image47.png,814,183,25,,,Publicly Withheld,"Lower-value, incomplete, redundant-context, or unverified visual",,
COU-671705ce8130,Controller Logic,학부 과제 및 프로젝트/컨트롤로직설계/07. 4-bit Full Adder.pdf::page-7::Image14.png,47,21,24,EXACT-0291,COU-671705ce8130,Exact Duplicate,Byte-identical to preferred source COU-671705ce8130,,
COU-8b38b28b645e,Controller Logic,학부 과제 및 프로젝트/컨트롤로직설계/07. 4-bit Full Adder.pdf::page-7::Image50.png,516,474,26,,,Publicly Withheld,"Lower-value, incomplete, redundant-context, or unverified visual",,
COU-8d5f08e997f1,Controller Logic,학부 과제 및 프로젝트/컨트롤로직설계/07. 4-bit Full Adder.pdf::page-7::Image51.png,23,23,24,EXACT-0299,COU-8d5f08e997f1,Publicly Withheld,"Lower-value, incomplete, redundant-context, or unverified visual",,
COU-671705ce8130,Controller Logic,학부 과제 및 프로젝트/컨트롤로직설계/07. 4-bit Full Adder.pdf::page-8::Image14.png,47,21,24,EXACT-0291,COU-671705ce8130,Exact Duplicate,Byte-identical to preferred source COU-671705ce8130,,
COU-8d5f08e997f1,Controller Logic,학부 과제 및 프로젝트/컨트롤로직설계/07. 4-bit Full Adder.pdf::page-8::Image51.png,23,23,24,EXACT-0299,COU-8d5f08e997f1,Exact Duplicate,Byte-identical to preferred source COU-8d5f08e997f1,,
COU-ee553b34d6ef,Controller Logic,학부 과제 및 프로젝트/컨트롤로직설계/07. 4-bit Full Adder.pdf::page-8::Image54.png,520,440,26,,,Publicly Withheld,"Lower-value, incomplete, redundant-context, or unverified visual",,
COU-8afe2519518c,Controller Logic,학부 과제 및 프로젝트/컨트롤로직설계/07. 4-bit Full Adder.pdf::page-8::Image55.png,393,104,24,,,Publicly Withheld,"Lower-value, incomplete, redundant-context, or unverified visual",,
COU-01be66cb7304,Controller Logic,학부 과제 및 프로젝트/컨트롤로직설계/08. DEC and MUX.pdf::page-10::Image14.jpg,84,41,24,EXACT-0300,COU-01be66cb7304,Exact Duplicate,Byte-identical to preferred source COU-01be66cb7304,,
COU-01be66cb7304,Controller Logic,학부 과제 및 프로젝트/컨트롤로직설계/08. DEC and MUX.pdf::page-11::Image14.jpg,84,41,24,EXACT-0300,COU-01be66cb7304,Exact Duplicate,Byte-identical to preferred source COU-01be66cb7304,,
COU-06f07d42d35c,Controller Logic,학부 과제 및 프로젝트/컨트롤로직설계/08. DEC and MUX.pdf::page-11::Image56.png,998,348,25,,,Publicly Withheld,"Lower-value, incomplete, redundant-context, or unverified visual",,
COU-fa2bcf184528,Controller Logic,학부 과제 및 프로젝트/컨트롤로직설계/08. DEC and MUX.pdf::page-1::Image7.jpg,121,91,24,NEAR-0065,COU-ae25a8d3ddbd,Near Duplicate,Visually similar to higher-resolution/preferred source COU-ae25a8d3ddbd,,
COU-01be66cb7304,Controller Logic,학부 과제 및 프로젝트/컨트롤로직설계/08. DEC and MUX.pdf::page-2::Image14.jpg,84,41,24,EXACT-0300,COU-01be66cb7304,Publicly Withheld,"Lower-value, incomplete, redundant-context, or unverified visual",,
COU-0d09a75d66bc,Controller Logic,학부 과제 및 프로젝트/컨트롤로직설계/08. DEC and MUX.pdf::page-2::Image29.png,616,486,26,,,Publicly Withheld,"Lower-value, incomplete, redundant-context, or unverified visual",,
COU-01be66cb7304,Controller Logic,학부 과제 및 프로젝트/컨트롤로직설계/08. DEC and MUX.pdf::page-3::Image14.jpg,84,41,24,EXACT-0300,COU-01be66cb7304,Exact Duplicate,Byte-identical to preferred source COU-01be66cb7304,,
COU-a29acc92f988,Controller Logic,학부 과제 및 프로젝트/컨트롤로직설계/08. DEC and MUX.pdf::page-3::Image32.png,687,328,25,,,Publicly Withheld,"Lower-value, incomplete, redundant-context, or unverified visual",,
COU-01be66cb7304,Controller Logic,학부 과제 및 프로젝트/컨트롤로직설계/08. DEC and MUX.pdf::page-4::Image14.jpg,84,41,24,EXACT-0300,COU-01be66cb7304,Exact Duplicate,Byte-identical to preferred source COU-01be66cb7304,,
COU-01be66cb7304,Controller Logic,학부 과제 및 프로젝트/컨트롤로직설계/08. DEC and MUX.pdf::page-5::Image14.jpg,84,41,24,EXACT-0300,COU-01be66cb7304,Exact Duplicate,Byte-identical to preferred source COU-01be66cb7304,,
COU-5f0324fada35,Controller Logic,학부 과제 및 프로젝트/컨트롤로직설계/08. DEC and MUX.pdf::page-5::Image37.png,796,385,26,,,Publicly Withheld,"Lower-value, incomplete, redundant-context, or unverified visual",,
COU-01be66cb7304,Controller Logic,학부 과제 및 프로젝트/컨트롤로직설계/08. DEC and MUX.pdf::page-6::Image14.jpg,84,41,24,EXACT-0300,COU-01be66cb7304,Exact Duplicate,Byte-identical to preferred source COU-01be66cb7304,,
COU-01be66cb7304,Controller Logic,학부 과제 및 프로젝트/컨트롤로직설계/08. DEC and MUX.pdf::page-7::Image14.jpg,84,41,24,EXACT-0300,COU-01be66cb7304,Exact Duplicate,Byte-identical to preferred source COU-01be66cb7304,,
COU-ee8dd57194aa,Controller Logic,학부 과제 및 프로젝트/컨트롤로직설계/08. DEC and MUX.pdf::page-7::Image46.png,992,355,26,,,Publicly Withheld,"Lower-value, incomplete, redundant-context, or unverified visual",,
COU-01be66cb7304,Controller Logic,학부 과제 및 프로젝트/컨트롤로직설계/08. DEC and MUX.pdf::page-8::Image14.jpg,84,41,24,EXACT-0300,COU-01be66cb7304,Exact Duplicate,Byte-identical to preferred source COU-01be66cb7304,,
COU-01be66cb7304,Controller Logic,학부 과제 및 프로젝트/컨트롤로직설계/08. DEC and MUX.pdf::page-9::Image14.jpg,84,41,24,EXACT-0300,COU-01be66cb7304,Exact Duplicate,Byte-identical to preferred source COU-01be66cb7304,,
COU-200c7f12eeb2,Controller Logic,학부 과제 및 프로젝트/컨트롤로직설계/08. DEC and MUX.pdf::page-9::Image51.png,715,478,26,,,Publicly Withheld,"Lower-value, incomplete, redundant-context, or unverified visual",,
COU-ae25a8d3ddbd,Controller Logic,학부 과제 및 프로젝트/컨트롤로직설계/09 Finite State MachineFSM_241121_133442.pdf::page-1::Image7.jpg,193,134,24,NEAR-0065,COU-ae25a8d3ddbd,Publicly Withheld,"Lower-value, incomplete, redundant-context, or unverified visual",,
COU-55b52b9016ef,Controller Logic,학부 과제 및 프로젝트/컨트롤로직설계/09 Finite State MachineFSM_241121_133442.pdf::page-2::Image14.png,134,60,24,EXACT-0301,COU-55b52b9016ef,Publicly Withheld,"Lower-value, incomplete, redundant-context, or unverified visual",,
COU-55b52b9016ef,Controller Logic,학부 과제 및 프로젝트/컨트롤로직설계/09 Finite State MachineFSM_241121_133442.pdf::page-3::Image14.png,134,60,24,EXACT-0301,COU-55b52b9016ef,Exact Duplicate,Byte-identical to preferred source COU-55b52b9016ef,,
COU-55b52b9016ef,Controller Logic,학부 과제 및 프로젝트/컨트롤로직설계/09 Finite State MachineFSM_241121_133442.pdf::page-4::Image14.png,134,60,24,EXACT-0301,COU-55b52b9016ef,Exact Duplicate,Byte-identical to preferred source COU-55b52b9016ef,,
COU-4eb482f48e90,Controller Logic,학부 과제 및 프로젝트/컨트롤로직설계/09 Finite State MachineFSM_241121_133442.pdf::page-4::Image44.png,374,248,25,,,Publicly Withheld,"Lower-value, incomplete, redundant-context, or unverified visual",,
COU-0dff26a822aa,Controller Logic,학부 과제 및 프로젝트/컨트롤로직설계/09 Finite State MachineFSM_241121_133442.pdf::page-4::Image46.png,412,238,25,,,Publicly Withheld,"Lower-value, incomplete, redundant-context, or unverified visual",,
COU-dc9395170c2b,Controller Logic,학부 과제 및 프로젝트/컨트롤로직설계/09 Finite State MachineFSM_241121_133442.pdf::page-4::Image50.png,644,342,25,,,Publicly Withheld,"Lower-value, incomplete, redundant-context, or unverified visual",,
COU-55b52b9016ef,Controller Logic,학부 과제 및 프로젝트/컨트롤로직설계/09 Finite State MachineFSM_241121_133442.pdf::page-5::Image14.png,134,60,24,EXACT-0301,COU-55b52b9016ef,Exact Duplicate,Byte-identical to preferred source COU-55b52b9016ef,,
COU-55b52b9016ef,Controller Logic,학부 과제 및 프로젝트/컨트롤로직설계/09 Finite State MachineFSM_241121_133442.pdf::page-6::Image14.png,134,60,24,EXACT-0301,COU-55b52b9016ef,Exact Duplicate,Byte-identical to preferred source COU-55b52b9016ef,,
COU-83cd2dba3ba2,Controller Logic,학부 과제 및 프로젝트/컨트롤로직설계/09 Finite State MachineFSM_241121_133442.pdf::page-6::Image61.png,672,190,25,,,Publicly Withheld,"Lower-value, incomplete, redundant-context, or unverified visual",,
COU-55b52b9016ef,Controller Logic,학부 과제 및 프로젝트/컨트롤로직설계/09 Finite State MachineFSM_241121_133442.pdf::page-7::Image14.png,134,60,24,EXACT-0301,COU-55b52b9016ef,Exact Duplicate,Byte-identical to preferred source COU-55b52b9016ef,,
COU-84bb400380f3,Controller Logic,학부 과제 및 프로젝트/컨트롤로직설계/09 Finite State MachineFSM_241121_133442.pdf::page-7::Image64.png,1378,340,26,NEAR-0066,COU-84bb400380f3,Publicly Withheld,"Lower-value, incomplete, redundant-context, or unverified visual",,
COU-94072b83323b,Controller Logic,학부 과제 및 프로젝트/컨트롤로직설계/09 Finite State MachineFSM_241121_133442.pdf::page-7::Image65.png,1381,333,26,NEAR-0066,COU-84bb400380f3,Near Duplicate,Visually similar to higher-resolution/preferred source COU-84bb400380f3,,
COU-55b52b9016ef,Controller Logic,학부 과제 및 프로젝트/컨트롤로직설계/09 Finite State MachineFSM_241121_133442.pdf::page-8::Image14.png,134,60,24,EXACT-0301,COU-55b52b9016ef,Exact Duplicate,Byte-identical to preferred source COU-55b52b9016ef,,
COU-86b0ae48545f,Controller Logic,학부 과제 및 프로젝트/컨트롤로직설계/09 Finite State MachineFSM_241121_133442.pdf::page-8::Image68.png,22,21,24,,,Publicly Withheld,"Lower-value, incomplete, redundant-context, or unverified visual",,
COU-8670479839c3,Controller Logic,학부 과제 및 프로젝트/컨트롤로직설계/09 Finite State MachineFSM_241121_133442.pdf::page-8::Image69.png,1450,393,27,,,Publicly Withheld,"Lower-value, incomplete, redundant-context, or unverified visual",,
COU-c6d2eeccd04a,Controller Logic,학부 과제 및 프로젝트/컨트롤로직설계/10. Universal Shift Register.pdf::page-1::Image7.jpg,92,64,24,EXACT-0290,COU-c6d2eeccd04a,Exact Duplicate,Byte-identical to preferred source COU-c6d2eeccd04a,,
COU-5f98c183b854,Controller Logic,학부 과제 및 프로젝트/컨트롤로직설계/10. Universal Shift Register.pdf::page-2::Image14.jpg,64,29,24,EXACT-0302,COU-5f98c183b854,Publicly Withheld,"Lower-value, incomplete, redundant-context, or unverified visual",,
COU-5f98c183b854,Controller Logic,학부 과제 및 프로젝트/컨트롤로직설계/10. Universal Shift Register.pdf::page-3::Image14.jpg,64,29,24,EXACT-0302,COU-5f98c183b854,Exact Duplicate,Byte-identical to preferred source COU-5f98c183b854,,
COU-b3f57761f256,Controller Logic,학부 과제 및 프로젝트/컨트롤로직설계/10. Universal Shift Register.pdf::page-3::Image24.jpg,548,308,25,,,Publicly Withheld,"Lower-value, incomplete, redundant-context, or unverified visual",,
COU-5f98c183b854,Controller Logic,학부 과제 및 프로젝트/컨트롤로직설계/10. Universal Shift Register.pdf::page-4::Image14.jpg,64,29,24,EXACT-0302,COU-5f98c183b854,Exact Duplicate,Byte-identical to preferred source COU-5f98c183b854,,
COU-bf8c39a0627d,Controller Logic,학부 과제 및 프로젝트/컨트롤로직설계/10. Universal Shift Register.pdf::page-4::Image27.jpg,579,405,26,,,Publicly Withheld,"Lower-value, incomplete, redundant-context, or unverified visual",,
COU-5f98c183b854,Controller Logic,학부 과제 및 프로젝트/컨트롤로직설계/10. Universal Shift Register.pdf::page-5::Image14.jpg,64,29,24,EXACT-0302,COU-5f98c183b854,Exact Duplicate,Byte-identical to preferred source COU-5f98c183b854,,
COU-5f98c183b854,Controller Logic,학부 과제 및 프로젝트/컨트롤로직설계/10. Universal Shift Register.pdf::page-6::Image14.jpg,64,29,24,EXACT-0302,COU-5f98c183b854,Exact Duplicate,Byte-identical to preferred source COU-5f98c183b854,,
COU-5f98c183b854,Controller Logic,학부 과제 및 프로젝트/컨트롤로직설계/10. Universal Shift Register.pdf::page-7::Image14.jpg,64,29,24,EXACT-0302,COU-5f98c183b854,Exact Duplicate,Byte-identical to preferred source COU-5f98c183b854,,
COU-3e145a4b015f,Controller Logic,학부 과제 및 프로젝트/컨트롤로직설계/10. Universal Shift Register.pdf::page-7::Image36.png,1075,174,24,,,Publicly Withheld,"Lower-value, incomplete, redundant-context, or unverified visual",,
COU-5f98c183b854,Controller Logic,학부 과제 및 프로젝트/컨트롤로직설계/10. Universal Shift Register.pdf::page-8::Image14.jpg,64,29,24,EXACT-0302,COU-5f98c183b854,Exact Duplicate,Byte-identical to preferred source COU-5f98c183b854,,
COU-e695d33719f3,Controller Logic,학부 과제 및 프로젝트/컨트롤로직설계/4 bit Universal Shift Register/스크린샷 2026-07-29 110723.png,1159,410,29,,,Publicly Withheld,"Lower-value, incomplete, redundant-context, or unverified visual",,
COU-90bb79c0ec4a,Controller Logic,학부 과제 및 프로젝트/컨트롤로직설계/4 bit Universal Shift Register/스크린샷 2026-07-29 110726.png,733,412,28,,,Publicly Withheld,"Lower-value, incomplete, redundant-context, or unverified visual",,
COU-cb84cbaaad73,Controller Logic,학부 과제 및 프로젝트/컨트롤로직설계/4 bit Universal Shift Register/스크린샷 2026-07-29 110732.png,1064,794,30,,,Publicly Withheld,"Lower-value, incomplete, redundant-context, or unverified visual",,
COU-cc9865eb7fea,Controller Logic,학부 과제 및 프로젝트/컨트롤로직설계/4 bit Universal Shift Register/스크린샷 2026-07-29 110744.png,1084,844,30,,,Publicly Withheld,"Lower-value, incomplete, redundant-context, or unverified visual",,
COU-151dccfd0336,Controller Logic,학부 과제 및 프로젝트/컨트롤로직설계/4 bit Universal Shift Register/스크린샷 2026-07-29 110750.png,1214,785,30,,,Publicly Withheld,"Lower-value, incomplete, redundant-context, or unverified visual",,
COU-455288b051f9,Controller Logic,학부 과제 및 프로젝트/컨트롤로직설계/4 bit Universal Shift Register/스크린샷 2026-07-29 110758.png,1234,709,30,,,Published,Near-identical public derivative already in use,,electrical-engineering-coursework-portfolio:docs/gallery/controller-logic/universal-shift-register-waveform.png
COU-dc14b5f45d65,Controller Logic,학부 과제 및 프로젝트/컨트롤로직설계/4 bit Universal Shift Register/스크린샷 2026-07-29 110805.png,1243,283,27,,,Publicly Withheld,"Lower-value, incomplete, redundant-context, or unverified visual",,
COU-e4bf1e156ae5,Controller Logic,학부 과제 및 프로젝트/컨트롤로직설계/4 bit Universal Shift Register/스크린샷 2026-07-29 110809.png,1116,243,27,,,Publicly Withheld,"Lower-value, incomplete, redundant-context, or unverified visual",,
COU-748739ed41a5,Controller Logic,학부 과제 및 프로젝트/컨트롤로직설계/4bit-fulladder/스크린샷 2026-07-29 105828.png,1182,776,30,,,Publicly Withheld,"Lower-value, incomplete, redundant-context, or unverified visual",,
COU-5fce9aed17d4,Controller Logic,학부 과제 및 프로젝트/컨트롤로직설계/4bit-fulladder/스크린샷 2026-07-29 105832.png,1143,665,30,,,Publicly Withheld,"Lower-value, incomplete, redundant-context, or unverified visual",,
COU-9857050ad640,Controller Logic,학부 과제 및 프로젝트/컨트롤로직설계/4bit-fulladder/스크린샷 2026-07-29 105836.png,1200,672,30,,,Publicly Withheld,"Lower-value, incomplete, redundant-context, or unverified visual",,
COU-436f3751ab76,Controller Logic,학부 과제 및 프로젝트/컨트롤로직설계/4bit-fulladder/스크린샷 2026-07-29 105842.png,1223,809,30,,,Published,Near-identical public derivative already in use,,electrical-engineering-coursework-portfolio:docs/gallery/controller-logic/full-adder-hierarchy.png
COU-6f036e432eb9,Controller Logic,학부 과제 및 프로젝트/컨트롤로직설계/4bit-fulladder/스크린샷 2026-07-29 105849.png,1114,638,30,,,Published,Near-identical public derivative already in use,,electrical-engineering-coursework-portfolio:docs/gallery/controller-logic/full-adder-waveform.png
COU-d27147e4f33f,Controller Logic,학부 과제 및 프로젝트/컨트롤로직설계/4bit-fulladder/스크린샷 2026-07-29 105900.png,1200,573,29,,,Publicly Withheld,"Lower-value, incomplete, redundant-context, or unverified visual",,
COU-88d6798b8f81,Controller Logic,학부 과제 및 프로젝트/컨트롤로직설계/4bit-fulladder/스크린샷 2026-07-29 105907.png,1183,693,30,,,Publicly Withheld,"Lower-value, incomplete, redundant-context, or unverified visual",,
COU-733d0f718025,Controller Logic,학부 과제 및 프로젝트/컨트롤로직설계/fsm(FINITE-STATE MACHINE)/스크린샷 2026-07-29 110542.png,1130,572,29,,,Publicly Withheld,"Lower-value, incomplete, redundant-context, or unverified visual",,
COU-d2133d3b9d84,Controller Logic,학부 과제 및 프로젝트/컨트롤로직설계/fsm(FINITE-STATE MACHINE)/스크린샷 2026-07-29 110548.png,1144,730,30,,,Publicly Withheld,"Lower-value, incomplete, redundant-context, or unverified visual",,
COU-d7c1da861bc1,Controller Logic,학부 과제 및 프로젝트/컨트롤로직설계/fsm(FINITE-STATE MACHINE)/스크린샷 2026-07-29 110555.png,1233,832,31,,,Requires User Review,High-scoring technical visual; requires manual content/copyright review,,
COU-34050f463373,Controller Logic,학부 과제 및 프로젝트/컨트롤로직설계/fsm(FINITE-STATE MACHINE)/스크린샷 2026-07-29 110600.png,1219,829,31,,,Requires User Review,High-scoring technical visual; requires manual content/copyright review,,
COU-e6fb64c9df14,Controller Logic,학부 과제 및 프로젝트/컨트롤로직설계/fsm(FINITE-STATE MACHINE)/스크린샷 2026-07-29 110605.png,1215,688,30,,,Publicly Withheld,"Lower-value, incomplete, redundant-context, or unverified visual",,
COU-675c2bbfe8b2,Controller Logic,학부 과제 및 프로젝트/컨트롤로직설계/fsm(FINITE-STATE MACHINE)/스크린샷 2026-07-29 110608.png,1208,514,29,,,Published,Near-identical public derivative already in use,,electrical-engineering-coursework-portfolio:docs/gallery/controller-logic/mealy-101-waveform.png
COU-42991961f79a,Controller Logic,학부 과제 및 프로젝트/컨트롤로직설계/fsm(FINITE-STATE MACHINE)/스크린샷 2026-07-29 110612.png,1225,836,31,,,Requires User Review,High-scoring technical visual; requires manual content/copyright review,,
COU-3e43410b24c9,Controller Logic,학부 과제 및 프로젝트/컨트롤로직설계/fsm(FINITE-STATE MACHINE)/스크린샷 2026-07-29 110620.png,1116,586,29,,,Publicly Withheld,"Lower-value, incomplete, redundant-context, or unverified visual",,
COU-43fc875371bf,Controller Logic,학부 과제 및 프로젝트/컨트롤로직설계/fsm(FINITE-STATE MACHINE)/스크린샷 2026-07-29 110625.png,1199,507,29,,,Publicly Withheld,"Lower-value, incomplete, redundant-context, or unverified visual",,
COU-d3d59eaffd5e,Controller Logic,학부 과제 및 프로젝트/컨트롤로직설계/mux_8to1/스크린샷 2026-07-29 110103.png,1108,691,30,,,Publicly Withheld,"Lower-value, incomplete, redundant-context, or unverified visual",,
COU-406801e8f887,Controller Logic,학부 과제 및 프로젝트/컨트롤로직설계/mux_8to1/스크린샷 2026-07-29 110115.png,966,697,30,,,Published,Near-identical public derivative already in use,,electrical-engineering-coursework-portfolio:docs/gallery/controller-logic/decoder-3to8-waveform.png
COU-03be15a7ad6d,Controller Logic,학부 과제 및 프로젝트/컨트롤로직설계/mux_8to1/스크린샷 2026-07-29 110244.png,971,490,29,,,Publicly Withheld,"Lower-value, incomplete, redundant-context, or unverified visual",,
COU-6623f48be7f1,Controller Logic,학부 과제 및 프로젝트/컨트롤로직설계/mux_8to1/스크린샷 2026-07-29 110314.png,976,399,28,,,Publicly Withheld,"Lower-value, incomplete, redundant-context, or unverified visual",,
COU-1c1c7457c5f0,Controller Logic,학부 과제 및 프로젝트/컨트롤로직설계/mux_8to1/스크린샷 2026-07-29 110323.png,1081,630,30,,,Publicly Withheld,"Lower-value, incomplete, redundant-context, or unverified visual",,
COU-43aab546178f,Controller Logic,학부 과제 및 프로젝트/컨트롤로직설계/mux_8to1/스크린샷 2026-07-29 110328.png,1089,684,30,,,Publicly Withheld,"Lower-value, incomplete, redundant-context, or unverified visual",,
COU-5e707438da1e,Controller Logic,학부 과제 및 프로젝트/컨트롤로직설계/mux_8to1/스크린샷 2026-07-29 110332.png,1072,394,29,,,Publicly Withheld,"Lower-value, incomplete, redundant-context, or unverified visual",,
COU-a6aaccd1afb2,Controller Logic,학부 과제 및 프로젝트/컨트롤로직설계/mux_8to1/스크린샷 2026-07-29 110335.png,939,334,27,,,Publicly Withheld,"Lower-value, incomplete, redundant-context, or unverified visual",,
COU-03634971450a,Controller Logic,학부 과제 및 프로젝트/컨트롤로직설계/mux_8to1/스크린샷 2026-07-29 110339.png,1056,660,30,NEAR-0067,COU-c3e0553c4e09,Near Duplicate,Visually similar to higher-resolution/preferred source COU-c3e0553c4e09,,
COU-92094f2c4024,Controller Logic,학부 과제 및 프로젝트/컨트롤로직설계/mux_8to1/스크린샷 2026-07-29 110347.png,1069,548,29,NEAR-0068,COU-92094f2c4024,Publicly Withheld,"Lower-value, incomplete, redundant-context, or unverified visual",,
COU-be074a106f8f,Controller Logic,학부 과제 및 프로젝트/컨트롤로직설계/mux_8to1/스크린샷 2026-07-29 110357.png,933,360,28,,,Publicly Withheld,"Lower-value, incomplete, redundant-context, or unverified visual",,
COU-9456b2ef2661,Controller Logic,학부 과제 및 프로젝트/컨트롤로직설계/mux_8to1/스크린샷 2026-07-29 110440.png,980,351,28,,,Publicly Withheld,"Lower-value, incomplete, redundant-context, or unverified visual",,
COU-1f105dd738dd,Controller Logic,학부 과제 및 프로젝트/컨트롤로직설계/mux_8to1/스크린샷 2026-07-29 110449.png,1057,546,29,NEAR-0068,COU-92094f2c4024,Near Duplicate,Visually similar to higher-resolution/preferred source COU-92094f2c4024,,
COU-c3e0553c4e09,Controller Logic,학부 과제 및 프로젝트/컨트롤로직설계/mux_8to1/스크린샷 2026-07-29 110455.png,1046,667,30,NEAR-0067,COU-c3e0553c4e09,Publicly Withheld,"Lower-value, incomplete, redundant-context, or unverified visual",,
COU-af110d757259,Controller Logic,학부 과제 및 프로젝트/컨트롤로직설계/mux_8to1/스크린샷 2026-07-29 110459.png,1082,698,30,,,Publicly Withheld,"Lower-value, incomplete, redundant-context, or unverified visual",,
COU-65ac8e541f5e,Controller Logic,학부 과제 및 프로젝트/컨트롤로직설계/mux_8to1/스크린샷 2026-07-29 110503.png,1099,410,29,,,Publicly Withheld,"Lower-value, incomplete, redundant-context, or unverified visual",,
COU-d71e13d5a1e7,Electrical Machines,학부 과제 및 프로젝트/전기기기/Transformer Design calculator EI-190 (1).xlsx::xl/media/image1.png,718,931,29,,,Publicly Withheld,"Lower-value, incomplete, redundant-context, or unverified visual",,
COU-3acea71f2163,Electrical Machines,학부 과제 및 프로젝트/전기기기/사진/스크린샷 2026-07-29 102810.png,434,132,26,,,Publicly Withheld,"Lower-value, incomplete, redundant-context, or unverified visual",,
COU-52df3d939a25,Electrical Machines,학부 과제 및 프로젝트/전기기기/사진/스크린샷 2026-07-29 102913.png,580,694,29,,,Publicly Withheld,"Lower-value, incomplete, redundant-context, or unverified visual",,
COU-46bb42f707da,Electrical Machines,학부 과제 및 프로젝트/전기기기/사진/스크린샷 2026-07-29 102922.png,552,180,27,,,Publicly Withheld,"Lower-value, incomplete, redundant-context, or unverified visual",,
COU-cb3161e0daf1,Electrical Machines,학부 과제 및 프로젝트/전기기기/사진/스크린샷 2026-07-29 102926.png,500,258,27,,,Publicly Withheld,"Lower-value, incomplete, redundant-context, or unverified visual",,
COU-d251dc3420a8,Electrical Machines,학부 과제 및 프로젝트/전기기기/사진/스크린샷 2026-07-29 102935.png,613,368,28,,,Publicly Withheld,"Lower-value, incomplete, redundant-context, or unverified visual",,
COU-de5f7f69fbba,Electrical Machines,학부 과제 및 프로젝트/전기기기/사진/스크린샷 2026-07-29 102944.png,521,318,27,,,Publicly Withheld,"Lower-value, incomplete, redundant-context, or unverified visual",,
COU-2cd52af29261,Electrical Machines,학부 과제 및 프로젝트/전기기기/사진/스크린샷 2026-07-29 103001.png,442,167,26,,,Publicly Withheld,"Lower-value, incomplete, redundant-context, or unverified visual",,
COU-b2f2ad89a3ec,Electrical Machines,학부 과제 및 프로젝트/전기기기/사진/스크린샷 2026-07-29 103010.png,466,145,26,,,Publicly Withheld,"Lower-value, incomplete, redundant-context, or unverified visual",,
COU-cd83b6fe9111,Electrical Machines,학부 과제 및 프로젝트/전기기기/사진/스크린샷 2026-07-29 103013.png,419,285,27,,,Publicly Withheld,"Lower-value, incomplete, redundant-context, or unverified visual",,
COU-dda610221b00,Electrical Machines,학부 과제 및 프로젝트/전기기기/사진/스크린샷 2026-07-29 103047.png,558,572,28,,,Publicly Withheld,"Lower-value, incomplete, redundant-context, or unverified visual",,
COU-d7d74c5a5df5,Electrical Machines,학부 과제 및 프로젝트/전기기기/전기기기__3분반(10조_변압기_설계_과제_보고서)_250326_162216.pdf::page-2::Im2.jpg,676,193,25,,,Publicly Withheld,"Lower-value, incomplete, redundant-context, or unverified visual",,
COU-fdedf27a6a76,Electrical Machines,학부 과제 및 프로젝트/전기기기/전기기기__3분반(10조_변압기_설계_과제_보고서)_250326_162216.pdf::page-3::Im3.jpg,279,390,25,,,Publicly Withheld,"Lower-value, incomplete, redundant-context, or unverified visual",,
COU-afa92e18de36,Electrical Machines,학부 과제 및 프로젝트/전기기기/전기기기__3분반(10조_변압기_설계_과제_보고서)_250326_162216.pdf::page-3::Im4.jpg,422,449,26,,,Publicly Withheld,"Lower-value, incomplete, redundant-context, or unverified visual",,
COU-ceb0d22dab28,Electrical Machines,학부 과제 및 프로젝트/전기기기/전기기기__3분반(10조_변압기_설계_과제_보고서)_250326_162216.pdf::page-4::Im5.jpg,586,757,27,,,Publicly Withheld,"Lower-value, incomplete, redundant-context, or unverified visual",,
COU-68418e522cb3,Electrical Machines,학부 과제 및 프로젝트/전기기기/전기기기__3분반(10조_변압기_설계_과제_보고서)_250326_162216.pdf::page-4::Im6.jpg,583,754,27,,,Publicly Withheld,"Lower-value, incomplete, redundant-context, or unverified visual",,
COU-2cec411aa3a6,Electrical Machines,학부 과제 및 프로젝트/전기기기/전기기기__3분반(10조_변압기_설계_과제_보고서)_250326_162216.pdf::page-5::Im7.jpg,558,288,25,,,Publicly Withheld,"Lower-value, incomplete, redundant-context, or unverified visual",,
COU-5976b532402e,Electrical Machines,학부 과제 및 프로젝트/전기기기/전기기기__3분반(10조_변압기_설계_과제_보고서)_250326_162216.pdf::page-6::Im8.jpg,1179,385,27,,,Publicly Withheld,"Lower-value, incomplete, redundant-context, or unverified visual",,
COU-31660932c2f9,Electrical Machines,학부 과제 및 프로젝트/전기기기/전기기기__3분반(10조_변압기_설계_과제_보고서)_250326_162216.pdf::page-8::Im9.jpg,1177,304,25,,,Publicly Withheld,"Lower-value, incomplete, redundant-context, or unverified visual",,
COU-f88d8ffe69c0,Electrical Machines,학부 과제 및 프로젝트/전기기기/전기기기__3분반(10조_변압기_설계_과제_보고서)_250326_162216.pdf::page-9::Im10.jpg,571,596,26,,,Publicly Withheld,"Lower-value, incomplete, redundant-context, or unverified visual",,
COU-6477cd20cb56,Motor Control,학부 과제 및 프로젝트/전동기제어/Project2025 -5조-1.pdf::page-11::Im14.jpg,1380,517,27,EXACT-0220,COU-6477cd20cb56,Exact Duplicate,Byte-identical to preferred source COU-6477cd20cb56,,
COU-7e166de73770,Motor Control,학부 과제 및 프로젝트/전동기제어/Project2025 -5조-1.pdf::page-11::Im16.jpg,1386,1648,31,,,Requires User Review,High-scoring technical visual; requires manual content/copyright review,,
COU-1a4f485af4bf,Motor Control,학부 과제 및 프로젝트/전동기제어/Project2025 -5조-1.pdf::page-1::Im1.jpg,370,290,25,,,Publicly Withheld,"Lower-value, incomplete, redundant-context, or unverified visual",,
COU-f0d7b1dc48c6,Motor Control,학부 과제 및 프로젝트/전동기제어/Project2025 -5조-1.pdf::page-3::Im2.jpg,797,333,25,,,Publicly Withheld,"Lower-value, incomplete, redundant-context, or unverified visual",,
COU-6d6866e39e34,Motor Control,학부 과제 및 프로젝트/전동기제어/Project2025 -5조-1.pdf::page-3::Im3.png,992,46,24,,,Publicly Withheld,"Lower-value, incomplete, redundant-context, or unverified visual",,
COU-f9ced0f401a5,Motor Control,학부 과제 및 프로젝트/전동기제어/Project2025 -5조-1.pdf::page-3::Im4.jpg,1858,893,29,,,Publicly Withheld,"Lower-value, incomplete, redundant-context, or unverified visual",,
COU-31eb72e9f357,Motor Control,학부 과제 및 프로젝트/전동기제어/Project2025 -5조-1.pdf::page-5::Im5.jpg,1346,797,29,,,Publicly Withheld,"Lower-value, incomplete, redundant-context, or unverified visual",,
COU-e575b7f4273d,Motor Control,학부 과제 및 프로젝트/전동기제어/Project2025 -5조-1.pdf::page-5::Im6.jpg,1271,608,28,,,Publicly Withheld,"Lower-value, incomplete, redundant-context, or unverified visual",,
COU-b70c2f03bc1d,Motor Control,학부 과제 및 프로젝트/전동기제어/Project2025 -5조-1.pdf::page-5::Im7.jpg,1388,776,29,,,Publicly Withheld,"Lower-value, incomplete, redundant-context, or unverified visual",,
COU-f59d988583da,Motor Control,학부 과제 및 프로젝트/전동기제어/Project2025 -5조-1.pdf::page-6::Im8.jpg,1411,760,29,,,Publicly Withheld,"Lower-value, incomplete, redundant-context, or unverified visual",,
COU-5c04dd8bad53,Motor Control,학부 과제 및 프로젝트/전동기제어/Project2025 -5조-1.pdf::page-6::Im9.jpg,1408,673,28,,,Publicly Withheld,"Lower-value, incomplete, redundant-context, or unverified visual",,
COU-9c37b8d199fc,Motor Control,학부 과제 및 프로젝트/전동기제어/Project2025 -5조-1.pdf::page-8::Im10.jpg,475,402,26,,,Publicly Withheld,"Lower-value, incomplete, redundant-context, or unverified visual",,
COU-c5c9138fa77a,Motor Control,학부 과제 및 프로젝트/전동기제어/Project2025 -5조-1.pdf::page-8::Im11.jpg,431,311,25,,,Publicly Withheld,"Lower-value, incomplete, redundant-context, or unverified visual",,
COU-43a94064eeb1,Motor Control,학부 과제 및 프로젝트/전동기제어/Project2025 -5조-1.pdf::page-8::Im12.jpg,830,388,26,,,Publicly Withheld,"Lower-value, incomplete, redundant-context, or unverified visual",,
COU-18c465dbc4ba,Motor Control,학부 과제 및 프로젝트/전동기제어/Project2025 -5조-1.pdf::page-8::Im13.jpg,1410,767,29,,,Publicly Withheld,"Lower-value, incomplete, redundant-context, or unverified visual",,
COU-6477cd20cb56,Motor Control,학부 과제 및 프로젝트/전동기제어/Project2025 -5조-1.pdf::page-9::Im14.jpg,1380,517,27,EXACT-0220,COU-6477cd20cb56,Publicly Withheld,"Lower-value, incomplete, redundant-context, or unverified visual",,
COU-f3c659c3595c,Motor Control,학부 과제 및 프로젝트/전동기제어/Project2025 -5조-1.pdf::page-9::Im15.jpg,1168,657,28,,,Publicly Withheld,"Lower-value, incomplete, redundant-context, or unverified visual",,
COU-ca01ed4d8f65,Motor Control,학부 과제 및 프로젝트/전동기제어/사진/aim3 결과.png,1401,590,30,EXACT-0221,COU-ca01ed4d8f65,Published,Exact public match,,electrical-engineering-coursework-portfolio:03_motor_control/dc_motor_pi_control/figures/archive/field_weakening_archive.png; electrical-engineering-coursework-portfolio:docs/assets/archive/motor/field_weakening_archive.png
COU-37997c252bb8,Motor Control,학부 과제 및 프로젝트/전동기제어/사진/속도응답.png,1400,589,29,EXACT-0222,COU-37997c252bb8,Published,Exact public match,,electrical-engineering-coursework-portfolio:03_motor_control/dc_motor_pi_control/figures/archive/speed_response_psim_archive.png; electrical-engineering-coursework-portfolio:docs/assets/motor/speed_response_psim_archive.png; electrical-engineering-coursework-portfolio:docs/assets/archive/motor/speed_response_psim_archive.png
COU-de22f62939c6,Motor Control,학부 과제 및 프로젝트/전동기제어/사진/속도응답matlab.png,1731,830,32,EXACT-0223,COU-de22f62939c6,Published,Exact public match,,electrical-engineering-coursework-portfolio:03_motor_control/dc_motor_pi_control/figures/archive/speed_response_matlab_archive.png; electrical-engineering-coursework-portfolio:docs/assets/archive/motor/speed_response_matlab_archive.png
COU-8cd20b3de0b0,Motor Control,학부 과제 및 프로젝트/전동기제어/사진/스크린샷 2026-07-29 103254.png,663,365,28,,,Publicly Withheld,"Lower-value, incomplete, redundant-context, or unverified visual",,
COU-e42075615119,Motor Control,학부 과제 및 프로젝트/전동기제어/사진/스크린샷 2026-07-29 103419.png,676,288,27,,,Publicly Withheld,"Lower-value, incomplete, redundant-context, or unverified visual",,
COU-e2aeb626ec9d,Motor Control,학부 과제 및 프로젝트/전동기제어/사진/스크린샷 2026-07-29 103428.png,676,173,26,,,Publicly Withheld,"Lower-value, incomplete, redundant-context, or unverified visual",,
COU-74bd98ffb7dc,Motor Control,학부 과제 및 프로젝트/전동기제어/사진/스크린샷 2026-07-29 103432.png,659,178,26,,,Publicly Withheld,"Lower-value, incomplete, redundant-context, or unverified visual",,
COU-f56b550df2e7,Motor Control,학부 과제 및 프로젝트/전동기제어/사진/스크린샷 2026-07-29 103436.png,657,232,27,,,Publicly Withheld,"Lower-value, incomplete, redundant-context, or unverified visual",,
COU-3cb8ff40f021,Motor Control,학부 과제 및 프로젝트/전동기제어/사진/스크린샷 2026-07-29 103441.png,656,189,27,,,Publicly Withheld,"Lower-value, incomplete, redundant-context, or unverified visual",,
COU-5547260eb8e6,Motor Control,학부 과제 및 프로젝트/전동기제어/사진/스크린샷 2026-07-29 103446.png,653,288,27,,,Publicly Withheld,"Lower-value, incomplete, redundant-context, or unverified visual",,
COU-46a30edd8374,Motor Control,학부 과제 및 프로젝트/전동기제어/사진/스크린샷 2026-07-29 103450.png,653,249,27,,,Publicly Withheld,"Lower-value, incomplete, redundant-context, or unverified visual",,
COU-fe5eed41647d,Motor Control,학부 과제 및 프로젝트/전동기제어/사진/스크린샷 2026-07-29 103455.png,645,384,28,,,Publicly Withheld,"Lower-value, incomplete, redundant-context, or unverified visual",,
COU-d1fcc577e7c1,Motor Control,학부 과제 및 프로젝트/전동기제어/사진/스크린샷 2026-07-29 103505.png,648,376,28,,,Publicly Withheld,"Lower-value, incomplete, redundant-context, or unverified visual",,
COU-5d4e587c3712,Motor Control,학부 과제 및 프로젝트/전동기제어/사진/스크린샷 2026-07-29 103509.png,648,269,27,,,Publicly Withheld,"Lower-value, incomplete, redundant-context, or unverified visual",,
COU-7f53692b82f4,Motor Control,학부 과제 및 프로젝트/전동기제어/사진/전류응답.png,1404,595,29,EXACT-0224,COU-7f53692b82f4,Published,Exact public match,,electrical-engineering-coursework-portfolio:03_motor_control/dc_motor_pi_control/figures/archive/current_response_psim_archive.png; electrical-engineering-coursework-portfolio:docs/assets/motor/current_response_psim_archive.png; electrical-engineering-coursework-portfolio:docs/assets/archive/motor/current_response_psim_archive.png
COU-44379583071a,Motor Control,학부 과제 및 프로젝트/전동기제어/사진/전류응답matlab.png,1648,820,32,EXACT-0225,COU-44379583071a,Published,Exact public match,,electrical-engineering-coursework-portfolio:03_motor_control/dc_motor_pi_control/figures/archive/current_response_matlab_archive.png; electrical-engineering-coursework-portfolio:docs/assets/archive/motor/current_response_matlab_archive.png
COU-7bf4735131a7,Motor Control,학부 과제 및 프로젝트/전동기제어/사진/토크리플 10000.png,1897,886,31,EXACT-0226,COU-7bf4735131a7,Published,Exact public match,,electrical-engineering-coursework-portfolio:03_motor_control/dc_motor_pi_control/figures/archive/torque_ripple_10khz_archive.png; electrical-engineering-coursework-portfolio:docs/assets/motor/torque_ripple_10khz_archive.png; electrical-engineering-coursework-portfolio:docs/assets/archive/motor/torque_ripple_10khz_archive.png
COU-f474e2106b70,Motor Control,학부 과제 및 프로젝트/전동기제어/사진/토크리플 25000.png,1899,889,31,EXACT-0227,COU-f474e2106b70,Published,Exact public match,,electrical-engineering-coursework-portfolio:03_motor_control/dc_motor_pi_control/figures/archive/torque_ripple_25khz_archive.png; electrical-engineering-coursework-portfolio:docs/assets/archive/motor/torque_ripple_25khz_archive.png
COU-6dc4f0b86f13,Motor Control,학부 과제 및 프로젝트/전동기제어/사진/프정격조건 속도 그래.png,1401,579,29,EXACT-0228,COU-6dc4f0b86f13,Published,Exact public match,,electrical-engineering-coursework-portfolio:03_motor_control/dc_motor_pi_control/figures/archive/reference_speed_profile_archive.png; electrical-engineering-coursework-portfolio:docs/assets/archive/motor/reference_speed_profile_archive.png
COU-f3f295981cf2,Motor Control,학부 과제 및 프로젝트/전동기제어/사진/회로도.png,1041,630,31,EXACT-0229,COU-f3f295981cf2,Published,Exact public match,,electrical-engineering-coursework-portfolio:03_motor_control/dc_motor_pi_control/figures/archive/psim_circuit_archive.png; electrical-engineering-coursework-portfolio:docs/assets/motor/psim_circuit_archive.png; electrical-engineering-coursework-portfolio:docs/assets/archive/motor/psim_circuit_archive.png
COU-b4a7cb4b1493,Motor Control,학부 과제 및 프로젝트/전동기제어/전동기 프로젝트/Project2025.pdf::page-1::I4.jpg,442,70,24,EXACT-0230,COU-b4a7cb4b1493,Publicly Withheld,"Lower-value, incomplete, redundant-context, or unverified visual",,
COU-b6109337b183,Motor Control,학부 과제 및 프로젝트/전동기제어/전동기 프로젝트/Project2025.pdf::page-1::I7.jpg,258,127,24,EXACT-0231,COU-b6109337b183,Publicly Withheld,"Lower-value, incomplete, redundant-context, or unverified visual",,
COU-b4a7cb4b1493,Motor Control,학부 과제 및 프로젝트/전동기제어/전동기 프로젝트/Project2025.pdf::page-2::I13.jpg,442,70,24,EXACT-0230,COU-b4a7cb4b1493,Exact Duplicate,Byte-identical to preferred source COU-b4a7cb4b1493,,
COU-b6109337b183,Motor Control,학부 과제 및 프로젝트/전동기제어/전동기 프로젝트/Project2025.pdf::page-2::I14.jpg,258,127,24,EXACT-0231,COU-b6109337b183,Exact Duplicate,Byte-identical to preferred source COU-b6109337b183,,
COU-b6109337b183,Motor Control,학부 과제 및 프로젝트/전동기제어/전동기 프로젝트/Project2025.pdf::page-3::I14.jpg,258,127,24,EXACT-0231,COU-b6109337b183,Exact Duplicate,Byte-identical to preferred source COU-b6109337b183,,
COU-b4a7cb4b1493,Motor Control,학부 과제 및 프로젝트/전동기제어/전동기 프로젝트/Project2025.pdf::page-3::I26.jpg,442,70,24,EXACT-0230,COU-b4a7cb4b1493,Exact Duplicate,Byte-identical to preferred source COU-b4a7cb4b1493,,
COU-4182dd316c2a,Motor Control,학부 과제 및 프로젝트/전동기제어/전동기 프로젝트/Project2025.pdf::page-3::I27.jpg,2341,328,26,EXACT-0232,COU-4182dd316c2a,Publicly Withheld,"Lower-value, incomplete, redundant-context, or unverified visual",,
COU-07ee914f9954,Motor Control,학부 과제 및 프로젝트/전동기제어/전동기 프로젝트/Project2025.pdf::page-3::I28.jpg,2341,328,26,EXACT-0233,COU-07ee914f9954,Publicly Withheld,"Lower-value, incomplete, redundant-context, or unverified visual",,
COU-7ae86e70a73f,Motor Control,학부 과제 및 프로젝트/전동기제어/전동기 프로젝트/Project2025.pdf::page-3::I29.png,2341,328,26,EXACT-0234,COU-7ae86e70a73f,Publicly Withheld,"Lower-value, incomplete, redundant-context, or unverified visual",,
COU-b4a7cb4b1493,Motor Control,학부 과제 및 프로젝트/전동기제어/전동기 프로젝트/Project2025.pdf::page-4::I13.jpg,442,70,24,EXACT-0230,COU-b4a7cb4b1493,Exact Duplicate,Byte-identical to preferred source COU-b4a7cb4b1493,,
COU-b6109337b183,Motor Control,학부 과제 및 프로젝트/전동기제어/전동기 프로젝트/Project2025.pdf::page-4::I34.jpg,258,127,24,EXACT-0231,COU-b6109337b183,Exact Duplicate,Byte-identical to preferred source COU-b6109337b183,,
COU-3c140bbae217,Motor Control,학부 과제 및 프로젝트/전동기제어/전동기 프로젝트/Project2025.pdf::page-4::I35.jpg,619,547,26,EXACT-0235,COU-3c140bbae217,Publicly Withheld,"Lower-value, incomplete, redundant-context, or unverified visual",,
COU-eb2a062925fb,Motor Control,학부 과제 및 프로젝트/전동기제어/전동기 프로젝트/Project2025.pdf::page-4::I36.jpg,620,423,26,EXACT-0236,COU-eb2a062925fb,Publicly Withheld,"Lower-value, incomplete, redundant-context, or unverified visual",,
COU-b4a7cb4b1493,Motor Control,학부 과제 및 프로젝트/전동기제어/전동기 프로젝트/Project2025.pdf::page-5::I40.jpg,442,70,24,EXACT-0230,COU-b4a7cb4b1493,Exact Duplicate,Byte-identical to preferred source COU-b4a7cb4b1493,,
COU-b6109337b183,Motor Control,학부 과제 및 프로젝트/전동기제어/전동기 프로젝트/Project2025.pdf::page-5::I7.jpg,258,127,24,EXACT-0231,COU-b6109337b183,Exact Duplicate,Byte-identical to preferred source COU-b6109337b183,,
COU-b6109337b183,Motor Control,학부 과제 및 프로젝트/전동기제어/전동기 프로젝트/Project2025.pdf::page-6::I14.jpg,258,127,24,EXACT-0231,COU-b6109337b183,Exact Duplicate,Byte-identical to preferred source COU-b6109337b183,,
COU-b4a7cb4b1493,Motor Control,학부 과제 및 프로젝트/전동기제어/전동기 프로젝트/Project2025.pdf::page-6::I26.jpg,442,70,24,EXACT-0230,COU-b4a7cb4b1493,Exact Duplicate,Byte-identical to preferred source COU-b4a7cb4b1493,,
COU-ca01ed4d8f65,Motor Control,학부 과제 및 프로젝트/전동기제어/전동기 프로젝트/aim3 결과.png,1401,590,30,EXACT-0221,COU-ca01ed4d8f65,Exact Duplicate,Byte-identical to preferred source COU-ca01ed4d8f65,,electrical-engineering-coursework-portfolio:03_motor_control/dc_motor_pi_control/figures/archive/field_weakening_archive.png; electrical-engineering-coursework-portfolio:docs/assets/archive/motor/field_weakening_archive.png
COU-37997c252bb8,Motor Control,학부 과제 및 프로젝트/전동기제어/전동기 프로젝트/속도응답.png,1400,589,29,EXACT-0222,COU-37997c252bb8,Exact Duplicate,Byte-identical to preferred source COU-37997c252bb8,,electrical-engineering-coursework-portfolio:03_motor_control/dc_motor_pi_control/figures/archive/speed_response_psim_archive.png; electrical-engineering-coursework-portfolio:docs/assets/motor/speed_response_psim_archive.png; electrical-engineering-coursework-portfolio:docs/assets/archive/motor/speed_response_psim_archive.png
COU-de22f62939c6,Motor Control,학부 과제 및 프로젝트/전동기제어/전동기 프로젝트/속도응답matlab.png,1731,830,32,EXACT-0223,COU-de22f62939c6,Exact Duplicate,Byte-identical to preferred source COU-de22f62939c6,,electrical-engineering-coursework-portfolio:03_motor_control/dc_motor_pi_control/figures/archive/speed_response_matlab_archive.png; electrical-engineering-coursework-portfolio:docs/assets/archive/motor/speed_response_matlab_archive.png
COU-7f53692b82f4,Motor Control,학부 과제 및 프로젝트/전동기제어/전동기 프로젝트/전류응답.png,1404,595,29,EXACT-0224,COU-7f53692b82f4,Exact Duplicate,Byte-identical to preferred source COU-7f53692b82f4,,electrical-engineering-coursework-portfolio:03_motor_control/dc_motor_pi_control/figures/archive/current_response_psim_archive.png; electrical-engineering-coursework-portfolio:docs/assets/motor/current_response_psim_archive.png; electrical-engineering-coursework-portfolio:docs/assets/archive/motor/current_response_psim_archive.png
COU-44379583071a,Motor Control,학부 과제 및 프로젝트/전동기제어/전동기 프로젝트/전류응답matlab.png,1648,820,32,EXACT-0225,COU-44379583071a,Exact Duplicate,Byte-identical to preferred source COU-44379583071a,,electrical-engineering-coursework-portfolio:03_motor_control/dc_motor_pi_control/figures/archive/current_response_matlab_archive.png; electrical-engineering-coursework-portfolio:docs/assets/archive/motor/current_response_matlab_archive.png
COU-7bf4735131a7,Motor Control,학부 과제 및 프로젝트/전동기제어/전동기 프로젝트/토크리플 10000.png,1897,886,31,EXACT-0226,COU-7bf4735131a7,Exact Duplicate,Byte-identical to preferred source COU-7bf4735131a7,,electrical-engineering-coursework-portfolio:03_motor_control/dc_motor_pi_control/figures/archive/torque_ripple_10khz_archive.png; electrical-engineering-coursework-portfolio:docs/assets/motor/torque_ripple_10khz_archive.png; electrical-engineering-coursework-portfolio:docs/assets/archive/motor/torque_ripple_10khz_archive.png
COU-f474e2106b70,Motor Control,학부 과제 및 프로젝트/전동기제어/전동기 프로젝트/토크리플 25000.png,1899,889,31,EXACT-0227,COU-f474e2106b70,Exact Duplicate,Byte-identical to preferred source COU-f474e2106b70,,electrical-engineering-coursework-portfolio:03_motor_control/dc_motor_pi_control/figures/archive/torque_ripple_25khz_archive.png; electrical-engineering-coursework-portfolio:docs/assets/archive/motor/torque_ripple_25khz_archive.png
COU-6dc4f0b86f13,Motor Control,학부 과제 및 프로젝트/전동기제어/전동기 프로젝트/프정격조건 속도 그래.png,1401,579,29,EXACT-0228,COU-6dc4f0b86f13,Exact Duplicate,Byte-identical to preferred source COU-6dc4f0b86f13,,electrical-engineering-coursework-portfolio:03_motor_control/dc_motor_pi_control/figures/archive/reference_speed_profile_archive.png; electrical-engineering-coursework-portfolio:docs/assets/archive/motor/reference_speed_profile_archive.png
COU-f3f295981cf2,Motor Control,학부 과제 및 프로젝트/전동기제어/전동기 프로젝트/회로도.png,1041,630,31,EXACT-0229,COU-f3f295981cf2,Exact Duplicate,Byte-identical to preferred source COU-f3f295981cf2,,electrical-engineering-coursework-portfolio:03_motor_control/dc_motor_pi_control/figures/archive/psim_circuit_archive.png; electrical-engineering-coursework-portfolio:docs/assets/motor/psim_circuit_archive.png; electrical-engineering-coursework-portfolio:docs/assets/archive/motor/psim_circuit_archive.png
COU-b1e884f43857,Power Systems,학부 과제 및 프로젝트/전력시스템공학/사진/서지임피던스 계산 및 프로그램 실행_[student-id-redacted]_류형록.hwpx::BinData/image1.png,1124,607,25,EXACT-0237,COU-b1e884f43857,Publicly Withheld,"Lower-value, incomplete, redundant-context, or unverified visual",,
COU-7c4e02d933c6,Power Systems,학부 과제 및 프로젝트/전력시스템공학/사진/서지임피던스 계산 및 프로그램 실행_[student-id-redacted]_류형록.hwpx::BinData/image10.png,1968,590,25,EXACT-0246,COU-7c4e02d933c6,Publicly Withheld,"Lower-value, incomplete, redundant-context, or unverified visual",,
COU-a0caa74df151,Power Systems,학부 과제 및 프로젝트/전력시스템공학/사진/서지임피던스 계산 및 프로그램 실행_[student-id-redacted]_류형록.hwpx::BinData/image11.png,1315,543,24,EXACT-0247,COU-a0caa74df151,Publicly Withheld,"Lower-value, incomplete, redundant-context, or unverified visual",,
COU-ced7ffe0c560,Power Systems,학부 과제 및 프로젝트/전력시스템공학/사진/서지임피던스 계산 및 프로그램 실행_[student-id-redacted]_류형록.hwpx::BinData/image12.png,1134,433,24,EXACT-0248,COU-ced7ffe0c560,Publicly Withheld,"Lower-value, incomplete, redundant-context, or unverified visual",,
COU-58de558814f8,Power Systems,학부 과제 및 프로젝트/전력시스템공학/사진/서지임피던스 계산 및 프로그램 실행_[student-id-redacted]_류형록.hwpx::BinData/image13.png,1426,561,24,EXACT-0249,COU-58de558814f8,Publicly Withheld,"Lower-value, incomplete, redundant-context, or unverified visual",,
COU-83cd2177a0d9,Power Systems,학부 과제 및 프로젝트/전력시스템공학/사진/서지임피던스 계산 및 프로그램 실행_[student-id-redacted]_류형록.hwpx::BinData/image14.png,1968,590,25,EXACT-0250,COU-83cd2177a0d9,Publicly Withheld,"Lower-value, incomplete, redundant-context, or unverified visual",,
COU-f3e0acca7daf,Power Systems,학부 과제 및 프로젝트/전력시스템공학/사진/서지임피던스 계산 및 프로그램 실행_[student-id-redacted]_류형록.hwpx::BinData/image15.png,1282,475,24,EXACT-0251,COU-f3e0acca7daf,Publicly Withheld,"Lower-value, incomplete, redundant-context, or unverified visual",,
COU-aa8ecaa8da61,Power Systems,학부 과제 및 프로젝트/전력시스템공학/사진/서지임피던스 계산 및 프로그램 실행_[student-id-redacted]_류형록.hwpx::BinData/image16.png,1206,574,24,EXACT-0252,COU-aa8ecaa8da61,Publicly Withheld,"Lower-value, incomplete, redundant-context, or unverified visual",,
COU-109777d330bb,Power Systems,학부 과제 및 프로젝트/전력시스템공학/사진/서지임피던스 계산 및 프로그램 실행_[student-id-redacted]_류형록.hwpx::BinData/image17.png,1246,442,24,EXACT-0253,COU-109777d330bb,Publicly Withheld,"Lower-value, incomplete, redundant-context, or unverified visual",,
COU-2bcb9d472d54,Power Systems,학부 과제 및 프로젝트/전력시스템공학/사진/서지임피던스 계산 및 프로그램 실행_[student-id-redacted]_류형록.hwpx::BinData/image2.png,873,524,24,EXACT-0238,COU-2bcb9d472d54,Publicly Withheld,"Lower-value, incomplete, redundant-context, or unverified visual",,
COU-e416ce036e4f,Power Systems,학부 과제 및 프로젝트/전력시스템공학/사진/서지임피던스 계산 및 프로그램 실행_[student-id-redacted]_류형록.hwpx::BinData/image3.png,882,542,24,EXACT-0239,COU-e416ce036e4f,Publicly Withheld,"Lower-value, incomplete, redundant-context, or unverified visual",,
COU-f021bfb2216e,Power Systems,학부 과제 및 프로젝트/전력시스템공학/사진/서지임피던스 계산 및 프로그램 실행_[student-id-redacted]_류형록.hwpx::BinData/image4.png,968,536,24,EXACT-0240,COU-f021bfb2216e,Publicly Withheld,"Lower-value, incomplete, redundant-context, or unverified visual",,
COU-e3c6e45193b6,Power Systems,학부 과제 및 프로젝트/전력시스템공학/사진/서지임피던스 계산 및 프로그램 실행_[student-id-redacted]_류형록.hwpx::BinData/image5.png,981,529,24,EXACT-0241,COU-e3c6e45193b6,Published,Near-identical public derivative already in use,,electrical-engineering-coursework-portfolio:docs/gallery/power-systems/powerworld-overload-contingency.png
COU-88155b7f0236,Power Systems,학부 과제 및 프로젝트/전력시스템공학/사진/서지임피던스 계산 및 프로그램 실행_[student-id-redacted]_류형록.hwpx::BinData/image6.png,988,536,24,EXACT-0242,COU-88155b7f0236,Publicly Withheld,"Lower-value, incomplete, redundant-context, or unverified visual",,
COU-47d12e716200,Power Systems,학부 과제 및 프로젝트/전력시스템공학/사진/서지임피던스 계산 및 프로그램 실행_[student-id-redacted]_류형록.hwpx::BinData/image7.png,990,712,25,EXACT-0243,COU-47d12e716200,Publicly Withheld,"Lower-value, incomplete, redundant-context, or unverified visual",,
COU-08d40d7e2cb4,Power Systems,학부 과제 및 프로젝트/전력시스템공학/사진/서지임피던스 계산 및 프로그램 실행_[student-id-redacted]_류형록.hwpx::BinData/image8.png,982,652,25,EXACT-0244,COU-08d40d7e2cb4,Publicly Withheld,"Lower-value, incomplete, redundant-context, or unverified visual",,
COU-1a7cb0d66359,Power Systems,학부 과제 및 프로젝트/전력시스템공학/사진/서지임피던스 계산 및 프로그램 실행_[student-id-redacted]_류형록.hwpx::BinData/image9.png,1300,523,24,EXACT-0245,COU-1a7cb0d66359,Publicly Withheld,"Lower-value, incomplete, redundant-context, or unverified visual",,
COU-65e2214fb62a,Power Systems,학부 과제 및 프로젝트/전력시스템공학/사진/서지임피던스 계산 및 프로그램 실행_[student-id-redacted]_류형록.pdf::page-10::Im15.jpg,1282,475,24,EXACT-0268,COU-65e2214fb62a,Publicly Withheld,"Lower-value, incomplete, redundant-context, or unverified visual",,
COU-afe1b06119b5,Power Systems,학부 과제 및 프로젝트/전력시스템공학/사진/서지임피던스 계산 및 프로그램 실행_[student-id-redacted]_류형록.pdf::page-10::Im16.jpg,1206,574,24,EXACT-0269,COU-afe1b06119b5,Publicly Withheld,"Lower-value, incomplete, redundant-context, or unverified visual",,
COU-49adf95a21d2,Power Systems,학부 과제 및 프로젝트/전력시스템공학/사진/서지임피던스 계산 및 프로그램 실행_[student-id-redacted]_류형록.pdf::page-10::Im17.jpg,1246,442,24,EXACT-0270,COU-49adf95a21d2,Publicly Withheld,"Lower-value, incomplete, redundant-context, or unverified visual",,
COU-a5df7b40c38c,Power Systems,학부 과제 및 프로젝트/전력시스템공학/사진/서지임피던스 계산 및 프로그램 실행_[student-id-redacted]_류형록.pdf::page-3::Im1.jpg,1124,607,25,EXACT-0254,COU-a5df7b40c38c,Publicly Withheld,"Lower-value, incomplete, redundant-context, or unverified visual",,
COU-0dc4b115da7b,Power Systems,학부 과제 및 프로젝트/전력시스템공학/사진/서지임피던스 계산 및 프로그램 실행_[student-id-redacted]_류형록.pdf::page-4::Im2.jpg,873,524,24,EXACT-0255,COU-0dc4b115da7b,Publicly Withheld,"Lower-value, incomplete, redundant-context, or unverified visual",,
COU-4e7cee6e32a0,Power Systems,학부 과제 및 프로젝트/전력시스템공학/사진/서지임피던스 계산 및 프로그램 실행_[student-id-redacted]_류형록.pdf::page-4::Im3.jpg,882,542,24,EXACT-0256,COU-4e7cee6e32a0,Publicly Withheld,"Lower-value, incomplete, redundant-context, or unverified visual",,
COU-955a9649bf09,Power Systems,학부 과제 및 프로젝트/전력시스템공학/사진/서지임피던스 계산 및 프로그램 실행_[student-id-redacted]_류형록.pdf::page-5::Im4.jpg,968,536,24,EXACT-0257,COU-955a9649bf09,Publicly Withheld,"Lower-value, incomplete, redundant-context, or unverified visual",,
COU-2fe70c186480,Power Systems,학부 과제 및 프로젝트/전력시스템공학/사진/서지임피던스 계산 및 프로그램 실행_[student-id-redacted]_류형록.pdf::page-5::Im5.jpg,981,529,24,EXACT-0258,COU-2fe70c186480,Publicly Withheld,"Lower-value, incomplete, redundant-context, or unverified visual",,
COU-0f4f6a7dfef6,Power Systems,학부 과제 및 프로젝트/전력시스템공학/사진/서지임피던스 계산 및 프로그램 실행_[student-id-redacted]_류형록.pdf::page-6::Im6.jpg,988,536,24,EXACT-0259,COU-0f4f6a7dfef6,Publicly Withheld,"Lower-value, incomplete, redundant-context, or unverified visual",,
COU-840ee1a40233,Power Systems,학부 과제 및 프로젝트/전력시스템공학/사진/서지임피던스 계산 및 프로그램 실행_[student-id-redacted]_류형록.pdf::page-7::Im7.jpg,990,712,25,EXACT-0260,COU-840ee1a40233,Publicly Withheld,"Lower-value, incomplete, redundant-context, or unverified visual",,
COU-ff1801413552,Power Systems,학부 과제 및 프로젝트/전력시스템공학/사진/서지임피던스 계산 및 프로그램 실행_[student-id-redacted]_류형록.pdf::page-7::Im8.jpg,982,652,25,EXACT-0261,COU-ff1801413552,Publicly Withheld,"Lower-value, incomplete, redundant-context, or unverified visual",,
COU-b625e4c76433,Power Systems,학부 과제 및 프로젝트/전력시스템공학/사진/서지임피던스 계산 및 프로그램 실행_[student-id-redacted]_류형록.pdf::page-9::Im10.jpg,1369,612,25,EXACT-0262,COU-b625e4c76433,Publicly Withheld,"Lower-value, incomplete, redundant-context, or unverified visual",,
COU-d06b2af550a8,Power Systems,학부 과제 및 프로젝트/전력시스템공학/사진/서지임피던스 계산 및 프로그램 실행_[student-id-redacted]_류형록.pdf::page-9::Im11.jpg,1315,543,24,EXACT-0263,COU-d06b2af550a8,Publicly Withheld,"Lower-value, incomplete, redundant-context, or unverified visual",,
COU-dd884bf5001c,Power Systems,학부 과제 및 프로젝트/전력시스템공학/사진/서지임피던스 계산 및 프로그램 실행_[student-id-redacted]_류형록.pdf::page-9::Im12.jpg,1134,433,24,EXACT-0264,COU-dd884bf5001c,Publicly Withheld,"Lower-value, incomplete, redundant-context, or unverified visual",,
COU-56aadb668caf,Power Systems,학부 과제 및 프로젝트/전력시스템공학/사진/서지임피던스 계산 및 프로그램 실행_[student-id-redacted]_류형록.pdf::page-9::Im13.jpg,1426,561,24,EXACT-0265,COU-56aadb668caf,Publicly Withheld,"Lower-value, incomplete, redundant-context, or unverified visual",,
COU-a7321a5db4dc,Power Systems,학부 과제 및 프로젝트/전력시스템공학/사진/서지임피던스 계산 및 프로그램 실행_[student-id-redacted]_류형록.pdf::page-9::Im14.jpg,1372,678,25,EXACT-0266,COU-a7321a5db4dc,Publicly Withheld,"Lower-value, incomplete, redundant-context, or unverified visual",,
COU-c2bbc43cca99,Power Systems,학부 과제 및 프로젝트/전력시스템공학/사진/서지임피던스 계산 및 프로그램 실행_[student-id-redacted]_류형록.pdf::page-9::Im9.jpg,1300,523,24,EXACT-0267,COU-c2bbc43cca99,Publicly Withheld,"Lower-value, incomplete, redundant-context, or unverified visual",,
COU-7ed8f0f4a2ac,Power Systems,학부 과제 및 프로젝트/전력시스템공학/사진/전력시스템공학__서지임피던스 계산 및 프로그램 실행 보고서_32210488_김동혁.pdf::page-1::Im1.jpg,358,273,22,EXACT-0271,COU-7ed8f0f4a2ac,Publicly Withheld,"Lower-value, incomplete, redundant-context, or unverified visual",,
COU-68b8ada3099b,Power Systems,학부 과제 및 프로젝트/전력시스템공학/사진/전력시스템공학__서지임피던스 계산 및 프로그램 실행 보고서_32210488_김동혁.pdf::page-3::Im2.jpg,1961,1091,28,EXACT-0272,COU-68b8ada3099b,Publicly Withheld,"Lower-value, incomplete, redundant-context, or unverified visual",,
COU-cf090760f49a,Power Systems,학부 과제 및 프로젝트/전력시스템공학/사진/전력시스템공학__서지임피던스 계산 및 프로그램 실행 보고서_32210488_김동혁.pdf::page-4::Im3.jpg,1927,1068,28,EXACT-0273,COU-cf090760f49a,Publicly Withheld,"Lower-value, incomplete, redundant-context, or unverified visual",,
COU-11d084dff50b,Power Systems,학부 과제 및 프로젝트/전력시스템공학/사진/전력시스템공학__서지임피던스 계산 및 프로그램 실행 보고서_32210488_김동혁.pdf::page-4::Im4.jpg,1978,1072,28,EXACT-0274,COU-11d084dff50b,Publicly Withheld,"Lower-value, incomplete, redundant-context, or unverified visual",,
COU-bd791de1bdb3,Power Systems,학부 과제 및 프로젝트/전력시스템공학/사진/전력시스템공학__서지임피던스 계산 및 프로그램 실행 보고서_32210488_김동혁.pdf::page-5::Im5.jpg,1963,1044,28,EXACT-0275,COU-bd791de1bdb3,Publicly Withheld,"Lower-value, incomplete, redundant-context, or unverified visual",,
COU-7358e03f9c97,Power Systems,학부 과제 및 프로젝트/전력시스템공학/사진/전력시스템공학__서지임피던스 계산 및 프로그램 실행 보고서_32210488_김동혁.pdf::page-5::Im6.jpg,2223,1146,28,EXACT-0276,COU-7358e03f9c97,Publicly Withheld,"Lower-value, incomplete, redundant-context, or unverified visual",,
COU-847b38a2a55c,Power Systems,학부 과제 및 프로젝트/전력시스템공학/사진/전력시스템공학__서지임피던스 계산 및 프로그램 실행 보고서_32210488_김동혁.pdf::page-6::Im7.jpg,2176,1139,28,EXACT-0277,COU-847b38a2a55c,Publicly Withheld,"Lower-value, incomplete, redundant-context, or unverified visual",,
COU-3159bd2e14a5,Power Systems,학부 과제 및 프로젝트/전력시스템공학/사진/전력시스템공학__서지임피던스 계산 및 프로그램 실행 보고서_32210488_김동혁.pdf::page-7::Im8.jpg,620,721,25,EXACT-0278,COU-3159bd2e14a5,Publicly Withheld,"Lower-value, incomplete, redundant-context, or unverified visual",,
COU-9048462e4e28,Power Systems,학부 과제 및 프로젝트/전력시스템공학/사진/전력시스템공학__서지임피던스 계산 및 프로그램 실행 보고서_32210488_김동혁.pdf::page-7::Im9.jpg,647,698,25,EXACT-0279,COU-9048462e4e28,Publicly Withheld,"Lower-value, incomplete, redundant-context, or unverified visual",,
COU-bca65ff8c3d0,Power Systems,학부 과제 및 프로젝트/전력시스템공학/사진/전력시스템공학__서지임피던스 계산 및 프로그램 실행 보고서_32210488_김동혁.pdf::page-8::Im10.jpg,1734,445,24,EXACT-0280,COU-bca65ff8c3d0,Publicly Withheld,"Lower-value, incomplete, redundant-context, or unverified visual",,
COU-6270036de052,Power Systems,학부 과제 및 프로젝트/전력시스템공학/사진/전력시스템공학__서지임피던스 계산 및 프로그램 실행 보고서_32210488_김동혁.pdf::page-8::Im11.jpg,822,157,21,EXACT-0281,COU-6270036de052,Publicly Withheld,"Lower-value, incomplete, redundant-context, or unverified visual",,
COU-3144419ddf86,Power Systems,학부 과제 및 프로젝트/전력시스템공학/사진/전력시스템공학__서지임피던스 계산 및 프로그램 실행 보고서_32210488_김동혁.pdf::page-8::Im12.jpg,838,105,21,EXACT-0282,COU-3144419ddf86,Publicly Withheld,"Lower-value, incomplete, redundant-context, or unverified visual",,
COU-4b8b011ac88f,Power Systems,학부 과제 및 프로젝트/전력시스템공학/사진/전력시스템공학__서지임피던스 계산 및 프로그램 실행 보고서_32210488_김동혁.pdf::page-8::Im13.jpg,268,84,21,EXACT-0283,COU-4b8b011ac88f,Publicly Withheld,"Lower-value, incomplete, redundant-context, or unverified visual",,
COU-e66d58506eba,Power Systems,학부 과제 및 프로젝트/전력시스템공학/사진/전력시스템공학__서지임피던스 계산 및 프로그램 실행 보고서_32210488_김동혁.pdf::page-8::Im14.jpg,237,76,21,EXACT-0284,COU-e66d58506eba,Publicly Withheld,"Lower-value, incomplete, redundant-context, or unverified visual",,
COU-3b8e985a3eb8,Power Systems,학부 과제 및 프로젝트/전력시스템공학/사진/전력시스템공학__서지임피던스 계산 및 프로그램 실행 보고서_32210488_김동혁.pdf::page-8::Im15.jpg,266,79,21,EXACT-0285,COU-3b8e985a3eb8,Publicly Withheld,"Lower-value, incomplete, redundant-context, or unverified visual",,
COU-e5f52bf8fc70,Power Systems,학부 과제 및 프로젝트/전력시스템공학/사진/전력시스템공학__서지임피던스 계산 및 프로그램 실행 보고서_32210488_김동혁.pdf::page-8::Im16.jpg,242,80,21,EXACT-0286,COU-e5f52bf8fc70,Publicly Withheld,"Lower-value, incomplete, redundant-context, or unverified visual",,
COU-d4c67804ea56,Power Systems,학부 과제 및 프로젝트/전력시스템공학/사진/전력시스템공학__서지임피던스 계산 및 프로그램 실행 보고서_32210488_김동혁.pdf::page-8::Im17.jpg,815,112,21,EXACT-0287,COU-d4c67804ea56,Publicly Withheld,"Lower-value, incomplete, redundant-context, or unverified visual",,
COU-44f7f420fbc6,Power Systems,학부 과제 및 프로젝트/전력시스템공학/사진/전력시스템공학__서지임피던스 계산 및 프로그램 실행 보고서_32210488_김동혁.pdf::page-9::Im18.jpg,508,836,24,EXACT-0288,COU-44f7f420fbc6,Publicly Withheld,"Lower-value, incomplete, redundant-context, or unverified visual",,
COU-cdf4e05fd755,Power Systems,학부 과제 및 프로젝트/전력시스템공학/사진/전력시스템공학__서지임피던스 계산 및 프로그램 실행 보고서_32210488_김동혁.pdf::page-9::Im19.jpg,1050,828,25,EXACT-0289,COU-cdf4e05fd755,Publicly Withheld,"Lower-value, incomplete, redundant-context, or unverified visual",,
COU-65e2214fb62a,Power Systems,학부 과제 및 프로젝트/전력시스템공학/중간과제/[student-id-redacted]_류형록/서지임피던스 계산 및 프로그램 실행_[student-id-redacted]_류형록.pdf::page-10::Im15.jpg,1282,475,24,EXACT-0268,COU-65e2214fb62a,Exact Duplicate,Byte-identical to preferred source COU-65e2214fb62a,,
COU-afe1b06119b5,Power Systems,학부 과제 및 프로젝트/전력시스템공학/중간과제/[student-id-redacted]_류형록/서지임피던스 계산 및 프로그램 실행_[student-id-redacted]_류형록.pdf::page-10::Im16.jpg,1206,574,24,EXACT-0269,COU-afe1b06119b5,Exact Duplicate,Byte-identical to preferred source COU-afe1b06119b5,,
COU-49adf95a21d2,Power Systems,학부 과제 및 프로젝트/전력시스템공학/중간과제/[student-id-redacted]_류형록/서지임피던스 계산 및 프로그램 실행_[student-id-redacted]_류형록.pdf::page-10::Im17.jpg,1246,442,24,EXACT-0270,COU-49adf95a21d2,Exact Duplicate,Byte-identical to preferred source COU-49adf95a21d2,,
COU-a5df7b40c38c,Power Systems,학부 과제 및 프로젝트/전력시스템공학/중간과제/[student-id-redacted]_류형록/서지임피던스 계산 및 프로그램 실행_[student-id-redacted]_류형록.pdf::page-3::Im1.jpg,1124,607,25,EXACT-0254,COU-a5df7b40c38c,Exact Duplicate,Byte-identical to preferred source COU-a5df7b40c38c,,
COU-0dc4b115da7b,Power Systems,학부 과제 및 프로젝트/전력시스템공학/중간과제/[student-id-redacted]_류형록/서지임피던스 계산 및 프로그램 실행_[student-id-redacted]_류형록.pdf::page-4::Im2.jpg,873,524,24,EXACT-0255,COU-0dc4b115da7b,Exact Duplicate,Byte-identical to preferred source COU-0dc4b115da7b,,
COU-4e7cee6e32a0,Power Systems,학부 과제 및 프로젝트/전력시스템공학/중간과제/[student-id-redacted]_류형록/서지임피던스 계산 및 프로그램 실행_[student-id-redacted]_류형록.pdf::page-4::Im3.jpg,882,542,24,EXACT-0256,COU-4e7cee6e32a0,Exact Duplicate,Byte-identical to preferred source COU-4e7cee6e32a0,,
COU-955a9649bf09,Power Systems,학부 과제 및 프로젝트/전력시스템공학/중간과제/[student-id-redacted]_류형록/서지임피던스 계산 및 프로그램 실행_[student-id-redacted]_류형록.pdf::page-5::Im4.jpg,968,536,24,EXACT-0257,COU-955a9649bf09,Exact Duplicate,Byte-identical to preferred source COU-955a9649bf09,,
COU-2fe70c186480,Power Systems,학부 과제 및 프로젝트/전력시스템공학/중간과제/[student-id-redacted]_류형록/서지임피던스 계산 및 프로그램 실행_[student-id-redacted]_류형록.pdf::page-5::Im5.jpg,981,529,24,EXACT-0258,COU-2fe70c186480,Exact Duplicate,Byte-identical to preferred source COU-2fe70c186480,,
COU-0f4f6a7dfef6,Power Systems,학부 과제 및 프로젝트/전력시스템공학/중간과제/[student-id-redacted]_류형록/서지임피던스 계산 및 프로그램 실행_[student-id-redacted]_류형록.pdf::page-6::Im6.jpg,988,536,24,EXACT-0259,COU-0f4f6a7dfef6,Exact Duplicate,Byte-identical to preferred source COU-0f4f6a7dfef6,,
COU-840ee1a40233,Power Systems,학부 과제 및 프로젝트/전력시스템공학/중간과제/[student-id-redacted]_류형록/서지임피던스 계산 및 프로그램 실행_[student-id-redacted]_류형록.pdf::page-7::Im7.jpg,990,712,25,EXACT-0260,COU-840ee1a40233,Exact Duplicate,Byte-identical to preferred source COU-840ee1a40233,,
COU-ff1801413552,Power Systems,학부 과제 및 프로젝트/전력시스템공학/중간과제/[student-id-redacted]_류형록/서지임피던스 계산 및 프로그램 실행_[student-id-redacted]_류형록.pdf::page-7::Im8.jpg,982,652,25,EXACT-0261,COU-ff1801413552,Exact Duplicate,Byte-identical to preferred source COU-ff1801413552,,
COU-b625e4c76433,Power Systems,학부 과제 및 프로젝트/전력시스템공학/중간과제/[student-id-redacted]_류형록/서지임피던스 계산 및 프로그램 실행_[student-id-redacted]_류형록.pdf::page-9::Im10.jpg,1369,612,25,EXACT-0262,COU-b625e4c76433,Exact Duplicate,Byte-identical to preferred source COU-b625e4c76433,,
COU-d06b2af550a8,Power Systems,학부 과제 및 프로젝트/전력시스템공학/중간과제/[student-id-redacted]_류형록/서지임피던스 계산 및 프로그램 실행_[student-id-redacted]_류형록.pdf::page-9::Im11.jpg,1315,543,24,EXACT-0263,COU-d06b2af550a8,Exact Duplicate,Byte-identical to preferred source COU-d06b2af550a8,,
COU-dd884bf5001c,Power Systems,학부 과제 및 프로젝트/전력시스템공학/중간과제/[student-id-redacted]_류형록/서지임피던스 계산 및 프로그램 실행_[student-id-redacted]_류형록.pdf::page-9::Im12.jpg,1134,433,24,EXACT-0264,COU-dd884bf5001c,Exact Duplicate,Byte-identical to preferred source COU-dd884bf5001c,,
COU-56aadb668caf,Power Systems,학부 과제 및 프로젝트/전력시스템공학/중간과제/[student-id-redacted]_류형록/서지임피던스 계산 및 프로그램 실행_[student-id-redacted]_류형록.pdf::page-9::Im13.jpg,1426,561,24,EXACT-0265,COU-56aadb668caf,Exact Duplicate,Byte-identical to preferred source COU-56aadb668caf,,
COU-a7321a5db4dc,Power Systems,학부 과제 및 프로젝트/전력시스템공학/중간과제/[student-id-redacted]_류형록/서지임피던스 계산 및 프로그램 실행_[student-id-redacted]_류형록.pdf::page-9::Im14.jpg,1372,678,25,EXACT-0266,COU-a7321a5db4dc,Exact Duplicate,Byte-identical to preferred source COU-a7321a5db4dc,,
COU-c2bbc43cca99,Power Systems,학부 과제 및 프로젝트/전력시스템공학/중간과제/[student-id-redacted]_류형록/서지임피던스 계산 및 프로그램 실행_[student-id-redacted]_류형록.pdf::page-9::Im9.jpg,1300,523,24,EXACT-0267,COU-c2bbc43cca99,Exact Duplicate,Byte-identical to preferred source COU-c2bbc43cca99,,
COU-19a3f86ec91e,Power Systems,학부 과제 및 프로젝트/전력시스템공학/중간과제/7과제6.png,1206,574,29,,,Publicly Withheld,"Lower-value, incomplete, redundant-context, or unverified visual",,
COU-1e994703c1e7,Power Systems,학부 과제 및 프로젝트/전력시스템공학/중간과제/newsample1.png,990,712,30,,,Publicly Withheld,"Lower-value, incomplete, redundant-context, or unverified visual",,
COU-cac1beaa5f0f,Power Systems,학부 과제 및 프로젝트/전력시스템공학/중간과제/newsample2.png,982,652,30,,,Publicly Withheld,"Lower-value, incomplete, redundant-context, or unverified visual",,
COU-86611360e139,Power Systems,학부 과제 및 프로젝트/전력시스템공학/중간과제/sample.png,883,520,29,,,Published,Near-identical public derivative already in use,,electrical-engineering-coursework-portfolio:docs/gallery/power-systems/powerworld-baseline-case.png
COU-779f13c7217b,Power Systems,학부 과제 및 프로젝트/전력시스템공학/중간과제/sample1.png,873,524,29,,,Publicly Withheld,"Lower-value, incomplete, redundant-context, or unverified visual",,
COU-68892e42004e,Power Systems,학부 과제 및 프로젝트/전력시스템공학/중간과제/sample2.png,882,542,29,,,Publicly Withheld,"Lower-value, incomplete, redundant-context, or unverified visual",,
COU-61d3639b4bed,Power Systems,학부 과제 및 프로젝트/전력시스템공학/중간과제/sample3.png,968,536,29,,,Publicly Withheld,"Lower-value, incomplete, redundant-context, or unverified visual",,
COU-6867edc9efa3,Power Systems,학부 과제 및 프로젝트/전력시스템공학/중간과제/sample4.png,981,529,29,,,Published,Near-identical public derivative already in use,,electrical-engineering-coursework-portfolio:docs/gallery/power-systems/powerworld-overload-contingency.png
COU-1401dc8ba49a,Power Systems,학부 과제 및 프로젝트/전력시스템공학/중간과제/sample5.png,988,536,29,,,Publicly Withheld,"Lower-value, incomplete, redundant-context, or unverified visual",,
COU-499d5bf29bf8,Power Systems,학부 과제 및 프로젝트/전력시스템공학/중간과제/과제 2400 강하.png,1134,433,29,,,Publicly Withheld,"Lower-value, incomplete, redundant-context, or unverified visual",,
COU-458b39e1089e,Power Systems,학부 과제 및 프로젝트/전력시스템공학/중간과제/과제1.png,1300,523,29,,,Publicly Withheld,"Lower-value, incomplete, redundant-context, or unverified visual",,
COU-4f0a11bae0ae,Power Systems,학부 과제 및 프로젝트/전력시스템공학/중간과제/과제2.png,1369,612,30,,,Publicly Withheld,"Lower-value, incomplete, redundant-context, or unverified visual",,
COU-9bbfd6aea7be,Power Systems,학부 과제 및 프로젝트/전력시스템공학/중간과제/과제3.png,1315,543,29,,,Publicly Withheld,"Lower-value, incomplete, redundant-context, or unverified visual",,
COU-474e5e073f76,Power Systems,학부 과제 및 프로젝트/전력시스템공학/중간과제/과제4.png,1426,561,29,,,Publicly Withheld,"Lower-value, incomplete, redundant-context, or unverified visual",,
COU-41abbe6d0024,Power Systems,학부 과제 및 프로젝트/전력시스템공학/중간과제/과제5.png,1372,678,30,,,Publicly Withheld,"Lower-value, incomplete, redundant-context, or unverified visual",,
COU-3b211cf9029b,Power Systems,학부 과제 및 프로젝트/전력시스템공학/중간과제/과제6.png,1282,475,29,,,Publicly Withheld,"Lower-value, incomplete, redundant-context, or unverified visual",,
COU-ebc17630a638,Power Systems,학부 과제 및 프로젝트/전력시스템공학/중간과제/과제7.png,1246,442,29,,,Publicly Withheld,"Lower-value, incomplete, redundant-context, or unverified visual",,
COU-b1e884f43857,Power Systems,학부 과제 및 프로젝트/전력시스템공학/중간과제/서지임피던스 계산 및 프로그램 실행_[student-id-redacted]_류형록.hwpx::BinData/image1.png,1124,607,25,EXACT-0237,COU-b1e884f43857,Exact Duplicate,Byte-identical to preferred source COU-b1e884f43857,,
COU-7c4e02d933c6,Power Systems,학부 과제 및 프로젝트/전력시스템공학/중간과제/서지임피던스 계산 및 프로그램 실행_[student-id-redacted]_류형록.hwpx::BinData/image10.png,1968,590,25,EXACT-0246,COU-7c4e02d933c6,Exact Duplicate,Byte-identical to preferred source COU-7c4e02d933c6,,
COU-a0caa74df151,Power Systems,학부 과제 및 프로젝트/전력시스템공학/중간과제/서지임피던스 계산 및 프로그램 실행_[student-id-redacted]_류형록.hwpx::BinData/image11.png,1315,543,24,EXACT-0247,COU-a0caa74df151,Exact Duplicate,Byte-identical to preferred source COU-a0caa74df151,,
COU-ced7ffe0c560,Power Systems,학부 과제 및 프로젝트/전력시스템공학/중간과제/서지임피던스 계산 및 프로그램 실행_[student-id-redacted]_류형록.hwpx::BinData/image12.png,1134,433,24,EXACT-0248,COU-ced7ffe0c560,Exact Duplicate,Byte-identical to preferred source COU-ced7ffe0c560,,
COU-58de558814f8,Power Systems,학부 과제 및 프로젝트/전력시스템공학/중간과제/서지임피던스 계산 및 프로그램 실행_[student-id-redacted]_류형록.hwpx::BinData/image13.png,1426,561,24,EXACT-0249,COU-58de558814f8,Exact Duplicate,Byte-identical to preferred source COU-58de558814f8,,
COU-83cd2177a0d9,Power Systems,학부 과제 및 프로젝트/전력시스템공학/중간과제/서지임피던스 계산 및 프로그램 실행_[student-id-redacted]_류형록.hwpx::BinData/image14.png,1968,590,25,EXACT-0250,COU-83cd2177a0d9,Exact Duplicate,Byte-identical to preferred source COU-83cd2177a0d9,,
COU-f3e0acca7daf,Power Systems,학부 과제 및 프로젝트/전력시스템공학/중간과제/서지임피던스 계산 및 프로그램 실행_[student-id-redacted]_류형록.hwpx::BinData/image15.png,1282,475,24,EXACT-0251,COU-f3e0acca7daf,Exact Duplicate,Byte-identical to preferred source COU-f3e0acca7daf,,
COU-aa8ecaa8da61,Power Systems,학부 과제 및 프로젝트/전력시스템공학/중간과제/서지임피던스 계산 및 프로그램 실행_[student-id-redacted]_류형록.hwpx::BinData/image16.png,1206,574,24,EXACT-0252,COU-aa8ecaa8da61,Exact Duplicate,Byte-identical to preferred source COU-aa8ecaa8da61,,
COU-109777d330bb,Power Systems,학부 과제 및 프로젝트/전력시스템공학/중간과제/서지임피던스 계산 및 프로그램 실행_[student-id-redacted]_류형록.hwpx::BinData/image17.png,1246,442,24,EXACT-0253,COU-109777d330bb,Exact Duplicate,Byte-identical to preferred source COU-109777d330bb,,
COU-2bcb9d472d54,Power Systems,학부 과제 및 프로젝트/전력시스템공학/중간과제/서지임피던스 계산 및 프로그램 실행_[student-id-redacted]_류형록.hwpx::BinData/image2.png,873,524,24,EXACT-0238,COU-2bcb9d472d54,Exact Duplicate,Byte-identical to preferred source COU-2bcb9d472d54,,
COU-e416ce036e4f,Power Systems,학부 과제 및 프로젝트/전력시스템공학/중간과제/서지임피던스 계산 및 프로그램 실행_[student-id-redacted]_류형록.hwpx::BinData/image3.png,882,542,24,EXACT-0239,COU-e416ce036e4f,Exact Duplicate,Byte-identical to preferred source COU-e416ce036e4f,,
COU-f021bfb2216e,Power Systems,학부 과제 및 프로젝트/전력시스템공학/중간과제/서지임피던스 계산 및 프로그램 실행_[student-id-redacted]_류형록.hwpx::BinData/image4.png,968,536,24,EXACT-0240,COU-f021bfb2216e,Exact Duplicate,Byte-identical to preferred source COU-f021bfb2216e,,
COU-e3c6e45193b6,Power Systems,학부 과제 및 프로젝트/전력시스템공학/중간과제/서지임피던스 계산 및 프로그램 실행_[student-id-redacted]_류형록.hwpx::BinData/image5.png,981,529,24,EXACT-0241,COU-e3c6e45193b6,Exact Duplicate,Byte-identical to preferred source COU-e3c6e45193b6,,electrical-engineering-coursework-portfolio:docs/gallery/power-systems/powerworld-overload-contingency.png
COU-88155b7f0236,Power Systems,학부 과제 및 프로젝트/전력시스템공학/중간과제/서지임피던스 계산 및 프로그램 실행_[student-id-redacted]_류형록.hwpx::BinData/image6.png,988,536,24,EXACT-0242,COU-88155b7f0236,Exact Duplicate,Byte-identical to preferred source COU-88155b7f0236,,
COU-47d12e716200,Power Systems,학부 과제 및 프로젝트/전력시스템공학/중간과제/서지임피던스 계산 및 프로그램 실행_[student-id-redacted]_류형록.hwpx::BinData/image7.png,990,712,25,EXACT-0243,COU-47d12e716200,Exact Duplicate,Byte-identical to preferred source COU-47d12e716200,,
COU-08d40d7e2cb4,Power Systems,학부 과제 및 프로젝트/전력시스템공학/중간과제/서지임피던스 계산 및 프로그램 실행_[student-id-redacted]_류형록.hwpx::BinData/image8.png,982,652,25,EXACT-0244,COU-08d40d7e2cb4,Exact Duplicate,Byte-identical to preferred source COU-08d40d7e2cb4,,
COU-1a7cb0d66359,Power Systems,학부 과제 및 프로젝트/전력시스템공학/중간과제/서지임피던스 계산 및 프로그램 실행_[student-id-redacted]_류형록.hwpx::BinData/image9.png,1300,523,24,EXACT-0245,COU-1a7cb0d66359,Exact Duplicate,Byte-identical to preferred source COU-1a7cb0d66359,,
COU-65e2214fb62a,Power Systems,학부 과제 및 프로젝트/전력시스템공학/중간과제/서지임피던스 계산 및 프로그램 실행_[student-id-redacted]_류형록.pdf::page-10::Im15.jpg,1282,475,24,EXACT-0268,COU-65e2214fb62a,Exact Duplicate,Byte-identical to preferred source COU-65e2214fb62a,,
COU-afe1b06119b5,Power Systems,학부 과제 및 프로젝트/전력시스템공학/중간과제/서지임피던스 계산 및 프로그램 실행_[student-id-redacted]_류형록.pdf::page-10::Im16.jpg,1206,574,24,EXACT-0269,COU-afe1b06119b5,Exact Duplicate,Byte-identical to preferred source COU-afe1b06119b5,,
COU-49adf95a21d2,Power Systems,학부 과제 및 프로젝트/전력시스템공학/중간과제/서지임피던스 계산 및 프로그램 실행_[student-id-redacted]_류형록.pdf::page-10::Im17.jpg,1246,442,24,EXACT-0270,COU-49adf95a21d2,Exact Duplicate,Byte-identical to preferred source COU-49adf95a21d2,,
COU-a5df7b40c38c,Power Systems,학부 과제 및 프로젝트/전력시스템공학/중간과제/서지임피던스 계산 및 프로그램 실행_[student-id-redacted]_류형록.pdf::page-3::Im1.jpg,1124,607,25,EXACT-0254,COU-a5df7b40c38c,Exact Duplicate,Byte-identical to preferred source COU-a5df7b40c38c,,
COU-0dc4b115da7b,Power Systems,학부 과제 및 프로젝트/전력시스템공학/중간과제/서지임피던스 계산 및 프로그램 실행_[student-id-redacted]_류형록.pdf::page-4::Im2.jpg,873,524,24,EXACT-0255,COU-0dc4b115da7b,Exact Duplicate,Byte-identical to preferred source COU-0dc4b115da7b,,
COU-4e7cee6e32a0,Power Systems,학부 과제 및 프로젝트/전력시스템공학/중간과제/서지임피던스 계산 및 프로그램 실행_[student-id-redacted]_류형록.pdf::page-4::Im3.jpg,882,542,24,EXACT-0256,COU-4e7cee6e32a0,Exact Duplicate,Byte-identical to preferred source COU-4e7cee6e32a0,,
COU-955a9649bf09,Power Systems,학부 과제 및 프로젝트/전력시스템공학/중간과제/서지임피던스 계산 및 프로그램 실행_[student-id-redacted]_류형록.pdf::page-5::Im4.jpg,968,536,24,EXACT-0257,COU-955a9649bf09,Exact Duplicate,Byte-identical to preferred source COU-955a9649bf09,,
COU-2fe70c186480,Power Systems,학부 과제 및 프로젝트/전력시스템공학/중간과제/서지임피던스 계산 및 프로그램 실행_[student-id-redacted]_류형록.pdf::page-5::Im5.jpg,981,529,24,EXACT-0258,COU-2fe70c186480,Exact Duplicate,Byte-identical to preferred source COU-2fe70c186480,,
COU-0f4f6a7dfef6,Power Systems,학부 과제 및 프로젝트/전력시스템공학/중간과제/서지임피던스 계산 및 프로그램 실행_[student-id-redacted]_류형록.pdf::page-6::Im6.jpg,988,536,24,EXACT-0259,COU-0f4f6a7dfef6,Exact Duplicate,Byte-identical to preferred source COU-0f4f6a7dfef6,,
COU-840ee1a40233,Power Systems,학부 과제 및 프로젝트/전력시스템공학/중간과제/서지임피던스 계산 및 프로그램 실행_[student-id-redacted]_류형록.pdf::page-7::Im7.jpg,990,712,25,EXACT-0260,COU-840ee1a40233,Exact Duplicate,Byte-identical to preferred source COU-840ee1a40233,,
COU-ff1801413552,Power Systems,학부 과제 및 프로젝트/전력시스템공학/중간과제/서지임피던스 계산 및 프로그램 실행_[student-id-redacted]_류형록.pdf::page-7::Im8.jpg,982,652,25,EXACT-0261,COU-ff1801413552,Exact Duplicate,Byte-identical to preferred source COU-ff1801413552,,
COU-b625e4c76433,Power Systems,학부 과제 및 프로젝트/전력시스템공학/중간과제/서지임피던스 계산 및 프로그램 실행_[student-id-redacted]_류형록.pdf::page-9::Im10.jpg,1369,612,25,EXACT-0262,COU-b625e4c76433,Exact Duplicate,Byte-identical to preferred source COU-b625e4c76433,,
COU-d06b2af550a8,Power Systems,학부 과제 및 프로젝트/전력시스템공학/중간과제/서지임피던스 계산 및 프로그램 실행_[student-id-redacted]_류형록.pdf::page-9::Im11.jpg,1315,543,24,EXACT-0263,COU-d06b2af550a8,Exact Duplicate,Byte-identical to preferred source COU-d06b2af550a8,,
COU-dd884bf5001c,Power Systems,학부 과제 및 프로젝트/전력시스템공학/중간과제/서지임피던스 계산 및 프로그램 실행_[student-id-redacted]_류형록.pdf::page-9::Im12.jpg,1134,433,24,EXACT-0264,COU-dd884bf5001c,Exact Duplicate,Byte-identical to preferred source COU-dd884bf5001c,,
COU-56aadb668caf,Power Systems,학부 과제 및 프로젝트/전력시스템공학/중간과제/서지임피던스 계산 및 프로그램 실행_[student-id-redacted]_류형록.pdf::page-9::Im13.jpg,1426,561,24,EXACT-0265,COU-56aadb668caf,Exact Duplicate,Byte-identical to preferred source COU-56aadb668caf,,
COU-a7321a5db4dc,Power Systems,학부 과제 및 프로젝트/전력시스템공학/중간과제/서지임피던스 계산 및 프로그램 실행_[student-id-redacted]_류형록.pdf::page-9::Im14.jpg,1372,678,25,EXACT-0266,COU-a7321a5db4dc,Exact Duplicate,Byte-identical to preferred source COU-a7321a5db4dc,,
COU-c2bbc43cca99,Power Systems,학부 과제 및 프로젝트/전력시스템공학/중간과제/서지임피던스 계산 및 프로그램 실행_[student-id-redacted]_류형록.pdf::page-9::Im9.jpg,1300,523,24,EXACT-0267,COU-c2bbc43cca99,Exact Duplicate,Byte-identical to preferred source COU-c2bbc43cca99,,
COU-7ed8f0f4a2ac,Power Systems,학부 과제 및 프로젝트/전력시스템공학/중간과제/전력시스템공학__서지임피던스 계산 및 프로그램 실행 보고서_32210488_김동혁.pdf::page-1::Im1.jpg,358,273,22,EXACT-0271,COU-7ed8f0f4a2ac,Exact Duplicate,Byte-identical to preferred source COU-7ed8f0f4a2ac,,
COU-68b8ada3099b,Power Systems,학부 과제 및 프로젝트/전력시스템공학/중간과제/전력시스템공학__서지임피던스 계산 및 프로그램 실행 보고서_32210488_김동혁.pdf::page-3::Im2.jpg,1961,1091,28,EXACT-0272,COU-68b8ada3099b,Exact Duplicate,Byte-identical to preferred source COU-68b8ada3099b,,
COU-cf090760f49a,Power Systems,학부 과제 및 프로젝트/전력시스템공학/중간과제/전력시스템공학__서지임피던스 계산 및 프로그램 실행 보고서_32210488_김동혁.pdf::page-4::Im3.jpg,1927,1068,28,EXACT-0273,COU-cf090760f49a,Exact Duplicate,Byte-identical to preferred source COU-cf090760f49a,,
COU-11d084dff50b,Power Systems,학부 과제 및 프로젝트/전력시스템공학/중간과제/전력시스템공학__서지임피던스 계산 및 프로그램 실행 보고서_32210488_김동혁.pdf::page-4::Im4.jpg,1978,1072,28,EXACT-0274,COU-11d084dff50b,Exact Duplicate,Byte-identical to preferred source COU-11d084dff50b,,
COU-bd791de1bdb3,Power Systems,학부 과제 및 프로젝트/전력시스템공학/중간과제/전력시스템공학__서지임피던스 계산 및 프로그램 실행 보고서_32210488_김동혁.pdf::page-5::Im5.jpg,1963,1044,28,EXACT-0275,COU-bd791de1bdb3,Exact Duplicate,Byte-identical to preferred source COU-bd791de1bdb3,,
COU-7358e03f9c97,Power Systems,학부 과제 및 프로젝트/전력시스템공학/중간과제/전력시스템공학__서지임피던스 계산 및 프로그램 실행 보고서_32210488_김동혁.pdf::page-5::Im6.jpg,2223,1146,28,EXACT-0276,COU-7358e03f9c97,Exact Duplicate,Byte-identical to preferred source COU-7358e03f9c97,,
COU-847b38a2a55c,Power Systems,학부 과제 및 프로젝트/전력시스템공학/중간과제/전력시스템공학__서지임피던스 계산 및 프로그램 실행 보고서_32210488_김동혁.pdf::page-6::Im7.jpg,2176,1139,28,EXACT-0277,COU-847b38a2a55c,Exact Duplicate,Byte-identical to preferred source COU-847b38a2a55c,,
COU-3159bd2e14a5,Power Systems,학부 과제 및 프로젝트/전력시스템공학/중간과제/전력시스템공학__서지임피던스 계산 및 프로그램 실행 보고서_32210488_김동혁.pdf::page-7::Im8.jpg,620,721,25,EXACT-0278,COU-3159bd2e14a5,Exact Duplicate,Byte-identical to preferred source COU-3159bd2e14a5,,
COU-9048462e4e28,Power Systems,학부 과제 및 프로젝트/전력시스템공학/중간과제/전력시스템공학__서지임피던스 계산 및 프로그램 실행 보고서_32210488_김동혁.pdf::page-7::Im9.jpg,647,698,25,EXACT-0279,COU-9048462e4e28,Exact Duplicate,Byte-identical to preferred source COU-9048462e4e28,,
COU-bca65ff8c3d0,Power Systems,학부 과제 및 프로젝트/전력시스템공학/중간과제/전력시스템공학__서지임피던스 계산 및 프로그램 실행 보고서_32210488_김동혁.pdf::page-8::Im10.jpg,1734,445,24,EXACT-0280,COU-bca65ff8c3d0,Exact Duplicate,Byte-identical to preferred source COU-bca65ff8c3d0,,
COU-6270036de052,Power Systems,학부 과제 및 프로젝트/전력시스템공학/중간과제/전력시스템공학__서지임피던스 계산 및 프로그램 실행 보고서_32210488_김동혁.pdf::page-8::Im11.jpg,822,157,21,EXACT-0281,COU-6270036de052,Exact Duplicate,Byte-identical to preferred source COU-6270036de052,,
COU-3144419ddf86,Power Systems,학부 과제 및 프로젝트/전력시스템공학/중간과제/전력시스템공학__서지임피던스 계산 및 프로그램 실행 보고서_32210488_김동혁.pdf::page-8::Im12.jpg,838,105,21,EXACT-0282,COU-3144419ddf86,Exact Duplicate,Byte-identical to preferred source COU-3144419ddf86,,
COU-4b8b011ac88f,Power Systems,학부 과제 및 프로젝트/전력시스템공학/중간과제/전력시스템공학__서지임피던스 계산 및 프로그램 실행 보고서_32210488_김동혁.pdf::page-8::Im13.jpg,268,84,21,EXACT-0283,COU-4b8b011ac88f,Exact Duplicate,Byte-identical to preferred source COU-4b8b011ac88f,,
COU-e66d58506eba,Power Systems,학부 과제 및 프로젝트/전력시스템공학/중간과제/전력시스템공학__서지임피던스 계산 및 프로그램 실행 보고서_32210488_김동혁.pdf::page-8::Im14.jpg,237,76,21,EXACT-0284,COU-e66d58506eba,Exact Duplicate,Byte-identical to preferred source COU-e66d58506eba,,
COU-3b8e985a3eb8,Power Systems,학부 과제 및 프로젝트/전력시스템공학/중간과제/전력시스템공학__서지임피던스 계산 및 프로그램 실행 보고서_32210488_김동혁.pdf::page-8::Im15.jpg,266,79,21,EXACT-0285,COU-3b8e985a3eb8,Exact Duplicate,Byte-identical to preferred source COU-3b8e985a3eb8,,
COU-e5f52bf8fc70,Power Systems,학부 과제 및 프로젝트/전력시스템공학/중간과제/전력시스템공학__서지임피던스 계산 및 프로그램 실행 보고서_32210488_김동혁.pdf::page-8::Im16.jpg,242,80,21,EXACT-0286,COU-e5f52bf8fc70,Exact Duplicate,Byte-identical to preferred source COU-e5f52bf8fc70,,
COU-d4c67804ea56,Power Systems,학부 과제 및 프로젝트/전력시스템공학/중간과제/전력시스템공학__서지임피던스 계산 및 프로그램 실행 보고서_32210488_김동혁.pdf::page-8::Im17.jpg,815,112,21,EXACT-0287,COU-d4c67804ea56,Exact Duplicate,Byte-identical to preferred source COU-d4c67804ea56,,
COU-44f7f420fbc6,Power Systems,학부 과제 및 프로젝트/전력시스템공학/중간과제/전력시스템공학__서지임피던스 계산 및 프로그램 실행 보고서_32210488_김동혁.pdf::page-9::Im18.jpg,508,836,24,EXACT-0288,COU-44f7f420fbc6,Exact Duplicate,Byte-identical to preferred source COU-44f7f420fbc6,,
COU-cdf4e05fd755,Power Systems,학부 과제 및 프로젝트/전력시스템공학/중간과제/전력시스템공학__서지임피던스 계산 및 프로그램 실행 보고서_32210488_김동혁.pdf::page-9::Im19.jpg,1050,828,25,EXACT-0289,COU-cdf4e05fd755,Exact Duplicate,Byte-identical to preferred source COU-cdf4e05fd755,,
COU-1ae773e08470,Power Systems,학부 과제 및 프로젝트/전력시스템공학/중간과제/화면 캡처 2025-06-22 183946.png,1348,552,29,,,Publicly Withheld,"Lower-value, incomplete, redundant-context, or unverified visual",,
COU-cce9276740fc,Power Systems,학부 과제 및 프로젝트/전력시스템공학/중간과제/화면 캡처 2025-06-22 190327.png,1197,435,29,,,Publicly Withheld,"Lower-value, incomplete, redundant-context, or unverified visual",,
COU-2fa1843569cb,RF/Microwave,학부 과제 및 프로젝트/고주파공학/Cadence Tutorial (3).pdf::page-10::Image101.png,295,197,25,EXACT-0033,COU-2fa1843569cb,Instructor/Third-Party Material,"Tutorial, instructor material, data sheet, or external template",,
COU-2338b6a51ad1,RF/Microwave,학부 과제 및 프로젝트/고주파공학/Cadence Tutorial (3).pdf::page-10::Image103.png,384,197,25,EXACT-0034,COU-2338b6a51ad1,Instructor/Third-Party Material,"Tutorial, instructor material, data sheet, or external template",,
COU-81c368b37bfe,RF/Microwave,학부 과제 및 프로젝트/고주파공학/Cadence Tutorial (3).pdf::page-10::Image105.png,363,434,26,EXACT-0035,COU-81c368b37bfe,Instructor/Third-Party Material,"Tutorial, instructor material, data sheet, or external template",,
COU-c27a57516b59,RF/Microwave,학부 과제 및 프로젝트/고주파공학/Cadence Tutorial (3).pdf::page-10::Image106.png,284,353,25,EXACT-0036,COU-c27a57516b59,Instructor/Third-Party Material,"Tutorial, instructor material, data sheet, or external template",,
COU-76c1bb603cb2,RF/Microwave,학부 과제 및 프로젝트/고주파공학/Cadence Tutorial (3).pdf::page-10::Image17.png,1946,40,24,EXACT-0003,COU-76c1bb603cb2,Instructor/Third-Party Material,"Tutorial, instructor material, data sheet, or external template",,
COU-b40e7d9c843b,RF/Microwave,학부 과제 및 프로젝트/고주파공학/Cadence Tutorial (3).pdf::page-10::Image98.png,309,342,25,EXACT-0031,COU-b40e7d9c843b,Instructor/Third-Party Material,"Tutorial, instructor material, data sheet, or external template",,
COU-3b90f21a79d1,RF/Microwave,학부 과제 및 프로젝트/고주파공학/Cadence Tutorial (3).pdf::page-10::Image99.png,303,197,25,EXACT-0032,COU-3b90f21a79d1,Instructor/Third-Party Material,"Tutorial, instructor material, data sheet, or external template",,
COU-f5c6d3850af7,RF/Microwave,학부 과제 및 프로젝트/고주파공학/Cadence Tutorial (3).pdf::page-11::Image109.png,295,197,25,EXACT-0037,COU-f5c6d3850af7,Instructor/Third-Party Material,"Tutorial, instructor material, data sheet, or external template",,
COU-e7c0e31e4186,RF/Microwave,학부 과제 및 프로젝트/고주파공학/Cadence Tutorial (3).pdf::page-11::Image111.png,473,197,25,EXACT-0038,COU-e7c0e31e4186,Instructor/Third-Party Material,"Tutorial, instructor material, data sheet, or external template",,
COU-7af1e9c24abe,RF/Microwave,학부 과제 및 프로젝트/고주파공학/Cadence Tutorial (3).pdf::page-11::Image113.png,1006,435,27,EXACT-0039,COU-7af1e9c24abe,Instructor/Third-Party Material,"Tutorial, instructor material, data sheet, or external template",,
COU-0ddd0be816f8,RF/Microwave,학부 과제 및 프로젝트/고주파공학/Cadence Tutorial (3).pdf::page-11::Image114.jpg,885,546,27,NEAR-0002,COU-0ddd0be816f8,Instructor/Third-Party Material,"Tutorial, instructor material, data sheet, or external template",,
COU-76c1bb603cb2,RF/Microwave,학부 과제 및 프로젝트/고주파공학/Cadence Tutorial (3).pdf::page-11::Image17.png,1946,40,24,EXACT-0003,COU-76c1bb603cb2,Instructor/Third-Party Material,"Tutorial, instructor material, data sheet, or external template",,
COU-f5c6d3850af7,RF/Microwave,학부 과제 및 프로젝트/고주파공학/Cadence Tutorial (3).pdf::page-12::Image109.png,295,197,25,EXACT-0037,COU-f5c6d3850af7,Instructor/Third-Party Material,"Tutorial, instructor material, data sheet, or external template",,
COU-e7c0e31e4186,RF/Microwave,학부 과제 및 프로젝트/고주파공학/Cadence Tutorial (3).pdf::page-12::Image111.png,473,197,25,EXACT-0038,COU-e7c0e31e4186,Instructor/Third-Party Material,"Tutorial, instructor material, data sheet, or external template",,
COU-b74807711b78,RF/Microwave,학부 과제 및 프로젝트/고주파공학/Cadence Tutorial (3).pdf::page-12::Image117.png,402,97,24,EXACT-0040,COU-b74807711b78,Instructor/Third-Party Material,"Tutorial, instructor material, data sheet, or external template",,
COU-73731864171e,RF/Microwave,학부 과제 및 프로젝트/고주파공학/Cadence Tutorial (3).pdf::page-12::Image118.png,404,93,24,EXACT-0041,COU-73731864171e,Instructor/Third-Party Material,"Tutorial, instructor material, data sheet, or external template",,
COU-a8067d0e9c40,RF/Microwave,학부 과제 및 프로젝트/고주파공학/Cadence Tutorial (3).pdf::page-12::Image119.png,403,95,24,EXACT-0042,COU-a8067d0e9c40,Instructor/Third-Party Material,"Tutorial, instructor material, data sheet, or external template",,
COU-531835cfcaec,RF/Microwave,학부 과제 및 프로젝트/고주파공학/Cadence Tutorial (3).pdf::page-12::Image120.png,635,312,25,EXACT-0043,COU-531835cfcaec,Instructor/Third-Party Material,"Tutorial, instructor material, data sheet, or external template",,
COU-17964635adee,RF/Microwave,학부 과제 및 프로젝트/고주파공학/Cadence Tutorial (3).pdf::page-12::Image121.png,449,96,24,EXACT-0044,COU-17964635adee,Instructor/Third-Party Material,"Tutorial, instructor material, data sheet, or external template",,
COU-76c1bb603cb2,RF/Microwave,학부 과제 및 프로젝트/고주파공학/Cadence Tutorial (3).pdf::page-12::Image17.png,1946,40,24,EXACT-0003,COU-76c1bb603cb2,Instructor/Third-Party Material,"Tutorial, instructor material, data sheet, or external template",,
COU-34da1148fecb,RF/Microwave,학부 과제 및 프로젝트/고주파공학/Cadence Tutorial (3).pdf::page-13::Image124.png,1272,149,24,EXACT-0045,COU-34da1148fecb,Instructor/Third-Party Material,"Tutorial, instructor material, data sheet, or external template",,
COU-051c02e2413d,RF/Microwave,학부 과제 및 프로젝트/고주파공학/Cadence Tutorial (3).pdf::page-13::Image139.png,641,671,28,EXACT-0046,COU-051c02e2413d,Instructor/Third-Party Material,"Tutorial, instructor material, data sheet, or external template",,
COU-91b6d6a2476b,RF/Microwave,학부 과제 및 프로젝트/고주파공학/Cadence Tutorial (3).pdf::page-13::Image141.png,478,723,26,EXACT-0047,COU-91b6d6a2476b,Instructor/Third-Party Material,"Tutorial, instructor material, data sheet, or external template",,
COU-76c1bb603cb2,RF/Microwave,학부 과제 및 프로젝트/고주파공학/Cadence Tutorial (3).pdf::page-13::Image17.png,1946,40,24,EXACT-0003,COU-76c1bb603cb2,Instructor/Third-Party Material,"Tutorial, instructor material, data sheet, or external template",,
COU-3f0a02c96131,RF/Microwave,학부 과제 및 프로젝트/고주파공학/Cadence Tutorial (3).pdf::page-14::Image144.png,728,149,24,EXACT-0048,COU-3f0a02c96131,Instructor/Third-Party Material,"Tutorial, instructor material, data sheet, or external template",,
COU-ac6df80370ff,RF/Microwave,학부 과제 및 프로젝트/고주파공학/Cadence Tutorial (3).pdf::page-14::Image146.jpg,756,741,28,NEAR-0003,COU-ac6df80370ff,Instructor/Third-Party Material,"Tutorial, instructor material, data sheet, or external template",,
COU-5d71daf4ff27,RF/Microwave,학부 과제 및 프로젝트/고주파공학/Cadence Tutorial (3).pdf::page-14::Image149.png,904,284,25,EXACT-0049,COU-5d71daf4ff27,Instructor/Third-Party Material,"Tutorial, instructor material, data sheet, or external template",,
COU-32ba36d0f639,RF/Microwave,학부 과제 및 프로젝트/고주파공학/Cadence Tutorial (3).pdf::page-14::Image150.jp2,588,541,26,NEAR-0004,COU-32ba36d0f639,Instructor/Third-Party Material,"Tutorial, instructor material, data sheet, or external template",,
COU-76c1bb603cb2,RF/Microwave,학부 과제 및 프로젝트/고주파공학/Cadence Tutorial (3).pdf::page-14::Image17.png,1946,40,24,EXACT-0003,COU-76c1bb603cb2,Instructor/Third-Party Material,"Tutorial, instructor material, data sheet, or external template",,
COU-34da1148fecb,RF/Microwave,학부 과제 및 프로젝트/고주파공학/Cadence Tutorial (3).pdf::page-15::Image124.png,1272,149,24,EXACT-0045,COU-34da1148fecb,Instructor/Third-Party Material,"Tutorial, instructor material, data sheet, or external template",,
COU-2e21776a27a1,RF/Microwave,학부 과제 및 프로젝트/고주파공학/Cadence Tutorial (3).pdf::page-15::Image154.jpg,952,954,29,EXACT-0050,COU-2e21776a27a1,Instructor/Third-Party Material,"Tutorial, instructor material, data sheet, or external template",,
COU-48a14c9322bb,RF/Microwave,학부 과제 및 프로젝트/고주파공학/Cadence Tutorial (3).pdf::page-15::Image160.png,478,161,24,EXACT-0051,COU-48a14c9322bb,Instructor/Third-Party Material,"Tutorial, instructor material, data sheet, or external template",,
COU-76c1bb603cb2,RF/Microwave,학부 과제 및 프로젝트/고주파공학/Cadence Tutorial (3).pdf::page-15::Image17.png,1946,40,24,EXACT-0003,COU-76c1bb603cb2,Instructor/Third-Party Material,"Tutorial, instructor material, data sheet, or external template",,
COU-34da1148fecb,RF/Microwave,학부 과제 및 프로젝트/고주파공학/Cadence Tutorial (3).pdf::page-16::Image124.png,1272,149,24,EXACT-0045,COU-34da1148fecb,Instructor/Third-Party Material,"Tutorial, instructor material, data sheet, or external template",,
COU-2e21776a27a1,RF/Microwave,학부 과제 및 프로젝트/고주파공학/Cadence Tutorial (3).pdf::page-16::Image154.jpg,952,954,29,EXACT-0050,COU-2e21776a27a1,Instructor/Third-Party Material,"Tutorial, instructor material, data sheet, or external template",,
COU-48a14c9322bb,RF/Microwave,학부 과제 및 프로젝트/고주파공학/Cadence Tutorial (3).pdf::page-16::Image160.png,478,161,24,EXACT-0051,COU-48a14c9322bb,Instructor/Third-Party Material,"Tutorial, instructor material, data sheet, or external template",,
COU-76c1bb603cb2,RF/Microwave,학부 과제 및 프로젝트/고주파공학/Cadence Tutorial (3).pdf::page-16::Image17.png,1946,40,24,EXACT-0003,COU-76c1bb603cb2,Instructor/Third-Party Material,"Tutorial, instructor material, data sheet, or external template",,
COU-34da1148fecb,RF/Microwave,학부 과제 및 프로젝트/고주파공학/Cadence Tutorial (3).pdf::page-17::Image124.png,1272,149,24,EXACT-0045,COU-34da1148fecb,Instructor/Third-Party Material,"Tutorial, instructor material, data sheet, or external template",,
COU-2e21776a27a1,RF/Microwave,학부 과제 및 프로젝트/고주파공학/Cadence Tutorial (3).pdf::page-17::Image154.jpg,952,954,29,EXACT-0050,COU-2e21776a27a1,Instructor/Third-Party Material,"Tutorial, instructor material, data sheet, or external template",,
COU-3d91f1863f2a,RF/Microwave,학부 과제 및 프로젝트/고주파공학/Cadence Tutorial (3).pdf::page-17::Image165.png,444,191,25,EXACT-0052,COU-3d91f1863f2a,Instructor/Third-Party Material,"Tutorial, instructor material, data sheet, or external template",,
COU-76c1bb603cb2,RF/Microwave,학부 과제 및 프로젝트/고주파공학/Cadence Tutorial (3).pdf::page-17::Image17.png,1946,40,24,EXACT-0003,COU-76c1bb603cb2,Instructor/Third-Party Material,"Tutorial, instructor material, data sheet, or external template",,
COU-531835cfcaec,RF/Microwave,학부 과제 및 프로젝트/고주파공학/Cadence Tutorial (3).pdf::page-18::Image120.png,635,312,25,EXACT-0043,COU-531835cfcaec,Instructor/Third-Party Material,"Tutorial, instructor material, data sheet, or external template",,
COU-888a21649906,RF/Microwave,학부 과제 및 프로젝트/고주파공학/Cadence Tutorial (3).pdf::page-18::Image168.png,792,197,25,EXACT-0053,COU-888a21649906,Instructor/Third-Party Material,"Tutorial, instructor material, data sheet, or external template",,
COU-76c1bb603cb2,RF/Microwave,학부 과제 및 프로젝트/고주파공학/Cadence Tutorial (3).pdf::page-18::Image17.png,1946,40,24,EXACT-0003,COU-76c1bb603cb2,Instructor/Third-Party Material,"Tutorial, instructor material, data sheet, or external template",,
COU-63be493f5835,RF/Microwave,학부 과제 및 프로젝트/고주파공학/Cadence Tutorial (3).pdf::page-18::Image170.png,487,755,26,EXACT-0054,COU-63be493f5835,Instructor/Third-Party Material,"Tutorial, instructor material, data sheet, or external template",,
COU-d024773a35ad,RF/Microwave,학부 과제 및 프로젝트/고주파공학/Cadence Tutorial (3).pdf::page-18::Image171.png,480,310,25,EXACT-0055,COU-d024773a35ad,Instructor/Third-Party Material,"Tutorial, instructor material, data sheet, or external template",,
COU-b47990df9ba0,RF/Microwave,학부 과제 및 프로젝트/고주파공학/Cadence Tutorial (3).pdf::page-18::Image172.png,488,43,24,EXACT-0056,COU-b47990df9ba0,Instructor/Third-Party Material,"Tutorial, instructor material, data sheet, or external template",,
COU-531835cfcaec,RF/Microwave,학부 과제 및 프로젝트/고주파공학/Cadence Tutorial (3).pdf::page-19::Image120.png,635,312,25,EXACT-0043,COU-531835cfcaec,Instructor/Third-Party Material,"Tutorial, instructor material, data sheet, or external template",,
COU-76c1bb603cb2,RF/Microwave,학부 과제 및 프로젝트/고주파공학/Cadence Tutorial (3).pdf::page-19::Image17.png,1946,40,24,EXACT-0003,COU-76c1bb603cb2,Instructor/Third-Party Material,"Tutorial, instructor material, data sheet, or external template",,
COU-ed06af940c2b,RF/Microwave,학부 과제 및 프로젝트/고주파공학/Cadence Tutorial (3).pdf::page-19::Image175.png,482,427,26,EXACT-0057,COU-ed06af940c2b,Instructor/Third-Party Material,"Tutorial, instructor material, data sheet, or external template",,
COU-e0549cf791f5,RF/Microwave,학부 과제 및 프로젝트/고주파공학/Cadence Tutorial (3).pdf::page-19::Image176.jpg,488,678,26,NEAR-0005,COU-e0549cf791f5,Instructor/Third-Party Material,"Tutorial, instructor material, data sheet, or external template",,
COU-7cfd654e1a48,RF/Microwave,학부 과제 및 프로젝트/고주파공학/Cadence Tutorial (3).pdf::page-19::Image177.png,455,197,25,EXACT-0058,COU-7cfd654e1a48,Instructor/Third-Party Material,"Tutorial, instructor material, data sheet, or external template",,
COU-a9b076095b3c,RF/Microwave,학부 과제 및 프로젝트/고주파공학/Cadence Tutorial (3).pdf::page-1::Image11.png,850,203,25,EXACT-0002,COU-a9b076095b3c,Instructor/Third-Party Material,"Tutorial, instructor material, data sheet, or external template",,
COU-9a56041e6332,RF/Microwave,학부 과제 및 프로젝트/고주파공학/Cadence Tutorial (3).pdf::page-1::Image6.png,1726,50,24,EXACT-0001,COU-9a56041e6332,Instructor/Third-Party Material,"Tutorial, instructor material, data sheet, or external template",,
COU-76c1bb603cb2,RF/Microwave,학부 과제 및 프로젝트/고주파공학/Cadence Tutorial (3).pdf::page-20::Image17.png,1946,40,24,EXACT-0003,COU-76c1bb603cb2,Instructor/Third-Party Material,"Tutorial, instructor material, data sheet, or external template",,
COU-a27a1006742c,RF/Microwave,학부 과제 및 프로젝트/고주파공학/Cadence Tutorial (3).pdf::page-20::Image181.png,434,197,25,EXACT-0059,COU-a27a1006742c,Instructor/Third-Party Material,"Tutorial, instructor material, data sheet, or external template",,
COU-4b501393c4c3,RF/Microwave,학부 과제 및 프로젝트/고주파공학/Cadence Tutorial (3).pdf::page-20::Image183.png,900,715,28,EXACT-0060,COU-4b501393c4c3,Instructor/Third-Party Material,"Tutorial, instructor material, data sheet, or external template",,
COU-ece84b9eda9b,RF/Microwave,학부 과제 및 프로젝트/고주파공학/Cadence Tutorial (3).pdf::page-20::Image184.jpg,689,501,26,NEAR-0006,COU-724fb9a3dc43,Instructor/Third-Party Material,"Tutorial, instructor material, data sheet, or external template",,
COU-6096045e5e95,RF/Microwave,학부 과제 및 프로젝트/고주파공학/Cadence Tutorial (3).pdf::page-20::Image185.png,611,109,24,EXACT-0061,COU-6096045e5e95,Instructor/Third-Party Material,"Tutorial, instructor material, data sheet, or external template",,
COU-ea10d14b778d,RF/Microwave,학부 과제 및 프로젝트/고주파공학/Cadence Tutorial (3).pdf::page-20::Image186.png,621,107,24,EXACT-0062,COU-ea10d14b778d,Instructor/Third-Party Material,"Tutorial, instructor material, data sheet, or external template",,
COU-76c1bb603cb2,RF/Microwave,학부 과제 및 프로젝트/고주파공학/Cadence Tutorial (3).pdf::page-21::Image17.png,1946,40,24,EXACT-0003,COU-76c1bb603cb2,Instructor/Third-Party Material,"Tutorial, instructor material, data sheet, or external template",,
COU-af5b1c9218f2,RF/Microwave,학부 과제 및 프로젝트/고주파공학/Cadence Tutorial (3).pdf::page-21::Image189.png,600,197,25,EXACT-0063,COU-af5b1c9218f2,Instructor/Third-Party Material,"Tutorial, instructor material, data sheet, or external template",,
COU-b9acd60d0321,RF/Microwave,학부 과제 및 프로젝트/고주파공학/Cadence Tutorial (3).pdf::page-21::Image191.png,154,197,24,EXACT-0064,COU-b9acd60d0321,Instructor/Third-Party Material,"Tutorial, instructor material, data sheet, or external template",,
COU-0999bd52f446,RF/Microwave,학부 과제 및 프로젝트/고주파공학/Cadence Tutorial (3).pdf::page-21::Image193.png,371,197,25,EXACT-0065,COU-0999bd52f446,Instructor/Third-Party Material,"Tutorial, instructor material, data sheet, or external template",,
COU-57c0dec225ef,RF/Microwave,학부 과제 및 프로젝트/고주파공학/Cadence Tutorial (3).pdf::page-21::Image196.png,1920,1080,31,EXACT-0066,COU-57c0dec225ef,Instructor/Third-Party Material,"Tutorial, instructor material, data sheet, or external template",,
COU-0e666e64c3ce,RF/Microwave,학부 과제 및 프로젝트/고주파공학/Cadence Tutorial (3).pdf::page-21::Image197.png,694,503,26,EXACT-0067,COU-0e666e64c3ce,Instructor/Third-Party Material,"Tutorial, instructor material, data sheet, or external template",,
COU-6791b43944ac,RF/Microwave,학부 과제 및 프로젝트/고주파공학/Cadence Tutorial (3).pdf::page-21::Image199.png,1920,1080,31,EXACT-0068,COU-6791b43944ac,Instructor/Third-Party Material,"Tutorial, instructor material, data sheet, or external template",,
COU-f8422bdb3ec4,RF/Microwave,학부 과제 및 프로젝트/고주파공학/Cadence Tutorial (3).pdf::page-21::Image200.png,263,114,24,EXACT-0069,COU-f8422bdb3ec4,Instructor/Third-Party Material,"Tutorial, instructor material, data sheet, or external template",,
COU-76c1bb603cb2,RF/Microwave,학부 과제 및 프로젝트/고주파공학/Cadence Tutorial (3).pdf::page-22::Image17.png,1946,40,24,EXACT-0003,COU-76c1bb603cb2,Instructor/Third-Party Material,"Tutorial, instructor material, data sheet, or external template",,
COU-b9acd60d0321,RF/Microwave,학부 과제 및 프로젝트/고주파공학/Cadence Tutorial (3).pdf::page-22::Image191.png,154,197,24,EXACT-0064,COU-b9acd60d0321,Instructor/Third-Party Material,"Tutorial, instructor material, data sheet, or external template",,
COU-f9d9e38cda2d,RF/Microwave,학부 과제 및 프로젝트/고주파공학/Cadence Tutorial (3).pdf::page-22::Image203.png,600,197,25,EXACT-0070,COU-f9d9e38cda2d,Instructor/Third-Party Material,"Tutorial, instructor material, data sheet, or external template",,
COU-0188175b40d2,RF/Microwave,학부 과제 및 프로젝트/고주파공학/Cadence Tutorial (3).pdf::page-22::Image205.png,163,197,24,EXACT-0071,COU-0188175b40d2,Instructor/Third-Party Material,"Tutorial, instructor material, data sheet, or external template",,
COU-08de0f2ae87c,RF/Microwave,학부 과제 및 프로젝트/고주파공학/Cadence Tutorial (3).pdf::page-22::Image207.png,168,197,24,EXACT-0072,COU-08de0f2ae87c,Instructor/Third-Party Material,"Tutorial, instructor material, data sheet, or external template",,
COU-a856497748f4,RF/Microwave,학부 과제 및 프로젝트/고주파공학/Cadence Tutorial (3).pdf::page-22::Image209.png,553,197,25,EXACT-0073,COU-a856497748f4,Instructor/Third-Party Material,"Tutorial, instructor material, data sheet, or external template",,
COU-37d500717f25,RF/Microwave,학부 과제 및 프로젝트/고주파공학/Cadence Tutorial (3).pdf::page-22::Image211.jpg,689,500,26,EXACT-0074,COU-37d500717f25,Instructor/Third-Party Material,"Tutorial, instructor material, data sheet, or external template",,
COU-dc28f441d4d4,RF/Microwave,학부 과제 및 프로젝트/고주파공학/Cadence Tutorial (3).pdf::page-22::Image212.png,407,1022,27,EXACT-0075,COU-dc28f441d4d4,Instructor/Third-Party Material,"Tutorial, instructor material, data sheet, or external template",,
COU-76c1bb603cb2,RF/Microwave,학부 과제 및 프로젝트/고주파공학/Cadence Tutorial (3).pdf::page-23::Image17.png,1946,40,24,EXACT-0003,COU-76c1bb603cb2,Instructor/Third-Party Material,"Tutorial, instructor material, data sheet, or external template",,
COU-b9acd60d0321,RF/Microwave,학부 과제 및 프로젝트/고주파공학/Cadence Tutorial (3).pdf::page-23::Image191.png,154,197,24,EXACT-0064,COU-b9acd60d0321,Instructor/Third-Party Material,"Tutorial, instructor material, data sheet, or external template",,
COU-f9d9e38cda2d,RF/Microwave,학부 과제 및 프로젝트/고주파공학/Cadence Tutorial (3).pdf::page-23::Image203.png,600,197,25,EXACT-0070,COU-f9d9e38cda2d,Instructor/Third-Party Material,"Tutorial, instructor material, data sheet, or external template",,
COU-0188175b40d2,RF/Microwave,학부 과제 및 프로젝트/고주파공학/Cadence Tutorial (3).pdf::page-23::Image205.png,163,197,24,EXACT-0071,COU-0188175b40d2,Instructor/Third-Party Material,"Tutorial, instructor material, data sheet, or external template",,
COU-08de0f2ae87c,RF/Microwave,학부 과제 및 프로젝트/고주파공학/Cadence Tutorial (3).pdf::page-23::Image207.png,168,197,24,EXACT-0072,COU-08de0f2ae87c,Instructor/Third-Party Material,"Tutorial, instructor material, data sheet, or external template",,
COU-a856497748f4,RF/Microwave,학부 과제 및 프로젝트/고주파공학/Cadence Tutorial (3).pdf::page-23::Image209.png,553,197,25,EXACT-0073,COU-a856497748f4,Instructor/Third-Party Material,"Tutorial, instructor material, data sheet, or external template",,
COU-74c7e5a4e1aa,RF/Microwave,학부 과제 및 프로젝트/고주파공학/Cadence Tutorial (3).pdf::page-23::Image215.jpg,901,711,28,NEAR-0007,COU-74c7e5a4e1aa,Instructor/Third-Party Material,"Tutorial, instructor material, data sheet, or external template",,
COU-58641f998272,RF/Microwave,학부 과제 및 프로젝트/고주파공학/Cadence Tutorial (3).pdf::page-23::Image216.jpg,754,1021,28,EXACT-0076,COU-58641f998272,Instructor/Third-Party Material,"Tutorial, instructor material, data sheet, or external template",,
COU-76c1bb603cb2,RF/Microwave,학부 과제 및 프로젝트/고주파공학/Cadence Tutorial (3).pdf::page-24::Image17.png,1946,40,24,EXACT-0003,COU-76c1bb603cb2,Instructor/Third-Party Material,"Tutorial, instructor material, data sheet, or external template",,
COU-b9acd60d0321,RF/Microwave,학부 과제 및 프로젝트/고주파공학/Cadence Tutorial (3).pdf::page-24::Image191.png,154,197,24,EXACT-0064,COU-b9acd60d0321,Instructor/Third-Party Material,"Tutorial, instructor material, data sheet, or external template",,
COU-f9d9e38cda2d,RF/Microwave,학부 과제 및 프로젝트/고주파공학/Cadence Tutorial (3).pdf::page-24::Image203.png,600,197,25,EXACT-0070,COU-f9d9e38cda2d,Instructor/Third-Party Material,"Tutorial, instructor material, data sheet, or external template",,
COU-0188175b40d2,RF/Microwave,학부 과제 및 프로젝트/고주파공학/Cadence Tutorial (3).pdf::page-24::Image205.png,163,197,24,EXACT-0071,COU-0188175b40d2,Instructor/Third-Party Material,"Tutorial, instructor material, data sheet, or external template",,
COU-08de0f2ae87c,RF/Microwave,학부 과제 및 프로젝트/고주파공학/Cadence Tutorial (3).pdf::page-24::Image207.png,168,197,24,EXACT-0072,COU-08de0f2ae87c,Instructor/Third-Party Material,"Tutorial, instructor material, data sheet, or external template",,
COU-a856497748f4,RF/Microwave,학부 과제 및 프로젝트/고주파공학/Cadence Tutorial (3).pdf::page-24::Image209.png,553,197,25,EXACT-0073,COU-a856497748f4,Instructor/Third-Party Material,"Tutorial, instructor material, data sheet, or external template",,
COU-97f5311697f0,RF/Microwave,학부 과제 및 프로젝트/고주파공학/Cadence Tutorial (3).pdf::page-24::Image219.jpg,697,504,26,NEAR-0008,COU-97f5311697f0,Instructor/Third-Party Material,"Tutorial, instructor material, data sheet, or external template",,
COU-5145393b87a7,RF/Microwave,학부 과제 및 프로젝트/고주파공학/Cadence Tutorial (3).pdf::page-24::Image220.png,325,410,25,EXACT-0077,COU-5145393b87a7,Instructor/Third-Party Material,"Tutorial, instructor material, data sheet, or external template",,
COU-f5ca3ef27eec,RF/Microwave,학부 과제 및 프로젝트/고주파공학/Cadence Tutorial (3).pdf::page-24::Image221.jpg,320,654,25,NEAR-0009,COU-ba84539f0d5f,Instructor/Third-Party Material,"Tutorial, instructor material, data sheet, or external template",,
COU-76c1bb603cb2,RF/Microwave,학부 과제 및 프로젝트/고주파공학/Cadence Tutorial (3).pdf::page-25::Image17.png,1946,40,24,EXACT-0003,COU-76c1bb603cb2,Instructor/Third-Party Material,"Tutorial, instructor material, data sheet, or external template",,
COU-b9acd60d0321,RF/Microwave,학부 과제 및 프로젝트/고주파공학/Cadence Tutorial (3).pdf::page-25::Image191.png,154,197,24,EXACT-0064,COU-b9acd60d0321,Instructor/Third-Party Material,"Tutorial, instructor material, data sheet, or external template",,
COU-f9d9e38cda2d,RF/Microwave,학부 과제 및 프로젝트/고주파공학/Cadence Tutorial (3).pdf::page-25::Image203.png,600,197,25,EXACT-0070,COU-f9d9e38cda2d,Instructor/Third-Party Material,"Tutorial, instructor material, data sheet, or external template",,
COU-0188175b40d2,RF/Microwave,학부 과제 및 프로젝트/고주파공학/Cadence Tutorial (3).pdf::page-25::Image205.png,163,197,24,EXACT-0071,COU-0188175b40d2,Instructor/Third-Party Material,"Tutorial, instructor material, data sheet, or external template",,
COU-08de0f2ae87c,RF/Microwave,학부 과제 및 프로젝트/고주파공학/Cadence Tutorial (3).pdf::page-25::Image207.png,168,197,24,EXACT-0072,COU-08de0f2ae87c,Instructor/Third-Party Material,"Tutorial, instructor material, data sheet, or external template",,
COU-ea49e02fe001,RF/Microwave,학부 과제 및 프로젝트/고주파공학/Cadence Tutorial (3).pdf::page-25::Image224.png,1154,197,25,EXACT-0078,COU-ea49e02fe001,Instructor/Third-Party Material,"Tutorial, instructor material, data sheet, or external template",,
COU-1cc1fd97e30c,RF/Microwave,학부 과제 및 프로젝트/고주파공학/Cadence Tutorial (3).pdf::page-25::Image226.jpg,1001,825,28,NEAR-0010,COU-1cc1fd97e30c,Instructor/Third-Party Material,"Tutorial, instructor material, data sheet, or external template",,
COU-76c1bb603cb2,RF/Microwave,학부 과제 및 프로젝트/고주파공학/Cadence Tutorial (3).pdf::page-26::Image17.png,1946,40,24,EXACT-0003,COU-76c1bb603cb2,Instructor/Third-Party Material,"Tutorial, instructor material, data sheet, or external template",,
COU-b9acd60d0321,RF/Microwave,학부 과제 및 프로젝트/고주파공학/Cadence Tutorial (3).pdf::page-26::Image191.png,154,197,24,EXACT-0064,COU-b9acd60d0321,Instructor/Third-Party Material,"Tutorial, instructor material, data sheet, or external template",,
COU-f9d9e38cda2d,RF/Microwave,학부 과제 및 프로젝트/고주파공학/Cadence Tutorial (3).pdf::page-26::Image203.png,600,197,25,EXACT-0070,COU-f9d9e38cda2d,Instructor/Third-Party Material,"Tutorial, instructor material, data sheet, or external template",,
COU-0188175b40d2,RF/Microwave,학부 과제 및 프로젝트/고주파공학/Cadence Tutorial (3).pdf::page-26::Image205.png,163,197,24,EXACT-0071,COU-0188175b40d2,Instructor/Third-Party Material,"Tutorial, instructor material, data sheet, or external template",,
COU-08de0f2ae87c,RF/Microwave,학부 과제 및 프로젝트/고주파공학/Cadence Tutorial (3).pdf::page-26::Image207.png,168,197,24,EXACT-0072,COU-08de0f2ae87c,Instructor/Third-Party Material,"Tutorial, instructor material, data sheet, or external template",,
COU-a856497748f4,RF/Microwave,학부 과제 및 프로젝트/고주파공학/Cadence Tutorial (3).pdf::page-26::Image209.png,553,197,25,EXACT-0073,COU-a856497748f4,Instructor/Third-Party Material,"Tutorial, instructor material, data sheet, or external template",,
COU-37d500717f25,RF/Microwave,학부 과제 및 프로젝트/고주파공학/Cadence Tutorial (3).pdf::page-26::Image211.jpg,689,500,26,EXACT-0074,COU-37d500717f25,Instructor/Third-Party Material,"Tutorial, instructor material, data sheet, or external template",,
COU-dc28f441d4d4,RF/Microwave,학부 과제 및 프로젝트/고주파공학/Cadence Tutorial (3).pdf::page-26::Image212.png,407,1022,27,EXACT-0075,COU-dc28f441d4d4,Instructor/Third-Party Material,"Tutorial, instructor material, data sheet, or external template",,
COU-76c1bb603cb2,RF/Microwave,학부 과제 및 프로젝트/고주파공학/Cadence Tutorial (3).pdf::page-27::Image17.png,1946,40,24,EXACT-0003,COU-76c1bb603cb2,Instructor/Third-Party Material,"Tutorial, instructor material, data sheet, or external template",,
COU-b9acd60d0321,RF/Microwave,학부 과제 및 프로젝트/고주파공학/Cadence Tutorial (3).pdf::page-27::Image191.png,154,197,24,EXACT-0064,COU-b9acd60d0321,Instructor/Third-Party Material,"Tutorial, instructor material, data sheet, or external template",,
COU-f9d9e38cda2d,RF/Microwave,학부 과제 및 프로젝트/고주파공학/Cadence Tutorial (3).pdf::page-27::Image203.png,600,197,25,EXACT-0070,COU-f9d9e38cda2d,Instructor/Third-Party Material,"Tutorial, instructor material, data sheet, or external template",,
COU-0188175b40d2,RF/Microwave,학부 과제 및 프로젝트/고주파공학/Cadence Tutorial (3).pdf::page-27::Image205.png,163,197,24,EXACT-0071,COU-0188175b40d2,Instructor/Third-Party Material,"Tutorial, instructor material, data sheet, or external template",,
COU-08de0f2ae87c,RF/Microwave,학부 과제 및 프로젝트/고주파공학/Cadence Tutorial (3).pdf::page-27::Image207.png,168,197,24,EXACT-0072,COU-08de0f2ae87c,Instructor/Third-Party Material,"Tutorial, instructor material, data sheet, or external template",,
COU-58641f998272,RF/Microwave,학부 과제 및 프로젝트/고주파공학/Cadence Tutorial (3).pdf::page-27::Image216.jpg,754,1021,28,EXACT-0076,COU-58641f998272,Instructor/Third-Party Material,"Tutorial, instructor material, data sheet, or external template",,
COU-ea49e02fe001,RF/Microwave,학부 과제 및 프로젝트/고주파공학/Cadence Tutorial (3).pdf::page-27::Image224.png,1154,197,25,EXACT-0078,COU-ea49e02fe001,Instructor/Third-Party Material,"Tutorial, instructor material, data sheet, or external template",,
COU-305fb4c02cf5,RF/Microwave,학부 과제 및 프로젝트/고주파공학/Cadence Tutorial (3).pdf::page-27::Image231.png,411,1023,27,EXACT-0079,COU-305fb4c02cf5,Instructor/Third-Party Material,"Tutorial, instructor material, data sheet, or external template",,
COU-23d1e72f7cac,RF/Microwave,학부 과제 및 프로젝트/고주파공학/Cadence Tutorial (3).pdf::page-27::Image232.jpg,788,621,28,NEAR-0011,COU-23d1e72f7cac,Instructor/Third-Party Material,"Tutorial, instructor material, data sheet, or external template",,
COU-76c1bb603cb2,RF/Microwave,학부 과제 및 프로젝트/고주파공학/Cadence Tutorial (3).pdf::page-28::Image17.png,1946,40,24,EXACT-0003,COU-76c1bb603cb2,Instructor/Third-Party Material,"Tutorial, instructor material, data sheet, or external template",,
COU-b9acd60d0321,RF/Microwave,학부 과제 및 프로젝트/고주파공학/Cadence Tutorial (3).pdf::page-28::Image191.png,154,197,24,EXACT-0064,COU-b9acd60d0321,Instructor/Third-Party Material,"Tutorial, instructor material, data sheet, or external template",,
COU-f9d9e38cda2d,RF/Microwave,학부 과제 및 프로젝트/고주파공학/Cadence Tutorial (3).pdf::page-28::Image203.png,600,197,25,EXACT-0070,COU-f9d9e38cda2d,Instructor/Third-Party Material,"Tutorial, instructor material, data sheet, or external template",,
COU-0188175b40d2,RF/Microwave,학부 과제 및 프로젝트/고주파공학/Cadence Tutorial (3).pdf::page-28::Image205.png,163,197,24,EXACT-0071,COU-0188175b40d2,Instructor/Third-Party Material,"Tutorial, instructor material, data sheet, or external template",,
COU-08de0f2ae87c,RF/Microwave,학부 과제 및 프로젝트/고주파공학/Cadence Tutorial (3).pdf::page-28::Image207.png,168,197,24,EXACT-0072,COU-08de0f2ae87c,Instructor/Third-Party Material,"Tutorial, instructor material, data sheet, or external template",,
COU-a856497748f4,RF/Microwave,학부 과제 및 프로젝트/고주파공학/Cadence Tutorial (3).pdf::page-28::Image209.png,553,197,25,EXACT-0073,COU-a856497748f4,Instructor/Third-Party Material,"Tutorial, instructor material, data sheet, or external template",,
COU-5aa891684c4a,RF/Microwave,학부 과제 및 프로젝트/고주파공학/Cadence Tutorial (3).pdf::page-28::Image235.png,409,1022,27,EXACT-0080,COU-5aa891684c4a,Instructor/Third-Party Material,"Tutorial, instructor material, data sheet, or external template",,
COU-76c1bb603cb2,RF/Microwave,학부 과제 및 프로젝트/고주파공학/Cadence Tutorial (3).pdf::page-29::Image17.png,1946,40,24,EXACT-0003,COU-76c1bb603cb2,Instructor/Third-Party Material,"Tutorial, instructor material, data sheet, or external template",,
COU-b9acd60d0321,RF/Microwave,학부 과제 및 프로젝트/고주파공학/Cadence Tutorial (3).pdf::page-29::Image191.png,154,197,24,EXACT-0064,COU-b9acd60d0321,Instructor/Third-Party Material,"Tutorial, instructor material, data sheet, or external template",,
COU-f9d9e38cda2d,RF/Microwave,학부 과제 및 프로젝트/고주파공학/Cadence Tutorial (3).pdf::page-29::Image203.png,600,197,25,EXACT-0070,COU-f9d9e38cda2d,Instructor/Third-Party Material,"Tutorial, instructor material, data sheet, or external template",,
COU-0188175b40d2,RF/Microwave,학부 과제 및 프로젝트/고주파공학/Cadence Tutorial (3).pdf::page-29::Image205.png,163,197,24,EXACT-0071,COU-0188175b40d2,Instructor/Third-Party Material,"Tutorial, instructor material, data sheet, or external template",,
COU-08de0f2ae87c,RF/Microwave,학부 과제 및 프로젝트/고주파공학/Cadence Tutorial (3).pdf::page-29::Image207.png,168,197,24,EXACT-0072,COU-08de0f2ae87c,Instructor/Third-Party Material,"Tutorial, instructor material, data sheet, or external template",,
COU-a856497748f4,RF/Microwave,학부 과제 및 프로젝트/고주파공학/Cadence Tutorial (3).pdf::page-29::Image209.png,553,197,25,EXACT-0073,COU-a856497748f4,Instructor/Third-Party Material,"Tutorial, instructor material, data sheet, or external template",,
COU-ba84539f0d5f,RF/Microwave,학부 과제 및 프로젝트/고주파공학/Cadence Tutorial (3).pdf::page-29::Image238.jpg,320,747,25,NEAR-0009,COU-ba84539f0d5f,Instructor/Third-Party Material,"Tutorial, instructor material, data sheet, or external template",,
COU-3e6acf9340da,RF/Microwave,학부 과제 및 프로젝트/고주파공학/Cadence Tutorial (3).pdf::page-29::Image239.png,975,564,27,EXACT-0081,COU-3e6acf9340da,Instructor/Third-Party Material,"Tutorial, instructor material, data sheet, or external template",,
COU-76c1bb603cb2,RF/Microwave,학부 과제 및 프로젝트/고주파공학/Cadence Tutorial (3).pdf::page-2::Image17.png,1946,40,24,EXACT-0003,COU-76c1bb603cb2,Instructor/Third-Party Material,"Tutorial, instructor material, data sheet, or external template",,
COU-374dc295d0ba,RF/Microwave,학부 과제 및 프로젝트/고주파공학/Cadence Tutorial (3).pdf::page-2::Image19.png,295,197,25,EXACT-0004,COU-374dc295d0ba,Instructor/Third-Party Material,"Tutorial, instructor material, data sheet, or external template",,
COU-a280fc219df2,RF/Microwave,학부 과제 및 프로젝트/고주파공학/Cadence Tutorial (3).pdf::page-2::Image26.png,295,197,25,EXACT-0005,COU-a280fc219df2,Instructor/Third-Party Material,"Tutorial, instructor material, data sheet, or external template",,
COU-b06a94d4e190,RF/Microwave,학부 과제 및 프로젝트/고주파공학/Cadence Tutorial (3).pdf::page-2::Image28.png,473,197,25,EXACT-0006,COU-b06a94d4e190,Instructor/Third-Party Material,"Tutorial, instructor material, data sheet, or external template",,
COU-76c1bb603cb2,RF/Microwave,학부 과제 및 프로젝트/고주파공학/Cadence Tutorial (3).pdf::page-30::Image17.png,1946,40,24,EXACT-0003,COU-76c1bb603cb2,Instructor/Third-Party Material,"Tutorial, instructor material, data sheet, or external template",,
COU-821693c4f128,RF/Microwave,학부 과제 및 프로젝트/고주파공학/Cadence Tutorial (3).pdf::page-30::Image242.png,1725,197,25,EXACT-0082,COU-821693c4f128,Instructor/Third-Party Material,"Tutorial, instructor material, data sheet, or external template",,
COU-afcd65aafd8b,RF/Microwave,학부 과제 및 프로젝트/고주파공학/Cadence Tutorial (3).pdf::page-30::Image244.png,520,254,25,EXACT-0083,COU-afcd65aafd8b,Instructor/Third-Party Material,"Tutorial, instructor material, data sheet, or external template",,
COU-76c1bb603cb2,RF/Microwave,학부 과제 및 프로젝트/고주파공학/Cadence Tutorial (3).pdf::page-31::Image17.png,1946,40,24,EXACT-0003,COU-76c1bb603cb2,Instructor/Third-Party Material,"Tutorial, instructor material, data sheet, or external template",,
COU-8962332a04ab,RF/Microwave,학부 과제 및 프로젝트/고주파공학/Cadence Tutorial (3).pdf::page-31::Image247.png,1975,282,26,EXACT-0084,COU-8962332a04ab,Instructor/Third-Party Material,"Tutorial, instructor material, data sheet, or external template",,
COU-58c29a6601d7,RF/Microwave,학부 과제 및 프로젝트/고주파공학/Cadence Tutorial (3).pdf::page-32::Image251.png,358,203,25,EXACT-0085,COU-58c29a6601d7,Instructor/Third-Party Material,"Tutorial, instructor material, data sheet, or external template",,
COU-b7349d2306fc,RF/Microwave,학부 과제 및 프로젝트/고주파공학/Cadence Tutorial (3).pdf::page-32::Image253.png,304,203,25,EXACT-0086,COU-b7349d2306fc,Instructor/Third-Party Material,"Tutorial, instructor material, data sheet, or external template",,
COU-33be8248c684,RF/Microwave,학부 과제 및 프로젝트/고주파공학/Cadence Tutorial (3).pdf::page-32::Image255.png,272,203,25,EXACT-0087,COU-33be8248c684,Instructor/Third-Party Material,"Tutorial, instructor material, data sheet, or external template",,
COU-b61fc029d92b,RF/Microwave,학부 과제 및 프로젝트/고주파공학/Cadence Tutorial (3).pdf::page-32::Image257.png,212,203,25,EXACT-0088,COU-b61fc029d92b,Instructor/Third-Party Material,"Tutorial, instructor material, data sheet, or external template",,
COU-ba2a06914c7c,RF/Microwave,학부 과제 및 프로젝트/고주파공학/Cadence Tutorial (3).pdf::page-32::Image259.png,227,203,25,EXACT-0089,COU-ba2a06914c7c,Instructor/Third-Party Material,"Tutorial, instructor material, data sheet, or external template",,
COU-cb5e60835023,RF/Microwave,학부 과제 및 프로젝트/고주파공학/Cadence Tutorial (3).pdf::page-32::Image261.png,396,203,25,EXACT-0090,COU-cb5e60835023,Instructor/Third-Party Material,"Tutorial, instructor material, data sheet, or external template",,
COU-ba7a535dd473,RF/Microwave,학부 과제 및 프로젝트/고주파공학/Cadence Tutorial (3).pdf::page-32::Image263.png,153,203,24,EXACT-0091,COU-ba7a535dd473,Instructor/Third-Party Material,"Tutorial, instructor material, data sheet, or external template",,
COU-9a56041e6332,RF/Microwave,학부 과제 및 프로젝트/고주파공학/Cadence Tutorial (3).pdf::page-32::Image6.png,1726,50,24,EXACT-0001,COU-9a56041e6332,Instructor/Third-Party Material,"Tutorial, instructor material, data sheet, or external template",,
COU-76c1bb603cb2,RF/Microwave,학부 과제 및 프로젝트/고주파공학/Cadence Tutorial (3).pdf::page-33::Image17.png,1946,40,24,EXACT-0003,COU-76c1bb603cb2,Instructor/Third-Party Material,"Tutorial, instructor material, data sheet, or external template",,
COU-bf99b0b988d9,RF/Microwave,학부 과제 및 프로젝트/고주파공학/Cadence Tutorial (3).pdf::page-33::Image267.jpg,1075,423,27,NEAR-0012,COU-bf99b0b988d9,Instructor/Third-Party Material,"Tutorial, instructor material, data sheet, or external template",,
COU-e5640aade748,RF/Microwave,학부 과제 및 프로젝트/고주파공학/Cadence Tutorial (3).pdf::page-33::Image268.png,316,197,25,EXACT-0092,COU-e5640aade748,Instructor/Third-Party Material,"Tutorial, instructor material, data sheet, or external template",,
COU-a4439b83d02d,RF/Microwave,학부 과제 및 프로젝트/고주파공학/Cadence Tutorial (3).pdf::page-33::Image271.jpg,1308,983,30,NEAR-0013,COU-a4439b83d02d,Instructor/Third-Party Material,"Tutorial, instructor material, data sheet, or external template",,
COU-76c1bb603cb2,RF/Microwave,학부 과제 및 프로젝트/고주파공학/Cadence Tutorial (3).pdf::page-34::Image17.png,1946,40,24,EXACT-0003,COU-76c1bb603cb2,Instructor/Third-Party Material,"Tutorial, instructor material, data sheet, or external template",,
COU-e5640aade748,RF/Microwave,학부 과제 및 프로젝트/고주파공학/Cadence Tutorial (3).pdf::page-34::Image268.png,316,197,25,EXACT-0092,COU-e5640aade748,Instructor/Third-Party Material,"Tutorial, instructor material, data sheet, or external template",,
COU-fe9216a2c6e5,RF/Microwave,학부 과제 및 프로젝트/고주파공학/Cadence Tutorial (3).pdf::page-34::Image274.png,784,631,28,EXACT-0093,COU-fe9216a2c6e5,Instructor/Third-Party Material,"Tutorial, instructor material, data sheet, or external template",,
COU-76c1bb603cb2,RF/Microwave,학부 과제 및 프로젝트/고주파공학/Cadence Tutorial (3).pdf::page-35::Image17.png,1946,40,24,EXACT-0003,COU-76c1bb603cb2,Instructor/Third-Party Material,"Tutorial, instructor material, data sheet, or external template",,
COU-e5640aade748,RF/Microwave,학부 과제 및 프로젝트/고주파공학/Cadence Tutorial (3).pdf::page-35::Image268.png,316,197,25,EXACT-0092,COU-e5640aade748,Instructor/Third-Party Material,"Tutorial, instructor material, data sheet, or external template",,
COU-9bea991cd4b9,RF/Microwave,학부 과제 및 프로젝트/고주파공학/Cadence Tutorial (3).pdf::page-35::Image277.png,724,572,27,EXACT-0094,COU-9bea991cd4b9,Instructor/Third-Party Material,"Tutorial, instructor material, data sheet, or external template",,
COU-76c1bb603cb2,RF/Microwave,학부 과제 및 프로젝트/고주파공학/Cadence Tutorial (3).pdf::page-36::Image17.png,1946,40,24,EXACT-0003,COU-76c1bb603cb2,Instructor/Third-Party Material,"Tutorial, instructor material, data sheet, or external template",,
COU-e5640aade748,RF/Microwave,학부 과제 및 프로젝트/고주파공학/Cadence Tutorial (3).pdf::page-36::Image268.png,316,197,25,EXACT-0092,COU-e5640aade748,Instructor/Third-Party Material,"Tutorial, instructor material, data sheet, or external template",,
COU-871f647eb24c,RF/Microwave,학부 과제 및 프로젝트/고주파공학/Cadence Tutorial (3).pdf::page-36::Image280.png,754,564,27,EXACT-0095,COU-871f647eb24c,Instructor/Third-Party Material,"Tutorial, instructor material, data sheet, or external template",,
COU-bcfd97aa37b2,RF/Microwave,학부 과제 및 프로젝트/고주파공학/Cadence Tutorial (3).pdf::page-37::Image283.png,1769,197,25,EXACT-0096,COU-bcfd97aa37b2,Instructor/Third-Party Material,"Tutorial, instructor material, data sheet, or external template",,
COU-23947ec3aa8c,RF/Microwave,학부 과제 및 프로젝트/고주파공학/Cadence Tutorial (3).pdf::page-37::Image285.png,625,112,24,EXACT-0097,COU-23947ec3aa8c,Instructor/Third-Party Material,"Tutorial, instructor material, data sheet, or external template",,
COU-9a56041e6332,RF/Microwave,학부 과제 및 프로젝트/고주파공학/Cadence Tutorial (3).pdf::page-37::Image6.png,1726,50,24,EXACT-0001,COU-9a56041e6332,Instructor/Third-Party Material,"Tutorial, instructor material, data sheet, or external template",,
COU-76c1bb603cb2,RF/Microwave,학부 과제 및 프로젝트/고주파공학/Cadence Tutorial (3).pdf::page-38::Image17.png,1946,40,24,EXACT-0003,COU-76c1bb603cb2,Instructor/Third-Party Material,"Tutorial, instructor material, data sheet, or external template",,
COU-7cbe3818a476,RF/Microwave,학부 과제 및 프로젝트/고주파공학/Cadence Tutorial (3).pdf::page-38::Image289.png,469,197,25,EXACT-0098,COU-7cbe3818a476,Instructor/Third-Party Material,"Tutorial, instructor material, data sheet, or external template",,
COU-dadf98cc5f0c,RF/Microwave,학부 과제 및 프로젝트/고주파공학/Cadence Tutorial (3).pdf::page-38::Image291.png,154,197,24,EXACT-0099,COU-dadf98cc5f0c,Instructor/Third-Party Material,"Tutorial, instructor material, data sheet, or external template",,
COU-fdb7b0c01be0,RF/Microwave,학부 과제 및 프로젝트/고주파공학/Cadence Tutorial (3).pdf::page-38::Image293.png,526,197,25,NEAR-0014,COU-ab56e6348b59,Instructor/Third-Party Material,"Tutorial, instructor material, data sheet, or external template",,
COU-ec67364c7799,RF/Microwave,학부 과제 및 프로젝트/고주파공학/Cadence Tutorial (3).pdf::page-38::Image295.png,476,197,25,NEAR-0015,COU-ec67364c7799,Instructor/Third-Party Material,"Tutorial, instructor material, data sheet, or external template",,
COU-7cbeec144b3b,RF/Microwave,학부 과제 및 프로젝트/고주파공학/Cadence Tutorial (3).pdf::page-38::Image297.png,984,549,27,EXACT-0100,COU-7cbeec144b3b,Instructor/Third-Party Material,"Tutorial, instructor material, data sheet, or external template",,
COU-76c1bb603cb2,RF/Microwave,학부 과제 및 프로젝트/고주파공학/Cadence Tutorial (3).pdf::page-39::Image17.png,1946,40,24,EXACT-0003,COU-76c1bb603cb2,Instructor/Third-Party Material,"Tutorial, instructor material, data sheet, or external template",,
COU-dadf98cc5f0c,RF/Microwave,학부 과제 및 프로젝트/고주파공학/Cadence Tutorial (3).pdf::page-39::Image291.png,154,197,24,EXACT-0099,COU-dadf98cc5f0c,Instructor/Third-Party Material,"Tutorial, instructor material, data sheet, or external template",,
COU-8b732a855931,RF/Microwave,학부 과제 및 프로젝트/고주파공학/Cadence Tutorial (3).pdf::page-39::Image300.png,469,197,25,EXACT-0101,COU-8b732a855931,Instructor/Third-Party Material,"Tutorial, instructor material, data sheet, or external template",,
COU-5ceca7ae6e0e,RF/Microwave,학부 과제 및 프로젝트/고주파공학/Cadence Tutorial (3).pdf::page-39::Image302.png,526,197,25,EXACT-0102,COU-5ceca7ae6e0e,Instructor/Third-Party Material,"Tutorial, instructor material, data sheet, or external template",,
COU-cf112a73983d,RF/Microwave,학부 과제 및 프로젝트/고주파공학/Cadence Tutorial (3).pdf::page-39::Image304.png,476,197,25,EXACT-0103,COU-cf112a73983d,Instructor/Third-Party Material,"Tutorial, instructor material, data sheet, or external template",,
COU-571a11c105e8,RF/Microwave,학부 과제 및 프로젝트/고주파공학/Cadence Tutorial (3).pdf::page-39::Image306.png,761,637,28,EXACT-0104,COU-571a11c105e8,Instructor/Third-Party Material,"Tutorial, instructor material, data sheet, or external template",,
COU-76c1bb603cb2,RF/Microwave,학부 과제 및 프로젝트/고주파공학/Cadence Tutorial (3).pdf::page-3::Image17.png,1946,40,24,EXACT-0003,COU-76c1bb603cb2,Instructor/Third-Party Material,"Tutorial, instructor material, data sheet, or external template",,
COU-374dc295d0ba,RF/Microwave,학부 과제 및 프로젝트/고주파공학/Cadence Tutorial (3).pdf::page-3::Image19.png,295,197,25,EXACT-0004,COU-374dc295d0ba,Instructor/Third-Party Material,"Tutorial, instructor material, data sheet, or external template",,
COU-a280fc219df2,RF/Microwave,학부 과제 및 프로젝트/고주파공학/Cadence Tutorial (3).pdf::page-3::Image26.png,295,197,25,EXACT-0005,COU-a280fc219df2,Instructor/Third-Party Material,"Tutorial, instructor material, data sheet, or external template",,
COU-b06a94d4e190,RF/Microwave,학부 과제 및 프로젝트/고주파공학/Cadence Tutorial (3).pdf::page-3::Image28.png,473,197,25,EXACT-0006,COU-b06a94d4e190,Instructor/Third-Party Material,"Tutorial, instructor material, data sheet, or external template",,
COU-a0622b513984,RF/Microwave,학부 과제 및 프로젝트/고주파공학/Cadence Tutorial (3).pdf::page-3::Image37.png,678,702,28,EXACT-0007,COU-a0622b513984,Instructor/Third-Party Material,"Tutorial, instructor material, data sheet, or external template",,
COU-c2ceaabce727,RF/Microwave,학부 과제 및 프로젝트/고주파공학/Cadence Tutorial (3).pdf::page-3::Image38.png,413,663,26,EXACT-0008,COU-c2ceaabce727,Instructor/Third-Party Material,"Tutorial, instructor material, data sheet, or external template",,
COU-76c1bb603cb2,RF/Microwave,학부 과제 및 프로젝트/고주파공학/Cadence Tutorial (3).pdf::page-40::Image17.png,1946,40,24,EXACT-0003,COU-76c1bb603cb2,Instructor/Third-Party Material,"Tutorial, instructor material, data sheet, or external template",,
COU-dadf98cc5f0c,RF/Microwave,학부 과제 및 프로젝트/고주파공학/Cadence Tutorial (3).pdf::page-40::Image291.png,154,197,24,EXACT-0099,COU-dadf98cc5f0c,Instructor/Third-Party Material,"Tutorial, instructor material, data sheet, or external template",,
COU-8b732a855931,RF/Microwave,학부 과제 및 프로젝트/고주파공학/Cadence Tutorial (3).pdf::page-40::Image300.png,469,197,25,EXACT-0101,COU-8b732a855931,Instructor/Third-Party Material,"Tutorial, instructor material, data sheet, or external template",,
COU-5ceca7ae6e0e,RF/Microwave,학부 과제 및 프로젝트/고주파공학/Cadence Tutorial (3).pdf::page-40::Image302.png,526,197,25,EXACT-0102,COU-5ceca7ae6e0e,Instructor/Third-Party Material,"Tutorial, instructor material, data sheet, or external template",,
COU-cf112a73983d,RF/Microwave,학부 과제 및 프로젝트/고주파공학/Cadence Tutorial (3).pdf::page-40::Image304.png,476,197,25,EXACT-0103,COU-cf112a73983d,Instructor/Third-Party Material,"Tutorial, instructor material, data sheet, or external template",,
COU-1c22d9eacdb2,RF/Microwave,학부 과제 및 프로젝트/고주파공학/Cadence Tutorial (3).pdf::page-40::Image309.png,1282,537,27,EXACT-0105,COU-1c22d9eacdb2,Instructor/Third-Party Material,"Tutorial, instructor material, data sheet, or external template",,
COU-76c1bb603cb2,RF/Microwave,학부 과제 및 프로젝트/고주파공학/Cadence Tutorial (3).pdf::page-41::Image17.png,1946,40,24,EXACT-0003,COU-76c1bb603cb2,Instructor/Third-Party Material,"Tutorial, instructor material, data sheet, or external template",,
COU-dadf98cc5f0c,RF/Microwave,학부 과제 및 프로젝트/고주파공학/Cadence Tutorial (3).pdf::page-41::Image291.png,154,197,24,EXACT-0099,COU-dadf98cc5f0c,Instructor/Third-Party Material,"Tutorial, instructor material, data sheet, or external template",,
COU-8b732a855931,RF/Microwave,학부 과제 및 프로젝트/고주파공학/Cadence Tutorial (3).pdf::page-41::Image300.png,469,197,25,EXACT-0101,COU-8b732a855931,Instructor/Third-Party Material,"Tutorial, instructor material, data sheet, or external template",,
COU-5ceca7ae6e0e,RF/Microwave,학부 과제 및 프로젝트/고주파공학/Cadence Tutorial (3).pdf::page-41::Image302.png,526,197,25,EXACT-0102,COU-5ceca7ae6e0e,Instructor/Third-Party Material,"Tutorial, instructor material, data sheet, or external template",,
COU-d178144ce1a7,RF/Microwave,학부 과제 및 프로젝트/고주파공학/Cadence Tutorial (3).pdf::page-41::Image312.png,983,532,27,EXACT-0106,COU-d178144ce1a7,Instructor/Third-Party Material,"Tutorial, instructor material, data sheet, or external template",,
COU-a55ec99c239d,RF/Microwave,학부 과제 및 프로젝트/고주파공학/Cadence Tutorial (3).pdf::page-41::Image313.png,517,197,25,EXACT-0107,COU-a55ec99c239d,Instructor/Third-Party Material,"Tutorial, instructor material, data sheet, or external template",,
COU-76c1bb603cb2,RF/Microwave,학부 과제 및 프로젝트/고주파공학/Cadence Tutorial (3).pdf::page-42::Image17.png,1946,40,24,EXACT-0003,COU-76c1bb603cb2,Instructor/Third-Party Material,"Tutorial, instructor material, data sheet, or external template",,
COU-dadf98cc5f0c,RF/Microwave,학부 과제 및 프로젝트/고주파공학/Cadence Tutorial (3).pdf::page-42::Image291.png,154,197,24,EXACT-0099,COU-dadf98cc5f0c,Instructor/Third-Party Material,"Tutorial, instructor material, data sheet, or external template",,
COU-8b732a855931,RF/Microwave,학부 과제 및 프로젝트/고주파공학/Cadence Tutorial (3).pdf::page-42::Image300.png,469,197,25,EXACT-0101,COU-8b732a855931,Instructor/Third-Party Material,"Tutorial, instructor material, data sheet, or external template",,
COU-5ceca7ae6e0e,RF/Microwave,학부 과제 및 프로젝트/고주파공학/Cadence Tutorial (3).pdf::page-42::Image302.png,526,197,25,EXACT-0102,COU-5ceca7ae6e0e,Instructor/Third-Party Material,"Tutorial, instructor material, data sheet, or external template",,
COU-a55ec99c239d,RF/Microwave,학부 과제 및 프로젝트/고주파공학/Cadence Tutorial (3).pdf::page-42::Image313.png,517,197,25,EXACT-0107,COU-a55ec99c239d,Instructor/Third-Party Material,"Tutorial, instructor material, data sheet, or external template",,
COU-abf04f2bdc81,RF/Microwave,학부 과제 및 프로젝트/고주파공학/Cadence Tutorial (3).pdf::page-42::Image317.png,822,557,27,EXACT-0108,COU-abf04f2bdc81,Instructor/Third-Party Material,"Tutorial, instructor material, data sheet, or external template",,
COU-76c1bb603cb2,RF/Microwave,학부 과제 및 프로젝트/고주파공학/Cadence Tutorial (3).pdf::page-43::Image17.png,1946,40,24,EXACT-0003,COU-76c1bb603cb2,Instructor/Third-Party Material,"Tutorial, instructor material, data sheet, or external template",,
COU-dadf98cc5f0c,RF/Microwave,학부 과제 및 프로젝트/고주파공학/Cadence Tutorial (3).pdf::page-43::Image291.png,154,197,24,EXACT-0099,COU-dadf98cc5f0c,Instructor/Third-Party Material,"Tutorial, instructor material, data sheet, or external template",,
COU-8b732a855931,RF/Microwave,학부 과제 및 프로젝트/고주파공학/Cadence Tutorial (3).pdf::page-43::Image300.png,469,197,25,EXACT-0101,COU-8b732a855931,Instructor/Third-Party Material,"Tutorial, instructor material, data sheet, or external template",,
COU-5ceca7ae6e0e,RF/Microwave,학부 과제 및 프로젝트/고주파공학/Cadence Tutorial (3).pdf::page-43::Image302.png,526,197,25,EXACT-0102,COU-5ceca7ae6e0e,Instructor/Third-Party Material,"Tutorial, instructor material, data sheet, or external template",,
COU-a55ec99c239d,RF/Microwave,학부 과제 및 프로젝트/고주파공학/Cadence Tutorial (3).pdf::page-43::Image313.png,517,197,25,EXACT-0107,COU-a55ec99c239d,Instructor/Third-Party Material,"Tutorial, instructor material, data sheet, or external template",,
COU-10a24fad4401,RF/Microwave,학부 과제 및 프로젝트/고주파공학/Cadence Tutorial (3).pdf::page-43::Image320.png,827,353,26,EXACT-0109,COU-10a24fad4401,Instructor/Third-Party Material,"Tutorial, instructor material, data sheet, or external template",,
COU-76c1bb603cb2,RF/Microwave,학부 과제 및 프로젝트/고주파공학/Cadence Tutorial (3).pdf::page-44::Image17.png,1946,40,24,EXACT-0003,COU-76c1bb603cb2,Instructor/Third-Party Material,"Tutorial, instructor material, data sheet, or external template",,
COU-575bc2529cb1,RF/Microwave,학부 과제 및 프로젝트/고주파공학/Cadence Tutorial (3).pdf::page-44::Image323.png,984,531,27,EXACT-0110,COU-575bc2529cb1,Instructor/Third-Party Material,"Tutorial, instructor material, data sheet, or external template",,
COU-718e4f33e13c,RF/Microwave,학부 과제 및 프로젝트/고주파공학/Cadence Tutorial (3).pdf::page-44::Image324.png,469,197,25,EXACT-0111,COU-718e4f33e13c,Instructor/Third-Party Material,"Tutorial, instructor material, data sheet, or external template",,
COU-8d2725341e2e,RF/Microwave,학부 과제 및 프로젝트/고주파공학/Cadence Tutorial (3).pdf::page-44::Image326.png,154,197,24,EXACT-0112,COU-8d2725341e2e,Instructor/Third-Party Material,"Tutorial, instructor material, data sheet, or external template",,
COU-d43135a224a5,RF/Microwave,학부 과제 및 프로젝트/고주파공학/Cadence Tutorial (3).pdf::page-44::Image328.png,526,197,25,NEAR-0014,COU-ab56e6348b59,Instructor/Third-Party Material,"Tutorial, instructor material, data sheet, or external template",,
COU-d0cf5d5d034e,RF/Microwave,학부 과제 및 프로젝트/고주파공학/Cadence Tutorial (3).pdf::page-44::Image330.png,453,197,25,NEAR-0015,COU-ec67364c7799,Instructor/Third-Party Material,"Tutorial, instructor material, data sheet, or external template",,
COU-76c1bb603cb2,RF/Microwave,학부 과제 및 프로젝트/고주파공학/Cadence Tutorial (3).pdf::page-45::Image17.png,1946,40,24,EXACT-0003,COU-76c1bb603cb2,Instructor/Third-Party Material,"Tutorial, instructor material, data sheet, or external template",,
COU-718e4f33e13c,RF/Microwave,학부 과제 및 프로젝트/고주파공학/Cadence Tutorial (3).pdf::page-45::Image324.png,469,197,25,EXACT-0111,COU-718e4f33e13c,Instructor/Third-Party Material,"Tutorial, instructor material, data sheet, or external template",,
COU-8d2725341e2e,RF/Microwave,학부 과제 및 프로젝트/고주파공학/Cadence Tutorial (3).pdf::page-45::Image326.png,154,197,24,EXACT-0112,COU-8d2725341e2e,Instructor/Third-Party Material,"Tutorial, instructor material, data sheet, or external template",,
COU-cf4609dd0070,RF/Microwave,학부 과제 및 프로젝트/고주파공학/Cadence Tutorial (3).pdf::page-45::Image334.png,763,560,27,EXACT-0113,COU-cf4609dd0070,Instructor/Third-Party Material,"Tutorial, instructor material, data sheet, or external template",,
COU-6dac65533b39,RF/Microwave,학부 과제 및 프로젝트/고주파공학/Cadence Tutorial (3).pdf::page-45::Image335.png,862,197,25,EXACT-0114,COU-6dac65533b39,Instructor/Third-Party Material,"Tutorial, instructor material, data sheet, or external template",,
COU-76c1bb603cb2,RF/Microwave,학부 과제 및 프로젝트/고주파공학/Cadence Tutorial (3).pdf::page-46::Image17.png,1946,40,24,EXACT-0003,COU-76c1bb603cb2,Instructor/Third-Party Material,"Tutorial, instructor material, data sheet, or external template",,
COU-718e4f33e13c,RF/Microwave,학부 과제 및 프로젝트/고주파공학/Cadence Tutorial (3).pdf::page-46::Image324.png,469,197,25,EXACT-0111,COU-718e4f33e13c,Instructor/Third-Party Material,"Tutorial, instructor material, data sheet, or external template",,
COU-8d2725341e2e,RF/Microwave,학부 과제 및 프로젝트/고주파공학/Cadence Tutorial (3).pdf::page-46::Image326.png,154,197,24,EXACT-0112,COU-8d2725341e2e,Instructor/Third-Party Material,"Tutorial, instructor material, data sheet, or external template",,
COU-6dac65533b39,RF/Microwave,학부 과제 및 프로젝트/고주파공학/Cadence Tutorial (3).pdf::page-46::Image335.png,862,197,25,EXACT-0114,COU-6dac65533b39,Instructor/Third-Party Material,"Tutorial, instructor material, data sheet, or external template",,
COU-9033fb537172,RF/Microwave,학부 과제 및 프로젝트/고주파공학/Cadence Tutorial (3).pdf::page-46::Image339.png,990,362,26,EXACT-0115,COU-9033fb537172,Instructor/Third-Party Material,"Tutorial, instructor material, data sheet, or external template",,
COU-23947ec3aa8c,RF/Microwave,학부 과제 및 프로젝트/고주파공학/Cadence Tutorial (3).pdf::page-47::Image285.png,625,112,24,EXACT-0097,COU-23947ec3aa8c,Instructor/Third-Party Material,"Tutorial, instructor material, data sheet, or external template",,
COU-c6b2a21c57e3,RF/Microwave,학부 과제 및 프로젝트/고주파공학/Cadence Tutorial (3).pdf::page-47::Image342.png,907,197,25,EXACT-0116,COU-c6b2a21c57e3,Instructor/Third-Party Material,"Tutorial, instructor material, data sheet, or external template",,
COU-9a56041e6332,RF/Microwave,학부 과제 및 프로젝트/고주파공학/Cadence Tutorial (3).pdf::page-47::Image6.png,1726,50,24,EXACT-0001,COU-9a56041e6332,Instructor/Third-Party Material,"Tutorial, instructor material, data sheet, or external template",,
COU-76c1bb603cb2,RF/Microwave,학부 과제 및 프로젝트/고주파공학/Cadence Tutorial (3).pdf::page-48::Image17.png,1946,40,24,EXACT-0003,COU-76c1bb603cb2,Instructor/Third-Party Material,"Tutorial, instructor material, data sheet, or external template",,
COU-943d1e586b14,RF/Microwave,학부 과제 및 프로젝트/고주파공학/Cadence Tutorial (3).pdf::page-48::Image346.png,866,197,25,EXACT-0117,COU-943d1e586b14,Instructor/Third-Party Material,"Tutorial, instructor material, data sheet, or external template",,
COU-931c56fb4c3a,RF/Microwave,학부 과제 및 프로젝트/고주파공학/Cadence Tutorial (3).pdf::page-48::Image348.png,810,482,26,EXACT-0118,COU-931c56fb4c3a,Instructor/Third-Party Material,"Tutorial, instructor material, data sheet, or external template",,
COU-a2a4249ea5c9,RF/Microwave,학부 과제 및 프로젝트/고주파공학/Cadence Tutorial (3).pdf::page-48::Image349.png,308,332,25,EXACT-0119,COU-a2a4249ea5c9,Instructor/Third-Party Material,"Tutorial, instructor material, data sheet, or external template",,
COU-76c1bb603cb2,RF/Microwave,학부 과제 및 프로젝트/고주파공학/Cadence Tutorial (3).pdf::page-49::Image17.png,1946,40,24,EXACT-0003,COU-76c1bb603cb2,Instructor/Third-Party Material,"Tutorial, instructor material, data sheet, or external template",,
COU-943d1e586b14,RF/Microwave,학부 과제 및 프로젝트/고주파공학/Cadence Tutorial (3).pdf::page-49::Image346.png,866,197,25,EXACT-0117,COU-943d1e586b14,Instructor/Third-Party Material,"Tutorial, instructor material, data sheet, or external template",,
COU-7bc9f02e99fa,RF/Microwave,학부 과제 및 프로젝트/고주파공학/Cadence Tutorial (3).pdf::page-49::Image352.png,287,326,25,EXACT-0120,COU-7bc9f02e99fa,Instructor/Third-Party Material,"Tutorial, instructor material, data sheet, or external template",,
COU-a7525b32d2f1,RF/Microwave,학부 과제 및 프로젝트/고주파공학/Cadence Tutorial (3).pdf::page-49::Image353.jpg,486,683,26,NEAR-0016,COU-a7525b32d2f1,Instructor/Third-Party Material,"Tutorial, instructor material, data sheet, or external template",,
COU-ec00ae618d9b,RF/Microwave,학부 과제 및 프로젝트/고주파공학/Cadence Tutorial (3).pdf::page-49::Image354.jpg,777,560,27,NEAR-0017,COU-ec00ae618d9b,Instructor/Third-Party Material,"Tutorial, instructor material, data sheet, or external template",,
COU-76c1bb603cb2,RF/Microwave,학부 과제 및 프로젝트/고주파공학/Cadence Tutorial (3).pdf::page-4::Image17.png,1946,40,24,EXACT-0003,COU-76c1bb603cb2,Instructor/Third-Party Material,"Tutorial, instructor material, data sheet, or external template",,
COU-7b7923eedd60,RF/Microwave,학부 과제 및 프로젝트/고주파공학/Cadence Tutorial (3).pdf::page-4::Image47.png,336,113,24,EXACT-0009,COU-7b7923eedd60,Instructor/Third-Party Material,"Tutorial, instructor material, data sheet, or external template",,
COU-892778fd0b67,RF/Microwave,학부 과제 및 프로젝트/고주파공학/Cadence Tutorial (3).pdf::page-4::Image48.png,899,212,25,EXACT-0010,COU-892778fd0b67,Instructor/Third-Party Material,"Tutorial, instructor material, data sheet, or external template",,
COU-a0c5fada50b1,RF/Microwave,학부 과제 및 프로젝트/고주파공학/Cadence Tutorial (3).pdf::page-4::Image49.png,223,197,25,EXACT-0011,COU-a0c5fada50b1,Instructor/Third-Party Material,"Tutorial, instructor material, data sheet, or external template",,
COU-a1b5dd4b0c47,RF/Microwave,학부 과제 및 프로젝트/고주파공학/Cadence Tutorial (3).pdf::page-4::Image51.png,620,197,25,EXACT-0012,COU-a1b5dd4b0c47,Instructor/Third-Party Material,"Tutorial, instructor material, data sheet, or external template",,
COU-2594ee87868c,RF/Microwave,학부 과제 및 프로젝트/고주파공학/Cadence Tutorial (3).pdf::page-4::Image53.png,295,197,25,EXACT-0013,COU-2594ee87868c,Instructor/Third-Party Material,"Tutorial, instructor material, data sheet, or external template",,
COU-4ff6e8911480,RF/Microwave,학부 과제 및 프로젝트/고주파공학/Cadence Tutorial (3).pdf::page-4::Image55.png,641,270,25,EXACT-0014,COU-4ff6e8911480,Instructor/Third-Party Material,"Tutorial, instructor material, data sheet, or external template",,
COU-76c1bb603cb2,RF/Microwave,학부 과제 및 프로젝트/고주파공학/Cadence Tutorial (3).pdf::page-50::Image17.png,1946,40,24,EXACT-0003,COU-76c1bb603cb2,Instructor/Third-Party Material,"Tutorial, instructor material, data sheet, or external template",,
COU-dadf98cc5f0c,RF/Microwave,학부 과제 및 프로젝트/고주파공학/Cadence Tutorial (3).pdf::page-50::Image291.png,154,197,24,EXACT-0099,COU-dadf98cc5f0c,Instructor/Third-Party Material,"Tutorial, instructor material, data sheet, or external template",,
COU-1d07eebd66d4,RF/Microwave,학부 과제 및 프로젝트/고주파공학/Cadence Tutorial (3).pdf::page-50::Image357.png,779,557,27,EXACT-0121,COU-1d07eebd66d4,Instructor/Third-Party Material,"Tutorial, instructor material, data sheet, or external template",,electrical-engineering-coursework-portfolio:docs/gallery/rf-microwave/microstrip-stackup-editor.png
COU-0c87fab108e5,RF/Microwave,학부 과제 및 프로젝트/고주파공학/Cadence Tutorial (3).pdf::page-50::Image358.png,693,197,25,EXACT-0122,COU-0c87fab108e5,Instructor/Third-Party Material,"Tutorial, instructor material, data sheet, or external template",,
COU-2b6af8339f67,RF/Microwave,학부 과제 및 프로젝트/고주파공학/Cadence Tutorial (3).pdf::page-50::Image360.png,588,197,25,EXACT-0123,COU-2b6af8339f67,Instructor/Third-Party Material,"Tutorial, instructor material, data sheet, or external template",,
COU-fcad29150551,RF/Microwave,학부 과제 및 프로젝트/고주파공학/Cadence Tutorial (3).pdf::page-50::Image362.png,512,197,25,EXACT-0124,COU-fcad29150551,Instructor/Third-Party Material,"Tutorial, instructor material, data sheet, or external template",,
COU-ff2332d43f15,RF/Microwave,학부 과제 및 프로젝트/고주파공학/Cadence Tutorial (3).pdf::page-50::Image364.jpg,779,558,27,NEAR-0018,COU-ff2332d43f15,Instructor/Third-Party Material,"Tutorial, instructor material, data sheet, or external template",,
COU-76c1bb603cb2,RF/Microwave,학부 과제 및 프로젝트/고주파공학/Cadence Tutorial (3).pdf::page-51::Image17.png,1946,40,24,EXACT-0003,COU-76c1bb603cb2,Instructor/Third-Party Material,"Tutorial, instructor material, data sheet, or external template",,
COU-dadf98cc5f0c,RF/Microwave,학부 과제 및 프로젝트/고주파공학/Cadence Tutorial (3).pdf::page-51::Image291.png,154,197,24,EXACT-0099,COU-dadf98cc5f0c,Instructor/Third-Party Material,"Tutorial, instructor material, data sheet, or external template",,
COU-0c87fab108e5,RF/Microwave,학부 과제 및 프로젝트/고주파공학/Cadence Tutorial (3).pdf::page-51::Image358.png,693,197,25,EXACT-0122,COU-0c87fab108e5,Instructor/Third-Party Material,"Tutorial, instructor material, data sheet, or external template",,
COU-2b6af8339f67,RF/Microwave,학부 과제 및 프로젝트/고주파공학/Cadence Tutorial (3).pdf::page-51::Image360.png,588,197,25,EXACT-0123,COU-2b6af8339f67,Instructor/Third-Party Material,"Tutorial, instructor material, data sheet, or external template",,
COU-fcad29150551,RF/Microwave,학부 과제 및 프로젝트/고주파공학/Cadence Tutorial (3).pdf::page-51::Image362.png,512,197,25,EXACT-0124,COU-fcad29150551,Instructor/Third-Party Material,"Tutorial, instructor material, data sheet, or external template",,
COU-c9e607986c93,RF/Microwave,학부 과제 및 프로젝트/고주파공학/Cadence Tutorial (3).pdf::page-51::Image367.png,774,556,27,EXACT-0125,COU-c9e607986c93,Instructor/Third-Party Material,"Tutorial, instructor material, data sheet, or external template",,
COU-6dff317364fb,RF/Microwave,학부 과제 및 프로젝트/고주파공학/Cadence Tutorial (3).pdf::page-51::Image368.jpg,776,555,27,NEAR-0019,COU-6dff317364fb,Instructor/Third-Party Material,"Tutorial, instructor material, data sheet, or external template",,
COU-76c1bb603cb2,RF/Microwave,학부 과제 및 프로젝트/고주파공학/Cadence Tutorial (3).pdf::page-52::Image17.png,1946,40,24,EXACT-0003,COU-76c1bb603cb2,Instructor/Third-Party Material,"Tutorial, instructor material, data sheet, or external template",,
COU-dadf98cc5f0c,RF/Microwave,학부 과제 및 프로젝트/고주파공학/Cadence Tutorial (3).pdf::page-52::Image291.png,154,197,24,EXACT-0099,COU-dadf98cc5f0c,Instructor/Third-Party Material,"Tutorial, instructor material, data sheet, or external template",,
COU-0c87fab108e5,RF/Microwave,학부 과제 및 프로젝트/고주파공학/Cadence Tutorial (3).pdf::page-52::Image358.png,693,197,25,EXACT-0122,COU-0c87fab108e5,Instructor/Third-Party Material,"Tutorial, instructor material, data sheet, or external template",,
COU-2b6af8339f67,RF/Microwave,학부 과제 및 프로젝트/고주파공학/Cadence Tutorial (3).pdf::page-52::Image360.png,588,197,25,EXACT-0123,COU-2b6af8339f67,Instructor/Third-Party Material,"Tutorial, instructor material, data sheet, or external template",,
COU-fcad29150551,RF/Microwave,학부 과제 및 프로젝트/고주파공학/Cadence Tutorial (3).pdf::page-52::Image362.png,512,197,25,EXACT-0124,COU-fcad29150551,Instructor/Third-Party Material,"Tutorial, instructor material, data sheet, or external template",,
COU-f972a450a19d,RF/Microwave,학부 과제 및 프로젝트/고주파공학/Cadence Tutorial (3).pdf::page-52::Image371.jpg,484,682,26,NEAR-0020,COU-f972a450a19d,Instructor/Third-Party Material,"Tutorial, instructor material, data sheet, or external template",,
COU-0e5291756d8e,RF/Microwave,학부 과제 및 프로젝트/고주파공학/Cadence Tutorial (3).pdf::page-52::Image372.jpg,1285,613,28,NEAR-0021,COU-0e5291756d8e,Instructor/Third-Party Material,"Tutorial, instructor material, data sheet, or external template",,
COU-aa2ca790f71b,RF/Microwave,학부 과제 및 프로젝트/고주파공학/Cadence Tutorial (3).pdf::page-52::Image373.png,223,154,24,EXACT-0126,COU-aa2ca790f71b,Instructor/Third-Party Material,"Tutorial, instructor material, data sheet, or external template",,
COU-b6575361690e,RF/Microwave,학부 과제 및 프로젝트/고주파공학/Cadence Tutorial (3).pdf::page-52::Image374.png,181,267,25,EXACT-0127,COU-b6575361690e,Instructor/Third-Party Material,"Tutorial, instructor material, data sheet, or external template",,
COU-76c1bb603cb2,RF/Microwave,학부 과제 및 프로젝트/고주파공학/Cadence Tutorial (3).pdf::page-53::Image17.png,1946,40,24,EXACT-0003,COU-76c1bb603cb2,Instructor/Third-Party Material,"Tutorial, instructor material, data sheet, or external template",,
COU-413a5fb89715,RF/Microwave,학부 과제 및 프로젝트/고주파공학/Cadence Tutorial (3).pdf::page-53::Image377.png,744,149,24,EXACT-0128,COU-413a5fb89715,Instructor/Third-Party Material,"Tutorial, instructor material, data sheet, or external template",,
COU-7c03555a5c5c,RF/Microwave,학부 과제 및 프로젝트/고주파공학/Cadence Tutorial (3).pdf::page-53::Image379.png,116,149,24,EXACT-0129,COU-7c03555a5c5c,Instructor/Third-Party Material,"Tutorial, instructor material, data sheet, or external template",,
COU-bd2f140122b8,RF/Microwave,학부 과제 및 프로젝트/고주파공학/Cadence Tutorial (3).pdf::page-53::Image381.png,414,149,24,EXACT-0130,COU-bd2f140122b8,Instructor/Third-Party Material,"Tutorial, instructor material, data sheet, or external template",,
COU-5aed30d2e96a,RF/Microwave,학부 과제 및 프로젝트/고주파공학/Cadence Tutorial (3).pdf::page-53::Image383.png,218,149,24,EXACT-0131,COU-5aed30d2e96a,Instructor/Third-Party Material,"Tutorial, instructor material, data sheet, or external template",,
COU-05dec18fd1cc,RF/Microwave,학부 과제 및 프로젝트/고주파공학/Cadence Tutorial (3).pdf::page-53::Image385.png,760,514,26,EXACT-0132,COU-05dec18fd1cc,Instructor/Third-Party Material,"Tutorial, instructor material, data sheet, or external template",,
COU-76c1bb603cb2,RF/Microwave,학부 과제 및 프로젝트/고주파공학/Cadence Tutorial (3).pdf::page-54::Image17.png,1946,40,24,EXACT-0003,COU-76c1bb603cb2,Instructor/Third-Party Material,"Tutorial, instructor material, data sheet, or external template",,
COU-dadf98cc5f0c,RF/Microwave,학부 과제 및 프로젝트/고주파공학/Cadence Tutorial (3).pdf::page-54::Image291.png,154,197,24,EXACT-0099,COU-dadf98cc5f0c,Instructor/Third-Party Material,"Tutorial, instructor material, data sheet, or external template",,
COU-0c87fab108e5,RF/Microwave,학부 과제 및 프로젝트/고주파공학/Cadence Tutorial (3).pdf::page-54::Image358.png,693,197,25,EXACT-0122,COU-0c87fab108e5,Instructor/Third-Party Material,"Tutorial, instructor material, data sheet, or external template",,
COU-2b6af8339f67,RF/Microwave,학부 과제 및 프로젝트/고주파공학/Cadence Tutorial (3).pdf::page-54::Image360.png,588,197,25,EXACT-0123,COU-2b6af8339f67,Instructor/Third-Party Material,"Tutorial, instructor material, data sheet, or external template",,
COU-fcad29150551,RF/Microwave,학부 과제 및 프로젝트/고주파공학/Cadence Tutorial (3).pdf::page-54::Image362.png,512,197,25,EXACT-0124,COU-fcad29150551,Instructor/Third-Party Material,"Tutorial, instructor material, data sheet, or external template",,
COU-eadbe3d247bd,RF/Microwave,학부 과제 및 프로젝트/고주파공학/Cadence Tutorial (3).pdf::page-54::Image390.jpg,960,647,28,NEAR-0022,COU-eadbe3d247bd,Instructor/Third-Party Material,"Tutorial, instructor material, data sheet, or external template",,
COU-76c1bb603cb2,RF/Microwave,학부 과제 및 프로젝트/고주파공학/Cadence Tutorial (3).pdf::page-55::Image17.png,1946,40,24,EXACT-0003,COU-76c1bb603cb2,Instructor/Third-Party Material,"Tutorial, instructor material, data sheet, or external template",,
COU-dadf98cc5f0c,RF/Microwave,학부 과제 및 프로젝트/고주파공학/Cadence Tutorial (3).pdf::page-55::Image291.png,154,197,24,EXACT-0099,COU-dadf98cc5f0c,Instructor/Third-Party Material,"Tutorial, instructor material, data sheet, or external template",,
COU-0c87fab108e5,RF/Microwave,학부 과제 및 프로젝트/고주파공학/Cadence Tutorial (3).pdf::page-55::Image358.png,693,197,25,EXACT-0122,COU-0c87fab108e5,Instructor/Third-Party Material,"Tutorial, instructor material, data sheet, or external template",,
COU-2b6af8339f67,RF/Microwave,학부 과제 및 프로젝트/고주파공학/Cadence Tutorial (3).pdf::page-55::Image360.png,588,197,25,EXACT-0123,COU-2b6af8339f67,Instructor/Third-Party Material,"Tutorial, instructor material, data sheet, or external template",,
COU-fcad29150551,RF/Microwave,학부 과제 및 프로젝트/고주파공학/Cadence Tutorial (3).pdf::page-55::Image362.png,512,197,25,EXACT-0124,COU-fcad29150551,Instructor/Third-Party Material,"Tutorial, instructor material, data sheet, or external template",,
COU-155165727999,RF/Microwave,학부 과제 및 프로젝트/고주파공학/Cadence Tutorial (3).pdf::page-55::Image393.png,899,550,27,EXACT-0133,COU-155165727999,Instructor/Third-Party Material,"Tutorial, instructor material, data sheet, or external template",,
COU-be9a820d9375,RF/Microwave,학부 과제 및 프로젝트/고주파공학/Cadence Tutorial (3).pdf::page-55::Image394.jpg,713,449,26,NEAR-0023,COU-be9a820d9375,Instructor/Third-Party Material,"Tutorial, instructor material, data sheet, or external template",,
COU-76c1bb603cb2,RF/Microwave,학부 과제 및 프로젝트/고주파공학/Cadence Tutorial (3).pdf::page-56::Image17.png,1946,40,24,EXACT-0003,COU-76c1bb603cb2,Instructor/Third-Party Material,"Tutorial, instructor material, data sheet, or external template",,
COU-dadf98cc5f0c,RF/Microwave,학부 과제 및 프로젝트/고주파공학/Cadence Tutorial (3).pdf::page-56::Image291.png,154,197,24,EXACT-0099,COU-dadf98cc5f0c,Instructor/Third-Party Material,"Tutorial, instructor material, data sheet, or external template",,
COU-0c87fab108e5,RF/Microwave,학부 과제 및 프로젝트/고주파공학/Cadence Tutorial (3).pdf::page-56::Image358.png,693,197,25,EXACT-0122,COU-0c87fab108e5,Instructor/Third-Party Material,"Tutorial, instructor material, data sheet, or external template",,
COU-2b6af8339f67,RF/Microwave,학부 과제 및 프로젝트/고주파공학/Cadence Tutorial (3).pdf::page-56::Image360.png,588,197,25,EXACT-0123,COU-2b6af8339f67,Instructor/Third-Party Material,"Tutorial, instructor material, data sheet, or external template",,
COU-fcad29150551,RF/Microwave,학부 과제 및 프로젝트/고주파공학/Cadence Tutorial (3).pdf::page-56::Image362.png,512,197,25,EXACT-0124,COU-fcad29150551,Instructor/Third-Party Material,"Tutorial, instructor material, data sheet, or external template",,
COU-724fb9a3dc43,RF/Microwave,학부 과제 및 프로젝트/고주파공학/Cadence Tutorial (3).pdf::page-56::Image397.jpg,691,500,26,NEAR-0006,COU-724fb9a3dc43,Instructor/Third-Party Material,"Tutorial, instructor material, data sheet, or external template",,
COU-33365d5d2d00,RF/Microwave,학부 과제 및 프로젝트/고주파공학/Cadence Tutorial (3).pdf::page-56::Image398.png,410,1023,27,EXACT-0134,COU-33365d5d2d00,Instructor/Third-Party Material,"Tutorial, instructor material, data sheet, or external template",,
COU-76c1bb603cb2,RF/Microwave,학부 과제 및 프로젝트/고주파공학/Cadence Tutorial (3).pdf::page-57::Image17.png,1946,40,24,EXACT-0003,COU-76c1bb603cb2,Instructor/Third-Party Material,"Tutorial, instructor material, data sheet, or external template",,
COU-dadf98cc5f0c,RF/Microwave,학부 과제 및 프로젝트/고주파공학/Cadence Tutorial (3).pdf::page-57::Image291.png,154,197,24,EXACT-0099,COU-dadf98cc5f0c,Instructor/Third-Party Material,"Tutorial, instructor material, data sheet, or external template",,
COU-0c87fab108e5,RF/Microwave,학부 과제 및 프로젝트/고주파공학/Cadence Tutorial (3).pdf::page-57::Image358.png,693,197,25,EXACT-0122,COU-0c87fab108e5,Instructor/Third-Party Material,"Tutorial, instructor material, data sheet, or external template",,
COU-2b6af8339f67,RF/Microwave,학부 과제 및 프로젝트/고주파공학/Cadence Tutorial (3).pdf::page-57::Image360.png,588,197,25,EXACT-0123,COU-2b6af8339f67,Instructor/Third-Party Material,"Tutorial, instructor material, data sheet, or external template",,
COU-fcad29150551,RF/Microwave,학부 과제 및 프로젝트/고주파공학/Cadence Tutorial (3).pdf::page-57::Image362.png,512,197,25,EXACT-0124,COU-fcad29150551,Instructor/Third-Party Material,"Tutorial, instructor material, data sheet, or external template",,
COU-e104f6ef1ecb,RF/Microwave,학부 과제 및 프로젝트/고주파공학/Cadence Tutorial (3).pdf::page-57::Image401.jpg,982,627,28,NEAR-0024,COU-e104f6ef1ecb,Instructor/Third-Party Material,"Tutorial, instructor material, data sheet, or external template",,
COU-76c1bb603cb2,RF/Microwave,학부 과제 및 프로젝트/고주파공학/Cadence Tutorial (3).pdf::page-58::Image17.png,1946,40,24,EXACT-0003,COU-76c1bb603cb2,Instructor/Third-Party Material,"Tutorial, instructor material, data sheet, or external template",,
COU-dadf98cc5f0c,RF/Microwave,학부 과제 및 프로젝트/고주파공학/Cadence Tutorial (3).pdf::page-58::Image291.png,154,197,24,EXACT-0099,COU-dadf98cc5f0c,Instructor/Third-Party Material,"Tutorial, instructor material, data sheet, or external template",,
COU-0c87fab108e5,RF/Microwave,학부 과제 및 프로젝트/고주파공학/Cadence Tutorial (3).pdf::page-58::Image358.png,693,197,25,EXACT-0122,COU-0c87fab108e5,Instructor/Third-Party Material,"Tutorial, instructor material, data sheet, or external template",,
COU-2b6af8339f67,RF/Microwave,학부 과제 및 프로젝트/고주파공학/Cadence Tutorial (3).pdf::page-58::Image360.png,588,197,25,EXACT-0123,COU-2b6af8339f67,Instructor/Third-Party Material,"Tutorial, instructor material, data sheet, or external template",,
COU-fcad29150551,RF/Microwave,학부 과제 및 프로젝트/고주파공학/Cadence Tutorial (3).pdf::page-58::Image362.png,512,197,25,EXACT-0124,COU-fcad29150551,Instructor/Third-Party Material,"Tutorial, instructor material, data sheet, or external template",,
COU-5eb0185d2ccc,RF/Microwave,학부 과제 및 프로젝트/고주파공학/Cadence Tutorial (3).pdf::page-58::Image404.jpg,999,828,28,NEAR-0025,COU-5eb0185d2ccc,Instructor/Third-Party Material,"Tutorial, instructor material, data sheet, or external template",,
COU-3233fe9c667d,RF/Microwave,학부 과제 및 프로젝트/고주파공학/Cadence Tutorial (3).pdf::page-58::Image405.png,901,719,28,EXACT-0135,COU-3233fe9c667d,Instructor/Third-Party Material,"Tutorial, instructor material, data sheet, or external template",,
COU-76c1bb603cb2,RF/Microwave,학부 과제 및 프로젝트/고주파공학/Cadence Tutorial (3).pdf::page-59::Image17.png,1946,40,24,EXACT-0003,COU-76c1bb603cb2,Instructor/Third-Party Material,"Tutorial, instructor material, data sheet, or external template",,
COU-dadf98cc5f0c,RF/Microwave,학부 과제 및 프로젝트/고주파공학/Cadence Tutorial (3).pdf::page-59::Image291.png,154,197,24,EXACT-0099,COU-dadf98cc5f0c,Instructor/Third-Party Material,"Tutorial, instructor material, data sheet, or external template",,
COU-0c87fab108e5,RF/Microwave,학부 과제 및 프로젝트/고주파공학/Cadence Tutorial (3).pdf::page-59::Image358.png,693,197,25,EXACT-0122,COU-0c87fab108e5,Instructor/Third-Party Material,"Tutorial, instructor material, data sheet, or external template",,
COU-2b6af8339f67,RF/Microwave,학부 과제 및 프로젝트/고주파공학/Cadence Tutorial (3).pdf::page-59::Image360.png,588,197,25,EXACT-0123,COU-2b6af8339f67,Instructor/Third-Party Material,"Tutorial, instructor material, data sheet, or external template",,
COU-fcad29150551,RF/Microwave,학부 과제 및 프로젝트/고주파공학/Cadence Tutorial (3).pdf::page-59::Image362.png,512,197,25,EXACT-0124,COU-fcad29150551,Instructor/Third-Party Material,"Tutorial, instructor material, data sheet, or external template",,
COU-ce1e95dff4be,RF/Microwave,학부 과제 및 프로젝트/고주파공학/Cadence Tutorial (3).pdf::page-59::Image408.png,995,807,28,EXACT-0136,COU-ce1e95dff4be,Instructor/Third-Party Material,"Tutorial, instructor material, data sheet, or external template",,
COU-0e4f71d2086e,RF/Microwave,학부 과제 및 프로젝트/고주파공학/Cadence Tutorial (3).pdf::page-59::Image409.png,897,716,28,EXACT-0137,COU-0e4f71d2086e,Instructor/Third-Party Material,"Tutorial, instructor material, data sheet, or external template",,
COU-76c1bb603cb2,RF/Microwave,학부 과제 및 프로젝트/고주파공학/Cadence Tutorial (3).pdf::page-5::Image17.png,1946,40,24,EXACT-0003,COU-76c1bb603cb2,Instructor/Third-Party Material,"Tutorial, instructor material, data sheet, or external template",,
COU-374dc295d0ba,RF/Microwave,학부 과제 및 프로젝트/고주파공학/Cadence Tutorial (3).pdf::page-5::Image19.png,295,197,25,EXACT-0004,COU-374dc295d0ba,Instructor/Third-Party Material,"Tutorial, instructor material, data sheet, or external template",,
COU-a280fc219df2,RF/Microwave,학부 과제 및 프로젝트/고주파공학/Cadence Tutorial (3).pdf::page-5::Image26.png,295,197,25,EXACT-0005,COU-a280fc219df2,Instructor/Third-Party Material,"Tutorial, instructor material, data sheet, or external template",,
COU-b06a94d4e190,RF/Microwave,학부 과제 및 프로젝트/고주파공학/Cadence Tutorial (3).pdf::page-5::Image28.png,473,197,25,EXACT-0006,COU-b06a94d4e190,Instructor/Third-Party Material,"Tutorial, instructor material, data sheet, or external template",,
COU-95c007bc3697,RF/Microwave,학부 과제 및 프로젝트/고주파공학/Cadence Tutorial (3).pdf::page-5::Image58.jpg,375,152,24,NEAR-0001,COU-95c007bc3697,Instructor/Third-Party Material,"Tutorial, instructor material, data sheet, or external template",,
COU-0d1847fddb80,RF/Microwave,학부 과제 및 프로젝트/고주파공학/Cadence Tutorial (3).pdf::page-5::Image59.png,618,209,25,EXACT-0015,COU-0d1847fddb80,Instructor/Third-Party Material,"Tutorial, instructor material, data sheet, or external template",,
COU-76c1bb603cb2,RF/Microwave,학부 과제 및 프로젝트/고주파공학/Cadence Tutorial (3).pdf::page-6::Image17.png,1946,40,24,EXACT-0003,COU-76c1bb603cb2,Instructor/Third-Party Material,"Tutorial, instructor material, data sheet, or external template",,
COU-ee743fbb79d4,RF/Microwave,학부 과제 및 프로젝트/고주파공학/Cadence Tutorial (3).pdf::page-6::Image62.png,1249,341,26,EXACT-0016,COU-ee743fbb79d4,Instructor/Third-Party Material,"Tutorial, instructor material, data sheet, or external template",,
COU-f8a66f3fddc1,RF/Microwave,학부 과제 및 프로젝트/고주파공학/Cadence Tutorial (3).pdf::page-6::Image63.png,295,197,25,EXACT-0017,COU-f8a66f3fddc1,Instructor/Third-Party Material,"Tutorial, instructor material, data sheet, or external template",,
COU-3186fe20ac70,RF/Microwave,학부 과제 및 프로젝트/고주파공학/Cadence Tutorial (3).pdf::page-6::Image65.png,295,197,25,EXACT-0018,COU-3186fe20ac70,Instructor/Third-Party Material,"Tutorial, instructor material, data sheet, or external template",,
COU-ad3cb815f16c,RF/Microwave,학부 과제 및 프로젝트/고주파공학/Cadence Tutorial (3).pdf::page-6::Image67.png,473,197,25,EXACT-0019,COU-ad3cb815f16c,Instructor/Third-Party Material,"Tutorial, instructor material, data sheet, or external template",,
COU-76c1bb603cb2,RF/Microwave,학부 과제 및 프로젝트/고주파공학/Cadence Tutorial (3).pdf::page-7::Image17.png,1946,40,24,EXACT-0003,COU-76c1bb603cb2,Instructor/Third-Party Material,"Tutorial, instructor material, data sheet, or external template",,
COU-1b4e6d218e63,RF/Microwave,학부 과제 및 프로젝트/고주파공학/Cadence Tutorial (3).pdf::page-7::Image78.png,764,197,25,EXACT-0020,COU-1b4e6d218e63,Instructor/Third-Party Material,"Tutorial, instructor material, data sheet, or external template",,
COU-aa7711a9f576,RF/Microwave,학부 과제 및 프로젝트/고주파공학/Cadence Tutorial (3).pdf::page-7::Image80.png,1260,751,28,EXACT-0021,COU-aa7711a9f576,Instructor/Third-Party Material,"Tutorial, instructor material, data sheet, or external template",,
COU-76c1bb603cb2,RF/Microwave,학부 과제 및 프로젝트/고주파공학/Cadence Tutorial (3).pdf::page-8::Image17.png,1946,40,24,EXACT-0003,COU-76c1bb603cb2,Instructor/Third-Party Material,"Tutorial, instructor material, data sheet, or external template",,
COU-0be389cb3280,RF/Microwave,학부 과제 및 프로젝트/고주파공학/Cadence Tutorial (3).pdf::page-8::Image83.png,562,197,25,EXACT-0022,COU-0be389cb3280,Instructor/Third-Party Material,"Tutorial, instructor material, data sheet, or external template",,
COU-403c024a7ce1,RF/Microwave,학부 과제 및 프로젝트/고주파공학/Cadence Tutorial (3).pdf::page-8::Image85.png,295,197,25,EXACT-0023,COU-403c024a7ce1,Instructor/Third-Party Material,"Tutorial, instructor material, data sheet, or external template",,
COU-2aa2c609b2a9,RF/Microwave,학부 과제 및 프로젝트/고주파공학/Cadence Tutorial (3).pdf::page-8::Image87.png,741,515,26,EXACT-0024,COU-2aa2c609b2a9,Instructor/Third-Party Material,"Tutorial, instructor material, data sheet, or external template",,
COU-35efa11a34e4,RF/Microwave,학부 과제 및 프로젝트/고주파공학/Cadence Tutorial (3).pdf::page-8::Image88.png,599,468,26,EXACT-0025,COU-35efa11a34e4,Instructor/Third-Party Material,"Tutorial, instructor material, data sheet, or external template",,
COU-ad3adbb67a6d,RF/Microwave,학부 과제 및 프로젝트/고주파공학/Cadence Tutorial (3).pdf::page-8::Image89.png,612,515,26,EXACT-0026,COU-ad3adbb67a6d,Instructor/Third-Party Material,"Tutorial, instructor material, data sheet, or external template",,
COU-76c1bb603cb2,RF/Microwave,학부 과제 및 프로젝트/고주파공학/Cadence Tutorial (3).pdf::page-9::Image17.png,1946,40,24,EXACT-0003,COU-76c1bb603cb2,Instructor/Third-Party Material,"Tutorial, instructor material, data sheet, or external template",,
COU-0be389cb3280,RF/Microwave,학부 과제 및 프로젝트/고주파공학/Cadence Tutorial (3).pdf::page-9::Image83.png,562,197,25,EXACT-0022,COU-0be389cb3280,Instructor/Third-Party Material,"Tutorial, instructor material, data sheet, or external template",,
COU-403c024a7ce1,RF/Microwave,학부 과제 및 프로젝트/고주파공학/Cadence Tutorial (3).pdf::page-9::Image85.png,295,197,25,EXACT-0023,COU-403c024a7ce1,Instructor/Third-Party Material,"Tutorial, instructor material, data sheet, or external template",,
COU-973015cff867,RF/Microwave,학부 과제 및 프로젝트/고주파공학/Cadence Tutorial (3).pdf::page-9::Image92.png,198,366,25,EXACT-0027,COU-973015cff867,Instructor/Third-Party Material,"Tutorial, instructor material, data sheet, or external template",,
COU-bf7e1efbceda,RF/Microwave,학부 과제 및 프로젝트/고주파공학/Cadence Tutorial (3).pdf::page-9::Image93.png,502,588,26,EXACT-0028,COU-bf7e1efbceda,Instructor/Third-Party Material,"Tutorial, instructor material, data sheet, or external template",,
COU-153126f2c1c1,RF/Microwave,학부 과제 및 프로젝트/고주파공학/Cadence Tutorial (3).pdf::page-9::Image94.png,364,182,25,EXACT-0029,COU-153126f2c1c1,Instructor/Third-Party Material,"Tutorial, instructor material, data sheet, or external template",,
COU-386808be0c28,RF/Microwave,학부 과제 및 프로젝트/고주파공학/Cadence Tutorial (3).pdf::page-9::Image95.png,405,210,25,EXACT-0030,COU-386808be0c28,Instructor/Third-Party Material,"Tutorial, instructor material, data sheet, or external template",,
COU-2fa1843569cb,RF/Microwave,학부 과제 및 프로젝트/고주파공학/Cadence Tutorial2 (1).pdf::page-10::Image101.png,295,197,25,EXACT-0033,COU-2fa1843569cb,Instructor/Third-Party Material,"Tutorial, instructor material, data sheet, or external template",,
COU-2338b6a51ad1,RF/Microwave,학부 과제 및 프로젝트/고주파공학/Cadence Tutorial2 (1).pdf::page-10::Image103.png,384,197,25,EXACT-0034,COU-2338b6a51ad1,Instructor/Third-Party Material,"Tutorial, instructor material, data sheet, or external template",,
COU-81c368b37bfe,RF/Microwave,학부 과제 및 프로젝트/고주파공학/Cadence Tutorial2 (1).pdf::page-10::Image105.png,363,434,26,EXACT-0035,COU-81c368b37bfe,Instructor/Third-Party Material,"Tutorial, instructor material, data sheet, or external template",,
COU-c27a57516b59,RF/Microwave,학부 과제 및 프로젝트/고주파공학/Cadence Tutorial2 (1).pdf::page-10::Image106.png,284,353,25,EXACT-0036,COU-c27a57516b59,Instructor/Third-Party Material,"Tutorial, instructor material, data sheet, or external template",,
COU-1494b184fc12,RF/Microwave,학부 과제 및 프로젝트/고주파공학/Cadence Tutorial2 (1).pdf::page-10::Image17.png,1946,40,24,EXACT-0139,COU-1494b184fc12,Instructor/Third-Party Material,"Tutorial, instructor material, data sheet, or external template",,
COU-b40e7d9c843b,RF/Microwave,학부 과제 및 프로젝트/고주파공학/Cadence Tutorial2 (1).pdf::page-10::Image98.png,309,342,25,EXACT-0031,COU-b40e7d9c843b,Instructor/Third-Party Material,"Tutorial, instructor material, data sheet, or external template",,
COU-3b90f21a79d1,RF/Microwave,학부 과제 및 프로젝트/고주파공학/Cadence Tutorial2 (1).pdf::page-10::Image99.png,303,197,25,EXACT-0032,COU-3b90f21a79d1,Instructor/Third-Party Material,"Tutorial, instructor material, data sheet, or external template",,
COU-f5c6d3850af7,RF/Microwave,학부 과제 및 프로젝트/고주파공학/Cadence Tutorial2 (1).pdf::page-11::Image109.png,295,197,25,EXACT-0037,COU-f5c6d3850af7,Instructor/Third-Party Material,"Tutorial, instructor material, data sheet, or external template",,
COU-e7c0e31e4186,RF/Microwave,학부 과제 및 프로젝트/고주파공학/Cadence Tutorial2 (1).pdf::page-11::Image111.png,473,197,25,EXACT-0038,COU-e7c0e31e4186,Instructor/Third-Party Material,"Tutorial, instructor material, data sheet, or external template",,
COU-7af1e9c24abe,RF/Microwave,학부 과제 및 프로젝트/고주파공학/Cadence Tutorial2 (1).pdf::page-11::Image113.png,1006,435,27,EXACT-0039,COU-7af1e9c24abe,Instructor/Third-Party Material,"Tutorial, instructor material, data sheet, or external template",,
COU-9c69d84cd222,RF/Microwave,학부 과제 및 프로젝트/고주파공학/Cadence Tutorial2 (1).pdf::page-11::Image114.jpg,885,546,27,NEAR-0002,COU-0ddd0be816f8,Instructor/Third-Party Material,"Tutorial, instructor material, data sheet, or external template",,
COU-1494b184fc12,RF/Microwave,학부 과제 및 프로젝트/고주파공학/Cadence Tutorial2 (1).pdf::page-11::Image17.png,1946,40,24,EXACT-0139,COU-1494b184fc12,Instructor/Third-Party Material,"Tutorial, instructor material, data sheet, or external template",,
COU-f5c6d3850af7,RF/Microwave,학부 과제 및 프로젝트/고주파공학/Cadence Tutorial2 (1).pdf::page-12::Image109.png,295,197,25,EXACT-0037,COU-f5c6d3850af7,Instructor/Third-Party Material,"Tutorial, instructor material, data sheet, or external template",,
COU-e7c0e31e4186,RF/Microwave,학부 과제 및 프로젝트/고주파공학/Cadence Tutorial2 (1).pdf::page-12::Image111.png,473,197,25,EXACT-0038,COU-e7c0e31e4186,Instructor/Third-Party Material,"Tutorial, instructor material, data sheet, or external template",,
COU-b74807711b78,RF/Microwave,학부 과제 및 프로젝트/고주파공학/Cadence Tutorial2 (1).pdf::page-12::Image117.png,402,97,24,EXACT-0040,COU-b74807711b78,Instructor/Third-Party Material,"Tutorial, instructor material, data sheet, or external template",,
COU-73731864171e,RF/Microwave,학부 과제 및 프로젝트/고주파공학/Cadence Tutorial2 (1).pdf::page-12::Image118.png,404,93,24,EXACT-0041,COU-73731864171e,Instructor/Third-Party Material,"Tutorial, instructor material, data sheet, or external template",,
COU-a8067d0e9c40,RF/Microwave,학부 과제 및 프로젝트/고주파공학/Cadence Tutorial2 (1).pdf::page-12::Image119.png,403,95,24,EXACT-0042,COU-a8067d0e9c40,Instructor/Third-Party Material,"Tutorial, instructor material, data sheet, or external template",,
COU-531835cfcaec,RF/Microwave,학부 과제 및 프로젝트/고주파공학/Cadence Tutorial2 (1).pdf::page-12::Image120.png,635,312,25,EXACT-0043,COU-531835cfcaec,Instructor/Third-Party Material,"Tutorial, instructor material, data sheet, or external template",,
COU-17964635adee,RF/Microwave,학부 과제 및 프로젝트/고주파공학/Cadence Tutorial2 (1).pdf::page-12::Image121.png,449,96,24,EXACT-0044,COU-17964635adee,Instructor/Third-Party Material,"Tutorial, instructor material, data sheet, or external template",,
COU-1494b184fc12,RF/Microwave,학부 과제 및 프로젝트/고주파공학/Cadence Tutorial2 (1).pdf::page-12::Image17.png,1946,40,24,EXACT-0139,COU-1494b184fc12,Instructor/Third-Party Material,"Tutorial, instructor material, data sheet, or external template",,
COU-34da1148fecb,RF/Microwave,학부 과제 및 프로젝트/고주파공학/Cadence Tutorial2 (1).pdf::page-13::Image124.png,1272,149,24,EXACT-0045,COU-34da1148fecb,Instructor/Third-Party Material,"Tutorial, instructor material, data sheet, or external template",,
COU-051c02e2413d,RF/Microwave,학부 과제 및 프로젝트/고주파공학/Cadence Tutorial2 (1).pdf::page-13::Image139.png,641,671,28,EXACT-0046,COU-051c02e2413d,Instructor/Third-Party Material,"Tutorial, instructor material, data sheet, or external template",,
COU-91b6d6a2476b,RF/Microwave,학부 과제 및 프로젝트/고주파공학/Cadence Tutorial2 (1).pdf::page-13::Image141.png,478,723,26,EXACT-0047,COU-91b6d6a2476b,Instructor/Third-Party Material,"Tutorial, instructor material, data sheet, or external template",,
COU-1494b184fc12,RF/Microwave,학부 과제 및 프로젝트/고주파공학/Cadence Tutorial2 (1).pdf::page-13::Image17.png,1946,40,24,EXACT-0139,COU-1494b184fc12,Instructor/Third-Party Material,"Tutorial, instructor material, data sheet, or external template",,
COU-3f0a02c96131,RF/Microwave,학부 과제 및 프로젝트/고주파공학/Cadence Tutorial2 (1).pdf::page-14::Image144.png,728,149,24,EXACT-0048,COU-3f0a02c96131,Instructor/Third-Party Material,"Tutorial, instructor material, data sheet, or external template",,
COU-be7f881791c7,RF/Microwave,학부 과제 및 프로젝트/고주파공학/Cadence Tutorial2 (1).pdf::page-14::Image146.jpg,756,741,28,NEAR-0003,COU-ac6df80370ff,Instructor/Third-Party Material,"Tutorial, instructor material, data sheet, or external template",,
COU-5d71daf4ff27,RF/Microwave,학부 과제 및 프로젝트/고주파공학/Cadence Tutorial2 (1).pdf::page-14::Image149.png,904,284,25,EXACT-0049,COU-5d71daf4ff27,Instructor/Third-Party Material,"Tutorial, instructor material, data sheet, or external template",,
COU-916456d1cce3,RF/Microwave,학부 과제 및 프로젝트/고주파공학/Cadence Tutorial2 (1).pdf::page-14::Image150.jp2,588,541,26,NEAR-0004,COU-32ba36d0f639,Instructor/Third-Party Material,"Tutorial, instructor material, data sheet, or external template",,
COU-1494b184fc12,RF/Microwave,학부 과제 및 프로젝트/고주파공학/Cadence Tutorial2 (1).pdf::page-14::Image17.png,1946,40,24,EXACT-0139,COU-1494b184fc12,Instructor/Third-Party Material,"Tutorial, instructor material, data sheet, or external template",,
COU-34da1148fecb,RF/Microwave,학부 과제 및 프로젝트/고주파공학/Cadence Tutorial2 (1).pdf::page-15::Image124.png,1272,149,24,EXACT-0045,COU-34da1148fecb,Instructor/Third-Party Material,"Tutorial, instructor material, data sheet, or external template",,
COU-9fe563593c15,RF/Microwave,학부 과제 및 프로젝트/고주파공학/Cadence Tutorial2 (1).pdf::page-15::Image154.jpg,952,954,29,EXACT-0140,COU-9fe563593c15,Instructor/Third-Party Material,"Tutorial, instructor material, data sheet, or external template",,
COU-48a14c9322bb,RF/Microwave,학부 과제 및 프로젝트/고주파공학/Cadence Tutorial2 (1).pdf::page-15::Image160.png,478,161,24,EXACT-0051,COU-48a14c9322bb,Instructor/Third-Party Material,"Tutorial, instructor material, data sheet, or external template",,
COU-1494b184fc12,RF/Microwave,학부 과제 및 프로젝트/고주파공학/Cadence Tutorial2 (1).pdf::page-15::Image17.png,1946,40,24,EXACT-0139,COU-1494b184fc12,Instructor/Third-Party Material,"Tutorial, instructor material, data sheet, or external template",,
COU-34da1148fecb,RF/Microwave,학부 과제 및 프로젝트/고주파공학/Cadence Tutorial2 (1).pdf::page-16::Image124.png,1272,149,24,EXACT-0045,COU-34da1148fecb,Instructor/Third-Party Material,"Tutorial, instructor material, data sheet, or external template",,
COU-9fe563593c15,RF/Microwave,학부 과제 및 프로젝트/고주파공학/Cadence Tutorial2 (1).pdf::page-16::Image154.jpg,952,954,29,EXACT-0140,COU-9fe563593c15,Instructor/Third-Party Material,"Tutorial, instructor material, data sheet, or external template",,
COU-48a14c9322bb,RF/Microwave,학부 과제 및 프로젝트/고주파공학/Cadence Tutorial2 (1).pdf::page-16::Image160.png,478,161,24,EXACT-0051,COU-48a14c9322bb,Instructor/Third-Party Material,"Tutorial, instructor material, data sheet, or external template",,
COU-1494b184fc12,RF/Microwave,학부 과제 및 프로젝트/고주파공학/Cadence Tutorial2 (1).pdf::page-16::Image17.png,1946,40,24,EXACT-0139,COU-1494b184fc12,Instructor/Third-Party Material,"Tutorial, instructor material, data sheet, or external template",,
COU-34da1148fecb,RF/Microwave,학부 과제 및 프로젝트/고주파공학/Cadence Tutorial2 (1).pdf::page-17::Image124.png,1272,149,24,EXACT-0045,COU-34da1148fecb,Instructor/Third-Party Material,"Tutorial, instructor material, data sheet, or external template",,
COU-9fe563593c15,RF/Microwave,학부 과제 및 프로젝트/고주파공학/Cadence Tutorial2 (1).pdf::page-17::Image154.jpg,952,954,29,EXACT-0140,COU-9fe563593c15,Instructor/Third-Party Material,"Tutorial, instructor material, data sheet, or external template",,
COU-3d91f1863f2a,RF/Microwave,학부 과제 및 프로젝트/고주파공학/Cadence Tutorial2 (1).pdf::page-17::Image165.png,444,191,25,EXACT-0052,COU-3d91f1863f2a,Instructor/Third-Party Material,"Tutorial, instructor material, data sheet, or external template",,
COU-1494b184fc12,RF/Microwave,학부 과제 및 프로젝트/고주파공학/Cadence Tutorial2 (1).pdf::page-17::Image17.png,1946,40,24,EXACT-0139,COU-1494b184fc12,Instructor/Third-Party Material,"Tutorial, instructor material, data sheet, or external template",,
COU-531835cfcaec,RF/Microwave,학부 과제 및 프로젝트/고주파공학/Cadence Tutorial2 (1).pdf::page-18::Image120.png,635,312,25,EXACT-0043,COU-531835cfcaec,Instructor/Third-Party Material,"Tutorial, instructor material, data sheet, or external template",,
COU-888a21649906,RF/Microwave,학부 과제 및 프로젝트/고주파공학/Cadence Tutorial2 (1).pdf::page-18::Image168.png,792,197,25,EXACT-0053,COU-888a21649906,Instructor/Third-Party Material,"Tutorial, instructor material, data sheet, or external template",,
COU-1494b184fc12,RF/Microwave,학부 과제 및 프로젝트/고주파공학/Cadence Tutorial2 (1).pdf::page-18::Image17.png,1946,40,24,EXACT-0139,COU-1494b184fc12,Instructor/Third-Party Material,"Tutorial, instructor material, data sheet, or external template",,
COU-63be493f5835,RF/Microwave,학부 과제 및 프로젝트/고주파공학/Cadence Tutorial2 (1).pdf::page-18::Image170.png,487,755,26,EXACT-0054,COU-63be493f5835,Instructor/Third-Party Material,"Tutorial, instructor material, data sheet, or external template",,
COU-d024773a35ad,RF/Microwave,학부 과제 및 프로젝트/고주파공학/Cadence Tutorial2 (1).pdf::page-18::Image171.png,480,310,25,EXACT-0055,COU-d024773a35ad,Instructor/Third-Party Material,"Tutorial, instructor material, data sheet, or external template",,
COU-b47990df9ba0,RF/Microwave,학부 과제 및 프로젝트/고주파공학/Cadence Tutorial2 (1).pdf::page-18::Image172.png,488,43,24,EXACT-0056,COU-b47990df9ba0,Instructor/Third-Party Material,"Tutorial, instructor material, data sheet, or external template",,
COU-531835cfcaec,RF/Microwave,학부 과제 및 프로젝트/고주파공학/Cadence Tutorial2 (1).pdf::page-19::Image120.png,635,312,25,EXACT-0043,COU-531835cfcaec,Instructor/Third-Party Material,"Tutorial, instructor material, data sheet, or external template",,
COU-1494b184fc12,RF/Microwave,학부 과제 및 프로젝트/고주파공학/Cadence Tutorial2 (1).pdf::page-19::Image17.png,1946,40,24,EXACT-0139,COU-1494b184fc12,Instructor/Third-Party Material,"Tutorial, instructor material, data sheet, or external template",,
COU-ed06af940c2b,RF/Microwave,학부 과제 및 프로젝트/고주파공학/Cadence Tutorial2 (1).pdf::page-19::Image175.png,482,427,26,EXACT-0057,COU-ed06af940c2b,Instructor/Third-Party Material,"Tutorial, instructor material, data sheet, or external template",,
COU-2cf24a7aec27,RF/Microwave,학부 과제 및 프로젝트/고주파공학/Cadence Tutorial2 (1).pdf::page-19::Image176.jpg,488,678,26,NEAR-0005,COU-e0549cf791f5,Instructor/Third-Party Material,"Tutorial, instructor material, data sheet, or external template",,
COU-7cfd654e1a48,RF/Microwave,학부 과제 및 프로젝트/고주파공학/Cadence Tutorial2 (1).pdf::page-19::Image177.png,455,197,25,EXACT-0058,COU-7cfd654e1a48,Instructor/Third-Party Material,"Tutorial, instructor material, data sheet, or external template",,
COU-a9b076095b3c,RF/Microwave,학부 과제 및 프로젝트/고주파공학/Cadence Tutorial2 (1).pdf::page-1::Image11.png,850,203,25,EXACT-0002,COU-a9b076095b3c,Instructor/Third-Party Material,"Tutorial, instructor material, data sheet, or external template",,
COU-0b98f55af0af,RF/Microwave,학부 과제 및 프로젝트/고주파공학/Cadence Tutorial2 (1).pdf::page-1::Image6.png,1726,50,24,EXACT-0138,COU-0b98f55af0af,Instructor/Third-Party Material,"Tutorial, instructor material, data sheet, or external template",,
COU-1494b184fc12,RF/Microwave,학부 과제 및 프로젝트/고주파공학/Cadence Tutorial2 (1).pdf::page-20::Image17.png,1946,40,24,EXACT-0139,COU-1494b184fc12,Instructor/Third-Party Material,"Tutorial, instructor material, data sheet, or external template",,
COU-a27a1006742c,RF/Microwave,학부 과제 및 프로젝트/고주파공학/Cadence Tutorial2 (1).pdf::page-20::Image181.png,434,197,25,EXACT-0059,COU-a27a1006742c,Instructor/Third-Party Material,"Tutorial, instructor material, data sheet, or external template",,
COU-4b501393c4c3,RF/Microwave,학부 과제 및 프로젝트/고주파공학/Cadence Tutorial2 (1).pdf::page-20::Image183.png,900,715,28,EXACT-0060,COU-4b501393c4c3,Instructor/Third-Party Material,"Tutorial, instructor material, data sheet, or external template",,
COU-e07fc1d44b41,RF/Microwave,학부 과제 및 프로젝트/고주파공학/Cadence Tutorial2 (1).pdf::page-20::Image184.jpg,689,501,26,NEAR-0006,COU-724fb9a3dc43,Instructor/Third-Party Material,"Tutorial, instructor material, data sheet, or external template",,
COU-6096045e5e95,RF/Microwave,학부 과제 및 프로젝트/고주파공학/Cadence Tutorial2 (1).pdf::page-20::Image185.png,611,109,24,EXACT-0061,COU-6096045e5e95,Instructor/Third-Party Material,"Tutorial, instructor material, data sheet, or external template",,
COU-ea10d14b778d,RF/Microwave,학부 과제 및 프로젝트/고주파공학/Cadence Tutorial2 (1).pdf::page-20::Image186.png,621,107,24,EXACT-0062,COU-ea10d14b778d,Instructor/Third-Party Material,"Tutorial, instructor material, data sheet, or external template",,
COU-1494b184fc12,RF/Microwave,학부 과제 및 프로젝트/고주파공학/Cadence Tutorial2 (1).pdf::page-21::Image17.png,1946,40,24,EXACT-0139,COU-1494b184fc12,Instructor/Third-Party Material,"Tutorial, instructor material, data sheet, or external template",,
COU-af5b1c9218f2,RF/Microwave,학부 과제 및 프로젝트/고주파공학/Cadence Tutorial2 (1).pdf::page-21::Image189.png,600,197,25,EXACT-0063,COU-af5b1c9218f2,Instructor/Third-Party Material,"Tutorial, instructor material, data sheet, or external template",,
COU-b9acd60d0321,RF/Microwave,학부 과제 및 프로젝트/고주파공학/Cadence Tutorial2 (1).pdf::page-21::Image191.png,154,197,24,EXACT-0064,COU-b9acd60d0321,Instructor/Third-Party Material,"Tutorial, instructor material, data sheet, or external template",,
COU-0999bd52f446,RF/Microwave,학부 과제 및 프로젝트/고주파공학/Cadence Tutorial2 (1).pdf::page-21::Image193.png,371,197,25,EXACT-0065,COU-0999bd52f446,Instructor/Third-Party Material,"Tutorial, instructor material, data sheet, or external template",,
COU-57c0dec225ef,RF/Microwave,학부 과제 및 프로젝트/고주파공학/Cadence Tutorial2 (1).pdf::page-21::Image196.png,1920,1080,31,EXACT-0066,COU-57c0dec225ef,Instructor/Third-Party Material,"Tutorial, instructor material, data sheet, or external template",,
COU-0e666e64c3ce,RF/Microwave,학부 과제 및 프로젝트/고주파공학/Cadence Tutorial2 (1).pdf::page-21::Image197.png,694,503,26,EXACT-0067,COU-0e666e64c3ce,Instructor/Third-Party Material,"Tutorial, instructor material, data sheet, or external template",,
COU-6791b43944ac,RF/Microwave,학부 과제 및 프로젝트/고주파공학/Cadence Tutorial2 (1).pdf::page-21::Image199.png,1920,1080,31,EXACT-0068,COU-6791b43944ac,Instructor/Third-Party Material,"Tutorial, instructor material, data sheet, or external template",,
COU-f8422bdb3ec4,RF/Microwave,학부 과제 및 프로젝트/고주파공학/Cadence Tutorial2 (1).pdf::page-21::Image200.png,263,114,24,EXACT-0069,COU-f8422bdb3ec4,Instructor/Third-Party Material,"Tutorial, instructor material, data sheet, or external template",,
COU-1494b184fc12,RF/Microwave,학부 과제 및 프로젝트/고주파공학/Cadence Tutorial2 (1).pdf::page-22::Image17.png,1946,40,24,EXACT-0139,COU-1494b184fc12,Instructor/Third-Party Material,"Tutorial, instructor material, data sheet, or external template",,
COU-b9acd60d0321,RF/Microwave,학부 과제 및 프로젝트/고주파공학/Cadence Tutorial2 (1).pdf::page-22::Image191.png,154,197,24,EXACT-0064,COU-b9acd60d0321,Instructor/Third-Party Material,"Tutorial, instructor material, data sheet, or external template",,
COU-f9d9e38cda2d,RF/Microwave,학부 과제 및 프로젝트/고주파공학/Cadence Tutorial2 (1).pdf::page-22::Image203.png,600,197,25,EXACT-0070,COU-f9d9e38cda2d,Instructor/Third-Party Material,"Tutorial, instructor material, data sheet, or external template",,
COU-0188175b40d2,RF/Microwave,학부 과제 및 프로젝트/고주파공학/Cadence Tutorial2 (1).pdf::page-22::Image205.png,163,197,24,EXACT-0071,COU-0188175b40d2,Instructor/Third-Party Material,"Tutorial, instructor material, data sheet, or external template",,
COU-08de0f2ae87c,RF/Microwave,학부 과제 및 프로젝트/고주파공학/Cadence Tutorial2 (1).pdf::page-22::Image207.png,168,197,24,EXACT-0072,COU-08de0f2ae87c,Instructor/Third-Party Material,"Tutorial, instructor material, data sheet, or external template",,
COU-a856497748f4,RF/Microwave,학부 과제 및 프로젝트/고주파공학/Cadence Tutorial2 (1).pdf::page-22::Image209.png,553,197,25,EXACT-0073,COU-a856497748f4,Instructor/Third-Party Material,"Tutorial, instructor material, data sheet, or external template",,
COU-2e1e93fd0d39,RF/Microwave,학부 과제 및 프로젝트/고주파공학/Cadence Tutorial2 (1).pdf::page-22::Image211.jpg,689,500,26,EXACT-0141,COU-2e1e93fd0d39,Instructor/Third-Party Material,"Tutorial, instructor material, data sheet, or external template",,
COU-dc28f441d4d4,RF/Microwave,학부 과제 및 프로젝트/고주파공학/Cadence Tutorial2 (1).pdf::page-22::Image212.png,407,1022,27,EXACT-0075,COU-dc28f441d4d4,Instructor/Third-Party Material,"Tutorial, instructor material, data sheet, or external template",,
COU-1494b184fc12,RF/Microwave,학부 과제 및 프로젝트/고주파공학/Cadence Tutorial2 (1).pdf::page-23::Image17.png,1946,40,24,EXACT-0139,COU-1494b184fc12,Instructor/Third-Party Material,"Tutorial, instructor material, data sheet, or external template",,
COU-b9acd60d0321,RF/Microwave,학부 과제 및 프로젝트/고주파공학/Cadence Tutorial2 (1).pdf::page-23::Image191.png,154,197,24,EXACT-0064,COU-b9acd60d0321,Instructor/Third-Party Material,"Tutorial, instructor material, data sheet, or external template",,
COU-f9d9e38cda2d,RF/Microwave,학부 과제 및 프로젝트/고주파공학/Cadence Tutorial2 (1).pdf::page-23::Image203.png,600,197,25,EXACT-0070,COU-f9d9e38cda2d,Instructor/Third-Party Material,"Tutorial, instructor material, data sheet, or external template",,
COU-0188175b40d2,RF/Microwave,학부 과제 및 프로젝트/고주파공학/Cadence Tutorial2 (1).pdf::page-23::Image205.png,163,197,24,EXACT-0071,COU-0188175b40d2,Instructor/Third-Party Material,"Tutorial, instructor material, data sheet, or external template",,
COU-08de0f2ae87c,RF/Microwave,학부 과제 및 프로젝트/고주파공학/Cadence Tutorial2 (1).pdf::page-23::Image207.png,168,197,24,EXACT-0072,COU-08de0f2ae87c,Instructor/Third-Party Material,"Tutorial, instructor material, data sheet, or external template",,
COU-a856497748f4,RF/Microwave,학부 과제 및 프로젝트/고주파공학/Cadence Tutorial2 (1).pdf::page-23::Image209.png,553,197,25,EXACT-0073,COU-a856497748f4,Instructor/Third-Party Material,"Tutorial, instructor material, data sheet, or external template",,
COU-1e18fe7a99b0,RF/Microwave,학부 과제 및 프로젝트/고주파공학/Cadence Tutorial2 (1).pdf::page-23::Image215.jpg,901,711,28,NEAR-0007,COU-74c7e5a4e1aa,Instructor/Third-Party Material,"Tutorial, instructor material, data sheet, or external template",,
COU-ca23f3c068c6,RF/Microwave,학부 과제 및 프로젝트/고주파공학/Cadence Tutorial2 (1).pdf::page-23::Image216.jpg,754,1021,28,EXACT-0142,COU-ca23f3c068c6,Instructor/Third-Party Material,"Tutorial, instructor material, data sheet, or external template",,
COU-1494b184fc12,RF/Microwave,학부 과제 및 프로젝트/고주파공학/Cadence Tutorial2 (1).pdf::page-24::Image17.png,1946,40,24,EXACT-0139,COU-1494b184fc12,Instructor/Third-Party Material,"Tutorial, instructor material, data sheet, or external template",,
COU-b9acd60d0321,RF/Microwave,학부 과제 및 프로젝트/고주파공학/Cadence Tutorial2 (1).pdf::page-24::Image191.png,154,197,24,EXACT-0064,COU-b9acd60d0321,Instructor/Third-Party Material,"Tutorial, instructor material, data sheet, or external template",,
COU-f9d9e38cda2d,RF/Microwave,학부 과제 및 프로젝트/고주파공학/Cadence Tutorial2 (1).pdf::page-24::Image203.png,600,197,25,EXACT-0070,COU-f9d9e38cda2d,Instructor/Third-Party Material,"Tutorial, instructor material, data sheet, or external template",,
COU-0188175b40d2,RF/Microwave,학부 과제 및 프로젝트/고주파공학/Cadence Tutorial2 (1).pdf::page-24::Image205.png,163,197,24,EXACT-0071,COU-0188175b40d2,Instructor/Third-Party Material,"Tutorial, instructor material, data sheet, or external template",,
COU-08de0f2ae87c,RF/Microwave,학부 과제 및 프로젝트/고주파공학/Cadence Tutorial2 (1).pdf::page-24::Image207.png,168,197,24,EXACT-0072,COU-08de0f2ae87c,Instructor/Third-Party Material,"Tutorial, instructor material, data sheet, or external template",,
COU-a856497748f4,RF/Microwave,학부 과제 및 프로젝트/고주파공학/Cadence Tutorial2 (1).pdf::page-24::Image209.png,553,197,25,EXACT-0073,COU-a856497748f4,Instructor/Third-Party Material,"Tutorial, instructor material, data sheet, or external template",,
COU-4dc4a39a20b1,RF/Microwave,학부 과제 및 프로젝트/고주파공학/Cadence Tutorial2 (1).pdf::page-24::Image219.jpg,697,504,26,NEAR-0008,COU-97f5311697f0,Instructor/Third-Party Material,"Tutorial, instructor material, data sheet, or external template",,
COU-5145393b87a7,RF/Microwave,학부 과제 및 프로젝트/고주파공학/Cadence Tutorial2 (1).pdf::page-24::Image220.png,325,410,25,EXACT-0077,COU-5145393b87a7,Instructor/Third-Party Material,"Tutorial, instructor material, data sheet, or external template",,
COU-335e02520505,RF/Microwave,학부 과제 및 프로젝트/고주파공학/Cadence Tutorial2 (1).pdf::page-24::Image221.jpg,320,654,25,NEAR-0009,COU-ba84539f0d5f,Instructor/Third-Party Material,"Tutorial, instructor material, data sheet, or external template",,
COU-1494b184fc12,RF/Microwave,학부 과제 및 프로젝트/고주파공학/Cadence Tutorial2 (1).pdf::page-25::Image17.png,1946,40,24,EXACT-0139,COU-1494b184fc12,Instructor/Third-Party Material,"Tutorial, instructor material, data sheet, or external template",,
COU-b9acd60d0321,RF/Microwave,학부 과제 및 프로젝트/고주파공학/Cadence Tutorial2 (1).pdf::page-25::Image191.png,154,197,24,EXACT-0064,COU-b9acd60d0321,Instructor/Third-Party Material,"Tutorial, instructor material, data sheet, or external template",,
COU-f9d9e38cda2d,RF/Microwave,학부 과제 및 프로젝트/고주파공학/Cadence Tutorial2 (1).pdf::page-25::Image203.png,600,197,25,EXACT-0070,COU-f9d9e38cda2d,Instructor/Third-Party Material,"Tutorial, instructor material, data sheet, or external template",,
COU-0188175b40d2,RF/Microwave,학부 과제 및 프로젝트/고주파공학/Cadence Tutorial2 (1).pdf::page-25::Image205.png,163,197,24,EXACT-0071,COU-0188175b40d2,Instructor/Third-Party Material,"Tutorial, instructor material, data sheet, or external template",,
COU-08de0f2ae87c,RF/Microwave,학부 과제 및 프로젝트/고주파공학/Cadence Tutorial2 (1).pdf::page-25::Image207.png,168,197,24,EXACT-0072,COU-08de0f2ae87c,Instructor/Third-Party Material,"Tutorial, instructor material, data sheet, or external template",,
COU-ea49e02fe001,RF/Microwave,학부 과제 및 프로젝트/고주파공학/Cadence Tutorial2 (1).pdf::page-25::Image224.png,1154,197,25,EXACT-0078,COU-ea49e02fe001,Instructor/Third-Party Material,"Tutorial, instructor material, data sheet, or external template",,
COU-910db0f20a30,RF/Microwave,학부 과제 및 프로젝트/고주파공학/Cadence Tutorial2 (1).pdf::page-25::Image226.jpg,1001,825,28,NEAR-0010,COU-1cc1fd97e30c,Instructor/Third-Party Material,"Tutorial, instructor material, data sheet, or external template",,
COU-1494b184fc12,RF/Microwave,학부 과제 및 프로젝트/고주파공학/Cadence Tutorial2 (1).pdf::page-26::Image17.png,1946,40,24,EXACT-0139,COU-1494b184fc12,Instructor/Third-Party Material,"Tutorial, instructor material, data sheet, or external template",,
COU-b9acd60d0321,RF/Microwave,학부 과제 및 프로젝트/고주파공학/Cadence Tutorial2 (1).pdf::page-26::Image191.png,154,197,24,EXACT-0064,COU-b9acd60d0321,Instructor/Third-Party Material,"Tutorial, instructor material, data sheet, or external template",,
COU-f9d9e38cda2d,RF/Microwave,학부 과제 및 프로젝트/고주파공학/Cadence Tutorial2 (1).pdf::page-26::Image203.png,600,197,25,EXACT-0070,COU-f9d9e38cda2d,Instructor/Third-Party Material,"Tutorial, instructor material, data sheet, or external template",,
COU-0188175b40d2,RF/Microwave,학부 과제 및 프로젝트/고주파공학/Cadence Tutorial2 (1).pdf::page-26::Image205.png,163,197,24,EXACT-0071,COU-0188175b40d2,Instructor/Third-Party Material,"Tutorial, instructor material, data sheet, or external template",,
COU-08de0f2ae87c,RF/Microwave,학부 과제 및 프로젝트/고주파공학/Cadence Tutorial2 (1).pdf::page-26::Image207.png,168,197,24,EXACT-0072,COU-08de0f2ae87c,Instructor/Third-Party Material,"Tutorial, instructor material, data sheet, or external template",,
COU-a856497748f4,RF/Microwave,학부 과제 및 프로젝트/고주파공학/Cadence Tutorial2 (1).pdf::page-26::Image209.png,553,197,25,EXACT-0073,COU-a856497748f4,Instructor/Third-Party Material,"Tutorial, instructor material, data sheet, or external template",,
COU-2e1e93fd0d39,RF/Microwave,학부 과제 및 프로젝트/고주파공학/Cadence Tutorial2 (1).pdf::page-26::Image211.jpg,689,500,26,EXACT-0141,COU-2e1e93fd0d39,Instructor/Third-Party Material,"Tutorial, instructor material, data sheet, or external template",,
COU-dc28f441d4d4,RF/Microwave,학부 과제 및 프로젝트/고주파공학/Cadence Tutorial2 (1).pdf::page-26::Image212.png,407,1022,27,EXACT-0075,COU-dc28f441d4d4,Instructor/Third-Party Material,"Tutorial, instructor material, data sheet, or external template",,
COU-1494b184fc12,RF/Microwave,학부 과제 및 프로젝트/고주파공학/Cadence Tutorial2 (1).pdf::page-27::Image17.png,1946,40,24,EXACT-0139,COU-1494b184fc12,Instructor/Third-Party Material,"Tutorial, instructor material, data sheet, or external template",,
COU-b9acd60d0321,RF/Microwave,학부 과제 및 프로젝트/고주파공학/Cadence Tutorial2 (1).pdf::page-27::Image191.png,154,197,24,EXACT-0064,COU-b9acd60d0321,Instructor/Third-Party Material,"Tutorial, instructor material, data sheet, or external template",,
COU-f9d9e38cda2d,RF/Microwave,학부 과제 및 프로젝트/고주파공학/Cadence Tutorial2 (1).pdf::page-27::Image203.png,600,197,25,EXACT-0070,COU-f9d9e38cda2d,Instructor/Third-Party Material,"Tutorial, instructor material, data sheet, or external template",,
COU-0188175b40d2,RF/Microwave,학부 과제 및 프로젝트/고주파공학/Cadence Tutorial2 (1).pdf::page-27::Image205.png,163,197,24,EXACT-0071,COU-0188175b40d2,Instructor/Third-Party Material,"Tutorial, instructor material, data sheet, or external template",,
COU-08de0f2ae87c,RF/Microwave,학부 과제 및 프로젝트/고주파공학/Cadence Tutorial2 (1).pdf::page-27::Image207.png,168,197,24,EXACT-0072,COU-08de0f2ae87c,Instructor/Third-Party Material,"Tutorial, instructor material, data sheet, or external template",,
COU-ca23f3c068c6,RF/Microwave,학부 과제 및 프로젝트/고주파공학/Cadence Tutorial2 (1).pdf::page-27::Image216.jpg,754,1021,28,EXACT-0142,COU-ca23f3c068c6,Instructor/Third-Party Material,"Tutorial, instructor material, data sheet, or external template",,
COU-ea49e02fe001,RF/Microwave,학부 과제 및 프로젝트/고주파공학/Cadence Tutorial2 (1).pdf::page-27::Image224.png,1154,197,25,EXACT-0078,COU-ea49e02fe001,Instructor/Third-Party Material,"Tutorial, instructor material, data sheet, or external template",,
COU-305fb4c02cf5,RF/Microwave,학부 과제 및 프로젝트/고주파공학/Cadence Tutorial2 (1).pdf::page-27::Image231.png,411,1023,27,EXACT-0079,COU-305fb4c02cf5,Instructor/Third-Party Material,"Tutorial, instructor material, data sheet, or external template",,
COU-170dbbbeb937,RF/Microwave,학부 과제 및 프로젝트/고주파공학/Cadence Tutorial2 (1).pdf::page-27::Image232.jpg,788,621,28,NEAR-0011,COU-23d1e72f7cac,Instructor/Third-Party Material,"Tutorial, instructor material, data sheet, or external template",,
COU-1494b184fc12,RF/Microwave,학부 과제 및 프로젝트/고주파공학/Cadence Tutorial2 (1).pdf::page-28::Image17.png,1946,40,24,EXACT-0139,COU-1494b184fc12,Instructor/Third-Party Material,"Tutorial, instructor material, data sheet, or external template",,
COU-b9acd60d0321,RF/Microwave,학부 과제 및 프로젝트/고주파공학/Cadence Tutorial2 (1).pdf::page-28::Image191.png,154,197,24,EXACT-0064,COU-b9acd60d0321,Instructor/Third-Party Material,"Tutorial, instructor material, data sheet, or external template",,
COU-f9d9e38cda2d,RF/Microwave,학부 과제 및 프로젝트/고주파공학/Cadence Tutorial2 (1).pdf::page-28::Image203.png,600,197,25,EXACT-0070,COU-f9d9e38cda2d,Instructor/Third-Party Material,"Tutorial, instructor material, data sheet, or external template",,
COU-0188175b40d2,RF/Microwave,학부 과제 및 프로젝트/고주파공학/Cadence Tutorial2 (1).pdf::page-28::Image205.png,163,197,24,EXACT-0071,COU-0188175b40d2,Instructor/Third-Party Material,"Tutorial, instructor material, data sheet, or external template",,
COU-08de0f2ae87c,RF/Microwave,학부 과제 및 프로젝트/고주파공학/Cadence Tutorial2 (1).pdf::page-28::Image207.png,168,197,24,EXACT-0072,COU-08de0f2ae87c,Instructor/Third-Party Material,"Tutorial, instructor material, data sheet, or external template",,
COU-a856497748f4,RF/Microwave,학부 과제 및 프로젝트/고주파공학/Cadence Tutorial2 (1).pdf::page-28::Image209.png,553,197,25,EXACT-0073,COU-a856497748f4,Instructor/Third-Party Material,"Tutorial, instructor material, data sheet, or external template",,
COU-5aa891684c4a,RF/Microwave,학부 과제 및 프로젝트/고주파공학/Cadence Tutorial2 (1).pdf::page-28::Image235.png,409,1022,27,EXACT-0080,COU-5aa891684c4a,Instructor/Third-Party Material,"Tutorial, instructor material, data sheet, or external template",,
COU-1494b184fc12,RF/Microwave,학부 과제 및 프로젝트/고주파공학/Cadence Tutorial2 (1).pdf::page-29::Image17.png,1946,40,24,EXACT-0139,COU-1494b184fc12,Instructor/Third-Party Material,"Tutorial, instructor material, data sheet, or external template",,
COU-b9acd60d0321,RF/Microwave,학부 과제 및 프로젝트/고주파공학/Cadence Tutorial2 (1).pdf::page-29::Image191.png,154,197,24,EXACT-0064,COU-b9acd60d0321,Instructor/Third-Party Material,"Tutorial, instructor material, data sheet, or external template",,
COU-f9d9e38cda2d,RF/Microwave,학부 과제 및 프로젝트/고주파공학/Cadence Tutorial2 (1).pdf::page-29::Image203.png,600,197,25,EXACT-0070,COU-f9d9e38cda2d,Instructor/Third-Party Material,"Tutorial, instructor material, data sheet, or external template",,
COU-0188175b40d2,RF/Microwave,학부 과제 및 프로젝트/고주파공학/Cadence Tutorial2 (1).pdf::page-29::Image205.png,163,197,24,EXACT-0071,COU-0188175b40d2,Instructor/Third-Party Material,"Tutorial, instructor material, data sheet, or external template",,
COU-08de0f2ae87c,RF/Microwave,학부 과제 및 프로젝트/고주파공학/Cadence Tutorial2 (1).pdf::page-29::Image207.png,168,197,24,EXACT-0072,COU-08de0f2ae87c,Instructor/Third-Party Material,"Tutorial, instructor material, data sheet, or external template",,
COU-a856497748f4,RF/Microwave,학부 과제 및 프로젝트/고주파공학/Cadence Tutorial2 (1).pdf::page-29::Image209.png,553,197,25,EXACT-0073,COU-a856497748f4,Instructor/Third-Party Material,"Tutorial, instructor material, data sheet, or external template",,
COU-207904d136de,RF/Microwave,학부 과제 및 프로젝트/고주파공학/Cadence Tutorial2 (1).pdf::page-29::Image238.jpg,320,747,25,NEAR-0009,COU-ba84539f0d5f,Instructor/Third-Party Material,"Tutorial, instructor material, data sheet, or external template",,
COU-3e6acf9340da,RF/Microwave,학부 과제 및 프로젝트/고주파공학/Cadence Tutorial2 (1).pdf::page-29::Image239.png,975,564,27,EXACT-0081,COU-3e6acf9340da,Instructor/Third-Party Material,"Tutorial, instructor material, data sheet, or external template",,
COU-1494b184fc12,RF/Microwave,학부 과제 및 프로젝트/고주파공학/Cadence Tutorial2 (1).pdf::page-2::Image17.png,1946,40,24,EXACT-0139,COU-1494b184fc12,Instructor/Third-Party Material,"Tutorial, instructor material, data sheet, or external template",,
COU-374dc295d0ba,RF/Microwave,학부 과제 및 프로젝트/고주파공학/Cadence Tutorial2 (1).pdf::page-2::Image19.png,295,197,25,EXACT-0004,COU-374dc295d0ba,Instructor/Third-Party Material,"Tutorial, instructor material, data sheet, or external template",,
COU-a280fc219df2,RF/Microwave,학부 과제 및 프로젝트/고주파공학/Cadence Tutorial2 (1).pdf::page-2::Image26.png,295,197,25,EXACT-0005,COU-a280fc219df2,Instructor/Third-Party Material,"Tutorial, instructor material, data sheet, or external template",,
COU-b06a94d4e190,RF/Microwave,학부 과제 및 프로젝트/고주파공학/Cadence Tutorial2 (1).pdf::page-2::Image28.png,473,197,25,EXACT-0006,COU-b06a94d4e190,Instructor/Third-Party Material,"Tutorial, instructor material, data sheet, or external template",,
COU-1494b184fc12,RF/Microwave,학부 과제 및 프로젝트/고주파공학/Cadence Tutorial2 (1).pdf::page-30::Image17.png,1946,40,24,EXACT-0139,COU-1494b184fc12,Instructor/Third-Party Material,"Tutorial, instructor material, data sheet, or external template",,
COU-821693c4f128,RF/Microwave,학부 과제 및 프로젝트/고주파공학/Cadence Tutorial2 (1).pdf::page-30::Image242.png,1725,197,25,EXACT-0082,COU-821693c4f128,Instructor/Third-Party Material,"Tutorial, instructor material, data sheet, or external template",,
COU-afcd65aafd8b,RF/Microwave,학부 과제 및 프로젝트/고주파공학/Cadence Tutorial2 (1).pdf::page-30::Image244.png,520,254,25,EXACT-0083,COU-afcd65aafd8b,Instructor/Third-Party Material,"Tutorial, instructor material, data sheet, or external template",,
COU-1494b184fc12,RF/Microwave,학부 과제 및 프로젝트/고주파공학/Cadence Tutorial2 (1).pdf::page-31::Image17.png,1946,40,24,EXACT-0139,COU-1494b184fc12,Instructor/Third-Party Material,"Tutorial, instructor material, data sheet, or external template",,
COU-8962332a04ab,RF/Microwave,학부 과제 및 프로젝트/고주파공학/Cadence Tutorial2 (1).pdf::page-31::Image247.png,1975,282,26,EXACT-0084,COU-8962332a04ab,Instructor/Third-Party Material,"Tutorial, instructor material, data sheet, or external template",,
COU-58c29a6601d7,RF/Microwave,학부 과제 및 프로젝트/고주파공학/Cadence Tutorial2 (1).pdf::page-32::Image251.png,358,203,25,EXACT-0085,COU-58c29a6601d7,Instructor/Third-Party Material,"Tutorial, instructor material, data sheet, or external template",,
COU-b7349d2306fc,RF/Microwave,학부 과제 및 프로젝트/고주파공학/Cadence Tutorial2 (1).pdf::page-32::Image253.png,304,203,25,EXACT-0086,COU-b7349d2306fc,Instructor/Third-Party Material,"Tutorial, instructor material, data sheet, or external template",,
COU-33be8248c684,RF/Microwave,학부 과제 및 프로젝트/고주파공학/Cadence Tutorial2 (1).pdf::page-32::Image255.png,272,203,25,EXACT-0087,COU-33be8248c684,Instructor/Third-Party Material,"Tutorial, instructor material, data sheet, or external template",,
COU-b61fc029d92b,RF/Microwave,학부 과제 및 프로젝트/고주파공학/Cadence Tutorial2 (1).pdf::page-32::Image257.png,212,203,25,EXACT-0088,COU-b61fc029d92b,Instructor/Third-Party Material,"Tutorial, instructor material, data sheet, or external template",,
COU-ba2a06914c7c,RF/Microwave,학부 과제 및 프로젝트/고주파공학/Cadence Tutorial2 (1).pdf::page-32::Image259.png,227,203,25,EXACT-0089,COU-ba2a06914c7c,Instructor/Third-Party Material,"Tutorial, instructor material, data sheet, or external template",,
COU-cb5e60835023,RF/Microwave,학부 과제 및 프로젝트/고주파공학/Cadence Tutorial2 (1).pdf::page-32::Image261.png,396,203,25,EXACT-0090,COU-cb5e60835023,Instructor/Third-Party Material,"Tutorial, instructor material, data sheet, or external template",,
COU-ba7a535dd473,RF/Microwave,학부 과제 및 프로젝트/고주파공학/Cadence Tutorial2 (1).pdf::page-32::Image263.png,153,203,24,EXACT-0091,COU-ba7a535dd473,Instructor/Third-Party Material,"Tutorial, instructor material, data sheet, or external template",,
COU-0b98f55af0af,RF/Microwave,학부 과제 및 프로젝트/고주파공학/Cadence Tutorial2 (1).pdf::page-32::Image6.png,1726,50,24,EXACT-0138,COU-0b98f55af0af,Instructor/Third-Party Material,"Tutorial, instructor material, data sheet, or external template",,
COU-1494b184fc12,RF/Microwave,학부 과제 및 프로젝트/고주파공학/Cadence Tutorial2 (1).pdf::page-33::Image17.png,1946,40,24,EXACT-0139,COU-1494b184fc12,Instructor/Third-Party Material,"Tutorial, instructor material, data sheet, or external template",,
COU-ca436bf90d37,RF/Microwave,학부 과제 및 프로젝트/고주파공학/Cadence Tutorial2 (1).pdf::page-33::Image267.jpg,1075,423,27,NEAR-0012,COU-bf99b0b988d9,Instructor/Third-Party Material,"Tutorial, instructor material, data sheet, or external template",,
COU-e5640aade748,RF/Microwave,학부 과제 및 프로젝트/고주파공학/Cadence Tutorial2 (1).pdf::page-33::Image268.png,316,197,25,EXACT-0092,COU-e5640aade748,Instructor/Third-Party Material,"Tutorial, instructor material, data sheet, or external template",,
COU-479697107a24,RF/Microwave,학부 과제 및 프로젝트/고주파공학/Cadence Tutorial2 (1).pdf::page-33::Image271.jpg,1308,983,30,NEAR-0013,COU-a4439b83d02d,Instructor/Third-Party Material,"Tutorial, instructor material, data sheet, or external template",,
COU-1494b184fc12,RF/Microwave,학부 과제 및 프로젝트/고주파공학/Cadence Tutorial2 (1).pdf::page-34::Image17.png,1946,40,24,EXACT-0139,COU-1494b184fc12,Instructor/Third-Party Material,"Tutorial, instructor material, data sheet, or external template",,
COU-e5640aade748,RF/Microwave,학부 과제 및 프로젝트/고주파공학/Cadence Tutorial2 (1).pdf::page-34::Image268.png,316,197,25,EXACT-0092,COU-e5640aade748,Instructor/Third-Party Material,"Tutorial, instructor material, data sheet, or external template",,
COU-fe9216a2c6e5,RF/Microwave,학부 과제 및 프로젝트/고주파공학/Cadence Tutorial2 (1).pdf::page-34::Image274.png,784,631,28,EXACT-0093,COU-fe9216a2c6e5,Instructor/Third-Party Material,"Tutorial, instructor material, data sheet, or external template",,
COU-1494b184fc12,RF/Microwave,학부 과제 및 프로젝트/고주파공학/Cadence Tutorial2 (1).pdf::page-35::Image17.png,1946,40,24,EXACT-0139,COU-1494b184fc12,Instructor/Third-Party Material,"Tutorial, instructor material, data sheet, or external template",,
COU-e5640aade748,RF/Microwave,학부 과제 및 프로젝트/고주파공학/Cadence Tutorial2 (1).pdf::page-35::Image268.png,316,197,25,EXACT-0092,COU-e5640aade748,Instructor/Third-Party Material,"Tutorial, instructor material, data sheet, or external template",,
COU-9bea991cd4b9,RF/Microwave,학부 과제 및 프로젝트/고주파공학/Cadence Tutorial2 (1).pdf::page-35::Image277.png,724,572,27,EXACT-0094,COU-9bea991cd4b9,Instructor/Third-Party Material,"Tutorial, instructor material, data sheet, or external template",,
COU-1494b184fc12,RF/Microwave,학부 과제 및 프로젝트/고주파공학/Cadence Tutorial2 (1).pdf::page-36::Image17.png,1946,40,24,EXACT-0139,COU-1494b184fc12,Instructor/Third-Party Material,"Tutorial, instructor material, data sheet, or external template",,
COU-e5640aade748,RF/Microwave,학부 과제 및 프로젝트/고주파공학/Cadence Tutorial2 (1).pdf::page-36::Image268.png,316,197,25,EXACT-0092,COU-e5640aade748,Instructor/Third-Party Material,"Tutorial, instructor material, data sheet, or external template",,
COU-871f647eb24c,RF/Microwave,학부 과제 및 프로젝트/고주파공학/Cadence Tutorial2 (1).pdf::page-36::Image280.png,754,564,27,EXACT-0095,COU-871f647eb24c,Instructor/Third-Party Material,"Tutorial, instructor material, data sheet, or external template",,
COU-bcfd97aa37b2,RF/Microwave,학부 과제 및 프로젝트/고주파공학/Cadence Tutorial2 (1).pdf::page-37::Image283.png,1769,197,25,EXACT-0096,COU-bcfd97aa37b2,Instructor/Third-Party Material,"Tutorial, instructor material, data sheet, or external template",,
COU-23947ec3aa8c,RF/Microwave,학부 과제 및 프로젝트/고주파공학/Cadence Tutorial2 (1).pdf::page-37::Image285.png,625,112,24,EXACT-0097,COU-23947ec3aa8c,Instructor/Third-Party Material,"Tutorial, instructor material, data sheet, or external template",,
COU-0b98f55af0af,RF/Microwave,학부 과제 및 프로젝트/고주파공학/Cadence Tutorial2 (1).pdf::page-37::Image6.png,1726,50,24,EXACT-0138,COU-0b98f55af0af,Instructor/Third-Party Material,"Tutorial, instructor material, data sheet, or external template",,
COU-1494b184fc12,RF/Microwave,학부 과제 및 프로젝트/고주파공학/Cadence Tutorial2 (1).pdf::page-38::Image17.png,1946,40,24,EXACT-0139,COU-1494b184fc12,Instructor/Third-Party Material,"Tutorial, instructor material, data sheet, or external template",,
COU-7cbe3818a476,RF/Microwave,학부 과제 및 프로젝트/고주파공학/Cadence Tutorial2 (1).pdf::page-38::Image289.png,469,197,25,EXACT-0098,COU-7cbe3818a476,Instructor/Third-Party Material,"Tutorial, instructor material, data sheet, or external template",,
COU-dadf98cc5f0c,RF/Microwave,학부 과제 및 프로젝트/고주파공학/Cadence Tutorial2 (1).pdf::page-38::Image291.png,154,197,24,EXACT-0099,COU-dadf98cc5f0c,Instructor/Third-Party Material,"Tutorial, instructor material, data sheet, or external template",,
COU-0a2489848188,RF/Microwave,학부 과제 및 프로젝트/고주파공학/Cadence Tutorial2 (1).pdf::page-38::Image293.png,885,197,25,,,Instructor/Third-Party Material,"Tutorial, instructor material, data sheet, or external template",,
COU-7cbeec144b3b,RF/Microwave,학부 과제 및 프로젝트/고주파공학/Cadence Tutorial2 (1).pdf::page-38::Image295.png,984,549,27,EXACT-0100,COU-7cbeec144b3b,Instructor/Third-Party Material,"Tutorial, instructor material, data sheet, or external template",,
COU-1494b184fc12,RF/Microwave,학부 과제 및 프로젝트/고주파공학/Cadence Tutorial2 (1).pdf::page-39::Image17.png,1946,40,24,EXACT-0139,COU-1494b184fc12,Instructor/Third-Party Material,"Tutorial, instructor material, data sheet, or external template",,
COU-dadf98cc5f0c,RF/Microwave,학부 과제 및 프로젝트/고주파공학/Cadence Tutorial2 (1).pdf::page-39::Image291.png,154,197,24,EXACT-0099,COU-dadf98cc5f0c,Instructor/Third-Party Material,"Tutorial, instructor material, data sheet, or external template",,
COU-8b732a855931,RF/Microwave,학부 과제 및 프로젝트/고주파공학/Cadence Tutorial2 (1).pdf::page-39::Image298.png,469,197,25,EXACT-0101,COU-8b732a855931,Instructor/Third-Party Material,"Tutorial, instructor material, data sheet, or external template",,
COU-adcc943553c2,RF/Microwave,학부 과제 및 프로젝트/고주파공학/Cadence Tutorial2 (1).pdf::page-39::Image300.png,885,197,25,EXACT-0143,COU-adcc943553c2,Instructor/Third-Party Material,"Tutorial, instructor material, data sheet, or external template",,
COU-571a11c105e8,RF/Microwave,학부 과제 및 프로젝트/고주파공학/Cadence Tutorial2 (1).pdf::page-39::Image302.png,761,637,28,EXACT-0104,COU-571a11c105e8,Instructor/Third-Party Material,"Tutorial, instructor material, data sheet, or external template",,
COU-1494b184fc12,RF/Microwave,학부 과제 및 프로젝트/고주파공학/Cadence Tutorial2 (1).pdf::page-3::Image17.png,1946,40,24,EXACT-0139,COU-1494b184fc12,Instructor/Third-Party Material,"Tutorial, instructor material, data sheet, or external template",,
COU-374dc295d0ba,RF/Microwave,학부 과제 및 프로젝트/고주파공학/Cadence Tutorial2 (1).pdf::page-3::Image19.png,295,197,25,EXACT-0004,COU-374dc295d0ba,Instructor/Third-Party Material,"Tutorial, instructor material, data sheet, or external template",,
COU-a280fc219df2,RF/Microwave,학부 과제 및 프로젝트/고주파공학/Cadence Tutorial2 (1).pdf::page-3::Image26.png,295,197,25,EXACT-0005,COU-a280fc219df2,Instructor/Third-Party Material,"Tutorial, instructor material, data sheet, or external template",,
COU-b06a94d4e190,RF/Microwave,학부 과제 및 프로젝트/고주파공학/Cadence Tutorial2 (1).pdf::page-3::Image28.png,473,197,25,EXACT-0006,COU-b06a94d4e190,Instructor/Third-Party Material,"Tutorial, instructor material, data sheet, or external template",,
COU-a0622b513984,RF/Microwave,학부 과제 및 프로젝트/고주파공학/Cadence Tutorial2 (1).pdf::page-3::Image37.png,678,702,28,EXACT-0007,COU-a0622b513984,Instructor/Third-Party Material,"Tutorial, instructor material, data sheet, or external template",,
COU-c2ceaabce727,RF/Microwave,학부 과제 및 프로젝트/고주파공학/Cadence Tutorial2 (1).pdf::page-3::Image38.png,413,663,26,EXACT-0008,COU-c2ceaabce727,Instructor/Third-Party Material,"Tutorial, instructor material, data sheet, or external template",,
COU-1494b184fc12,RF/Microwave,학부 과제 및 프로젝트/고주파공학/Cadence Tutorial2 (1).pdf::page-40::Image17.png,1946,40,24,EXACT-0139,COU-1494b184fc12,Instructor/Third-Party Material,"Tutorial, instructor material, data sheet, or external template",,
COU-dadf98cc5f0c,RF/Microwave,학부 과제 및 프로젝트/고주파공학/Cadence Tutorial2 (1).pdf::page-40::Image291.png,154,197,24,EXACT-0099,COU-dadf98cc5f0c,Instructor/Third-Party Material,"Tutorial, instructor material, data sheet, or external template",,
COU-8b732a855931,RF/Microwave,학부 과제 및 프로젝트/고주파공학/Cadence Tutorial2 (1).pdf::page-40::Image298.png,469,197,25,EXACT-0101,COU-8b732a855931,Instructor/Third-Party Material,"Tutorial, instructor material, data sheet, or external template",,
COU-adcc943553c2,RF/Microwave,학부 과제 및 프로젝트/고주파공학/Cadence Tutorial2 (1).pdf::page-40::Image300.png,885,197,25,EXACT-0143,COU-adcc943553c2,Instructor/Third-Party Material,"Tutorial, instructor material, data sheet, or external template",,
COU-1c22d9eacdb2,RF/Microwave,학부 과제 및 프로젝트/고주파공학/Cadence Tutorial2 (1).pdf::page-40::Image305.png,1282,537,27,EXACT-0105,COU-1c22d9eacdb2,Instructor/Third-Party Material,"Tutorial, instructor material, data sheet, or external template",,
COU-1494b184fc12,RF/Microwave,학부 과제 및 프로젝트/고주파공학/Cadence Tutorial2 (1).pdf::page-41::Image17.png,1946,40,24,EXACT-0139,COU-1494b184fc12,Instructor/Third-Party Material,"Tutorial, instructor material, data sheet, or external template",,
COU-dadf98cc5f0c,RF/Microwave,학부 과제 및 프로젝트/고주파공학/Cadence Tutorial2 (1).pdf::page-41::Image291.png,154,197,24,EXACT-0099,COU-dadf98cc5f0c,Instructor/Third-Party Material,"Tutorial, instructor material, data sheet, or external template",,
COU-8b732a855931,RF/Microwave,학부 과제 및 프로젝트/고주파공학/Cadence Tutorial2 (1).pdf::page-41::Image298.png,469,197,25,EXACT-0101,COU-8b732a855931,Instructor/Third-Party Material,"Tutorial, instructor material, data sheet, or external template",,
COU-d178144ce1a7,RF/Microwave,학부 과제 및 프로젝트/고주파공학/Cadence Tutorial2 (1).pdf::page-41::Image308.png,983,532,27,EXACT-0106,COU-d178144ce1a7,Instructor/Third-Party Material,"Tutorial, instructor material, data sheet, or external template",,
COU-b1544e48c143,RF/Microwave,학부 과제 및 프로젝트/고주파공학/Cadence Tutorial2 (1).pdf::page-41::Image309.png,926,197,25,EXACT-0144,COU-b1544e48c143,Instructor/Third-Party Material,"Tutorial, instructor material, data sheet, or external template",,
COU-1494b184fc12,RF/Microwave,학부 과제 및 프로젝트/고주파공학/Cadence Tutorial2 (1).pdf::page-42::Image17.png,1946,40,24,EXACT-0139,COU-1494b184fc12,Instructor/Third-Party Material,"Tutorial, instructor material, data sheet, or external template",,
COU-dadf98cc5f0c,RF/Microwave,학부 과제 및 프로젝트/고주파공학/Cadence Tutorial2 (1).pdf::page-42::Image291.png,154,197,24,EXACT-0099,COU-dadf98cc5f0c,Instructor/Third-Party Material,"Tutorial, instructor material, data sheet, or external template",,
COU-8b732a855931,RF/Microwave,학부 과제 및 프로젝트/고주파공학/Cadence Tutorial2 (1).pdf::page-42::Image298.png,469,197,25,EXACT-0101,COU-8b732a855931,Instructor/Third-Party Material,"Tutorial, instructor material, data sheet, or external template",,
COU-b1544e48c143,RF/Microwave,학부 과제 및 프로젝트/고주파공학/Cadence Tutorial2 (1).pdf::page-42::Image309.png,926,197,25,EXACT-0144,COU-b1544e48c143,Instructor/Third-Party Material,"Tutorial, instructor material, data sheet, or external template",,
COU-abf04f2bdc81,RF/Microwave,학부 과제 및 프로젝트/고주파공학/Cadence Tutorial2 (1).pdf::page-42::Image313.png,822,557,27,EXACT-0108,COU-abf04f2bdc81,Instructor/Third-Party Material,"Tutorial, instructor material, data sheet, or external template",,
COU-1494b184fc12,RF/Microwave,학부 과제 및 프로젝트/고주파공학/Cadence Tutorial2 (1).pdf::page-43::Image17.png,1946,40,24,EXACT-0139,COU-1494b184fc12,Instructor/Third-Party Material,"Tutorial, instructor material, data sheet, or external template",,
COU-dadf98cc5f0c,RF/Microwave,학부 과제 및 프로젝트/고주파공학/Cadence Tutorial2 (1).pdf::page-43::Image291.png,154,197,24,EXACT-0099,COU-dadf98cc5f0c,Instructor/Third-Party Material,"Tutorial, instructor material, data sheet, or external template",,
COU-8b732a855931,RF/Microwave,학부 과제 및 프로젝트/고주파공학/Cadence Tutorial2 (1).pdf::page-43::Image298.png,469,197,25,EXACT-0101,COU-8b732a855931,Instructor/Third-Party Material,"Tutorial, instructor material, data sheet, or external template",,
COU-b1544e48c143,RF/Microwave,학부 과제 및 프로젝트/고주파공학/Cadence Tutorial2 (1).pdf::page-43::Image309.png,926,197,25,EXACT-0144,COU-b1544e48c143,Instructor/Third-Party Material,"Tutorial, instructor material, data sheet, or external template",,
COU-10a24fad4401,RF/Microwave,학부 과제 및 프로젝트/고주파공학/Cadence Tutorial2 (1).pdf::page-43::Image316.png,827,353,26,EXACT-0109,COU-10a24fad4401,Instructor/Third-Party Material,"Tutorial, instructor material, data sheet, or external template",,
COU-1494b184fc12,RF/Microwave,학부 과제 및 프로젝트/고주파공학/Cadence Tutorial2 (1).pdf::page-44::Image17.png,1946,40,24,EXACT-0139,COU-1494b184fc12,Instructor/Third-Party Material,"Tutorial, instructor material, data sheet, or external template",,
COU-575bc2529cb1,RF/Microwave,학부 과제 및 프로젝트/고주파공학/Cadence Tutorial2 (1).pdf::page-44::Image319.png,984,531,27,EXACT-0110,COU-575bc2529cb1,Instructor/Third-Party Material,"Tutorial, instructor material, data sheet, or external template",,
COU-718e4f33e13c,RF/Microwave,학부 과제 및 프로젝트/고주파공학/Cadence Tutorial2 (1).pdf::page-44::Image320.png,469,197,25,EXACT-0111,COU-718e4f33e13c,Instructor/Third-Party Material,"Tutorial, instructor material, data sheet, or external template",,
COU-8d2725341e2e,RF/Microwave,학부 과제 및 프로젝트/고주파공학/Cadence Tutorial2 (1).pdf::page-44::Image322.png,154,197,24,EXACT-0112,COU-8d2725341e2e,Instructor/Third-Party Material,"Tutorial, instructor material, data sheet, or external template",,
COU-6dac65533b39,RF/Microwave,학부 과제 및 프로젝트/고주파공학/Cadence Tutorial2 (1).pdf::page-44::Image324.png,862,197,25,EXACT-0114,COU-6dac65533b39,Instructor/Third-Party Material,"Tutorial, instructor material, data sheet, or external template",,
COU-1494b184fc12,RF/Microwave,학부 과제 및 프로젝트/고주파공학/Cadence Tutorial2 (1).pdf::page-45::Image17.png,1946,40,24,EXACT-0139,COU-1494b184fc12,Instructor/Third-Party Material,"Tutorial, instructor material, data sheet, or external template",,
COU-718e4f33e13c,RF/Microwave,학부 과제 및 프로젝트/고주파공학/Cadence Tutorial2 (1).pdf::page-45::Image320.png,469,197,25,EXACT-0111,COU-718e4f33e13c,Instructor/Third-Party Material,"Tutorial, instructor material, data sheet, or external template",,
COU-8d2725341e2e,RF/Microwave,학부 과제 및 프로젝트/고주파공학/Cadence Tutorial2 (1).pdf::page-45::Image322.png,154,197,24,EXACT-0112,COU-8d2725341e2e,Instructor/Third-Party Material,"Tutorial, instructor material, data sheet, or external template",,
COU-6dac65533b39,RF/Microwave,학부 과제 및 프로젝트/고주파공학/Cadence Tutorial2 (1).pdf::page-45::Image324.png,862,197,25,EXACT-0114,COU-6dac65533b39,Instructor/Third-Party Material,"Tutorial, instructor material, data sheet, or external template",,
COU-cf4609dd0070,RF/Microwave,학부 과제 및 프로젝트/고주파공학/Cadence Tutorial2 (1).pdf::page-45::Image328.png,763,560,27,EXACT-0113,COU-cf4609dd0070,Instructor/Third-Party Material,"Tutorial, instructor material, data sheet, or external template",,
COU-1494b184fc12,RF/Microwave,학부 과제 및 프로젝트/고주파공학/Cadence Tutorial2 (1).pdf::page-46::Image17.png,1946,40,24,EXACT-0139,COU-1494b184fc12,Instructor/Third-Party Material,"Tutorial, instructor material, data sheet, or external template",,
COU-718e4f33e13c,RF/Microwave,학부 과제 및 프로젝트/고주파공학/Cadence Tutorial2 (1).pdf::page-46::Image320.png,469,197,25,EXACT-0111,COU-718e4f33e13c,Instructor/Third-Party Material,"Tutorial, instructor material, data sheet, or external template",,
COU-8d2725341e2e,RF/Microwave,학부 과제 및 프로젝트/고주파공학/Cadence Tutorial2 (1).pdf::page-46::Image322.png,154,197,24,EXACT-0112,COU-8d2725341e2e,Instructor/Third-Party Material,"Tutorial, instructor material, data sheet, or external template",,
COU-6dac65533b39,RF/Microwave,학부 과제 및 프로젝트/고주파공학/Cadence Tutorial2 (1).pdf::page-46::Image324.png,862,197,25,EXACT-0114,COU-6dac65533b39,Instructor/Third-Party Material,"Tutorial, instructor material, data sheet, or external template",,
COU-9033fb537172,RF/Microwave,학부 과제 및 프로젝트/고주파공학/Cadence Tutorial2 (1).pdf::page-46::Image331.png,990,362,26,EXACT-0115,COU-9033fb537172,Instructor/Third-Party Material,"Tutorial, instructor material, data sheet, or external template",,
COU-23947ec3aa8c,RF/Microwave,학부 과제 및 프로젝트/고주파공학/Cadence Tutorial2 (1).pdf::page-47::Image285.png,625,112,24,EXACT-0097,COU-23947ec3aa8c,Instructor/Third-Party Material,"Tutorial, instructor material, data sheet, or external template",,
COU-c6b2a21c57e3,RF/Microwave,학부 과제 및 프로젝트/고주파공학/Cadence Tutorial2 (1).pdf::page-47::Image334.png,907,197,25,EXACT-0116,COU-c6b2a21c57e3,Instructor/Third-Party Material,"Tutorial, instructor material, data sheet, or external template",,
COU-0b98f55af0af,RF/Microwave,학부 과제 및 프로젝트/고주파공학/Cadence Tutorial2 (1).pdf::page-47::Image6.png,1726,50,24,EXACT-0138,COU-0b98f55af0af,Instructor/Third-Party Material,"Tutorial, instructor material, data sheet, or external template",,
COU-1494b184fc12,RF/Microwave,학부 과제 및 프로젝트/고주파공학/Cadence Tutorial2 (1).pdf::page-48::Image17.png,1946,40,24,EXACT-0139,COU-1494b184fc12,Instructor/Third-Party Material,"Tutorial, instructor material, data sheet, or external template",,
COU-943d1e586b14,RF/Microwave,학부 과제 및 프로젝트/고주파공학/Cadence Tutorial2 (1).pdf::page-48::Image338.png,866,197,25,EXACT-0117,COU-943d1e586b14,Instructor/Third-Party Material,"Tutorial, instructor material, data sheet, or external template",,
COU-931c56fb4c3a,RF/Microwave,학부 과제 및 프로젝트/고주파공학/Cadence Tutorial2 (1).pdf::page-48::Image340.png,810,482,26,EXACT-0118,COU-931c56fb4c3a,Instructor/Third-Party Material,"Tutorial, instructor material, data sheet, or external template",,
COU-a2a4249ea5c9,RF/Microwave,학부 과제 및 프로젝트/고주파공학/Cadence Tutorial2 (1).pdf::page-48::Image341.png,308,332,25,EXACT-0119,COU-a2a4249ea5c9,Instructor/Third-Party Material,"Tutorial, instructor material, data sheet, or external template",,
COU-1494b184fc12,RF/Microwave,학부 과제 및 프로젝트/고주파공학/Cadence Tutorial2 (1).pdf::page-49::Image17.png,1946,40,24,EXACT-0139,COU-1494b184fc12,Instructor/Third-Party Material,"Tutorial, instructor material, data sheet, or external template",,
COU-943d1e586b14,RF/Microwave,학부 과제 및 프로젝트/고주파공학/Cadence Tutorial2 (1).pdf::page-49::Image338.png,866,197,25,EXACT-0117,COU-943d1e586b14,Instructor/Third-Party Material,"Tutorial, instructor material, data sheet, or external template",,
COU-7bc9f02e99fa,RF/Microwave,학부 과제 및 프로젝트/고주파공학/Cadence Tutorial2 (1).pdf::page-49::Image344.png,287,326,25,EXACT-0120,COU-7bc9f02e99fa,Instructor/Third-Party Material,"Tutorial, instructor material, data sheet, or external template",,
COU-f7c1d5583a36,RF/Microwave,학부 과제 및 프로젝트/고주파공학/Cadence Tutorial2 (1).pdf::page-49::Image345.jpg,486,683,26,NEAR-0016,COU-a7525b32d2f1,Instructor/Third-Party Material,"Tutorial, instructor material, data sheet, or external template",,
COU-e80fe0ef4ac0,RF/Microwave,학부 과제 및 프로젝트/고주파공학/Cadence Tutorial2 (1).pdf::page-49::Image346.jpg,777,560,27,NEAR-0017,COU-ec00ae618d9b,Instructor/Third-Party Material,"Tutorial, instructor material, data sheet, or external template",,
COU-1494b184fc12,RF/Microwave,학부 과제 및 프로젝트/고주파공학/Cadence Tutorial2 (1).pdf::page-4::Image17.png,1946,40,24,EXACT-0139,COU-1494b184fc12,Instructor/Third-Party Material,"Tutorial, instructor material, data sheet, or external template",,
COU-7b7923eedd60,RF/Microwave,학부 과제 및 프로젝트/고주파공학/Cadence Tutorial2 (1).pdf::page-4::Image47.png,336,113,24,EXACT-0009,COU-7b7923eedd60,Instructor/Third-Party Material,"Tutorial, instructor material, data sheet, or external template",,
COU-892778fd0b67,RF/Microwave,학부 과제 및 프로젝트/고주파공학/Cadence Tutorial2 (1).pdf::page-4::Image48.png,899,212,25,EXACT-0010,COU-892778fd0b67,Instructor/Third-Party Material,"Tutorial, instructor material, data sheet, or external template",,
COU-a0c5fada50b1,RF/Microwave,학부 과제 및 프로젝트/고주파공학/Cadence Tutorial2 (1).pdf::page-4::Image49.png,223,197,25,EXACT-0011,COU-a0c5fada50b1,Instructor/Third-Party Material,"Tutorial, instructor material, data sheet, or external template",,
COU-a1b5dd4b0c47,RF/Microwave,학부 과제 및 프로젝트/고주파공학/Cadence Tutorial2 (1).pdf::page-4::Image51.png,620,197,25,EXACT-0012,COU-a1b5dd4b0c47,Instructor/Third-Party Material,"Tutorial, instructor material, data sheet, or external template",,
COU-2594ee87868c,RF/Microwave,학부 과제 및 프로젝트/고주파공학/Cadence Tutorial2 (1).pdf::page-4::Image53.png,295,197,25,EXACT-0013,COU-2594ee87868c,Instructor/Third-Party Material,"Tutorial, instructor material, data sheet, or external template",,
COU-4ff6e8911480,RF/Microwave,학부 과제 및 프로젝트/고주파공학/Cadence Tutorial2 (1).pdf::page-4::Image55.png,641,270,25,EXACT-0014,COU-4ff6e8911480,Instructor/Third-Party Material,"Tutorial, instructor material, data sheet, or external template",,
COU-1494b184fc12,RF/Microwave,학부 과제 및 프로젝트/고주파공학/Cadence Tutorial2 (1).pdf::page-50::Image17.png,1946,40,24,EXACT-0139,COU-1494b184fc12,Instructor/Third-Party Material,"Tutorial, instructor material, data sheet, or external template",,
COU-dadf98cc5f0c,RF/Microwave,학부 과제 및 프로젝트/고주파공학/Cadence Tutorial2 (1).pdf::page-50::Image291.png,154,197,24,EXACT-0099,COU-dadf98cc5f0c,Instructor/Third-Party Material,"Tutorial, instructor material, data sheet, or external template",,
COU-1d07eebd66d4,RF/Microwave,학부 과제 및 프로젝트/고주파공학/Cadence Tutorial2 (1).pdf::page-50::Image349.png,779,557,27,EXACT-0121,COU-1d07eebd66d4,Instructor/Third-Party Material,"Tutorial, instructor material, data sheet, or external template",,electrical-engineering-coursework-portfolio:docs/gallery/rf-microwave/microstrip-stackup-editor.png
COU-9f2273437383,RF/Microwave,학부 과제 및 프로젝트/고주파공학/Cadence Tutorial2 (1).pdf::page-50::Image350.png,1164,197,25,EXACT-0145,COU-9f2273437383,Instructor/Third-Party Material,"Tutorial, instructor material, data sheet, or external template",,
COU-fcad29150551,RF/Microwave,학부 과제 및 프로젝트/고주파공학/Cadence Tutorial2 (1).pdf::page-50::Image352.png,512,197,25,EXACT-0124,COU-fcad29150551,Instructor/Third-Party Material,"Tutorial, instructor material, data sheet, or external template",,
COU-c0fa4f07de9a,RF/Microwave,학부 과제 및 프로젝트/고주파공학/Cadence Tutorial2 (1).pdf::page-50::Image354.jpg,779,558,27,NEAR-0018,COU-ff2332d43f15,Instructor/Third-Party Material,"Tutorial, instructor material, data sheet, or external template",,
COU-1494b184fc12,RF/Microwave,학부 과제 및 프로젝트/고주파공학/Cadence Tutorial2 (1).pdf::page-51::Image17.png,1946,40,24,EXACT-0139,COU-1494b184fc12,Instructor/Third-Party Material,"Tutorial, instructor material, data sheet, or external template",,
COU-dadf98cc5f0c,RF/Microwave,학부 과제 및 프로젝트/고주파공학/Cadence Tutorial2 (1).pdf::page-51::Image291.png,154,197,24,EXACT-0099,COU-dadf98cc5f0c,Instructor/Third-Party Material,"Tutorial, instructor material, data sheet, or external template",,
COU-9f2273437383,RF/Microwave,학부 과제 및 프로젝트/고주파공학/Cadence Tutorial2 (1).pdf::page-51::Image350.png,1164,197,25,EXACT-0145,COU-9f2273437383,Instructor/Third-Party Material,"Tutorial, instructor material, data sheet, or external template",,
COU-fcad29150551,RF/Microwave,학부 과제 및 프로젝트/고주파공학/Cadence Tutorial2 (1).pdf::page-51::Image352.png,512,197,25,EXACT-0124,COU-fcad29150551,Instructor/Third-Party Material,"Tutorial, instructor material, data sheet, or external template",,
COU-c9e607986c93,RF/Microwave,학부 과제 및 프로젝트/고주파공학/Cadence Tutorial2 (1).pdf::page-51::Image357.png,774,556,27,EXACT-0125,COU-c9e607986c93,Instructor/Third-Party Material,"Tutorial, instructor material, data sheet, or external template",,
COU-71cb26db5754,RF/Microwave,학부 과제 및 프로젝트/고주파공학/Cadence Tutorial2 (1).pdf::page-51::Image358.jpg,776,555,27,NEAR-0019,COU-6dff317364fb,Instructor/Third-Party Material,"Tutorial, instructor material, data sheet, or external template",,
COU-1494b184fc12,RF/Microwave,학부 과제 및 프로젝트/고주파공학/Cadence Tutorial2 (1).pdf::page-52::Image17.png,1946,40,24,EXACT-0139,COU-1494b184fc12,Instructor/Third-Party Material,"Tutorial, instructor material, data sheet, or external template",,
COU-dadf98cc5f0c,RF/Microwave,학부 과제 및 프로젝트/고주파공학/Cadence Tutorial2 (1).pdf::page-52::Image291.png,154,197,24,EXACT-0099,COU-dadf98cc5f0c,Instructor/Third-Party Material,"Tutorial, instructor material, data sheet, or external template",,
COU-9f2273437383,RF/Microwave,학부 과제 및 프로젝트/고주파공학/Cadence Tutorial2 (1).pdf::page-52::Image350.png,1164,197,25,EXACT-0145,COU-9f2273437383,Instructor/Third-Party Material,"Tutorial, instructor material, data sheet, or external template",,
COU-fcad29150551,RF/Microwave,학부 과제 및 프로젝트/고주파공학/Cadence Tutorial2 (1).pdf::page-52::Image352.png,512,197,25,EXACT-0124,COU-fcad29150551,Instructor/Third-Party Material,"Tutorial, instructor material, data sheet, or external template",,
COU-5974ee9ec9f2,RF/Microwave,학부 과제 및 프로젝트/고주파공학/Cadence Tutorial2 (1).pdf::page-52::Image361.jpg,484,682,26,NEAR-0020,COU-f972a450a19d,Instructor/Third-Party Material,"Tutorial, instructor material, data sheet, or external template",,
COU-94897e0d82dd,RF/Microwave,학부 과제 및 프로젝트/고주파공학/Cadence Tutorial2 (1).pdf::page-52::Image362.jpg,1285,613,28,NEAR-0021,COU-0e5291756d8e,Instructor/Third-Party Material,"Tutorial, instructor material, data sheet, or external template",,
COU-aa2ca790f71b,RF/Microwave,학부 과제 및 프로젝트/고주파공학/Cadence Tutorial2 (1).pdf::page-52::Image363.png,223,154,24,EXACT-0126,COU-aa2ca790f71b,Instructor/Third-Party Material,"Tutorial, instructor material, data sheet, or external template",,
COU-b6575361690e,RF/Microwave,학부 과제 및 프로젝트/고주파공학/Cadence Tutorial2 (1).pdf::page-52::Image364.png,181,267,25,EXACT-0127,COU-b6575361690e,Instructor/Third-Party Material,"Tutorial, instructor material, data sheet, or external template",,
COU-1494b184fc12,RF/Microwave,학부 과제 및 프로젝트/고주파공학/Cadence Tutorial2 (1).pdf::page-53::Image17.png,1946,40,24,EXACT-0139,COU-1494b184fc12,Instructor/Third-Party Material,"Tutorial, instructor material, data sheet, or external template",,
COU-413a5fb89715,RF/Microwave,학부 과제 및 프로젝트/고주파공학/Cadence Tutorial2 (1).pdf::page-53::Image367.png,744,149,24,EXACT-0128,COU-413a5fb89715,Instructor/Third-Party Material,"Tutorial, instructor material, data sheet, or external template",,
COU-7c03555a5c5c,RF/Microwave,학부 과제 및 프로젝트/고주파공학/Cadence Tutorial2 (1).pdf::page-53::Image369.png,116,149,24,EXACT-0129,COU-7c03555a5c5c,Instructor/Third-Party Material,"Tutorial, instructor material, data sheet, or external template",,
COU-bd2f140122b8,RF/Microwave,학부 과제 및 프로젝트/고주파공학/Cadence Tutorial2 (1).pdf::page-53::Image371.png,414,149,24,EXACT-0130,COU-bd2f140122b8,Instructor/Third-Party Material,"Tutorial, instructor material, data sheet, or external template",,
COU-5aed30d2e96a,RF/Microwave,학부 과제 및 프로젝트/고주파공학/Cadence Tutorial2 (1).pdf::page-53::Image373.png,218,149,24,EXACT-0131,COU-5aed30d2e96a,Instructor/Third-Party Material,"Tutorial, instructor material, data sheet, or external template",,
COU-05dec18fd1cc,RF/Microwave,학부 과제 및 프로젝트/고주파공학/Cadence Tutorial2 (1).pdf::page-53::Image375.png,760,514,26,EXACT-0132,COU-05dec18fd1cc,Instructor/Third-Party Material,"Tutorial, instructor material, data sheet, or external template",,
COU-1494b184fc12,RF/Microwave,학부 과제 및 프로젝트/고주파공학/Cadence Tutorial2 (1).pdf::page-54::Image17.png,1946,40,24,EXACT-0139,COU-1494b184fc12,Instructor/Third-Party Material,"Tutorial, instructor material, data sheet, or external template",,
COU-dadf98cc5f0c,RF/Microwave,학부 과제 및 프로젝트/고주파공학/Cadence Tutorial2 (1).pdf::page-54::Image291.png,154,197,24,EXACT-0099,COU-dadf98cc5f0c,Instructor/Third-Party Material,"Tutorial, instructor material, data sheet, or external template",,
COU-9f2273437383,RF/Microwave,학부 과제 및 프로젝트/고주파공학/Cadence Tutorial2 (1).pdf::page-54::Image350.png,1164,197,25,EXACT-0145,COU-9f2273437383,Instructor/Third-Party Material,"Tutorial, instructor material, data sheet, or external template",,
COU-fcad29150551,RF/Microwave,학부 과제 및 프로젝트/고주파공학/Cadence Tutorial2 (1).pdf::page-54::Image352.png,512,197,25,EXACT-0124,COU-fcad29150551,Instructor/Third-Party Material,"Tutorial, instructor material, data sheet, or external template",,
COU-1c649417e76d,RF/Microwave,학부 과제 및 프로젝트/고주파공학/Cadence Tutorial2 (1).pdf::page-54::Image380.jpg,960,647,28,NEAR-0022,COU-eadbe3d247bd,Instructor/Third-Party Material,"Tutorial, instructor material, data sheet, or external template",,
COU-1494b184fc12,RF/Microwave,학부 과제 및 프로젝트/고주파공학/Cadence Tutorial2 (1).pdf::page-55::Image17.png,1946,40,24,EXACT-0139,COU-1494b184fc12,Instructor/Third-Party Material,"Tutorial, instructor material, data sheet, or external template",,
COU-dadf98cc5f0c,RF/Microwave,학부 과제 및 프로젝트/고주파공학/Cadence Tutorial2 (1).pdf::page-55::Image291.png,154,197,24,EXACT-0099,COU-dadf98cc5f0c,Instructor/Third-Party Material,"Tutorial, instructor material, data sheet, or external template",,
COU-9f2273437383,RF/Microwave,학부 과제 및 프로젝트/고주파공학/Cadence Tutorial2 (1).pdf::page-55::Image350.png,1164,197,25,EXACT-0145,COU-9f2273437383,Instructor/Third-Party Material,"Tutorial, instructor material, data sheet, or external template",,
COU-fcad29150551,RF/Microwave,학부 과제 및 프로젝트/고주파공학/Cadence Tutorial2 (1).pdf::page-55::Image352.png,512,197,25,EXACT-0124,COU-fcad29150551,Instructor/Third-Party Material,"Tutorial, instructor material, data sheet, or external template",,
COU-155165727999,RF/Microwave,학부 과제 및 프로젝트/고주파공학/Cadence Tutorial2 (1).pdf::page-55::Image383.png,899,550,27,EXACT-0133,COU-155165727999,Instructor/Third-Party Material,"Tutorial, instructor material, data sheet, or external template",,
COU-f02b21c79bbf,RF/Microwave,학부 과제 및 프로젝트/고주파공학/Cadence Tutorial2 (1).pdf::page-55::Image384.jpg,713,449,26,NEAR-0023,COU-be9a820d9375,Instructor/Third-Party Material,"Tutorial, instructor material, data sheet, or external template",,
COU-1494b184fc12,RF/Microwave,학부 과제 및 프로젝트/고주파공학/Cadence Tutorial2 (1).pdf::page-56::Image17.png,1946,40,24,EXACT-0139,COU-1494b184fc12,Instructor/Third-Party Material,"Tutorial, instructor material, data sheet, or external template",,
COU-dadf98cc5f0c,RF/Microwave,학부 과제 및 프로젝트/고주파공학/Cadence Tutorial2 (1).pdf::page-56::Image291.png,154,197,24,EXACT-0099,COU-dadf98cc5f0c,Instructor/Third-Party Material,"Tutorial, instructor material, data sheet, or external template",,
COU-9f2273437383,RF/Microwave,학부 과제 및 프로젝트/고주파공학/Cadence Tutorial2 (1).pdf::page-56::Image350.png,1164,197,25,EXACT-0145,COU-9f2273437383,Instructor/Third-Party Material,"Tutorial, instructor material, data sheet, or external template",,
COU-fcad29150551,RF/Microwave,학부 과제 및 프로젝트/고주파공학/Cadence Tutorial2 (1).pdf::page-56::Image352.png,512,197,25,EXACT-0124,COU-fcad29150551,Instructor/Third-Party Material,"Tutorial, instructor material, data sheet, or external template",,
COU-795d5c5146e5,RF/Microwave,학부 과제 및 프로젝트/고주파공학/Cadence Tutorial2 (1).pdf::page-56::Image387.jpg,691,500,26,NEAR-0006,COU-724fb9a3dc43,Instructor/Third-Party Material,"Tutorial, instructor material, data sheet, or external template",,
COU-33365d5d2d00,RF/Microwave,학부 과제 및 프로젝트/고주파공학/Cadence Tutorial2 (1).pdf::page-56::Image388.png,410,1023,27,EXACT-0134,COU-33365d5d2d00,Instructor/Third-Party Material,"Tutorial, instructor material, data sheet, or external template",,
COU-1494b184fc12,RF/Microwave,학부 과제 및 프로젝트/고주파공학/Cadence Tutorial2 (1).pdf::page-57::Image17.png,1946,40,24,EXACT-0139,COU-1494b184fc12,Instructor/Third-Party Material,"Tutorial, instructor material, data sheet, or external template",,
COU-dadf98cc5f0c,RF/Microwave,학부 과제 및 프로젝트/고주파공학/Cadence Tutorial2 (1).pdf::page-57::Image291.png,154,197,24,EXACT-0099,COU-dadf98cc5f0c,Instructor/Third-Party Material,"Tutorial, instructor material, data sheet, or external template",,
COU-9f2273437383,RF/Microwave,학부 과제 및 프로젝트/고주파공학/Cadence Tutorial2 (1).pdf::page-57::Image350.png,1164,197,25,EXACT-0145,COU-9f2273437383,Instructor/Third-Party Material,"Tutorial, instructor material, data sheet, or external template",,
COU-fcad29150551,RF/Microwave,학부 과제 및 프로젝트/고주파공학/Cadence Tutorial2 (1).pdf::page-57::Image352.png,512,197,25,EXACT-0124,COU-fcad29150551,Instructor/Third-Party Material,"Tutorial, instructor material, data sheet, or external template",,
COU-f27e90311057,RF/Microwave,학부 과제 및 프로젝트/고주파공학/Cadence Tutorial2 (1).pdf::page-57::Image391.jpg,982,627,28,NEAR-0024,COU-e104f6ef1ecb,Instructor/Third-Party Material,"Tutorial, instructor material, data sheet, or external template",,
COU-1494b184fc12,RF/Microwave,학부 과제 및 프로젝트/고주파공학/Cadence Tutorial2 (1).pdf::page-58::Image17.png,1946,40,24,EXACT-0139,COU-1494b184fc12,Instructor/Third-Party Material,"Tutorial, instructor material, data sheet, or external template",,
COU-dadf98cc5f0c,RF/Microwave,학부 과제 및 프로젝트/고주파공학/Cadence Tutorial2 (1).pdf::page-58::Image291.png,154,197,24,EXACT-0099,COU-dadf98cc5f0c,Instructor/Third-Party Material,"Tutorial, instructor material, data sheet, or external template",,
COU-9f2273437383,RF/Microwave,학부 과제 및 프로젝트/고주파공학/Cadence Tutorial2 (1).pdf::page-58::Image350.png,1164,197,25,EXACT-0145,COU-9f2273437383,Instructor/Third-Party Material,"Tutorial, instructor material, data sheet, or external template",,
COU-fcad29150551,RF/Microwave,학부 과제 및 프로젝트/고주파공학/Cadence Tutorial2 (1).pdf::page-58::Image352.png,512,197,25,EXACT-0124,COU-fcad29150551,Instructor/Third-Party Material,"Tutorial, instructor material, data sheet, or external template",,
COU-b05da2b46e37,RF/Microwave,학부 과제 및 프로젝트/고주파공학/Cadence Tutorial2 (1).pdf::page-58::Image394.jpg,999,828,28,NEAR-0025,COU-5eb0185d2ccc,Instructor/Third-Party Material,"Tutorial, instructor material, data sheet, or external template",,
COU-3233fe9c667d,RF/Microwave,학부 과제 및 프로젝트/고주파공학/Cadence Tutorial2 (1).pdf::page-58::Image395.png,901,719,28,EXACT-0135,COU-3233fe9c667d,Instructor/Third-Party Material,"Tutorial, instructor material, data sheet, or external template",,
COU-1494b184fc12,RF/Microwave,학부 과제 및 프로젝트/고주파공학/Cadence Tutorial2 (1).pdf::page-59::Image17.png,1946,40,24,EXACT-0139,COU-1494b184fc12,Instructor/Third-Party Material,"Tutorial, instructor material, data sheet, or external template",,
COU-dadf98cc5f0c,RF/Microwave,학부 과제 및 프로젝트/고주파공학/Cadence Tutorial2 (1).pdf::page-59::Image291.png,154,197,24,EXACT-0099,COU-dadf98cc5f0c,Instructor/Third-Party Material,"Tutorial, instructor material, data sheet, or external template",,
COU-9f2273437383,RF/Microwave,학부 과제 및 프로젝트/고주파공학/Cadence Tutorial2 (1).pdf::page-59::Image350.png,1164,197,25,EXACT-0145,COU-9f2273437383,Instructor/Third-Party Material,"Tutorial, instructor material, data sheet, or external template",,
COU-fcad29150551,RF/Microwave,학부 과제 및 프로젝트/고주파공학/Cadence Tutorial2 (1).pdf::page-59::Image352.png,512,197,25,EXACT-0124,COU-fcad29150551,Instructor/Third-Party Material,"Tutorial, instructor material, data sheet, or external template",,
COU-ce1e95dff4be,RF/Microwave,학부 과제 및 프로젝트/고주파공학/Cadence Tutorial2 (1).pdf::page-59::Image398.png,995,807,28,EXACT-0136,COU-ce1e95dff4be,Instructor/Third-Party Material,"Tutorial, instructor material, data sheet, or external template",,
COU-0e4f71d2086e,RF/Microwave,학부 과제 및 프로젝트/고주파공학/Cadence Tutorial2 (1).pdf::page-59::Image399.png,897,716,28,EXACT-0137,COU-0e4f71d2086e,Instructor/Third-Party Material,"Tutorial, instructor material, data sheet, or external template",,
COU-1494b184fc12,RF/Microwave,학부 과제 및 프로젝트/고주파공학/Cadence Tutorial2 (1).pdf::page-5::Image17.png,1946,40,24,EXACT-0139,COU-1494b184fc12,Instructor/Third-Party Material,"Tutorial, instructor material, data sheet, or external template",,
COU-374dc295d0ba,RF/Microwave,학부 과제 및 프로젝트/고주파공학/Cadence Tutorial2 (1).pdf::page-5::Image19.png,295,197,25,EXACT-0004,COU-374dc295d0ba,Instructor/Third-Party Material,"Tutorial, instructor material, data sheet, or external template",,
COU-a280fc219df2,RF/Microwave,학부 과제 및 프로젝트/고주파공학/Cadence Tutorial2 (1).pdf::page-5::Image26.png,295,197,25,EXACT-0005,COU-a280fc219df2,Instructor/Third-Party Material,"Tutorial, instructor material, data sheet, or external template",,
COU-b06a94d4e190,RF/Microwave,학부 과제 및 프로젝트/고주파공학/Cadence Tutorial2 (1).pdf::page-5::Image28.png,473,197,25,EXACT-0006,COU-b06a94d4e190,Instructor/Third-Party Material,"Tutorial, instructor material, data sheet, or external template",,
COU-305643b6a06a,RF/Microwave,학부 과제 및 프로젝트/고주파공학/Cadence Tutorial2 (1).pdf::page-5::Image58.jpg,375,152,24,NEAR-0001,COU-95c007bc3697,Instructor/Third-Party Material,"Tutorial, instructor material, data sheet, or external template",,
COU-0d1847fddb80,RF/Microwave,학부 과제 및 프로젝트/고주파공학/Cadence Tutorial2 (1).pdf::page-5::Image59.png,618,209,25,EXACT-0015,COU-0d1847fddb80,Instructor/Third-Party Material,"Tutorial, instructor material, data sheet, or external template",,
COU-23947ec3aa8c,RF/Microwave,학부 과제 및 프로젝트/고주파공학/Cadence Tutorial2 (1).pdf::page-60::Image285.png,625,112,24,EXACT-0097,COU-23947ec3aa8c,Instructor/Third-Party Material,"Tutorial, instructor material, data sheet, or external template",,
COU-1fc5c9bba747,RF/Microwave,학부 과제 및 프로젝트/고주파공학/Cadence Tutorial2 (1).pdf::page-60::Image402.png,1318,197,25,,,Instructor/Third-Party Material,"Tutorial, instructor material, data sheet, or external template",,
COU-0b98f55af0af,RF/Microwave,학부 과제 및 프로젝트/고주파공학/Cadence Tutorial2 (1).pdf::page-60::Image6.png,1726,50,24,EXACT-0138,COU-0b98f55af0af,Instructor/Third-Party Material,"Tutorial, instructor material, data sheet, or external template",,
COU-1494b184fc12,RF/Microwave,학부 과제 및 프로젝트/고주파공학/Cadence Tutorial2 (1).pdf::page-61::Image17.png,1946,40,24,EXACT-0139,COU-1494b184fc12,Instructor/Third-Party Material,"Tutorial, instructor material, data sheet, or external template",,
COU-d3e56d264201,RF/Microwave,학부 과제 및 프로젝트/고주파공학/Cadence Tutorial2 (1).pdf::page-61::Image406.png,501,149,24,NEAR-0026,COU-a8d8f1aa3790,Instructor/Third-Party Material,"Tutorial, instructor material, data sheet, or external template",,
COU-79ba68291743,RF/Microwave,학부 과제 및 프로젝트/고주파공학/Cadence Tutorial2 (1).pdf::page-61::Image427.png,1141,1144,30,,,Instructor/Third-Party Material,"Tutorial, instructor material, data sheet, or external template",,
COU-1494b184fc12,RF/Microwave,학부 과제 및 프로젝트/고주파공학/Cadence Tutorial2 (1).pdf::page-62::Image17.png,1946,40,24,EXACT-0139,COU-1494b184fc12,Instructor/Third-Party Material,"Tutorial, instructor material, data sheet, or external template",,
COU-311e2f5213b0,RF/Microwave,학부 과제 및 프로젝트/고주파공학/Cadence Tutorial2 (1).pdf::page-62::Image430.png,439,149,24,EXACT-0146,COU-311e2f5213b0,Instructor/Third-Party Material,"Tutorial, instructor material, data sheet, or external template",,
COU-cb4a4931a5d0,RF/Microwave,학부 과제 및 프로젝트/고주파공학/Cadence Tutorial2 (1).pdf::page-62::Image432.png,123,149,24,EXACT-0147,COU-cb4a4931a5d0,Instructor/Third-Party Material,"Tutorial, instructor material, data sheet, or external template",,
COU-04bc37ba97a5,RF/Microwave,학부 과제 및 프로젝트/고주파공학/Cadence Tutorial2 (1).pdf::page-62::Image434.png,1152,149,24,EXACT-0148,COU-04bc37ba97a5,Instructor/Third-Party Material,"Tutorial, instructor material, data sheet, or external template",,
COU-a9a73f75ca2d,RF/Microwave,학부 과제 및 프로젝트/고주파공학/Cadence Tutorial2 (1).pdf::page-62::Image436.png,925,188,25,,,Instructor/Third-Party Material,"Tutorial, instructor material, data sheet, or external template",,
COU-e7f258c601d4,RF/Microwave,학부 과제 및 프로젝트/고주파공학/Cadence Tutorial2 (1).pdf::page-62::Image437.png,796,260,25,EXACT-0149,COU-e7f258c601d4,Instructor/Third-Party Material,"Tutorial, instructor material, data sheet, or external template",,
COU-1494b184fc12,RF/Microwave,학부 과제 및 프로젝트/고주파공학/Cadence Tutorial2 (1).pdf::page-63::Image17.png,1946,40,24,EXACT-0139,COU-1494b184fc12,Instructor/Third-Party Material,"Tutorial, instructor material, data sheet, or external template",,
COU-311e2f5213b0,RF/Microwave,학부 과제 및 프로젝트/고주파공학/Cadence Tutorial2 (1).pdf::page-63::Image430.png,439,149,24,EXACT-0146,COU-311e2f5213b0,Instructor/Third-Party Material,"Tutorial, instructor material, data sheet, or external template",,
COU-cb4a4931a5d0,RF/Microwave,학부 과제 및 프로젝트/고주파공학/Cadence Tutorial2 (1).pdf::page-63::Image432.png,123,149,24,EXACT-0147,COU-cb4a4931a5d0,Instructor/Third-Party Material,"Tutorial, instructor material, data sheet, or external template",,
COU-04bc37ba97a5,RF/Microwave,학부 과제 및 프로젝트/고주파공학/Cadence Tutorial2 (1).pdf::page-63::Image434.png,1152,149,24,EXACT-0148,COU-04bc37ba97a5,Instructor/Third-Party Material,"Tutorial, instructor material, data sheet, or external template",,
COU-e7f258c601d4,RF/Microwave,학부 과제 및 프로젝트/고주파공학/Cadence Tutorial2 (1).pdf::page-63::Image437.png,796,260,25,EXACT-0149,COU-e7f258c601d4,Instructor/Third-Party Material,"Tutorial, instructor material, data sheet, or external template",,
COU-e9643d05855c,RF/Microwave,학부 과제 및 프로젝트/고주파공학/Cadence Tutorial2 (1).pdf::page-63::Image440.png,1083,1034,30,,,Instructor/Third-Party Material,"Tutorial, instructor material, data sheet, or external template",,
COU-6d2dc536b81e,RF/Microwave,학부 과제 및 프로젝트/고주파공학/Cadence Tutorial2 (1).pdf::page-63::Image441.png,770,582,27,,,Instructor/Third-Party Material,"Tutorial, instructor material, data sheet, or external template",,
COU-1494b184fc12,RF/Microwave,학부 과제 및 프로젝트/고주파공학/Cadence Tutorial2 (1).pdf::page-64::Image17.png,1946,40,24,EXACT-0139,COU-1494b184fc12,Instructor/Third-Party Material,"Tutorial, instructor material, data sheet, or external template",,
COU-aa0f224ee7ac,RF/Microwave,학부 과제 및 프로젝트/고주파공학/Cadence Tutorial2 (1).pdf::page-64::Image444.png,1011,519,27,,,Instructor/Third-Party Material,"Tutorial, instructor material, data sheet, or external template",,
COU-97b63ffd962c,RF/Microwave,학부 과제 및 프로젝트/고주파공학/Cadence Tutorial2 (1).pdf::page-64::Image445.png,375,197,25,EXACT-0150,COU-97b63ffd962c,Instructor/Third-Party Material,"Tutorial, instructor material, data sheet, or external template",,
COU-3118e0dcf12d,RF/Microwave,학부 과제 및 프로젝트/고주파공학/Cadence Tutorial2 (1).pdf::page-64::Image447.png,163,197,24,EXACT-0151,COU-3118e0dcf12d,Instructor/Third-Party Material,"Tutorial, instructor material, data sheet, or external template",,
COU-3fc6ce5e9fb0,RF/Microwave,학부 과제 및 프로젝트/고주파공학/Cadence Tutorial2 (1).pdf::page-64::Image449.png,1531,197,25,EXACT-0152,COU-3fc6ce5e9fb0,Instructor/Third-Party Material,"Tutorial, instructor material, data sheet, or external template",,
COU-53fac74eaf67,RF/Microwave,학부 과제 및 프로젝트/고주파공학/Cadence Tutorial2 (1).pdf::page-64::Image451.png,1000,527,27,,,Instructor/Third-Party Material,"Tutorial, instructor material, data sheet, or external template",,
COU-0ef17ef822c4,RF/Microwave,학부 과제 및 프로젝트/고주파공학/Cadence Tutorial2 (1).pdf::page-64::Image452.png,616,512,26,,,Instructor/Third-Party Material,"Tutorial, instructor material, data sheet, or external template",,
COU-1494b184fc12,RF/Microwave,학부 과제 및 프로젝트/고주파공학/Cadence Tutorial2 (1).pdf::page-65::Image17.png,1946,40,24,EXACT-0139,COU-1494b184fc12,Instructor/Third-Party Material,"Tutorial, instructor material, data sheet, or external template",,
COU-97b63ffd962c,RF/Microwave,학부 과제 및 프로젝트/고주파공학/Cadence Tutorial2 (1).pdf::page-65::Image445.png,375,197,25,EXACT-0150,COU-97b63ffd962c,Instructor/Third-Party Material,"Tutorial, instructor material, data sheet, or external template",,
COU-3118e0dcf12d,RF/Microwave,학부 과제 및 프로젝트/고주파공학/Cadence Tutorial2 (1).pdf::page-65::Image447.png,163,197,24,EXACT-0151,COU-3118e0dcf12d,Instructor/Third-Party Material,"Tutorial, instructor material, data sheet, or external template",,
COU-3fc6ce5e9fb0,RF/Microwave,학부 과제 및 프로젝트/고주파공학/Cadence Tutorial2 (1).pdf::page-65::Image449.png,1531,197,25,EXACT-0152,COU-3fc6ce5e9fb0,Instructor/Third-Party Material,"Tutorial, instructor material, data sheet, or external template",,
COU-61e4cbf4858f,RF/Microwave,학부 과제 및 프로젝트/고주파공학/Cadence Tutorial2 (1).pdf::page-65::Image455.png,1169,794,28,EXACT-0153,COU-61e4cbf4858f,Instructor/Third-Party Material,"Tutorial, instructor material, data sheet, or external template",,
COU-1494b184fc12,RF/Microwave,학부 과제 및 프로젝트/고주파공학/Cadence Tutorial2 (1).pdf::page-66::Image17.png,1946,40,24,EXACT-0139,COU-1494b184fc12,Instructor/Third-Party Material,"Tutorial, instructor material, data sheet, or external template",,
COU-97b63ffd962c,RF/Microwave,학부 과제 및 프로젝트/고주파공학/Cadence Tutorial2 (1).pdf::page-66::Image445.png,375,197,25,EXACT-0150,COU-97b63ffd962c,Instructor/Third-Party Material,"Tutorial, instructor material, data sheet, or external template",,
COU-3118e0dcf12d,RF/Microwave,학부 과제 및 프로젝트/고주파공학/Cadence Tutorial2 (1).pdf::page-66::Image447.png,163,197,24,EXACT-0151,COU-3118e0dcf12d,Instructor/Third-Party Material,"Tutorial, instructor material, data sheet, or external template",,
COU-3fc6ce5e9fb0,RF/Microwave,학부 과제 및 프로젝트/고주파공학/Cadence Tutorial2 (1).pdf::page-66::Image449.png,1531,197,25,EXACT-0152,COU-3fc6ce5e9fb0,Instructor/Third-Party Material,"Tutorial, instructor material, data sheet, or external template",,
COU-61e4cbf4858f,RF/Microwave,학부 과제 및 프로젝트/고주파공학/Cadence Tutorial2 (1).pdf::page-66::Image455.png,1169,794,28,EXACT-0153,COU-61e4cbf4858f,Instructor/Third-Party Material,"Tutorial, instructor material, data sheet, or external template",,
COU-10a6789b4b46,RF/Microwave,학부 과제 및 프로젝트/고주파공학/Cadence Tutorial2 (1).pdf::page-66::Image458.png,488,840,27,,,Instructor/Third-Party Material,"Tutorial, instructor material, data sheet, or external template",,
COU-83bd33b2b548,RF/Microwave,학부 과제 및 프로젝트/고주파공학/Cadence Tutorial2 (1).pdf::page-66::Image459.png,484,638,26,,,Instructor/Third-Party Material,"Tutorial, instructor material, data sheet, or external template",,
COU-1494b184fc12,RF/Microwave,학부 과제 및 프로젝트/고주파공학/Cadence Tutorial2 (1).pdf::page-67::Image17.png,1946,40,24,EXACT-0139,COU-1494b184fc12,Instructor/Third-Party Material,"Tutorial, instructor material, data sheet, or external template",,
COU-97b63ffd962c,RF/Microwave,학부 과제 및 프로젝트/고주파공학/Cadence Tutorial2 (1).pdf::page-67::Image445.png,375,197,25,EXACT-0150,COU-97b63ffd962c,Instructor/Third-Party Material,"Tutorial, instructor material, data sheet, or external template",,
COU-3118e0dcf12d,RF/Microwave,학부 과제 및 프로젝트/고주파공학/Cadence Tutorial2 (1).pdf::page-67::Image447.png,163,197,24,EXACT-0151,COU-3118e0dcf12d,Instructor/Third-Party Material,"Tutorial, instructor material, data sheet, or external template",,
COU-3fc6ce5e9fb0,RF/Microwave,학부 과제 및 프로젝트/고주파공학/Cadence Tutorial2 (1).pdf::page-67::Image449.png,1531,197,25,EXACT-0152,COU-3fc6ce5e9fb0,Instructor/Third-Party Material,"Tutorial, instructor material, data sheet, or external template",,
COU-e5fc1afa0ce0,RF/Microwave,학부 과제 및 프로젝트/고주파공학/Cadence Tutorial2 (1).pdf::page-67::Image462.png,475,979,27,,,Instructor/Third-Party Material,"Tutorial, instructor material, data sheet, or external template",,
COU-6961a0162a41,RF/Microwave,학부 과제 및 프로젝트/고주파공학/Cadence Tutorial2 (1).pdf::page-67::Image463.png,474,519,26,,,Instructor/Third-Party Material,"Tutorial, instructor material, data sheet, or external template",,
COU-6c2856b570fe,RF/Microwave,학부 과제 및 프로젝트/고주파공학/Cadence Tutorial2 (1).pdf::page-67::Image464.png,692,577,26,,,Instructor/Third-Party Material,"Tutorial, instructor material, data sheet, or external template",,
COU-1494b184fc12,RF/Microwave,학부 과제 및 프로젝트/고주파공학/Cadence Tutorial2 (1).pdf::page-68::Image17.png,1946,40,24,EXACT-0139,COU-1494b184fc12,Instructor/Third-Party Material,"Tutorial, instructor material, data sheet, or external template",,
COU-97b63ffd962c,RF/Microwave,학부 과제 및 프로젝트/고주파공학/Cadence Tutorial2 (1).pdf::page-68::Image445.png,375,197,25,EXACT-0150,COU-97b63ffd962c,Instructor/Third-Party Material,"Tutorial, instructor material, data sheet, or external template",,
COU-3118e0dcf12d,RF/Microwave,학부 과제 및 프로젝트/고주파공학/Cadence Tutorial2 (1).pdf::page-68::Image447.png,163,197,24,EXACT-0151,COU-3118e0dcf12d,Instructor/Third-Party Material,"Tutorial, instructor material, data sheet, or external template",,
COU-3fc6ce5e9fb0,RF/Microwave,학부 과제 및 프로젝트/고주파공학/Cadence Tutorial2 (1).pdf::page-68::Image449.png,1531,197,25,EXACT-0152,COU-3fc6ce5e9fb0,Instructor/Third-Party Material,"Tutorial, instructor material, data sheet, or external template",,
COU-9a3672458165,RF/Microwave,학부 과제 및 프로젝트/고주파공학/Cadence Tutorial2 (1).pdf::page-68::Image467.png,748,728,28,,,Instructor/Third-Party Material,"Tutorial, instructor material, data sheet, or external template",,
COU-ce808f044524,RF/Microwave,학부 과제 및 프로젝트/고주파공학/Cadence Tutorial2 (1).pdf::page-68::Image468.png,275,172,24,,,Instructor/Third-Party Material,"Tutorial, instructor material, data sheet, or external template",,
COU-1494b184fc12,RF/Microwave,학부 과제 및 프로젝트/고주파공학/Cadence Tutorial2 (1).pdf::page-69::Image17.png,1946,40,24,EXACT-0139,COU-1494b184fc12,Instructor/Third-Party Material,"Tutorial, instructor material, data sheet, or external template",,
COU-97b63ffd962c,RF/Microwave,학부 과제 및 프로젝트/고주파공학/Cadence Tutorial2 (1).pdf::page-69::Image445.png,375,197,25,EXACT-0150,COU-97b63ffd962c,Instructor/Third-Party Material,"Tutorial, instructor material, data sheet, or external template",,
COU-3118e0dcf12d,RF/Microwave,학부 과제 및 프로젝트/고주파공학/Cadence Tutorial2 (1).pdf::page-69::Image447.png,163,197,24,EXACT-0151,COU-3118e0dcf12d,Instructor/Third-Party Material,"Tutorial, instructor material, data sheet, or external template",,
COU-3fc6ce5e9fb0,RF/Microwave,학부 과제 및 프로젝트/고주파공학/Cadence Tutorial2 (1).pdf::page-69::Image449.png,1531,197,25,EXACT-0152,COU-3fc6ce5e9fb0,Instructor/Third-Party Material,"Tutorial, instructor material, data sheet, or external template",,
COU-61e4cbf4858f,RF/Microwave,학부 과제 및 프로젝트/고주파공학/Cadence Tutorial2 (1).pdf::page-69::Image455.png,1169,794,28,EXACT-0153,COU-61e4cbf4858f,Instructor/Third-Party Material,"Tutorial, instructor material, data sheet, or external template",,
COU-cc197c2a1f5e,RF/Microwave,학부 과제 및 프로젝트/고주파공학/Cadence Tutorial2 (1).pdf::page-69::Image471.png,988,632,28,,,Instructor/Third-Party Material,"Tutorial, instructor material, data sheet, or external template",,
COU-f057aa8c4984,RF/Microwave,학부 과제 및 프로젝트/고주파공학/Cadence Tutorial2 (1).pdf::page-69::Image472.png,323,667,25,,,Instructor/Third-Party Material,"Tutorial, instructor material, data sheet, or external template",,
COU-d639024a7b55,RF/Microwave,학부 과제 및 프로젝트/고주파공학/Cadence Tutorial2 (1).pdf::page-69::Image473.png,254,142,24,,,Instructor/Third-Party Material,"Tutorial, instructor material, data sheet, or external template",,
COU-1494b184fc12,RF/Microwave,학부 과제 및 프로젝트/고주파공학/Cadence Tutorial2 (1).pdf::page-6::Image17.png,1946,40,24,EXACT-0139,COU-1494b184fc12,Instructor/Third-Party Material,"Tutorial, instructor material, data sheet, or external template",,
COU-ee743fbb79d4,RF/Microwave,학부 과제 및 프로젝트/고주파공학/Cadence Tutorial2 (1).pdf::page-6::Image62.png,1249,341,26,EXACT-0016,COU-ee743fbb79d4,Instructor/Third-Party Material,"Tutorial, instructor material, data sheet, or external template",,
COU-f8a66f3fddc1,RF/Microwave,학부 과제 및 프로젝트/고주파공학/Cadence Tutorial2 (1).pdf::page-6::Image63.png,295,197,25,EXACT-0017,COU-f8a66f3fddc1,Instructor/Third-Party Material,"Tutorial, instructor material, data sheet, or external template",,
COU-3186fe20ac70,RF/Microwave,학부 과제 및 프로젝트/고주파공학/Cadence Tutorial2 (1).pdf::page-6::Image65.png,295,197,25,EXACT-0018,COU-3186fe20ac70,Instructor/Third-Party Material,"Tutorial, instructor material, data sheet, or external template",,
COU-ad3cb815f16c,RF/Microwave,학부 과제 및 프로젝트/고주파공학/Cadence Tutorial2 (1).pdf::page-6::Image67.png,473,197,25,EXACT-0019,COU-ad3cb815f16c,Instructor/Third-Party Material,"Tutorial, instructor material, data sheet, or external template",,
COU-1494b184fc12,RF/Microwave,학부 과제 및 프로젝트/고주파공학/Cadence Tutorial2 (1).pdf::page-70::Image17.png,1946,40,24,EXACT-0139,COU-1494b184fc12,Instructor/Third-Party Material,"Tutorial, instructor material, data sheet, or external template",,
COU-97b63ffd962c,RF/Microwave,학부 과제 및 프로젝트/고주파공학/Cadence Tutorial2 (1).pdf::page-70::Image445.png,375,197,25,EXACT-0150,COU-97b63ffd962c,Instructor/Third-Party Material,"Tutorial, instructor material, data sheet, or external template",,
COU-3118e0dcf12d,RF/Microwave,학부 과제 및 프로젝트/고주파공학/Cadence Tutorial2 (1).pdf::page-70::Image447.png,163,197,24,EXACT-0151,COU-3118e0dcf12d,Instructor/Third-Party Material,"Tutorial, instructor material, data sheet, or external template",,
COU-3fc6ce5e9fb0,RF/Microwave,학부 과제 및 프로젝트/고주파공학/Cadence Tutorial2 (1).pdf::page-70::Image449.png,1531,197,25,EXACT-0152,COU-3fc6ce5e9fb0,Instructor/Third-Party Material,"Tutorial, instructor material, data sheet, or external template",,
COU-253d8f1e1d68,RF/Microwave,학부 과제 및 프로젝트/고주파공학/Cadence Tutorial2 (1).pdf::page-70::Image476.png,986,612,28,,,Instructor/Third-Party Material,"Tutorial, instructor material, data sheet, or external template",,
COU-ed3f978e9af5,RF/Microwave,학부 과제 및 프로젝트/고주파공학/Cadence Tutorial2 (1).pdf::page-70::Image477.png,316,602,25,EXACT-0154,COU-ed3f978e9af5,Instructor/Third-Party Material,"Tutorial, instructor material, data sheet, or external template",,
COU-f67f1d2e06f1,RF/Microwave,학부 과제 및 프로젝트/고주파공학/Cadence Tutorial2 (1).pdf::page-70::Image478.png,784,629,28,,,Instructor/Third-Party Material,"Tutorial, instructor material, data sheet, or external template",,
COU-6e6eb5857645,RF/Microwave,학부 과제 및 프로젝트/고주파공학/Cadence Tutorial2 (1).pdf::page-70::Image479.png,314,599,25,,,Instructor/Third-Party Material,"Tutorial, instructor material, data sheet, or external template",,
COU-1494b184fc12,RF/Microwave,학부 과제 및 프로젝트/고주파공학/Cadence Tutorial2 (1).pdf::page-71::Image17.png,1946,40,24,EXACT-0139,COU-1494b184fc12,Instructor/Third-Party Material,"Tutorial, instructor material, data sheet, or external template",,
COU-97b63ffd962c,RF/Microwave,학부 과제 및 프로젝트/고주파공학/Cadence Tutorial2 (1).pdf::page-71::Image445.png,375,197,25,EXACT-0150,COU-97b63ffd962c,Instructor/Third-Party Material,"Tutorial, instructor material, data sheet, or external template",,
COU-3118e0dcf12d,RF/Microwave,학부 과제 및 프로젝트/고주파공학/Cadence Tutorial2 (1).pdf::page-71::Image447.png,163,197,24,EXACT-0151,COU-3118e0dcf12d,Instructor/Third-Party Material,"Tutorial, instructor material, data sheet, or external template",,
COU-3fc6ce5e9fb0,RF/Microwave,학부 과제 및 프로젝트/고주파공학/Cadence Tutorial2 (1).pdf::page-71::Image449.png,1531,197,25,EXACT-0152,COU-3fc6ce5e9fb0,Instructor/Third-Party Material,"Tutorial, instructor material, data sheet, or external template",,
COU-aac692fb5738,RF/Microwave,학부 과제 및 프로젝트/고주파공학/Cadence Tutorial2 (1).pdf::page-71::Image482.png,755,506,26,,,Instructor/Third-Party Material,"Tutorial, instructor material, data sheet, or external template",,
COU-c7bd35d7867e,RF/Microwave,학부 과제 및 프로젝트/고주파공학/Cadence Tutorial2 (1).pdf::page-71::Image483.png,791,626,28,,,Instructor/Third-Party Material,"Tutorial, instructor material, data sheet, or external template",,
COU-6fd9755cf616,RF/Microwave,학부 과제 및 프로젝트/고주파공학/Cadence Tutorial2 (1).pdf::page-71::Image484.png,425,815,26,,,Instructor/Third-Party Material,"Tutorial, instructor material, data sheet, or external template",,
COU-223316bc12ac,RF/Microwave,학부 과제 및 프로젝트/고주파공학/Cadence Tutorial2 (1).pdf::page-71::Image485.png,254,158,24,,,Instructor/Third-Party Material,"Tutorial, instructor material, data sheet, or external template",,
COU-1494b184fc12,RF/Microwave,학부 과제 및 프로젝트/고주파공학/Cadence Tutorial2 (1).pdf::page-72::Image17.png,1946,40,24,EXACT-0139,COU-1494b184fc12,Instructor/Third-Party Material,"Tutorial, instructor material, data sheet, or external template",,
COU-97b63ffd962c,RF/Microwave,학부 과제 및 프로젝트/고주파공학/Cadence Tutorial2 (1).pdf::page-72::Image445.png,375,197,25,EXACT-0150,COU-97b63ffd962c,Instructor/Third-Party Material,"Tutorial, instructor material, data sheet, or external template",,
COU-3118e0dcf12d,RF/Microwave,학부 과제 및 프로젝트/고주파공학/Cadence Tutorial2 (1).pdf::page-72::Image447.png,163,197,24,EXACT-0151,COU-3118e0dcf12d,Instructor/Third-Party Material,"Tutorial, instructor material, data sheet, or external template",,
COU-3fc6ce5e9fb0,RF/Microwave,학부 과제 및 프로젝트/고주파공학/Cadence Tutorial2 (1).pdf::page-72::Image449.png,1531,197,25,EXACT-0152,COU-3fc6ce5e9fb0,Instructor/Third-Party Material,"Tutorial, instructor material, data sheet, or external template",,
COU-7b3b7c52b2d7,RF/Microwave,학부 과제 및 프로젝트/고주파공학/Cadence Tutorial2 (1).pdf::page-72::Image488.png,769,476,26,,,Instructor/Third-Party Material,"Tutorial, instructor material, data sheet, or external template",,
COU-81265208bb30,RF/Microwave,학부 과제 및 프로젝트/고주파공학/Cadence Tutorial2 (1).pdf::page-72::Image489.png,782,639,28,,,Instructor/Third-Party Material,"Tutorial, instructor material, data sheet, or external template",,
COU-562f157cc386,RF/Microwave,학부 과제 및 프로젝트/고주파공학/Cadence Tutorial2 (1).pdf::page-72::Image490.png,254,180,25,,,Instructor/Third-Party Material,"Tutorial, instructor material, data sheet, or external template",,
COU-4b526bf1b68d,RF/Microwave,학부 과제 및 프로젝트/고주파공학/Cadence Tutorial2 (1).pdf::page-72::Image491.png,282,670,25,NEAR-0027,COU-e4b175946697,Instructor/Third-Party Material,"Tutorial, instructor material, data sheet, or external template",,
COU-1494b184fc12,RF/Microwave,학부 과제 및 프로젝트/고주파공학/Cadence Tutorial2 (1).pdf::page-73::Image17.png,1946,40,24,EXACT-0139,COU-1494b184fc12,Instructor/Third-Party Material,"Tutorial, instructor material, data sheet, or external template",,
COU-97b63ffd962c,RF/Microwave,학부 과제 및 프로젝트/고주파공학/Cadence Tutorial2 (1).pdf::page-73::Image445.png,375,197,25,EXACT-0150,COU-97b63ffd962c,Instructor/Third-Party Material,"Tutorial, instructor material, data sheet, or external template",,
COU-3118e0dcf12d,RF/Microwave,학부 과제 및 프로젝트/고주파공학/Cadence Tutorial2 (1).pdf::page-73::Image447.png,163,197,24,EXACT-0151,COU-3118e0dcf12d,Instructor/Third-Party Material,"Tutorial, instructor material, data sheet, or external template",,
COU-3fc6ce5e9fb0,RF/Microwave,학부 과제 및 프로젝트/고주파공학/Cadence Tutorial2 (1).pdf::page-73::Image449.png,1531,197,25,EXACT-0152,COU-3fc6ce5e9fb0,Instructor/Third-Party Material,"Tutorial, instructor material, data sheet, or external template",,
COU-9521e0e5ff31,RF/Microwave,학부 과제 및 프로젝트/고주파공학/Cadence Tutorial2 (1).pdf::page-73::Image494.png,988,632,28,,,Instructor/Third-Party Material,"Tutorial, instructor material, data sheet, or external template",,
COU-358f11984098,RF/Microwave,학부 과제 및 프로젝트/고주파공학/Cadence Tutorial2 (1).pdf::page-73::Image495.png,504,796,27,,,Instructor/Third-Party Material,"Tutorial, instructor material, data sheet, or external template",,
COU-d38a1d8f9182,RF/Microwave,학부 과제 및 프로젝트/고주파공학/Cadence Tutorial2 (1).pdf::page-73::Image496.png,256,176,24,,,Instructor/Third-Party Material,"Tutorial, instructor material, data sheet, or external template",,
COU-1494b184fc12,RF/Microwave,학부 과제 및 프로젝트/고주파공학/Cadence Tutorial2 (1).pdf::page-74::Image17.png,1946,40,24,EXACT-0139,COU-1494b184fc12,Instructor/Third-Party Material,"Tutorial, instructor material, data sheet, or external template",,
COU-97b63ffd962c,RF/Microwave,학부 과제 및 프로젝트/고주파공학/Cadence Tutorial2 (1).pdf::page-74::Image445.png,375,197,25,EXACT-0150,COU-97b63ffd962c,Instructor/Third-Party Material,"Tutorial, instructor material, data sheet, or external template",,
COU-3118e0dcf12d,RF/Microwave,학부 과제 및 프로젝트/고주파공학/Cadence Tutorial2 (1).pdf::page-74::Image447.png,163,197,24,EXACT-0151,COU-3118e0dcf12d,Instructor/Third-Party Material,"Tutorial, instructor material, data sheet, or external template",,
COU-3fc6ce5e9fb0,RF/Microwave,학부 과제 및 프로젝트/고주파공학/Cadence Tutorial2 (1).pdf::page-74::Image449.png,1531,197,25,EXACT-0152,COU-3fc6ce5e9fb0,Instructor/Third-Party Material,"Tutorial, instructor material, data sheet, or external template",,
COU-ed3f978e9af5,RF/Microwave,학부 과제 및 프로젝트/고주파공학/Cadence Tutorial2 (1).pdf::page-74::Image477.png,316,602,25,EXACT-0154,COU-ed3f978e9af5,Instructor/Third-Party Material,"Tutorial, instructor material, data sheet, or external template",,
COU-438ecb04acbc,RF/Microwave,학부 과제 및 프로젝트/고주파공학/Cadence Tutorial2 (1).pdf::page-74::Image499.png,982,602,28,,,Instructor/Third-Party Material,"Tutorial, instructor material, data sheet, or external template",,
COU-111846a6da39,RF/Microwave,학부 과제 및 프로젝트/고주파공학/Cadence Tutorial2 (1).pdf::page-74::Image500.png,788,629,28,,,Instructor/Third-Party Material,"Tutorial, instructor material, data sheet, or external template",,
COU-1494b184fc12,RF/Microwave,학부 과제 및 프로젝트/고주파공학/Cadence Tutorial2 (1).pdf::page-75::Image17.png,1946,40,24,EXACT-0139,COU-1494b184fc12,Instructor/Third-Party Material,"Tutorial, instructor material, data sheet, or external template",,
COU-97b63ffd962c,RF/Microwave,학부 과제 및 프로젝트/고주파공학/Cadence Tutorial2 (1).pdf::page-75::Image445.png,375,197,25,EXACT-0150,COU-97b63ffd962c,Instructor/Third-Party Material,"Tutorial, instructor material, data sheet, or external template",,
COU-3118e0dcf12d,RF/Microwave,학부 과제 및 프로젝트/고주파공학/Cadence Tutorial2 (1).pdf::page-75::Image447.png,163,197,24,EXACT-0151,COU-3118e0dcf12d,Instructor/Third-Party Material,"Tutorial, instructor material, data sheet, or external template",,
COU-3fc6ce5e9fb0,RF/Microwave,학부 과제 및 프로젝트/고주파공학/Cadence Tutorial2 (1).pdf::page-75::Image449.png,1531,197,25,EXACT-0152,COU-3fc6ce5e9fb0,Instructor/Third-Party Material,"Tutorial, instructor material, data sheet, or external template",,
COU-01ab1378b2d5,RF/Microwave,학부 과제 및 프로젝트/고주파공학/Cadence Tutorial2 (1).pdf::page-75::Image503.png,793,635,28,,,Instructor/Third-Party Material,"Tutorial, instructor material, data sheet, or external template",,
COU-7a8c69a78d34,RF/Microwave,학부 과제 및 프로젝트/고주파공학/Cadence Tutorial2 (1).pdf::page-75::Image504.png,862,478,27,NEAR-0028,COU-7a8c69a78d34,Instructor/Third-Party Material,"Tutorial, instructor material, data sheet, or external template",,
COU-d0e3f35e8d86,RF/Microwave,학부 과제 및 프로젝트/고주파공학/Cadence Tutorial2 (1).pdf::page-75::Image505.png,253,202,25,,,Instructor/Third-Party Material,"Tutorial, instructor material, data sheet, or external template",,
COU-e4b175946697,RF/Microwave,학부 과제 및 프로젝트/고주파공학/Cadence Tutorial2 (1).pdf::page-75::Image506.png,425,978,27,NEAR-0027,COU-e4b175946697,Instructor/Third-Party Material,"Tutorial, instructor material, data sheet, or external template",,
COU-1494b184fc12,RF/Microwave,학부 과제 및 프로젝트/고주파공학/Cadence Tutorial2 (1).pdf::page-76::Image17.png,1946,40,24,EXACT-0139,COU-1494b184fc12,Instructor/Third-Party Material,"Tutorial, instructor material, data sheet, or external template",,
COU-97b63ffd962c,RF/Microwave,학부 과제 및 프로젝트/고주파공학/Cadence Tutorial2 (1).pdf::page-76::Image445.png,375,197,25,EXACT-0150,COU-97b63ffd962c,Instructor/Third-Party Material,"Tutorial, instructor material, data sheet, or external template",,
COU-3118e0dcf12d,RF/Microwave,학부 과제 및 프로젝트/고주파공학/Cadence Tutorial2 (1).pdf::page-76::Image447.png,163,197,24,EXACT-0151,COU-3118e0dcf12d,Instructor/Third-Party Material,"Tutorial, instructor material, data sheet, or external template",,
COU-3fc6ce5e9fb0,RF/Microwave,학부 과제 및 프로젝트/고주파공학/Cadence Tutorial2 (1).pdf::page-76::Image449.png,1531,197,25,EXACT-0152,COU-3fc6ce5e9fb0,Instructor/Third-Party Material,"Tutorial, instructor material, data sheet, or external template",,
COU-9036f17beb6e,RF/Microwave,학부 과제 및 프로젝트/고주파공학/Cadence Tutorial2 (1).pdf::page-76::Image509.png,828,452,26,NEAR-0028,COU-7a8c69a78d34,Instructor/Third-Party Material,"Tutorial, instructor material, data sheet, or external template",,
COU-809ad043d6fb,RF/Microwave,학부 과제 및 프로젝트/고주파공학/Cadence Tutorial2 (1).pdf::page-76::Image510.png,789,631,28,,,Instructor/Third-Party Material,"Tutorial, instructor material, data sheet, or external template",,
COU-38a26d53c21e,RF/Microwave,학부 과제 및 프로젝트/고주파공학/Cadence Tutorial2 (1).pdf::page-76::Image511.png,258,228,25,,,Instructor/Third-Party Material,"Tutorial, instructor material, data sheet, or external template",,
COU-1db2a8ecea06,RF/Microwave,학부 과제 및 프로젝트/고주파공학/Cadence Tutorial2 (1).pdf::page-76::Image512.png,304,705,25,NEAR-0027,COU-e4b175946697,Instructor/Third-Party Material,"Tutorial, instructor material, data sheet, or external template",,
COU-1494b184fc12,RF/Microwave,학부 과제 및 프로젝트/고주파공학/Cadence Tutorial2 (1).pdf::page-77::Image17.png,1946,40,24,EXACT-0139,COU-1494b184fc12,Instructor/Third-Party Material,"Tutorial, instructor material, data sheet, or external template",,
COU-97b63ffd962c,RF/Microwave,학부 과제 및 프로젝트/고주파공학/Cadence Tutorial2 (1).pdf::page-77::Image445.png,375,197,25,EXACT-0150,COU-97b63ffd962c,Instructor/Third-Party Material,"Tutorial, instructor material, data sheet, or external template",,
COU-3118e0dcf12d,RF/Microwave,학부 과제 및 프로젝트/고주파공학/Cadence Tutorial2 (1).pdf::page-77::Image447.png,163,197,24,EXACT-0151,COU-3118e0dcf12d,Instructor/Third-Party Material,"Tutorial, instructor material, data sheet, or external template",,
COU-3fc6ce5e9fb0,RF/Microwave,학부 과제 및 프로젝트/고주파공학/Cadence Tutorial2 (1).pdf::page-77::Image449.png,1531,197,25,EXACT-0152,COU-3fc6ce5e9fb0,Instructor/Third-Party Material,"Tutorial, instructor material, data sheet, or external template",,
COU-9d22fa51b23c,RF/Microwave,학부 과제 및 프로젝트/고주파공학/Cadence Tutorial2 (1).pdf::page-77::Image515.png,988,632,28,,,Instructor/Third-Party Material,"Tutorial, instructor material, data sheet, or external template",,
COU-1494b184fc12,RF/Microwave,학부 과제 및 프로젝트/고주파공학/Cadence Tutorial2 (1).pdf::page-7::Image17.png,1946,40,24,EXACT-0139,COU-1494b184fc12,Instructor/Third-Party Material,"Tutorial, instructor material, data sheet, or external template",,
COU-1b4e6d218e63,RF/Microwave,학부 과제 및 프로젝트/고주파공학/Cadence Tutorial2 (1).pdf::page-7::Image78.png,764,197,25,EXACT-0020,COU-1b4e6d218e63,Instructor/Third-Party Material,"Tutorial, instructor material, data sheet, or external template",,
COU-aa7711a9f576,RF/Microwave,학부 과제 및 프로젝트/고주파공학/Cadence Tutorial2 (1).pdf::page-7::Image80.png,1260,751,28,EXACT-0021,COU-aa7711a9f576,Instructor/Third-Party Material,"Tutorial, instructor material, data sheet, or external template",,
COU-1494b184fc12,RF/Microwave,학부 과제 및 프로젝트/고주파공학/Cadence Tutorial2 (1).pdf::page-8::Image17.png,1946,40,24,EXACT-0139,COU-1494b184fc12,Instructor/Third-Party Material,"Tutorial, instructor material, data sheet, or external template",,
COU-0be389cb3280,RF/Microwave,학부 과제 및 프로젝트/고주파공학/Cadence Tutorial2 (1).pdf::page-8::Image83.png,562,197,25,EXACT-0022,COU-0be389cb3280,Instructor/Third-Party Material,"Tutorial, instructor material, data sheet, or external template",,
COU-403c024a7ce1,RF/Microwave,학부 과제 및 프로젝트/고주파공학/Cadence Tutorial2 (1).pdf::page-8::Image85.png,295,197,25,EXACT-0023,COU-403c024a7ce1,Instructor/Third-Party Material,"Tutorial, instructor material, data sheet, or external template",,
COU-2aa2c609b2a9,RF/Microwave,학부 과제 및 프로젝트/고주파공학/Cadence Tutorial2 (1).pdf::page-8::Image87.png,741,515,26,EXACT-0024,COU-2aa2c609b2a9,Instructor/Third-Party Material,"Tutorial, instructor material, data sheet, or external template",,
COU-35efa11a34e4,RF/Microwave,학부 과제 및 프로젝트/고주파공학/Cadence Tutorial2 (1).pdf::page-8::Image88.png,599,468,26,EXACT-0025,COU-35efa11a34e4,Instructor/Third-Party Material,"Tutorial, instructor material, data sheet, or external template",,
COU-ad3adbb67a6d,RF/Microwave,학부 과제 및 프로젝트/고주파공학/Cadence Tutorial2 (1).pdf::page-8::Image89.png,612,515,26,EXACT-0026,COU-ad3adbb67a6d,Instructor/Third-Party Material,"Tutorial, instructor material, data sheet, or external template",,
COU-1494b184fc12,RF/Microwave,학부 과제 및 프로젝트/고주파공학/Cadence Tutorial2 (1).pdf::page-9::Image17.png,1946,40,24,EXACT-0139,COU-1494b184fc12,Instructor/Third-Party Material,"Tutorial, instructor material, data sheet, or external template",,
COU-0be389cb3280,RF/Microwave,학부 과제 및 프로젝트/고주파공학/Cadence Tutorial2 (1).pdf::page-9::Image83.png,562,197,25,EXACT-0022,COU-0be389cb3280,Instructor/Third-Party Material,"Tutorial, instructor material, data sheet, or external template",,
COU-403c024a7ce1,RF/Microwave,학부 과제 및 프로젝트/고주파공학/Cadence Tutorial2 (1).pdf::page-9::Image85.png,295,197,25,EXACT-0023,COU-403c024a7ce1,Instructor/Third-Party Material,"Tutorial, instructor material, data sheet, or external template",,
COU-973015cff867,RF/Microwave,학부 과제 및 프로젝트/고주파공학/Cadence Tutorial2 (1).pdf::page-9::Image92.png,198,366,25,EXACT-0027,COU-973015cff867,Instructor/Third-Party Material,"Tutorial, instructor material, data sheet, or external template",,
COU-bf7e1efbceda,RF/Microwave,학부 과제 및 프로젝트/고주파공학/Cadence Tutorial2 (1).pdf::page-9::Image93.png,502,588,26,EXACT-0028,COU-bf7e1efbceda,Instructor/Third-Party Material,"Tutorial, instructor material, data sheet, or external template",,
COU-153126f2c1c1,RF/Microwave,학부 과제 및 프로젝트/고주파공학/Cadence Tutorial2 (1).pdf::page-9::Image94.png,364,182,25,EXACT-0029,COU-153126f2c1c1,Instructor/Third-Party Material,"Tutorial, instructor material, data sheet, or external template",,
COU-386808be0c28,RF/Microwave,학부 과제 및 프로젝트/고주파공학/Cadence Tutorial2 (1).pdf::page-9::Image95.png,405,210,25,EXACT-0030,COU-386808be0c28,Instructor/Third-Party Material,"Tutorial, instructor material, data sheet, or external template",,
COU-51ce9c90f051,RF/Microwave,학부 과제 및 프로젝트/고주파공학/고주파공학 1분반_homework2_[student-id-redacted]_류형록.pdf::page-10::Im3.jpg,476,953,24,EXACT-0157,COU-51ce9c90f051,Publicly Withheld,"Lower-value, incomplete, redundant-context, or unverified visual",,
COU-46d8766fb59f,RF/Microwave,학부 과제 및 프로젝트/고주파공학/고주파공학 1분반_homework2_[student-id-redacted]_류형록.pdf::page-10::Im4.jpg,765,550,24,EXACT-0158,COU-46d8766fb59f,Published,Near-identical public derivative already in use,,electrical-engineering-coursework-portfolio:docs/gallery/rf-microwave/microstrip-stackup-editor.png
COU-19664468f03c,RF/Microwave,학부 과제 및 프로젝트/고주파공학/고주파공학 1분반_homework2_[student-id-redacted]_류형록.pdf::page-10::Im5.jpg,776,551,24,EXACT-0159,COU-19664468f03c,Publicly Withheld,"Lower-value, incomplete, redundant-context, or unverified visual",,
COU-8b0fb503838e,RF/Microwave,학부 과제 및 프로젝트/고주파공학/고주파공학 1분반_homework2_[student-id-redacted]_류형록.pdf::page-10::Im6.jpg,481,950,24,EXACT-0160,COU-8b0fb503838e,Publicly Withheld,"Lower-value, incomplete, redundant-context, or unverified visual",,
COU-c7ae0b7a0f39,RF/Microwave,학부 과제 및 프로젝트/고주파공학/고주파공학 1분반_homework2_[student-id-redacted]_류형록.pdf::page-10::Im7.jpg,480,949,24,EXACT-0161,COU-c7ae0b7a0f39,Publicly Withheld,"Lower-value, incomplete, redundant-context, or unverified visual",,
COU-87a64743d90d,RF/Microwave,학부 과제 및 프로젝트/고주파공학/고주파공학 1분반_homework2_[student-id-redacted]_류형록.pdf::page-10::Im8.jpg,481,950,24,EXACT-0162,COU-87a64743d90d,Publicly Withheld,"Lower-value, incomplete, redundant-context, or unverified visual",,
COU-8f769816a872,RF/Microwave,학부 과제 및 프로젝트/고주파공학/고주파공학 1분반_homework2_[student-id-redacted]_류형록.pdf::page-11::Im10.jpg,1000,813,25,EXACT-0163,COU-8f769816a872,Published,Near-identical public derivative already in use,,electrical-engineering-coursework-portfolio:docs/gallery/rf-microwave/microstrip-response-marker.png
COU-c0763ba04ef0,RF/Microwave,학부 과제 및 프로젝트/고주파공학/고주파공학 1분반_homework2_[student-id-redacted]_류형록.pdf::page-11::Im9.jpg,404,1013,24,EXACT-0164,COU-c0763ba04ef0,Publicly Withheld,"Lower-value, incomplete, redundant-context, or unverified visual",,
COU-cef416e3024d,RF/Microwave,학부 과제 및 프로젝트/고주파공학/고주파공학 1분반_homework2_[student-id-redacted]_류형록.pdf::page-12::Im11.jpg,988,683,25,EXACT-0165,COU-cef416e3024d,Publicly Withheld,"Lower-value, incomplete, redundant-context, or unverified visual",,
COU-3b63735f7185,RF/Microwave,학부 과제 및 프로젝트/고주파공학/고주파공학 1분반_homework2_[student-id-redacted]_류형록.pdf::page-12::Im12.jpg,985,684,25,EXACT-0166,COU-3b63735f7185,Publicly Withheld,"Lower-value, incomplete, redundant-context, or unverified visual",,
COU-51fcd10ec7f5,RF/Microwave,학부 과제 및 프로젝트/고주파공학/고주파공학 1분반_homework2_[student-id-redacted]_류형록.pdf::page-9::Im1.jpg,778,513,23,EXACT-0155,COU-51fcd10ec7f5,Publicly Withheld,"Lower-value, incomplete, redundant-context, or unverified visual",,
COU-ed25f0ce14e0,RF/Microwave,학부 과제 및 프로젝트/고주파공학/고주파공학 1분반_homework2_[student-id-redacted]_류형록.pdf::page-9::Im2.png,802,719,25,EXACT-0156,COU-ed25f0ce14e0,Published,Near-identical public derivative already in use,,electrical-engineering-coursework-portfolio:docs/gallery/rf-microwave/microstrip-schematic.png
COU-50ca942b1716,RF/Microwave,학부 과제 및 프로젝트/고주파공학/고주파공학 1분반_homework4_[student-id-redacted]_류형록.pdf::page-15::Im1.jpg,836,534,24,EXACT-0167,COU-50ca942b1716,Published,Near-identical public derivative already in use,,electrical-engineering-coursework-portfolio:docs/gallery/rf-microwave/l-section-schematic.png
COU-81a3cfcd2e2a,RF/Microwave,학부 과제 및 프로젝트/고주파공학/고주파공학 1분반_homework4_[student-id-redacted]_류형록.pdf::page-15::Im2.jpg,972,615,25,EXACT-0168,COU-81a3cfcd2e2a,Publicly Withheld,"Lower-value, incomplete, redundant-context, or unverified visual",,
COU-f5e0312135e2,RF/Microwave,학부 과제 및 프로젝트/고주파공학/고주파공학 1분반_homework4_[student-id-redacted]_류형록.pdf::page-16::Im3.jpg,980,663,25,EXACT-0169,COU-f5e0312135e2,Publicly Withheld,"Lower-value, incomplete, redundant-context, or unverified visual",,
COU-c2f92f735b40,RF/Microwave,학부 과제 및 프로젝트/고주파공학/고주파공학 1분반_homework4_[student-id-redacted]_류형록.pdf::page-16::Im4.jpg,766,662,25,EXACT-0170,COU-c2f92f735b40,Publicly Withheld,"Lower-value, incomplete, redundant-context, or unverified visual",,
COU-7c1e06be011a,RF/Microwave,학부 과제 및 프로젝트/고주파공학/고주파공학 1분반_homework4_[student-id-redacted]_류형록.pdf::page-18::Im5.png,879,528,24,EXACT-0171,COU-7c1e06be011a,Publicly Withheld,"Lower-value, incomplete, redundant-context, or unverified visual",,
COU-415348502cfa,RF/Microwave,학부 과제 및 프로젝트/고주파공학/고주파공학 1분반_homework4_[student-id-redacted]_류형록.pdf::page-19::Im6.jpg,1101,615,25,EXACT-0172,COU-415348502cfa,Published,Near-identical public derivative already in use,,electrical-engineering-coursework-portfolio:docs/gallery/rf-microwave/single-stub-solution-1.png
COU-45b3a6b9b031,RF/Microwave,학부 과제 및 프로젝트/고주파공학/고주파공학 1분반_homework4_[student-id-redacted]_류형록.pdf::page-19::Im7.jpg,1065,685,25,EXACT-0173,COU-45b3a6b9b031,Publicly Withheld,"Lower-value, incomplete, redundant-context, or unverified visual",,
COU-28d989452f37,RF/Microwave,학부 과제 및 프로젝트/고주파공학/고주파공학 1분반_homework4_[student-id-redacted]_류형록.pdf::page-19::Im8.jpg,992,787,25,EXACT-0174,COU-28d989452f37,Publicly Withheld,"Lower-value, incomplete, redundant-context, or unverified visual",,
COU-4dad3cc62c26,RF/Microwave,학부 과제 및 프로젝트/고주파공학/고주파공학 1분반_homework4_[student-id-redacted]_류형록.pdf::page-20::Im10.jpg,1092,764,25,EXACT-0175,COU-4dad3cc62c26,Published,Near-identical public derivative already in use,,electrical-engineering-coursework-portfolio:docs/gallery/rf-microwave/single-stub-solution-2.png
COU-1c4b4ea7a52e,RF/Microwave,학부 과제 및 프로젝트/고주파공학/고주파공학 1분반_homework4_[student-id-redacted]_류형록.pdf::page-20::Im11.jpg,984,683,25,EXACT-0176,COU-1c4b4ea7a52e,Publicly Withheld,"Lower-value, incomplete, redundant-context, or unverified visual",,
COU-610e6345c260,RF/Microwave,학부 과제 및 프로젝트/고주파공학/고주파공학 1분반_homework4_[student-id-redacted]_류형록.pdf::page-20::Im9.jpg,1286,591,24,EXACT-0177,COU-610e6345c260,Publicly Withheld,"Lower-value, incomplete, redundant-context, or unverified visual",,
COU-8adf4426ae31,RF/Microwave,학부 과제 및 프로젝트/고주파공학/고주파공학 1분반_homework5_[student-id-redacted]_류형록.pdf::page-14::Image29.png,1020,191,22,,,Publicly Withheld,"Lower-value, incomplete, redundant-context, or unverified visual",,
COU-641604a58329,RF/Microwave,학부 과제 및 프로젝트/고주파공학/고주파공학 1분반_homework5_[student-id-redacted]_류형록.pdf::page-15::Image32.png,1206,676,25,NEAR-0029,COU-02b728222b19,Near Duplicate,Visually similar to higher-resolution/preferred source COU-02b728222b19,,electrical-engineering-coursework-portfolio:docs/gallery/rf-microwave/wilkinson-schematic.png
COU-74377ab00a92,RF/Microwave,학부 과제 및 프로젝트/고주파공학/고주파공학 1분반_homework5_[student-id-redacted]_류형록.pdf::page-16::Image35.png,980,786,25,,,Published,Near-identical public derivative already in use,,electrical-engineering-coursework-portfolio:docs/gallery/rf-microwave/wilkinson-sparameter.png
COU-d6c471d3376a,RF/Microwave,학부 과제 및 프로젝트/고주파공학/고주파공학 1분반_homework5_[student-id-redacted]_류형록.pdf::page-18::Image40.png,1020,269,22,,,Publicly Withheld,"Lower-value, incomplete, redundant-context, or unverified visual",,
COU-3a67a58419c0,RF/Microwave,학부 과제 및 프로젝트/고주파공학/고주파공학 1분반_homework5_[student-id-redacted]_류형록.pdf::page-19::Image43.png,938,664,25,,,Published,Near-identical public derivative already in use,,electrical-engineering-coursework-portfolio:docs/gallery/rf-microwave/hybrid-schematic.png
COU-d9e934cc2a47,RF/Microwave,학부 과제 및 프로젝트/고주파공학/고주파공학 1분반_homework5_[student-id-redacted]_류형록.pdf::page-20::Image46.png,1139,539,24,,,Published,Near-identical public derivative already in use,,electrical-engineering-coursework-portfolio:docs/gallery/rf-microwave/hybrid-sparameter.png
COU-21b383e608fb,RF/Microwave,학부 과제 및 프로젝트/고주파공학/사진/homework2/KakaoTalk_20260414_221106302.png,985,684,30,NEAR-0032,COU-21b383e608fb,Publicly Withheld,"Lower-value, incomplete, redundant-context, or unverified visual",,
COU-ec8ba28f82e0,RF/Microwave,학부 과제 및 프로젝트/고주파공학/사진/homework2/KakaoTalk_20260414_221117923.png,988,683,30,NEAR-0033,COU-ec8ba28f82e0,Publicly Withheld,"Lower-value, incomplete, redundant-context, or unverified visual",,
COU-ff2c82c306c0,RF/Microwave,학부 과제 및 프로젝트/고주파공학/사진/homework2/KakaoTalk_20260414_221352505.png,802,719,30,NEAR-0034,COU-ff2c82c306c0,Published,Near-identical public derivative already in use,,electrical-engineering-coursework-portfolio:docs/gallery/rf-microwave/microstrip-schematic.png
COU-6a0c31dceb3e,RF/Microwave,학부 과제 및 프로젝트/고주파공학/사진/homework2/KakaoTalk_20260414_221403220.png,481,950,29,NEAR-0035,COU-6a0c31dceb3e,Publicly Withheld,"Lower-value, incomplete, redundant-context, or unverified visual",,
COU-59c4e8e6295a,RF/Microwave,학부 과제 및 프로젝트/고주파공학/사진/homework2/KakaoTalk_20260414_221425558.png,480,949,29,NEAR-0036,COU-6db03c8bb47a,Near Duplicate,Visually similar to higher-resolution/preferred source COU-6db03c8bb47a,,
COU-d2fbd7b91e36,RF/Microwave,학부 과제 및 프로젝트/고주파공학/사진/homework2/KakaoTalk_20260414_221451343.png,481,950,29,NEAR-0036,COU-6db03c8bb47a,Near Duplicate,Visually similar to higher-resolution/preferred source COU-6db03c8bb47a,,
COU-1a93e791aba7,RF/Microwave,학부 과제 및 프로젝트/고주파공학/사진/homework2/KakaoTalk_20260414_221506800.png,476,953,29,NEAR-0037,COU-1a93e791aba7,Publicly Withheld,"Lower-value, incomplete, redundant-context, or unverified visual",,
COU-349ce2b220d5,RF/Microwave,학부 과제 및 프로젝트/고주파공학/사진/homework2/KakaoTalk_20260414_221514460.png,765,550,29,NEAR-0038,COU-98a7d18e7cb5,Near Duplicate,Visually similar to higher-resolution/preferred source COU-98a7d18e7cb5,,electrical-engineering-coursework-portfolio:docs/gallery/rf-microwave/microstrip-stackup-editor.png
COU-7e9c695750d8,RF/Microwave,학부 과제 및 프로젝트/고주파공학/사진/homework2/KakaoTalk_20260414_221522227.png,776,551,29,NEAR-0039,COU-7e9c695750d8,Publicly Withheld,"Lower-value, incomplete, redundant-context, or unverified visual",,
COU-1733c0f8dfca,RF/Microwave,학부 과제 및 프로젝트/고주파공학/사진/homework2/KakaoTalk_20260414_221548576.png,404,1013,29,NEAR-0040,COU-1733c0f8dfca,Publicly Withheld,"Lower-value, incomplete, redundant-context, or unverified visual",,
COU-25bc0d3dcf23,RF/Microwave,학부 과제 및 프로젝트/고주파공학/사진/homework2/dessign1.png,929,155,26,,,Publicly Withheld,"Lower-value, incomplete, redundant-context, or unverified visual",,
COU-fb08bb02a508,RF/Microwave,학부 과제 및 프로젝트/고주파공학/사진/homework2/homework2.pdf::page-1::Image11.png,632,203,25,,,Publicly Withheld,"Lower-value, incomplete, redundant-context, or unverified visual",,
COU-488375dd7bd6,RF/Microwave,학부 과제 및 프로젝트/고주파공학/사진/homework2/homework2.pdf::page-1::Image13.png,174,203,24,,,Publicly Withheld,"Lower-value, incomplete, redundant-context, or unverified visual",,
COU-17e275848232,RF/Microwave,학부 과제 및 프로젝트/고주파공학/사진/homework2/homework2.pdf::page-1::Image15.png,597,203,25,NEAR-0030,COU-17e275848232,Publicly Withheld,"Lower-value, incomplete, redundant-context, or unverified visual",,
COU-c61a472f2d84,RF/Microwave,학부 과제 및 프로젝트/고주파공학/사진/homework2/homework2.pdf::page-1::Image17.png,524,203,25,NEAR-0014,COU-ab56e6348b59,Near Duplicate,Visually similar to higher-resolution/preferred source COU-ab56e6348b59,,
COU-1daa560ce8d4,RF/Microwave,학부 과제 및 프로젝트/고주파공학/사진/homework2/homework2.pdf::page-1::Image19.png,365,203,25,NEAR-0031,COU-1daa560ce8d4,Publicly Withheld,"Lower-value, incomplete, redundant-context, or unverified visual",,
COU-0b98f55af0af,RF/Microwave,학부 과제 및 프로젝트/고주파공학/사진/homework2/homework2.pdf::page-1::Image6.png,1726,50,24,EXACT-0138,COU-0b98f55af0af,Exact Duplicate,Byte-identical to preferred source COU-0b98f55af0af,,
COU-372cd0de69d1,RF/Microwave,학부 과제 및 프로젝트/고주파공학/사진/homework2/homework2.pdf::page-2::Image25.png,1946,40,24,EXACT-0178,COU-372cd0de69d1,Publicly Withheld,"Lower-value, incomplete, redundant-context, or unverified visual",,
COU-6413ca064ce5,RF/Microwave,학부 과제 및 프로젝트/고주파공학/사진/homework2/homework2.pdf::page-2::Image27.png,401,155,24,EXACT-0179,COU-6413ca064ce5,Publicly Withheld,"Lower-value, incomplete, redundant-context, or unverified visual",,
COU-372cd0de69d1,RF/Microwave,학부 과제 및 프로젝트/고주파공학/사진/homework2/homework2.pdf::page-3::Image25.png,1946,40,24,EXACT-0178,COU-372cd0de69d1,Exact Duplicate,Byte-identical to preferred source COU-372cd0de69d1,,
COU-1cc13233c982,RF/Microwave,학부 과제 및 프로젝트/고주파공학/사진/homework2/homework2.pdf::page-3::Image31.png,691,149,24,,,Publicly Withheld,"Lower-value, incomplete, redundant-context, or unverified visual",,
COU-6c97391792f9,RF/Microwave,학부 과제 및 프로젝트/고주파공학/사진/homework2/homework2.pdf::page-3::Image33.png,418,149,24,,,Publicly Withheld,"Lower-value, incomplete, redundant-context, or unverified visual",,
COU-51ce9c90f051,RF/Microwave,학부 과제 및 프로젝트/고주파공학/사진/homework2/고주파공학 1분반_homework2_[student-id-redacted]_류형록.pdf::page-10::Im3.jpg,476,953,24,EXACT-0157,COU-51ce9c90f051,Exact Duplicate,Byte-identical to preferred source COU-51ce9c90f051,,
COU-46d8766fb59f,RF/Microwave,학부 과제 및 프로젝트/고주파공학/사진/homework2/고주파공학 1분반_homework2_[student-id-redacted]_류형록.pdf::page-10::Im4.jpg,765,550,24,EXACT-0158,COU-46d8766fb59f,Exact Duplicate,Byte-identical to preferred source COU-46d8766fb59f,,electrical-engineering-coursework-portfolio:docs/gallery/rf-microwave/microstrip-stackup-editor.png
COU-19664468f03c,RF/Microwave,학부 과제 및 프로젝트/고주파공학/사진/homework2/고주파공학 1분반_homework2_[student-id-redacted]_류형록.pdf::page-10::Im5.jpg,776,551,24,EXACT-0159,COU-19664468f03c,Exact Duplicate,Byte-identical to preferred source COU-19664468f03c,,
COU-8b0fb503838e,RF/Microwave,학부 과제 및 프로젝트/고주파공학/사진/homework2/고주파공학 1분반_homework2_[student-id-redacted]_류형록.pdf::page-10::Im6.jpg,481,950,24,EXACT-0160,COU-8b0fb503838e,Exact Duplicate,Byte-identical to preferred source COU-8b0fb503838e,,
COU-c7ae0b7a0f39,RF/Microwave,학부 과제 및 프로젝트/고주파공학/사진/homework2/고주파공학 1분반_homework2_[student-id-redacted]_류형록.pdf::page-10::Im7.jpg,480,949,24,EXACT-0161,COU-c7ae0b7a0f39,Exact Duplicate,Byte-identical to preferred source COU-c7ae0b7a0f39,,
COU-87a64743d90d,RF/Microwave,학부 과제 및 프로젝트/고주파공학/사진/homework2/고주파공학 1분반_homework2_[student-id-redacted]_류형록.pdf::page-10::Im8.jpg,481,950,24,EXACT-0162,COU-87a64743d90d,Exact Duplicate,Byte-identical to preferred source COU-87a64743d90d,,
COU-8f769816a872,RF/Microwave,학부 과제 및 프로젝트/고주파공학/사진/homework2/고주파공학 1분반_homework2_[student-id-redacted]_류형록.pdf::page-11::Im10.jpg,1000,813,25,EXACT-0163,COU-8f769816a872,Exact Duplicate,Byte-identical to preferred source COU-8f769816a872,,electrical-engineering-coursework-portfolio:docs/gallery/rf-microwave/microstrip-response-marker.png
COU-c0763ba04ef0,RF/Microwave,학부 과제 및 프로젝트/고주파공학/사진/homework2/고주파공학 1분반_homework2_[student-id-redacted]_류형록.pdf::page-11::Im9.jpg,404,1013,24,EXACT-0164,COU-c0763ba04ef0,Exact Duplicate,Byte-identical to preferred source COU-c0763ba04ef0,,
COU-cef416e3024d,RF/Microwave,학부 과제 및 프로젝트/고주파공학/사진/homework2/고주파공학 1분반_homework2_[student-id-redacted]_류형록.pdf::page-12::Im11.jpg,988,683,25,EXACT-0165,COU-cef416e3024d,Exact Duplicate,Byte-identical to preferred source COU-cef416e3024d,,
COU-3b63735f7185,RF/Microwave,학부 과제 및 프로젝트/고주파공학/사진/homework2/고주파공학 1분반_homework2_[student-id-redacted]_류형록.pdf::page-12::Im12.jpg,985,684,25,EXACT-0166,COU-3b63735f7185,Exact Duplicate,Byte-identical to preferred source COU-3b63735f7185,,
COU-51fcd10ec7f5,RF/Microwave,학부 과제 및 프로젝트/고주파공학/사진/homework2/고주파공학 1분반_homework2_[student-id-redacted]_류형록.pdf::page-9::Im1.jpg,778,513,23,EXACT-0155,COU-51fcd10ec7f5,Exact Duplicate,Byte-identical to preferred source COU-51fcd10ec7f5,,
COU-ed25f0ce14e0,RF/Microwave,학부 과제 및 프로젝트/고주파공학/사진/homework2/고주파공학 1분반_homework2_[student-id-redacted]_류형록.pdf::page-9::Im2.png,802,719,25,EXACT-0156,COU-ed25f0ce14e0,Exact Duplicate,Byte-identical to preferred source COU-ed25f0ce14e0,,electrical-engineering-coursework-portfolio:docs/gallery/rf-microwave/microstrip-schematic.png
COU-9c54b85fa193,RF/Microwave,학부 과제 및 프로젝트/고주파공학/사진/homework2/스크린샷 2026-04-14 222606.png,1000,813,30,EXACT-0180,COU-9c54b85fa193,Published,Near-identical public derivative already in use,,electrical-engineering-coursework-portfolio:docs/gallery/rf-microwave/microstrip-response-marker.png
COU-725732f7f445,RF/Microwave,학부 과제 및 프로젝트/고주파공학/사진/homework4/ex5-1/1.png,836,534,29,EXACT-0181,COU-725732f7f445,Published,Near-identical public derivative already in use,,electrical-engineering-coursework-portfolio:docs/gallery/rf-microwave/l-section-schematic.png
COU-ecaa5ffeeb5e,RF/Microwave,학부 과제 및 프로젝트/고주파공학/사진/homework4/ex5-1/2.png,972,615,30,EXACT-0182,COU-ecaa5ffeeb5e,Publicly Withheld,"Lower-value, incomplete, redundant-context, or unverified visual",,
COU-12cdb251b6cc,RF/Microwave,학부 과제 및 프로젝트/고주파공학/사진/homework4/ex5-1/3.png,980,663,30,EXACT-0183,COU-12cdb251b6cc,Publicly Withheld,"Lower-value, incomplete, redundant-context, or unverified visual",,
COU-9e678c9eee5a,RF/Microwave,학부 과제 및 프로젝트/고주파공학/사진/homework4/ex5-1/4.png,986,662,30,EXACT-0184,COU-9e678c9eee5a,Publicly Withheld,"Lower-value, incomplete, redundant-context, or unverified visual",,
COU-38c6b2759b18,RF/Microwave,학부 과제 및 프로젝트/고주파공학/사진/homework4/ex5-1/5.png,1916,884,31,EXACT-0185,COU-38c6b2759b18,Published,Near-identical public derivative already in use,,electrical-engineering-coursework-portfolio:docs/gallery/rf-microwave/l-section-smith-response.png
COU-3e007a0c3af1,RF/Microwave,학부 과제 및 프로젝트/고주파공학/사진/homework4/ex5-1/design ex5-6.png,1025,187,27,EXACT-0186,COU-3e007a0c3af1,Publicly Withheld,"Lower-value, incomplete, redundant-context, or unverified visual",,
COU-9752eb25fb75,RF/Microwave,학부 과제 및 프로젝트/고주파공학/사진/homework4/ex5-1/회로도.png,1020,435,30,EXACT-0187,COU-9752eb25fb75,Publicly Withheld,"Lower-value, incomplete, redundant-context, or unverified visual",,
COU-c41c8365f558,RF/Microwave,학부 과제 및 프로젝트/고주파공학/사진/homework4/ex5-2/db20sol1.PNG,992,787,30,NEAR-0041,COU-c22113d4a65d,Near Duplicate,Visually similar to higher-resolution/preferred source COU-c22113d4a65d,,
COU-061edc1b5be2,RF/Microwave,학부 과제 및 프로젝트/고주파공학/사진/homework4/ex5-2/db20sol2.PNG,984,683,30,NEAR-0042,COU-ce4b93d0cc05,Near Duplicate,Visually similar to higher-resolution/preferred source COU-ce4b93d0cc05,,
COU-38adc31b96dd,RF/Microwave,학부 과제 및 프로젝트/고주파공학/사진/homework4/ex5-2/design ex5-7.png,1000,187,27,EXACT-0188,COU-38adc31b96dd,Publicly Withheld,"Lower-value, incomplete, redundant-context, or unverified visual",,
COU-3b80d1e55175,RF/Microwave,학부 과제 및 프로젝트/고주파공학/사진/homework4/ex5-2/main sol1.PNG,1065,685,30,,,Publicly Withheld,"Lower-value, incomplete, redundant-context, or unverified visual",,
COU-127df3bee4af,RF/Microwave,학부 과제 및 프로젝트/고주파공학/사진/homework4/ex5-2/main sol2.PNG,1286,591,29,,,Publicly Withheld,"Lower-value, incomplete, redundant-context, or unverified visual",,
COU-8328aad8813a,RF/Microwave,학부 과제 및 프로젝트/고주파공학/사진/homework4/ex5-2/stub sol1.PNG,1101,615,31,,,Published,Near-identical public derivative already in use,,electrical-engineering-coursework-portfolio:docs/gallery/rf-microwave/single-stub-solution-1.png
COU-c4a72d4144f6,RF/Microwave,학부 과제 및 프로젝트/고주파공학/사진/homework4/ex5-2/stub sol2.PNG,1092,764,31,,,Published,Near-identical public derivative already in use,,electrical-engineering-coursework-portfolio:docs/gallery/rf-microwave/single-stub-solution-2.png
COU-fa520770fe61,RF/Microwave,학부 과제 및 프로젝트/고주파공학/사진/homework4/ex5-2/회로도.PNG,879,528,30,,,Publicly Withheld,"Lower-value, incomplete, redundant-context, or unverified visual",,
COU-a8d8f1aa3790,RF/Microwave,학부 과제 및 프로젝트/고주파공학/사진/homework4/homework 4.pdf::page-1::Image11.png,685,203,25,NEAR-0026,COU-a8d8f1aa3790,Publicly Withheld,"Lower-value, incomplete, redundant-context, or unverified visual",,
COU-3f2e4d8273ac,RF/Microwave,학부 과제 및 프로젝트/고주파공학/사진/homework4/homework 4.pdf::page-1::Image13.png,597,203,25,NEAR-0030,COU-17e275848232,Near Duplicate,Visually similar to higher-resolution/preferred source COU-17e275848232,,
COU-7de61d77c359,RF/Microwave,학부 과제 및 프로젝트/고주파공학/사진/homework4/homework 4.pdf::page-1::Image15.png,709,203,25,,,Publicly Withheld,"Lower-value, incomplete, redundant-context, or unverified visual",,
COU-0b98f55af0af,RF/Microwave,학부 과제 및 프로젝트/고주파공학/사진/homework4/homework 4.pdf::page-1::Image6.png,1726,50,24,EXACT-0138,COU-0b98f55af0af,Exact Duplicate,Byte-identical to preferred source COU-0b98f55af0af,,
COU-372cd0de69d1,RF/Microwave,학부 과제 및 프로젝트/고주파공학/사진/homework4/homework 4.pdf::page-2::Image21.png,1946,40,24,EXACT-0178,COU-372cd0de69d1,Exact Duplicate,Byte-identical to preferred source COU-372cd0de69d1,,
COU-6413ca064ce5,RF/Microwave,학부 과제 및 프로젝트/고주파공학/사진/homework4/homework 4.pdf::page-2::Image23.png,401,155,24,EXACT-0179,COU-6413ca064ce5,Exact Duplicate,Byte-identical to preferred source COU-6413ca064ce5,,
COU-372cd0de69d1,RF/Microwave,학부 과제 및 프로젝트/고주파공학/사진/homework4/homework 4.pdf::page-3::Image21.png,1946,40,24,EXACT-0178,COU-372cd0de69d1,Exact Duplicate,Byte-identical to preferred source COU-372cd0de69d1,,
COU-f5f5580b8776,RF/Microwave,학부 과제 및 프로젝트/고주파공학/사진/homework4/homework 4.pdf::page-3::Image27.png,1020,149,24,EXACT-0189,COU-f5f5580b8776,Publicly Withheld,"Lower-value, incomplete, redundant-context, or unverified visual",,
COU-372cd0de69d1,RF/Microwave,학부 과제 및 프로젝트/고주파공학/사진/homework4/homework 4.pdf::page-4::Image21.png,1946,40,24,EXACT-0178,COU-372cd0de69d1,Exact Duplicate,Byte-identical to preferred source COU-372cd0de69d1,,
COU-ac4138e1ac2e,RF/Microwave,학부 과제 및 프로젝트/고주파공학/사진/homework4/homework 4.pdf::page-4::Image44.png,1020,149,24,EXACT-0190,COU-ac4138e1ac2e,Publicly Withheld,"Lower-value, incomplete, redundant-context, or unverified visual",,
COU-372cd0de69d1,RF/Microwave,학부 과제 및 프로젝트/고주파공학/사진/homework4/homework 4.pdf::page-5::Image21.png,1946,40,24,EXACT-0178,COU-372cd0de69d1,Exact Duplicate,Byte-identical to preferred source COU-372cd0de69d1,,
COU-1ffb2eac461d,RF/Microwave,학부 과제 및 프로젝트/고주파공학/사진/homework4/homework 4.pdf::page-5::Image68.png,1020,149,24,EXACT-0191,COU-1ffb2eac461d,Publicly Withheld,"Lower-value, incomplete, redundant-context, or unverified visual",,
COU-372cd0de69d1,RF/Microwave,학부 과제 및 프로젝트/고주파공학/사진/homework4/homework 4.pdf::page-6::Image21.png,1946,40,24,EXACT-0178,COU-372cd0de69d1,Exact Duplicate,Byte-identical to preferred source COU-372cd0de69d1,,
COU-9cf857e162cc,RF/Microwave,학부 과제 및 프로젝트/고주파공학/사진/homework4/homework 4.pdf::page-6::Image77.png,1020,149,24,NEAR-0043,COU-9cf857e162cc,Publicly Withheld,"Lower-value, incomplete, redundant-context, or unverified visual",,
COU-372cd0de69d1,RF/Microwave,학부 과제 및 프로젝트/고주파공학/사진/homework4/homework 4.pdf::page-7::Image21.png,1946,40,24,EXACT-0178,COU-372cd0de69d1,Exact Duplicate,Byte-identical to preferred source COU-372cd0de69d1,,
COU-4f1dfcca4199,RF/Microwave,학부 과제 및 프로젝트/고주파공학/사진/homework4/homework 4.pdf::page-7::Image81.png,1020,149,24,NEAR-0043,COU-9cf857e162cc,Near Duplicate,Visually similar to higher-resolution/preferred source COU-9cf857e162cc,,
COU-50ca942b1716,RF/Microwave,학부 과제 및 프로젝트/고주파공학/사진/homework4/고주파공학 1분반_homework4_[student-id-redacted]_류형록.pdf::page-15::Im1.jpg,836,534,24,EXACT-0167,COU-50ca942b1716,Exact Duplicate,Byte-identical to preferred source COU-50ca942b1716,,electrical-engineering-coursework-portfolio:docs/gallery/rf-microwave/l-section-schematic.png
COU-81a3cfcd2e2a,RF/Microwave,학부 과제 및 프로젝트/고주파공학/사진/homework4/고주파공학 1분반_homework4_[student-id-redacted]_류형록.pdf::page-15::Im2.jpg,972,615,25,EXACT-0168,COU-81a3cfcd2e2a,Exact Duplicate,Byte-identical to preferred source COU-81a3cfcd2e2a,,
COU-f5e0312135e2,RF/Microwave,학부 과제 및 프로젝트/고주파공학/사진/homework4/고주파공학 1분반_homework4_[student-id-redacted]_류형록.pdf::page-16::Im3.jpg,980,663,25,EXACT-0169,COU-f5e0312135e2,Exact Duplicate,Byte-identical to preferred source COU-f5e0312135e2,,
COU-c2f92f735b40,RF/Microwave,학부 과제 및 프로젝트/고주파공학/사진/homework4/고주파공학 1분반_homework4_[student-id-redacted]_류형록.pdf::page-16::Im4.jpg,766,662,25,EXACT-0170,COU-c2f92f735b40,Exact Duplicate,Byte-identical to preferred source COU-c2f92f735b40,,
COU-7c1e06be011a,RF/Microwave,학부 과제 및 프로젝트/고주파공학/사진/homework4/고주파공학 1분반_homework4_[student-id-redacted]_류형록.pdf::page-18::Im5.png,879,528,24,EXACT-0171,COU-7c1e06be011a,Exact Duplicate,Byte-identical to preferred source COU-7c1e06be011a,,
COU-415348502cfa,RF/Microwave,학부 과제 및 프로젝트/고주파공학/사진/homework4/고주파공학 1분반_homework4_[student-id-redacted]_류형록.pdf::page-19::Im6.jpg,1101,615,25,EXACT-0172,COU-415348502cfa,Exact Duplicate,Byte-identical to preferred source COU-415348502cfa,,electrical-engineering-coursework-portfolio:docs/gallery/rf-microwave/single-stub-solution-1.png
COU-45b3a6b9b031,RF/Microwave,학부 과제 및 프로젝트/고주파공학/사진/homework4/고주파공학 1분반_homework4_[student-id-redacted]_류형록.pdf::page-19::Im7.jpg,1065,685,25,EXACT-0173,COU-45b3a6b9b031,Exact Duplicate,Byte-identical to preferred source COU-45b3a6b9b031,,
COU-28d989452f37,RF/Microwave,학부 과제 및 프로젝트/고주파공학/사진/homework4/고주파공학 1분반_homework4_[student-id-redacted]_류형록.pdf::page-19::Im8.jpg,992,787,25,EXACT-0174,COU-28d989452f37,Exact Duplicate,Byte-identical to preferred source COU-28d989452f37,,
COU-4dad3cc62c26,RF/Microwave,학부 과제 및 프로젝트/고주파공학/사진/homework4/고주파공학 1분반_homework4_[student-id-redacted]_류형록.pdf::page-20::Im10.jpg,1092,764,25,EXACT-0175,COU-4dad3cc62c26,Exact Duplicate,Byte-identical to preferred source COU-4dad3cc62c26,,electrical-engineering-coursework-portfolio:docs/gallery/rf-microwave/single-stub-solution-2.png
COU-1c4b4ea7a52e,RF/Microwave,학부 과제 및 프로젝트/고주파공학/사진/homework4/고주파공학 1분반_homework4_[student-id-redacted]_류형록.pdf::page-20::Im11.jpg,984,683,25,EXACT-0176,COU-1c4b4ea7a52e,Exact Duplicate,Byte-identical to preferred source COU-1c4b4ea7a52e,,
COU-610e6345c260,RF/Microwave,학부 과제 및 프로젝트/고주파공학/사진/homework4/고주파공학 1분반_homework4_[student-id-redacted]_류형록.pdf::page-20::Im9.jpg,1286,591,24,EXACT-0177,COU-610e6345c260,Exact Duplicate,Byte-identical to preferred source COU-610e6345c260,,
COU-480d436446d1,RF/Microwave,학부 과제 및 프로젝트/고주파공학/사진/homework5/ex12-3(시뮬하다가 중단)/1.png,1017,823,30,EXACT-0192,COU-480d436446d1,Publicly Withheld,"Lower-value, incomplete, redundant-context, or unverified visual",,
COU-7e2763d2b0d5,RF/Microwave,학부 과제 및 프로젝트/고주파공학/사진/homework5/ex12-3(시뮬하다가 중단)/10.png,1003,680,30,EXACT-0193,COU-7e2763d2b0d5,Publicly Withheld,"Lower-value, incomplete, redundant-context, or unverified visual",,
COU-a5a5e0375825,RF/Microwave,학부 과제 및 프로젝트/고주파공학/사진/homework5/ex12-3(시뮬하다가 중단)/11.png,1000,801,30,EXACT-0194,COU-a5a5e0375825,Publicly Withheld,"Lower-value, incomplete, redundant-context, or unverified visual",,
COU-bc85f5e8e5f4,RF/Microwave,학부 과제 및 프로젝트/고주파공학/사진/homework5/ex12-3(시뮬하다가 중단)/2.png,693,431,28,EXACT-0195,COU-bc85f5e8e5f4,Publicly Withheld,"Lower-value, incomplete, redundant-context, or unverified visual",,
COU-b51e9c437b6f,RF/Microwave,학부 과제 및 프로젝트/고주파공학/사진/homework5/ex12-3(시뮬하다가 중단)/3.png,991,781,30,EXACT-0196,COU-b51e9c437b6f,Publicly Withheld,"Lower-value, incomplete, redundant-context, or unverified visual",,
COU-669317b9c9ef,RF/Microwave,학부 과제 및 프로젝트/고주파공학/사진/homework5/ex12-3(시뮬하다가 중단)/4.png,1148,778,30,EXACT-0197,COU-669317b9c9ef,Publicly Withheld,"Lower-value, incomplete, redundant-context, or unverified visual",,
COU-00e051bcb6d9,RF/Microwave,학부 과제 및 프로젝트/고주파공학/사진/homework5/ex12-3(시뮬하다가 중단)/5.png,676,496,28,EXACT-0198,COU-00e051bcb6d9,Publicly Withheld,"Lower-value, incomplete, redundant-context, or unverified visual",,
COU-5e89fd2b2c16,RF/Microwave,학부 과제 및 프로젝트/고주파공학/사진/homework5/ex12-3(시뮬하다가 중단)/6.png,991,815,30,EXACT-0199,COU-5e89fd2b2c16,Publicly Withheld,"Lower-value, incomplete, redundant-context, or unverified visual",,
COU-f37493c95554,RF/Microwave,학부 과제 및 프로젝트/고주파공학/사진/homework5/ex12-3(시뮬하다가 중단)/8.png,992,821,30,EXACT-0200,COU-f37493c95554,Publicly Withheld,"Lower-value, incomplete, redundant-context, or unverified visual",,
COU-f679d88153ee,RF/Microwave,학부 과제 및 프로젝트/고주파공학/사진/homework5/ex12-3(시뮬하다가 중단)/9.png,986,781,30,EXACT-0201,COU-f679d88153ee,Publicly Withheld,"Lower-value, incomplete, redundant-context, or unverified visual",,
COU-46207114c048,RF/Microwave,학부 과제 및 프로젝트/고주파공학/사진/homework5/ex12-3(시뮬하다가 중단)/스크린샷 2026-07-29 104524.png,1151,260,27,,,Publicly Withheld,"Lower-value, incomplete, redundant-context, or unverified visual",,
COU-c859cff8275f,RF/Microwave,학부 과제 및 프로젝트/고주파공학/사진/homework5/ex12-3(시뮬하다가 중단)/스크린샷 2026-07-29 104534.png,898,725,30,,,Publicly Withheld,"Lower-value, incomplete, redundant-context, or unverified visual",,
COU-b0369a2e73ac,RF/Microwave,학부 과제 및 프로젝트/고주파공학/사진/homework5/ex12-3(시뮬하다가 중단)/스크린샷 2026-07-29 104541.png,794,720,30,NEAR-0044,COU-7dbd9fb0df8a,Near Duplicate,Visually similar to higher-resolution/preferred source COU-7dbd9fb0df8a,,
COU-67ca5989b414,RF/Microwave,학부 과제 및 프로젝트/고주파공학/사진/homework5/ex12-3(시뮬하다가 중단)/스크린샷 2026-07-29 104547.png,972,725,30,NEAR-0045,COU-67ca5989b414,Publicly Withheld,"Lower-value, incomplete, redundant-context, or unverified visual",,
COU-5a822b30a379,RF/Microwave,학부 과제 및 프로젝트/고주파공학/사진/homework5/ex12-3(시뮬하다가 중단)/스크린샷 2026-07-29 104550.png,804,340,27,,,Publicly Withheld,"Lower-value, incomplete, redundant-context, or unverified visual",,
COU-fb3ab9fd7b16,RF/Microwave,학부 과제 및 프로젝트/고주파공학/사진/homework5/ex7-2/1.png,1206,676,30,EXACT-0202,COU-fb3ab9fd7b16,Published,Near-identical public derivative already in use,,electrical-engineering-coursework-portfolio:docs/gallery/rf-microwave/wilkinson-schematic.png
COU-da2ed4b1eec5,RF/Microwave,학부 과제 및 프로젝트/고주파공학/사진/homework5/ex7-2/2.png,1336,823,31,EXACT-0203,COU-da2ed4b1eec5,Requires User Review,High-scoring technical visual; requires manual content/copyright review,,
COU-3b161adce444,RF/Microwave,학부 과제 및 프로젝트/고주파공학/사진/homework5/ex7-2/3.png,980,786,30,EXACT-0204,COU-3b161adce444,Published,Near-identical public derivative already in use,,electrical-engineering-coursework-portfolio:docs/gallery/rf-microwave/wilkinson-sparameter.png
COU-97efea5820d1,RF/Microwave,학부 과제 및 프로젝트/고주파공학/사진/homework5/ex7-2/4.png,687,495,28,EXACT-0205,COU-97efea5820d1,Publicly Withheld,"Lower-value, incomplete, redundant-context, or unverified visual",,
COU-6aa306516008,RF/Microwave,학부 과제 및 프로젝트/고주파공학/사진/homework5/ex7-2/5.png,1004,781,30,EXACT-0206,COU-6aa306516008,Publicly Withheld,"Lower-value, incomplete, redundant-context, or unverified visual",,
COU-8cc3f93bbd59,RF/Microwave,학부 과제 및 프로젝트/고주파공학/사진/homework5/ex7-2/6.png,1564,745,31,EXACT-0207,COU-8cc3f93bbd59,Requires User Review,High-scoring technical visual; requires manual content/copyright review,,
COU-371a5f17f1ea,RF/Microwave,학부 과제 및 프로젝트/고주파공학/사진/homework5/ex7-2/7.png,686,452,28,EXACT-0208,COU-371a5f17f1ea,Publicly Withheld,"Lower-value, incomplete, redundant-context, or unverified visual",,
COU-613c668c120f,RF/Microwave,학부 과제 및 프로젝트/고주파공학/사진/homework5/ex7-2/8.png,989,788,30,EXACT-0209,COU-613c668c120f,Publicly Withheld,"Lower-value, incomplete, redundant-context, or unverified visual",,
COU-be76eb22f872,RF/Microwave,학부 과제 및 프로젝트/고주파공학/사진/homework5/ex7-2/ex7.2.png,1020,191,27,EXACT-0210,COU-be76eb22f872,Publicly Withheld,"Lower-value, incomplete, redundant-context, or unverified visual",,
COU-3667bbeca788,RF/Microwave,학부 과제 및 프로젝트/고주파공학/사진/homework5/ex7-5/1.png,938,664,30,EXACT-0211,COU-3667bbeca788,Published,Near-identical public derivative already in use,,electrical-engineering-coursework-portfolio:docs/gallery/rf-microwave/hybrid-schematic.png
COU-afbb8bcef957,RF/Microwave,학부 과제 및 프로젝트/고주파공학/사진/homework5/ex7-5/2.png,679,498,28,EXACT-0212,COU-afbb8bcef957,Publicly Withheld,"Lower-value, incomplete, redundant-context, or unverified visual",,
COU-0a9bcda08552,RF/Microwave,학부 과제 및 프로젝트/고주파공학/사진/homework5/ex7-5/3.png,998,823,30,EXACT-0213,COU-0a9bcda08552,Publicly Withheld,"Lower-value, incomplete, redundant-context, or unverified visual",,
COU-d94c17e5a33b,RF/Microwave,학부 과제 및 프로젝트/고주파공학/사진/homework5/ex7-5/4-1.png,1244,959,32,EXACT-0214,COU-d94c17e5a33b,Published,Near-identical public derivative already in use,,electrical-engineering-coursework-portfolio:docs/gallery/rf-microwave/hybrid-line-parameter-a.png; electrical-engineering-coursework-portfolio:docs/gallery/rf-microwave/hybrid-line-parameter-b.png
COU-f39336d0303a,RF/Microwave,학부 과제 및 프로젝트/고주파공학/사진/homework5/ex7-5/4-2.png,1318,964,32,EXACT-0215,COU-f39336d0303a,Published,Near-identical public derivative already in use,,electrical-engineering-coursework-portfolio:docs/gallery/rf-microwave/hybrid-line-parameter-a.png; electrical-engineering-coursework-portfolio:docs/gallery/rf-microwave/hybrid-line-parameter-b.png
COU-f94b3dc06d89,RF/Microwave,학부 과제 및 프로젝트/고주파공학/사진/homework5/ex7-5/5.png,989,675,30,EXACT-0216,COU-f94b3dc06d89,Publicly Withheld,"Lower-value, incomplete, redundant-context, or unverified visual",,
COU-74926fa0428e,RF/Microwave,학부 과제 및 프로젝트/고주파공학/사진/homework5/ex7-5/6.png,1892,896,31,EXACT-0217,COU-74926fa0428e,Published,Near-identical public derivative already in use,,electrical-engineering-coursework-portfolio:docs/gallery/rf-microwave/hybrid-sparameter.png
COU-3bdff42b8b56,RF/Microwave,학부 과제 및 프로젝트/고주파공학/사진/homework5/ex7-5/ex7.5.png,1020,269,27,EXACT-0218,COU-3bdff42b8b56,Publicly Withheld,"Lower-value, incomplete, redundant-context, or unverified visual",,
COU-096889d3e388,RF/Microwave,학부 과제 및 프로젝트/고주파공학/사진/homework5/homework 5.pdf::page-1::Image11.png,685,203,25,NEAR-0026,COU-a8d8f1aa3790,Near Duplicate,Visually similar to higher-resolution/preferred source COU-a8d8f1aa3790,,
COU-ddfc2761bbe4,RF/Microwave,학부 과제 및 프로젝트/고주파공학/사진/homework5/homework 5.pdf::page-1::Image13.png,831,203,25,,,Publicly Withheld,"Lower-value, incomplete, redundant-context, or unverified visual",,
COU-ab56e6348b59,RF/Microwave,학부 과제 및 프로젝트/고주파공학/사진/homework5/homework 5.pdf::page-1::Image15.png,528,203,25,NEAR-0014,COU-ab56e6348b59,Publicly Withheld,"Lower-value, incomplete, redundant-context, or unverified visual",,
COU-9a56041e6332,RF/Microwave,학부 과제 및 프로젝트/고주파공학/사진/homework5/homework 5.pdf::page-1::Image6.png,1726,50,24,EXACT-0001,COU-9a56041e6332,Exact Duplicate,Byte-identical to preferred source COU-9a56041e6332,,
COU-bb8d08a63df2,RF/Microwave,학부 과제 및 프로젝트/고주파공학/사진/homework5/homework 5.pdf::page-2::Image21.png,1946,40,24,EXACT-0219,COU-bb8d08a63df2,Publicly Withheld,"Lower-value, incomplete, redundant-context, or unverified visual",,
COU-6413ca064ce5,RF/Microwave,학부 과제 및 프로젝트/고주파공학/사진/homework5/homework 5.pdf::page-2::Image23.png,401,155,24,EXACT-0179,COU-6413ca064ce5,Exact Duplicate,Byte-identical to preferred source COU-6413ca064ce5,,
COU-bb8d08a63df2,RF/Microwave,학부 과제 및 프로젝트/고주파공학/사진/homework5/homework 5.pdf::page-3::Image21.png,1946,40,24,EXACT-0219,COU-bb8d08a63df2,Exact Duplicate,Byte-identical to preferred source COU-bb8d08a63df2,,
COU-f5f5580b8776,RF/Microwave,학부 과제 및 프로젝트/고주파공학/사진/homework5/homework 5.pdf::page-3::Image27.png,1020,149,24,EXACT-0189,COU-f5f5580b8776,Exact Duplicate,Byte-identical to preferred source COU-f5f5580b8776,,
COU-bb8d08a63df2,RF/Microwave,학부 과제 및 프로젝트/고주파공학/사진/homework5/homework 5.pdf::page-4::Image21.png,1946,40,24,EXACT-0219,COU-bb8d08a63df2,Exact Duplicate,Byte-identical to preferred source COU-bb8d08a63df2,,
COU-ac4138e1ac2e,RF/Microwave,학부 과제 및 프로젝트/고주파공학/사진/homework5/homework 5.pdf::page-4::Image54.png,1020,149,24,EXACT-0190,COU-ac4138e1ac2e,Exact Duplicate,Byte-identical to preferred source COU-ac4138e1ac2e,,
COU-bb8d08a63df2,RF/Microwave,학부 과제 및 프로젝트/고주파공학/사진/homework5/homework 5.pdf::page-5::Image21.png,1946,40,24,EXACT-0219,COU-bb8d08a63df2,Exact Duplicate,Byte-identical to preferred source COU-bb8d08a63df2,,
COU-1ffb2eac461d,RF/Microwave,학부 과제 및 프로젝트/고주파공학/사진/homework5/homework 5.pdf::page-5::Image58.png,1020,149,24,EXACT-0191,COU-1ffb2eac461d,Exact Duplicate,Byte-identical to preferred source COU-1ffb2eac461d,,
COU-bb8d08a63df2,RF/Microwave,학부 과제 및 프로젝트/고주파공학/사진/homework5/homework 5.pdf::page-6::Image21.png,1946,40,24,EXACT-0219,COU-bb8d08a63df2,Exact Duplicate,Byte-identical to preferred source COU-bb8d08a63df2,,
COU-19c892b9a530,RF/Microwave,학부 과제 및 프로젝트/고주파공학/사진/homework5/homework 5.pdf::page-6::Image69.png,855,155,24,,,Publicly Withheld,"Lower-value, incomplete, redundant-context, or unverified visual",,
COU-3ad92d503bb9,RF/Microwave,학부 과제 및 프로젝트/고주파공학/사진/homework5/homework 5.pdf::page-6::Image71.png,996,846,28,,,Publicly Withheld,"Lower-value, incomplete, redundant-context, or unverified visual",,
COU-bb8d08a63df2,RF/Microwave,학부 과제 및 프로젝트/고주파공학/사진/homework5/homework 5.pdf::page-7::Image21.png,1946,40,24,EXACT-0219,COU-bb8d08a63df2,Exact Duplicate,Byte-identical to preferred source COU-bb8d08a63df2,,
COU-752b47897b5a,RF/Microwave,학부 과제 및 프로젝트/고주파공학/사진/homework5/homework 5.pdf::page-7::Image74.png,924,155,24,,,Publicly Withheld,"Lower-value, incomplete, redundant-context, or unverified visual",,
COU-7dbd9fb0df8a,RF/Microwave,학부 과제 및 프로젝트/고주파공학/사진/homework5/homework 5.pdf::page-7::Image76.png,973,879,28,NEAR-0044,COU-7dbd9fb0df8a,Publicly Withheld,"Lower-value, incomplete, redundant-context, or unverified visual",,
COU-bb8d08a63df2,RF/Microwave,학부 과제 및 프로젝트/고주파공학/사진/homework5/homework 5.pdf::page-8::Image21.png,1946,40,24,EXACT-0219,COU-bb8d08a63df2,Exact Duplicate,Byte-identical to preferred source COU-bb8d08a63df2,,
COU-8f0c4427e604,RF/Microwave,학부 과제 및 프로젝트/고주파공학/사진/homework5/homework 5.pdf::page-8::Image79.png,944,155,24,,,Publicly Withheld,"Lower-value, incomplete, redundant-context, or unverified visual",,
COU-240b209e3c36,RF/Microwave,학부 과제 및 프로젝트/고주파공학/사진/homework5/homework 5.pdf::page-8::Image81.png,759,575,27,NEAR-0045,COU-67ca5989b414,Near Duplicate,Visually similar to higher-resolution/preferred source COU-67ca5989b414,,
COU-bb8d08a63df2,RF/Microwave,학부 과제 및 프로젝트/고주파공학/사진/homework5/homework 5.pdf::page-9::Image21.png,1946,40,24,EXACT-0219,COU-bb8d08a63df2,Exact Duplicate,Byte-identical to preferred source COU-bb8d08a63df2,,
COU-1d4ea003bf12,RF/Microwave,학부 과제 및 프로젝트/고주파공학/사진/homework5/homework 5.pdf::page-9::Image84.png,1441,155,24,,,Publicly Withheld,"Lower-value, incomplete, redundant-context, or unverified visual",,
COU-07aa221544db,RF/Microwave,학부 과제 및 프로젝트/고주파공학/사진/homework5/homework 5.pdf::page-9::Image86.png,124,106,24,NEAR-0046,COU-ee95fde5cdf7,Near Duplicate,Visually similar to higher-resolution/preferred source COU-ee95fde5cdf7,,
COU-289f32125ef3,RF/Microwave,학부 과제 및 프로젝트/고주파공학/사진/homework5/homework 5.pdf::page-9::Image88.png,282,155,24,NEAR-0031,COU-1daa560ce8d4,Near Duplicate,Visually similar to higher-resolution/preferred source COU-1daa560ce8d4,,
COU-ee95fde5cdf7,RF/Microwave,학부 과제 및 프로젝트/고주파공학/사진/homework5/homework 5.pdf::page-9::Image90.png,132,106,24,NEAR-0046,COU-ee95fde5cdf7,Publicly Withheld,"Lower-value, incomplete, redundant-context, or unverified visual",,
COU-9ac1a4a2c6dc,RF/Microwave,학부 과제 및 프로젝트/고주파공학/사진/homework5/homework 5.pdf::page-9::Image92.png,618,224,25,,,Publicly Withheld,"Lower-value, incomplete, redundant-context, or unverified visual",,
COU-757baa652dbb,RF/Microwave,학부 과제 및 프로젝트/고주파공학/사진/homework5/시뮬사진/스크린샷 2026-04-13 230356.png,600,81,26,,,Publicly Withheld,"Lower-value, incomplete, redundant-context, or unverified visual",,
COU-2720099876a3,RF/Microwave,학부 과제 및 프로젝트/고주파공학/사진/homework5/시뮬사진/스크린샷 2026-04-13 230413.png,726,289,27,,,Publicly Withheld,"Lower-value, incomplete, redundant-context, or unverified visual",,
COU-a3a1208b3235,RF/Microwave,학부 과제 및 프로젝트/고주파공학/사진/homework5/시뮬사진/스크린샷 2026-04-14 132756.png,1029,239,27,,,Publicly Withheld,"Lower-value, incomplete, redundant-context, or unverified visual",,
COU-3dd7e67ebc30,RF/Microwave,학부 과제 및 프로젝트/고주파공학/사진/homework5/시뮬사진/스크린샷 2026-04-14 133338.png,622,490,28,,,Publicly Withheld,"Lower-value, incomplete, redundant-context, or unverified visual",,
COU-11a240ea9297,RF/Microwave,학부 과제 및 프로젝트/고주파공학/사진/homework5/시뮬사진/스크린샷 2026-04-14 133510.png,1212,212,27,,,Publicly Withheld,"Lower-value, incomplete, redundant-context, or unverified visual",,
COU-72f838223119,RF/Microwave,학부 과제 및 프로젝트/고주파공학/사진/homework5/시뮬사진/스크린샷 2026-04-14 135049.png,806,548,29,,,Publicly Withheld,"Lower-value, incomplete, redundant-context, or unverified visual",,
COU-7d3cad26abf7,RF/Microwave,학부 과제 및 프로젝트/고주파공학/사진/homework5/시뮬사진/스크린샷 2026-04-14 135152.png,768,544,29,,,Publicly Withheld,"Lower-value, incomplete, redundant-context, or unverified visual",,
COU-574f203e661d,RF/Microwave,학부 과제 및 프로젝트/고주파공학/사진/homework5/시뮬사진/스크린샷 2026-04-14 135358.png,521,354,28,,,Publicly Withheld,"Lower-value, incomplete, redundant-context, or unverified visual",,
COU-98a7d18e7cb5,RF/Microwave,학부 과제 및 프로젝트/고주파공학/사진/homework5/시뮬사진/스크린샷 2026-04-14 135602.png,775,551,29,NEAR-0038,COU-98a7d18e7cb5,Published,Near-identical public derivative already in use,,electrical-engineering-coursework-portfolio:docs/gallery/rf-microwave/microstrip-stackup-editor.png
COU-d92fc790a1cb,RF/Microwave,학부 과제 및 프로젝트/고주파공학/사진/homework5/시뮬사진/스크린샷 2026-04-14 135937.png,770,549,29,NEAR-0047,COU-d92fc790a1cb,Publicly Withheld,"Lower-value, incomplete, redundant-context, or unverified visual",,
COU-249acbed33c1,RF/Microwave,학부 과제 및 프로젝트/고주파공학/사진/homework5/시뮬사진/스크린샷 2026-04-14 140037.png,1074,739,30,,,Publicly Withheld,"Lower-value, incomplete, redundant-context, or unverified visual",,
COU-ad4c67db5625,RF/Microwave,학부 과제 및 프로젝트/고주파공학/사진/homework5/시뮬사진/스크린샷 2026-04-14 140114.png,408,599,28,,,Publicly Withheld,"Lower-value, incomplete, redundant-context, or unverified visual",,
COU-980f3308d2ad,RF/Microwave,학부 과제 및 프로젝트/고주파공학/사진/homework5/시뮬사진/스크린샷 2026-04-14 143646.png,621,575,28,,,Publicly Withheld,"Lower-value, incomplete, redundant-context, or unverified visual",,
COU-1a569739eaf9,RF/Microwave,학부 과제 및 프로젝트/고주파공학/사진/homework5/시뮬사진/스크린샷 2026-04-14 144610.png,509,740,28,,,Publicly Withheld,"Lower-value, incomplete, redundant-context, or unverified visual",,
COU-72b2ebc6847c,RF/Microwave,학부 과제 및 프로젝트/고주파공학/사진/homework5/시뮬사진/스크린샷 2026-04-14 144626.png,608,528,28,,,Publicly Withheld,"Lower-value, incomplete, redundant-context, or unverified visual",,
COU-b0344707cfcd,RF/Microwave,학부 과제 및 프로젝트/고주파공학/사진/homework5/시뮬사진/스크린샷 2026-04-14 144634.png,470,666,28,,,Publicly Withheld,"Lower-value, incomplete, redundant-context, or unverified visual",,
COU-0f934a26bc3b,RF/Microwave,학부 과제 및 프로젝트/고주파공학/사진/homework5/시뮬사진/스크린샷 2026-04-14 144743.png,358,547,28,,,Publicly Withheld,"Lower-value, incomplete, redundant-context, or unverified visual",,
COU-769b20c7bfa1,RF/Microwave,학부 과제 및 프로젝트/고주파공학/사진/homework5/시뮬사진/스크린샷 2026-04-14 154838.png,543,300,27,,,Publicly Withheld,"Lower-value, incomplete, redundant-context, or unverified visual",,
COU-b83f7282296e,RF/Microwave,학부 과제 및 프로젝트/고주파공학/사진/homework5/시뮬사진/스크린샷 2026-04-14 154930.png,688,135,26,,,Publicly Withheld,"Lower-value, incomplete, redundant-context, or unverified visual",,
COU-a2dbbb337327,RF/Microwave,학부 과제 및 프로젝트/고주파공학/사진/homework5/시뮬사진/스크린샷 2026-04-14 154945.png,708,260,27,,,Publicly Withheld,"Lower-value, incomplete, redundant-context, or unverified visual",,
COU-6db03c8bb47a,RF/Microwave,학부 과제 및 프로젝트/고주파공학/사진/homework5/시뮬사진/스크린샷 2026-04-14 155733.png,485,957,29,NEAR-0036,COU-6db03c8bb47a,Publicly Withheld,"Lower-value, incomplete, redundant-context, or unverified visual",,
COU-f41c108bb421,RF/Microwave,학부 과제 및 프로젝트/고주파공학/사진/homework5/시뮬사진/스크린샷 2026-04-14 155838.png,472,952,29,,,Publicly Withheld,"Lower-value, incomplete, redundant-context, or unverified visual",,
COU-162014d2ecf2,RF/Microwave,학부 과제 및 프로젝트/고주파공학/사진/homework5/시뮬사진/스크린샷 2026-04-14 160721.png,773,551,29,NEAR-0038,COU-98a7d18e7cb5,Near Duplicate,Visually similar to higher-resolution/preferred source COU-98a7d18e7cb5,,electrical-engineering-coursework-portfolio:docs/gallery/rf-microwave/microstrip-stackup-editor.png
COU-de34dcf7441d,RF/Microwave,학부 과제 및 프로젝트/고주파공학/사진/homework5/시뮬사진/스크린샷 2026-04-14 160735.png,475,552,28,,,Publicly Withheld,"Lower-value, incomplete, redundant-context, or unverified visual",,
COU-16e1d5a0d598,RF/Microwave,학부 과제 및 프로젝트/고주파공학/사진/homework5/시뮬사진/스크린샷 2026-04-14 161506.png,1317,737,30,,,Publicly Withheld,"Lower-value, incomplete, redundant-context, or unverified visual",,
COU-9eb9cbad80d6,RF/Microwave,학부 과제 및 프로젝트/고주파공학/사진/homework5/시뮬사진/스크린샷 2026-04-14 161542.png,978,796,30,NEAR-0048,COU-da99771b02fe,Near Duplicate,Visually similar to higher-resolution/preferred source COU-da99771b02fe,,
COU-32f6b70cef53,RF/Microwave,학부 과제 및 프로젝트/고주파공학/사진/homework5/시뮬사진/스크린샷 2026-04-14 161635.png,1006,765,30,,,Publicly Withheld,"Lower-value, incomplete, redundant-context, or unverified visual",,
COU-07fab70274c6,RF/Microwave,학부 과제 및 프로젝트/고주파공학/사진/homework5/시뮬사진/스크린샷 2026-04-14 163927.png,684,815,30,,,Publicly Withheld,"Lower-value, incomplete, redundant-context, or unverified visual",,
COU-703514a31588,RF/Microwave,학부 과제 및 프로젝트/고주파공학/사진/homework5/시뮬사진/스크린샷 2026-04-14 163950.png,1022,275,27,,,Publicly Withheld,"Lower-value, incomplete, redundant-context, or unverified visual",,
COU-f622032dc284,RF/Microwave,학부 과제 및 프로젝트/고주파공학/사진/homework5/시뮬사진/스크린샷 2026-04-14 164141.png,479,540,28,,,Publicly Withheld,"Lower-value, incomplete, redundant-context, or unverified visual",,
COU-79fdc2b48c75,RF/Microwave,학부 과제 및 프로젝트/고주파공학/사진/homework5/시뮬사진/스크린샷 2026-04-14 164722.png,468,582,28,,,Publicly Withheld,"Lower-value, incomplete, redundant-context, or unverified visual",,
COU-fcc69956e078,RF/Microwave,학부 과제 및 프로젝트/고주파공학/사진/homework5/시뮬사진/스크린샷 2026-04-14 165210.png,1188,795,30,,,Publicly Withheld,"Lower-value, incomplete, redundant-context, or unverified visual",,
COU-7df720bb053d,RF/Microwave,학부 과제 및 프로젝트/고주파공학/사진/homework5/시뮬사진/스크린샷 2026-04-14 165421.png,1214,765,30,,,Publicly Withheld,"Lower-value, incomplete, redundant-context, or unverified visual",,
COU-c90c586b9e34,RF/Microwave,학부 과제 및 프로젝트/고주파공학/사진/homework5/시뮬사진/스크린샷 2026-04-14 165434.png,1113,655,30,,,Publicly Withheld,"Lower-value, incomplete, redundant-context, or unverified visual",,
COU-988da8eef2fe,RF/Microwave,학부 과제 및 프로젝트/고주파공학/사진/homework5/시뮬사진/스크린샷 2026-04-14 165555.png,1000,803,30,NEAR-0049,COU-988da8eef2fe,Published,Near-identical public derivative already in use,,electrical-engineering-coursework-portfolio:docs/gallery/rf-microwave/microstrip-response-marker.png
COU-69f02aca644a,RF/Microwave,학부 과제 및 프로젝트/고주파공학/사진/homework5/시뮬사진/스크린샷 2026-04-14 165721.png,526,135,26,,,Publicly Withheld,"Lower-value, incomplete, redundant-context, or unverified visual",,
COU-a0581457acce,RF/Microwave,학부 과제 및 프로젝트/고주파공학/사진/homework5/시뮬사진/스크린샷 2026-04-14 165941.png,815,533,29,,,Publicly Withheld,"Lower-value, incomplete, redundant-context, or unverified visual",,
COU-30e81ac5a928,RF/Microwave,학부 과제 및 프로젝트/고주파공학/사진/homework5/시뮬사진/스크린샷 2026-04-14 170057.png,1025,220,27,,,Publicly Withheld,"Lower-value, incomplete, redundant-context, or unverified visual",,
COU-017dd4525fb8,RF/Microwave,학부 과제 및 프로젝트/고주파공학/사진/homework5/시뮬사진/스크린샷 2026-04-14 174542.png,869,272,27,,,Publicly Withheld,"Lower-value, incomplete, redundant-context, or unverified visual",,
COU-a8868780d67a,RF/Microwave,학부 과제 및 프로젝트/고주파공학/사진/homework5/시뮬사진/스크린샷 2026-04-14 175623.png,983,637,30,,,Publicly Withheld,"Lower-value, incomplete, redundant-context, or unverified visual",,
COU-8705bf22a6be,RF/Microwave,학부 과제 및 프로젝트/고주파공학/사진/homework5/시뮬사진/스크린샷 2026-04-14 175651.png,973,635,30,,,Publicly Withheld,"Lower-value, incomplete, redundant-context, or unverified visual",,
COU-7c7a628264e0,RF/Microwave,학부 과제 및 프로젝트/고주파공학/사진/homework5/시뮬사진/스크린샷 2026-04-14 175735.png,876,784,30,,,Publicly Withheld,"Lower-value, incomplete, redundant-context, or unverified visual",,
COU-9c5c3e19717b,RF/Microwave,학부 과제 및 프로젝트/고주파공학/사진/homework5/시뮬사진/스크린샷 2026-04-14 175847.png,469,953,29,,,Publicly Withheld,"Lower-value, incomplete, redundant-context, or unverified visual",,
COU-9806fb8b1776,RF/Microwave,학부 과제 및 프로젝트/고주파공학/사진/homework5/시뮬사진/스크린샷 2026-04-14 175859.png,192,524,27,,,Publicly Withheld,"Lower-value, incomplete, redundant-context, or unverified visual",,
COU-ba8af9d26e58,RF/Microwave,학부 과제 및 프로젝트/고주파공학/사진/homework5/시뮬사진/스크린샷 2026-04-14 175908.png,428,255,27,,,Publicly Withheld,"Lower-value, incomplete, redundant-context, or unverified visual",,
COU-83f11926ef42,RF/Microwave,학부 과제 및 프로젝트/고주파공학/사진/homework5/시뮬사진/스크린샷 2026-04-14 175914.png,429,287,27,,,Publicly Withheld,"Lower-value, incomplete, redundant-context, or unverified visual",,
COU-c2e7e0b694c0,RF/Microwave,학부 과제 및 프로젝트/고주파공학/사진/homework5/시뮬사진/스크린샷 2026-04-14 175922.png,953,798,30,,,Publicly Withheld,"Lower-value, incomplete, redundant-context, or unverified visual",,
COU-63214242f059,RF/Microwave,학부 과제 및 프로젝트/고주파공학/사진/homework5/시뮬사진/스크린샷 2026-04-14 180339.png,911,787,30,,,Publicly Withheld,"Lower-value, incomplete, redundant-context, or unverified visual",,
COU-971dbd344a96,RF/Microwave,학부 과제 및 프로젝트/고주파공학/사진/homework5/시뮬사진/스크린샷 2026-04-14 191333.png,495,492,28,,,Publicly Withheld,"Lower-value, incomplete, redundant-context, or unverified visual",,
COU-092ade140dc9,RF/Microwave,학부 과제 및 프로젝트/고주파공학/사진/homework5/시뮬사진/스크린샷 2026-04-14 191733.png,964,775,30,,,Publicly Withheld,"Lower-value, incomplete, redundant-context, or unverified visual",,
COU-3da3af6dd558,RF/Microwave,학부 과제 및 프로젝트/고주파공학/사진/homework5/시뮬사진/스크린샷 2026-04-14 192021.png,1411,634,30,,,Publicly Withheld,"Lower-value, incomplete, redundant-context, or unverified visual",,
COU-ec6673f508f3,RF/Microwave,학부 과제 및 프로젝트/고주파공학/사진/homework5/시뮬사진/스크린샷 2026-04-14 193003.png,491,545,28,,,Publicly Withheld,"Lower-value, incomplete, redundant-context, or unverified visual",,
COU-d5475acf57d1,RF/Microwave,학부 과제 및 프로젝트/고주파공학/사진/homework5/시뮬사진/스크린샷 2026-04-14 193556.png,401,331,27,,,Publicly Withheld,"Lower-value, incomplete, redundant-context, or unverified visual",,
COU-05759dc9ee26,RF/Microwave,학부 과제 및 프로젝트/고주파공학/사진/homework5/시뮬사진/스크린샷 2026-04-14 195211.png,379,205,27,,,Publicly Withheld,"Lower-value, incomplete, redundant-context, or unverified visual",,
COU-9d690f4eb003,RF/Microwave,학부 과제 및 프로젝트/고주파공학/사진/homework5/시뮬사진/스크린샷 2026-04-14 200628.png,770,545,29,NEAR-0047,COU-d92fc790a1cb,Near Duplicate,Visually similar to higher-resolution/preferred source COU-d92fc790a1cb,,
COU-4b9b10c57f2a,RF/Microwave,학부 과제 및 프로젝트/고주파공학/사진/homework5/시뮬사진/스크린샷 2026-04-14 201112.png,726,542,28,,,Publicly Withheld,"Lower-value, incomplete, redundant-context, or unverified visual",,
COU-4534afb70e58,RF/Microwave,학부 과제 및 프로젝트/고주파공학/사진/homework5/시뮬사진/스크린샷 2026-04-14 201540.png,1011,287,27,,,Publicly Withheld,"Lower-value, incomplete, redundant-context, or unverified visual",,
COU-fdded95f8681,RF/Microwave,학부 과제 및 프로젝트/고주파공학/사진/homework5/시뮬사진/스크린샷 2026-04-14 202315.png,993,805,30,NEAR-0050,COU-92490c001707,Near Duplicate,Visually similar to higher-resolution/preferred source COU-92490c001707,,
COU-94e82b953d1d,RF/Microwave,학부 과제 및 프로젝트/고주파공학/사진/homework5/시뮬사진/스크린샷 2026-04-14 202433.png,966,618,30,,,Publicly Withheld,"Lower-value, incomplete, redundant-context, or unverified visual",,
COU-de6b60347758,RF/Microwave,학부 과제 및 프로젝트/고주파공학/사진/homework5/시뮬사진/스크린샷 2026-04-14 202522.png,590,812,29,NEAR-0051,COU-de6b60347758,Publicly Withheld,"Lower-value, incomplete, redundant-context, or unverified visual",,
COU-a5ec9b6429fe,RF/Microwave,학부 과제 및 프로젝트/고주파공학/사진/homework5/시뮬사진/스크린샷 2026-04-14 202530.png,595,786,29,NEAR-0051,COU-de6b60347758,Near Duplicate,Visually similar to higher-resolution/preferred source COU-de6b60347758,,
COU-6f3f78fd5d11,RF/Microwave,학부 과제 및 프로젝트/고주파공학/사진/homework5/시뮬사진/스크린샷 2026-04-14 202558.png,757,356,28,NEAR-0052,COU-f87da2bdf117,Near Duplicate,Visually similar to higher-resolution/preferred source COU-f87da2bdf117,,
COU-7e66dcc7fa93,RF/Microwave,학부 과제 및 프로젝트/고주파공학/사진/homework5/시뮬사진/스크린샷 2026-04-14 202603.png,757,457,28,,,Publicly Withheld,"Lower-value, incomplete, redundant-context, or unverified visual",,
COU-87a57efa9a61,RF/Microwave,학부 과제 및 프로젝트/고주파공학/사진/homework5/시뮬사진/스크린샷 2026-04-14 202614.png,533,232,27,,,Publicly Withheld,"Lower-value, incomplete, redundant-context, or unverified visual",,
COU-888383a99fb6,RF/Microwave,학부 과제 및 프로젝트/고주파공학/사진/homework5/시뮬사진/스크린샷 2026-04-14 202624.png,484,486,28,,,Publicly Withheld,"Lower-value, incomplete, redundant-context, or unverified visual",,
COU-0ba219a4ae47,RF/Microwave,학부 과제 및 프로젝트/고주파공학/사진/homework5/시뮬사진/스크린샷 2026-04-14 202654.png,1320,590,29,,,Publicly Withheld,"Lower-value, incomplete, redundant-context, or unverified visual",,
COU-95f24cfd6415,RF/Microwave,학부 과제 및 프로젝트/고주파공학/사진/homework5/시뮬사진/스크린샷 2026-04-14 202743.png,856,470,29,,,Publicly Withheld,"Lower-value, incomplete, redundant-context, or unverified visual",,
COU-30e6324b0472,RF/Microwave,학부 과제 및 프로젝트/고주파공학/사진/homework5/시뮬사진/스크린샷 2026-04-14 203837.png,1603,755,31,,,Requires User Review,High-scoring technical visual; requires manual content/copyright review,,
COU-dabb362ebf21,RF/Microwave,학부 과제 및 프로젝트/고주파공학/사진/homework5/시뮬사진/스크린샷 2026-04-14 203849.png,1681,802,31,,,Requires User Review,High-scoring technical visual; requires manual content/copyright review,,
COU-91af9f7e0ea8,RF/Microwave,학부 과제 및 프로젝트/고주파공학/사진/homework5/시뮬사진/스크린샷 2026-04-14 204129.png,1910,865,31,,,Requires User Review,High-scoring technical visual; requires manual content/copyright review,,
COU-897a3074ed68,RF/Microwave,학부 과제 및 프로젝트/고주파공학/사진/homework5/시뮬사진/스크린샷 2026-04-14 204158.png,1850,809,31,,,Requires User Review,High-scoring technical visual; requires manual content/copyright review,,
COU-c9f2162e187f,RF/Microwave,학부 과제 및 프로젝트/고주파공학/사진/homework5/시뮬사진/스크린샷 2026-04-14 204445.png,1901,859,31,,,Requires User Review,High-scoring technical visual; requires manual content/copyright review,,
COU-d9ae135fbfc3,RF/Microwave,학부 과제 및 프로젝트/고주파공학/사진/homework5/시뮬사진/스크린샷 2026-04-14 204516.png,1911,840,31,,,Requires User Review,High-scoring technical visual; requires manual content/copyright review,,
COU-2dfb299438d3,RF/Microwave,학부 과제 및 프로젝트/고주파공학/사진/homework5/시뮬사진/스크린샷 2026-04-14 210036.png,235,36,26,,,Publicly Withheld,"Lower-value, incomplete, redundant-context, or unverified visual",,
COU-266dc0d0cf5d,RF/Microwave,학부 과제 및 프로젝트/고주파공학/사진/homework5/시뮬사진/스크린샷 2026-04-14 210041.png,394,234,27,,,Publicly Withheld,"Lower-value, incomplete, redundant-context, or unverified visual",,
COU-969853a2969d,RF/Microwave,학부 과제 및 프로젝트/고주파공학/사진/homework5/시뮬사진/스크린샷 2026-04-14 210856.png,573,734,29,,,Publicly Withheld,"Lower-value, incomplete, redundant-context, or unverified visual",,
COU-f3a4b02a3db3,RF/Microwave,학부 과제 및 프로젝트/고주파공학/사진/homework5/시뮬사진/스크린샷 2026-04-14 210942.png,717,839,30,,,Publicly Withheld,"Lower-value, incomplete, redundant-context, or unverified visual",,
COU-3e543fef6e50,RF/Microwave,학부 과제 및 프로젝트/고주파공학/사진/homework5/시뮬사진/스크린샷 2026-04-14 211030.png,573,746,29,,,Publicly Withheld,"Lower-value, incomplete, redundant-context, or unverified visual",,
COU-649dc9607006,RF/Microwave,학부 과제 및 프로젝트/고주파공학/사진/homework5/시뮬사진/스크린샷 2026-04-14 211040.png,836,742,30,,,Publicly Withheld,"Lower-value, incomplete, redundant-context, or unverified visual",,
COU-fa9063731be1,RF/Microwave,학부 과제 및 프로젝트/고주파공학/사진/homework5/시뮬사진/스크린샷 2026-04-14 211051.png,481,772,28,,,Publicly Withheld,"Lower-value, incomplete, redundant-context, or unverified visual",,
COU-3015768c0dd1,RF/Microwave,학부 과제 및 프로젝트/고주파공학/사진/homework5/시뮬사진/스크린샷 2026-04-14 211104.png,474,704,28,,,Publicly Withheld,"Lower-value, incomplete, redundant-context, or unverified visual",,
COU-9bc825f9213b,RF/Microwave,학부 과제 및 프로젝트/고주파공학/사진/homework5/시뮬사진/스크린샷 2026-04-14 211129.png,763,537,29,,,Publicly Withheld,"Lower-value, incomplete, redundant-context, or unverified visual",,
COU-f87da2bdf117,RF/Microwave,학부 과제 및 프로젝트/고주파공학/사진/homework5/시뮬사진/스크린샷 2026-04-14 211137.png,766,367,28,NEAR-0052,COU-f87da2bdf117,Publicly Withheld,"Lower-value, incomplete, redundant-context, or unverified visual",,
COU-3192f06a4d3b,RF/Microwave,학부 과제 및 프로젝트/고주파공학/사진/homework5/시뮬사진/스크린샷 2026-04-14 211334.png,399,744,28,,,Publicly Withheld,"Lower-value, incomplete, redundant-context, or unverified visual",,
COU-0c64b676964f,RF/Microwave,학부 과제 및 프로젝트/고주파공학/사진/homework5/시뮬사진/스크린샷 2026-04-14 211340.png,404,802,28,,,Publicly Withheld,"Lower-value, incomplete, redundant-context, or unverified visual",,
COU-fd6c54cdd6d9,RF/Microwave,학부 과제 및 프로젝트/고주파공학/사진/homework5/시뮬사진/스크린샷 2026-04-14 211722.png,531,236,27,,,Publicly Withheld,"Lower-value, incomplete, redundant-context, or unverified visual",,
COU-0ef33ff2c815,RF/Microwave,학부 과제 및 프로젝트/고주파공학/사진/homework5/시뮬사진/스크린샷 2026-04-14 211833.png,986,783,30,,,Publicly Withheld,"Lower-value, incomplete, redundant-context, or unverified visual",,
COU-48f0ae5985a6,RF/Microwave,학부 과제 및 프로젝트/고주파공학/사진/homework5/시뮬사진/스크린샷 2026-04-14 214226.png,448,713,28,,,Publicly Withheld,"Lower-value, incomplete, redundant-context, or unverified visual",,
COU-3dfb948e608c,RF/Microwave,학부 과제 및 프로젝트/고주파공학/사진/homework5/시뮬사진/스크린샷 2026-04-14 214229.png,486,734,28,,,Publicly Withheld,"Lower-value, incomplete, redundant-context, or unverified visual",,
COU-e1acd8fb4432,RF/Microwave,학부 과제 및 프로젝트/고주파공학/사진/homework5/시뮬사진/스크린샷 2026-04-14 214542.png,1899,912,32,,,Requires User Review,High-scoring technical visual; requires manual content/copyright review,,
COU-1b1f6f1e4a2e,RF/Microwave,학부 과제 및 프로젝트/고주파공학/사진/homework5/시뮬사진/스크린샷 2026-04-14 214819.png,1881,976,32,,,Requires User Review,High-scoring technical visual; requires manual content/copyright review,,
COU-1088653bdf56,RF/Microwave,학부 과제 및 프로젝트/고주파공학/사진/homework5/시뮬사진/스크린샷 2026-04-14 215624.png,332,740,27,,,Publicly Withheld,"Lower-value, incomplete, redundant-context, or unverified visual",,
COU-4a3f8c3ea189,RF/Microwave,학부 과제 및 프로젝트/고주파공학/사진/homework5/시뮬사진/스크린샷 2026-04-14 215632.png,310,744,27,NEAR-0009,COU-ba84539f0d5f,Near Duplicate,Visually similar to higher-resolution/preferred source COU-ba84539f0d5f,,
COU-a3ae9f2af7f5,RF/Microwave,학부 과제 및 프로젝트/고주파공학/사진/homework5/시뮬사진/스크린샷 2026-04-14 215702.png,983,807,30,NEAR-0053,COU-91cb791e6a63,Near Duplicate,Visually similar to higher-resolution/preferred source COU-91cb791e6a63,,
COU-a69b94a6172a,RF/Microwave,학부 과제 및 프로젝트/고주파공학/사진/homework5/시뮬사진/스크린샷 2026-04-14 215820.png,998,671,30,,,Publicly Withheld,"Lower-value, incomplete, redundant-context, or unverified visual",,
COU-a02d0d7e952b,RF/Microwave,학부 과제 및 프로젝트/고주파공학/사진/homework5/시뮬사진/스크린샷 2026-04-14 215829.png,980,671,30,,,Publicly Withheld,"Lower-value, incomplete, redundant-context, or unverified visual",,
COU-cc1657e37561,RF/Microwave,학부 과제 및 프로젝트/고주파공학/사진/homework5/시뮬사진/스크린샷 2026-04-14 215957.png,921,561,29,,,Publicly Withheld,"Lower-value, incomplete, redundant-context, or unverified visual",,
COU-3b4ea090b602,RF/Microwave,학부 과제 및 프로젝트/고주파공학/사진/homework5/시뮬사진/스크린샷 2026-04-14 220300.png,812,616,30,,,Publicly Withheld,"Lower-value, incomplete, redundant-context, or unverified visual",,
COU-148692d309a7,RF/Microwave,학부 과제 및 프로젝트/고주파공학/사진/homework5/시뮬사진/스크린샷 2026-04-14 220308.png,820,588,29,,,Publicly Withheld,"Lower-value, incomplete, redundant-context, or unverified visual",,
COU-291c2615ec0a,RF/Microwave,학부 과제 및 프로젝트/고주파공학/사진/homework5/시뮬사진/스크린샷 2026-04-14 220321.png,866,628,30,,,Publicly Withheld,"Lower-value, incomplete, redundant-context, or unverified visual",,
COU-29b893cbc3a5,RF/Microwave,학부 과제 및 프로젝트/고주파공학/사진/homework5/시뮬사진/스크린샷 2026-04-14 221102.png,985,684,30,NEAR-0032,COU-21b383e608fb,Near Duplicate,Visually similar to higher-resolution/preferred source COU-21b383e608fb,,
COU-165616858e3c,RF/Microwave,학부 과제 및 프로젝트/고주파공학/사진/homework5/시뮬사진/스크린샷 2026-04-14 221116.png,988,683,30,NEAR-0033,COU-ec8ba28f82e0,Near Duplicate,Visually similar to higher-resolution/preferred source COU-ec8ba28f82e0,,
COU-f0bc4e8079c9,RF/Microwave,학부 과제 및 프로젝트/고주파공학/사진/homework5/시뮬사진/스크린샷 2026-04-14 221351.png,802,719,30,NEAR-0034,COU-ff2c82c306c0,Near Duplicate,Visually similar to higher-resolution/preferred source COU-ff2c82c306c0,,electrical-engineering-coursework-portfolio:docs/gallery/rf-microwave/microstrip-schematic.png
COU-1025ed6a2b96,RF/Microwave,학부 과제 및 프로젝트/고주파공학/사진/homework5/시뮬사진/스크린샷 2026-04-14 221401.png,481,950,29,NEAR-0035,COU-6a0c31dceb3e,Near Duplicate,Visually similar to higher-resolution/preferred source COU-6a0c31dceb3e,,
COU-074ed88f2eec,RF/Microwave,학부 과제 및 프로젝트/고주파공학/사진/homework5/시뮬사진/스크린샷 2026-04-14 221417.png,1428,576,29,,,Publicly Withheld,"Lower-value, incomplete, redundant-context, or unverified visual",,
COU-e447399811b6,RF/Microwave,학부 과제 및 프로젝트/고주파공학/사진/homework5/시뮬사진/스크린샷 2026-04-14 221424.png,480,949,29,NEAR-0036,COU-6db03c8bb47a,Near Duplicate,Visually similar to higher-resolution/preferred source COU-6db03c8bb47a,,
COU-0228c43fed2d,RF/Microwave,학부 과제 및 프로젝트/고주파공학/사진/homework5/시뮬사진/스크린샷 2026-04-14 221437.png,419,811,28,,,Publicly Withheld,"Lower-value, incomplete, redundant-context, or unverified visual",,
COU-411519a2ffef,RF/Microwave,학부 과제 및 프로젝트/고주파공학/사진/homework5/시뮬사진/스크린샷 2026-04-14 221449.png,481,950,29,NEAR-0036,COU-6db03c8bb47a,Near Duplicate,Visually similar to higher-resolution/preferred source COU-6db03c8bb47a,,
COU-a1e476419d5f,RF/Microwave,학부 과제 및 프로젝트/고주파공학/사진/homework5/시뮬사진/스크린샷 2026-04-14 221505.png,476,953,29,NEAR-0037,COU-1a93e791aba7,Near Duplicate,Visually similar to higher-resolution/preferred source COU-1a93e791aba7,,
COU-15aa2444fbad,RF/Microwave,학부 과제 및 프로젝트/고주파공학/사진/homework5/시뮬사진/스크린샷 2026-04-14 221512.png,765,550,29,NEAR-0038,COU-98a7d18e7cb5,Near Duplicate,Visually similar to higher-resolution/preferred source COU-98a7d18e7cb5,,electrical-engineering-coursework-portfolio:docs/gallery/rf-microwave/microstrip-stackup-editor.png
COU-d6e04c045607,RF/Microwave,학부 과제 및 프로젝트/고주파공학/사진/homework5/시뮬사진/스크린샷 2026-04-14 221521.png,776,551,29,NEAR-0039,COU-7e9c695750d8,Near Duplicate,Visually similar to higher-resolution/preferred source COU-7e9c695750d8,,
COU-80b0f67bc076,RF/Microwave,학부 과제 및 프로젝트/고주파공학/사진/homework5/시뮬사진/스크린샷 2026-04-14 221542.png,404,1013,29,NEAR-0040,COU-1733c0f8dfca,Near Duplicate,Visually similar to higher-resolution/preferred source COU-1733c0f8dfca,,
COU-af067f7e0920,RF/Microwave,학부 과제 및 프로젝트/고주파공학/사진/homework5/시뮬사진/스크린샷 2026-04-14 221553.png,1892,989,32,,,Requires User Review,High-scoring technical visual; requires manual content/copyright review,,
COU-91cb791e6a63,RF/Microwave,학부 과제 및 프로젝트/고주파공학/사진/homework5/시뮬사진/스크린샷 2026-04-14 221627.png,1001,805,30,NEAR-0053,COU-91cb791e6a63,Publicly Withheld,"Lower-value, incomplete, redundant-context, or unverified visual",,
COU-23aa87cc945b,RF/Microwave,학부 과제 및 프로젝트/고주파공학/사진/homework5/시뮬사진/스크린샷 2026-04-14 221711.png,998,683,30,,,Publicly Withheld,"Lower-value, incomplete, redundant-context, or unverified visual",,
COU-ab3da72452df,RF/Microwave,학부 과제 및 프로젝트/고주파공학/사진/homework5/시뮬사진/스크린샷 2026-04-14 222407.png,543,367,28,,,Publicly Withheld,"Lower-value, incomplete, redundant-context, or unverified visual",,
COU-840cd17686fe,RF/Microwave,학부 과제 및 프로젝트/고주파공학/사진/homework5/시뮬사진/스크린샷 2026-04-14 222410.png,981,804,30,NEAR-0050,COU-92490c001707,Near Duplicate,Visually similar to higher-resolution/preferred source COU-92490c001707,,
COU-9c54b85fa193,RF/Microwave,학부 과제 및 프로젝트/고주파공학/사진/homework5/시뮬사진/스크린샷 2026-04-14 222606.png,1000,813,30,EXACT-0180,COU-9c54b85fa193,Exact Duplicate,Byte-identical to preferred source COU-9c54b85fa193,,electrical-engineering-coursework-portfolio:docs/gallery/rf-microwave/microstrip-response-marker.png
COU-b4545a001ad0,RF/Microwave,학부 과제 및 프로젝트/고주파공학/사진/homework5/시뮬사진/스크린샷 2026-05-28 163230.png,757,52,26,,,Publicly Withheld,"Lower-value, incomplete, redundant-context, or unverified visual",,
COU-c9a57edf51df,RF/Microwave,학부 과제 및 프로젝트/고주파공학/사진/homework5/시뮬사진/스크린샷 2026-05-28 163316.png,727,52,26,,,Publicly Withheld,"Lower-value, incomplete, redundant-context, or unverified visual",,
COU-8d6f33feae3f,RF/Microwave,학부 과제 및 프로젝트/고주파공학/사진/homework5/시뮬사진/스크린샷 2026-05-28 163341.png,738,192,27,,,Publicly Withheld,"Lower-value, incomplete, redundant-context, or unverified visual",,
COU-d44dde2026ce,RF/Microwave,학부 과제 및 프로젝트/고주파공학/사진/homework5/시뮬사진/스크린샷 2026-05-28 163405.png,733,46,26,,,Publicly Withheld,"Lower-value, incomplete, redundant-context, or unverified visual",,
COU-f0e0d6a3f16c,RF/Microwave,학부 과제 및 프로젝트/고주파공학/사진/homework5/시뮬사진/스크린샷 2026-05-28 163416.png,732,83,26,,,Publicly Withheld,"Lower-value, incomplete, redundant-context, or unverified visual",,
COU-e6ac11bfe9a2,RF/Microwave,학부 과제 및 프로젝트/고주파공학/사진/homework5/시뮬사진/스크린샷 2026-05-28 163432.png,742,128,26,,,Publicly Withheld,"Lower-value, incomplete, redundant-context, or unverified visual",,
COU-a5f603377145,RF/Microwave,학부 과제 및 프로젝트/고주파공학/사진/homework5/시뮬사진/스크린샷 2026-05-28 163520.png,741,87,26,,,Publicly Withheld,"Lower-value, incomplete, redundant-context, or unverified visual",,
COU-71d04596ae35,RF/Microwave,학부 과제 및 프로젝트/고주파공학/사진/homework5/시뮬사진/스크린샷 2026-05-28 163540.png,860,131,26,,,Publicly Withheld,"Lower-value, incomplete, redundant-context, or unverified visual",,
COU-b12c8554d891,RF/Microwave,학부 과제 및 프로젝트/고주파공학/사진/homework5/시뮬사진/스크린샷 2026-05-28 163547.png,846,124,26,,,Publicly Withheld,"Lower-value, incomplete, redundant-context, or unverified visual",,
COU-17a3b7294c46,RF/Microwave,학부 과제 및 프로젝트/고주파공학/사진/homework5/시뮬사진/스크린샷 2026-05-28 163603.png,965,210,27,,,Publicly Withheld,"Lower-value, incomplete, redundant-context, or unverified visual",,
COU-4c04f3396243,RF/Microwave,학부 과제 및 프로젝트/고주파공학/사진/homework5/시뮬사진/스크린샷 2026-05-28 163619.png,1016,149,26,,,Publicly Withheld,"Lower-value, incomplete, redundant-context, or unverified visual",,
COU-3e007a0c3af1,RF/Microwave,학부 과제 및 프로젝트/고주파공학/사진/homework5/시뮬사진/스크린샷 2026-05-28 163634.png,1025,187,27,EXACT-0186,COU-3e007a0c3af1,Exact Duplicate,Byte-identical to preferred source COU-3e007a0c3af1,,
COU-38adc31b96dd,RF/Microwave,학부 과제 및 프로젝트/고주파공학/사진/homework5/시뮬사진/스크린샷 2026-05-28 163648.png,1000,187,27,EXACT-0188,COU-38adc31b96dd,Exact Duplicate,Byte-identical to preferred source COU-38adc31b96dd,,
COU-2bd54ee94c38,RF/Microwave,학부 과제 및 프로젝트/고주파공학/사진/homework5/시뮬사진/스크린샷 2026-05-29 141655.png,522,553,28,,,Publicly Withheld,"Lower-value, incomplete, redundant-context, or unverified visual",,
COU-d3923a129bc8,RF/Microwave,학부 과제 및 프로젝트/고주파공학/사진/homework5/시뮬사진/스크린샷 2026-05-29 141701.png,522,395,28,,,Publicly Withheld,"Lower-value, incomplete, redundant-context, or unverified visual",,
COU-c8d1e82cbf84,RF/Microwave,학부 과제 및 프로젝트/고주파공학/사진/homework5/시뮬사진/스크린샷 2026-05-29 141712.png,538,590,28,,,Publicly Withheld,"Lower-value, incomplete, redundant-context, or unverified visual",,
COU-5a7279a7c6aa,RF/Microwave,학부 과제 및 프로젝트/고주파공학/사진/homework5/시뮬사진/스크린샷 2026-05-29 141723.png,566,571,28,,,Publicly Withheld,"Lower-value, incomplete, redundant-context, or unverified visual",,
COU-74658dfea2ea,RF/Microwave,학부 과제 및 프로젝트/고주파공학/사진/homework5/시뮬사진/스크린샷 2026-05-29 141734.png,550,628,28,,,Publicly Withheld,"Lower-value, incomplete, redundant-context, or unverified visual",,
COU-fd0cb90578dc,RF/Microwave,학부 과제 및 프로젝트/고주파공학/사진/homework5/시뮬사진/스크린샷 2026-05-29 141954.png,486,433,28,,,Publicly Withheld,"Lower-value, incomplete, redundant-context, or unverified visual",,
COU-d404cdde0ead,RF/Microwave,학부 과제 및 프로젝트/고주파공학/사진/homework5/시뮬사진/스크린샷 2026-05-29 143858.png,516,640,28,,,Publicly Withheld,"Lower-value, incomplete, redundant-context, or unverified visual",,
COU-b551f974c2c0,RF/Microwave,학부 과제 및 프로젝트/고주파공학/사진/homework5/시뮬사진/스크린샷 2026-05-29 143913.png,503,678,28,,,Publicly Withheld,"Lower-value, incomplete, redundant-context, or unverified visual",,
COU-ed78981f44bb,RF/Microwave,학부 과제 및 프로젝트/고주파공학/사진/homework5/시뮬사진/스크린샷 2026-05-29 143929.png,481,673,28,,,Publicly Withheld,"Lower-value, incomplete, redundant-context, or unverified visual",,
COU-ec02265faa3f,RF/Microwave,학부 과제 및 프로젝트/고주파공학/사진/homework5/시뮬사진/스크린샷 2026-05-29 143937.png,519,583,28,,,Publicly Withheld,"Lower-value, incomplete, redundant-context, or unverified visual",,
COU-9752eb25fb75,RF/Microwave,학부 과제 및 프로젝트/고주파공학/사진/homework5/시뮬사진/스크린샷 2026-05-31 192127.png,1020,435,29,EXACT-0187,COU-9752eb25fb75,Exact Duplicate,Byte-identical to preferred source COU-9752eb25fb75,,
COU-43484f18c5d8,RF/Microwave,학부 과제 및 프로젝트/고주파공학/사진/homework5/시뮬사진/스크린샷 2026-05-31 192218.png,975,640,30,,,Publicly Withheld,"Lower-value, incomplete, redundant-context, or unverified visual",,
COU-4d3d919b0dc4,RF/Microwave,학부 과제 및 프로젝트/고주파공학/사진/homework5/시뮬사진/스크린샷 2026-05-31 195223.png,686,604,30,,,Publicly Withheld,"Lower-value, incomplete, redundant-context, or unverified visual",,
COU-e3ac17ebbcf4,RF/Microwave,학부 과제 및 프로젝트/고주파공학/사진/homework5/시뮬사진/스크린샷 2026-05-31 195232.png,1183,776,30,,,Publicly Withheld,"Lower-value, incomplete, redundant-context, or unverified visual",,
COU-8918311c8575,RF/Microwave,학부 과제 및 프로젝트/고주파공학/사진/homework5/시뮬사진/스크린샷 2026-05-31 195239.png,805,554,29,,,Publicly Withheld,"Lower-value, incomplete, redundant-context, or unverified visual",,
COU-e5ca447495a9,RF/Microwave,학부 과제 및 프로젝트/고주파공학/사진/homework5/시뮬사진/스크린샷 2026-05-31 195357.png,538,469,28,,,Publicly Withheld,"Lower-value, incomplete, redundant-context, or unverified visual",,
COU-a08807772d67,RF/Microwave,학부 과제 및 프로젝트/고주파공학/사진/homework5/시뮬사진/스크린샷 2026-05-31 195421.png,629,370,28,,,Publicly Withheld,"Lower-value, incomplete, redundant-context, or unverified visual",,
COU-0dd7ae71c532,RF/Microwave,학부 과제 및 프로젝트/고주파공학/사진/homework5/시뮬사진/스크린샷 2026-05-31 195706.png,628,437,28,,,Publicly Withheld,"Lower-value, incomplete, redundant-context, or unverified visual",,
COU-8262f88ee009,RF/Microwave,학부 과제 및 프로젝트/고주파공학/사진/homework5/시뮬사진/스크린샷 2026-05-31 195738.png,417,368,28,,,Publicly Withheld,"Lower-value, incomplete, redundant-context, or unverified visual",,
COU-99413a070193,RF/Microwave,학부 과제 및 프로젝트/고주파공학/사진/homework5/시뮬사진/스크린샷 2026-05-31 200123.png,443,249,27,,,Publicly Withheld,"Lower-value, incomplete, redundant-context, or unverified visual",,
COU-88b5e2f2dc9a,RF/Microwave,학부 과제 및 프로젝트/고주파공학/사진/homework5/시뮬사진/스크린샷 2026-05-31 200502.png,537,442,28,,,Publicly Withheld,"Lower-value, incomplete, redundant-context, or unverified visual",,
COU-caf27538e64b,RF/Microwave,학부 과제 및 프로젝트/고주파공학/사진/homework5/시뮬사진/스크린샷 2026-05-31 200507.png,906,614,30,,,Publicly Withheld,"Lower-value, incomplete, redundant-context, or unverified visual",,
COU-d78bd8de5616,RF/Microwave,학부 과제 및 프로젝트/고주파공학/사진/homework5/시뮬사진/스크린샷 2026-05-31 200513.png,816,622,30,,,Publicly Withheld,"Lower-value, incomplete, redundant-context, or unverified visual",,
COU-8ef34f8804b5,RF/Microwave,학부 과제 및 프로젝트/고주파공학/사진/homework5/시뮬사진/스크린샷 2026-05-31 200525.png,969,621,30,,,Publicly Withheld,"Lower-value, incomplete, redundant-context, or unverified visual",,
COU-c685d53ffb5d,RF/Microwave,학부 과제 및 프로젝트/고주파공학/사진/homework5/시뮬사진/스크린샷 2026-05-31 200531.png,953,632,30,,,Publicly Withheld,"Lower-value, incomplete, redundant-context, or unverified visual",,
COU-5651353dbcb7,RF/Microwave,학부 과제 및 프로젝트/고주파공학/사진/homework5/시뮬사진/스크린샷 2026-05-31 200548.png,960,614,30,,,Publicly Withheld,"Lower-value, incomplete, redundant-context, or unverified visual",,
COU-db1123514036,RF/Microwave,학부 과제 및 프로젝트/고주파공학/사진/homework5/시뮬사진/스크린샷 2026-05-31 200610.png,985,623,30,,,Publicly Withheld,"Lower-value, incomplete, redundant-context, or unverified visual",,
COU-acca0fbff87f,RF/Microwave,학부 과제 및 프로젝트/고주파공학/사진/homework5/시뮬사진/스크린샷 2026-05-31 200618.png,971,630,30,,,Publicly Withheld,"Lower-value, incomplete, redundant-context, or unverified visual",,
COU-e6371091e2e6,RF/Microwave,학부 과제 및 프로젝트/고주파공학/사진/homework5/시뮬사진/스크린샷 2026-05-31 200915.png,946,837,30,,,Publicly Withheld,"Lower-value, incomplete, redundant-context, or unverified visual",,
COU-06cf3c5ed396,RF/Microwave,학부 과제 및 프로젝트/고주파공학/사진/homework5/시뮬사진/스크린샷 2026-05-31 200937.png,1909,865,31,,,Requires User Review,High-scoring technical visual; requires manual content/copyright review,,
COU-38c6b2759b18,RF/Microwave,학부 과제 및 프로젝트/고주파공학/사진/homework5/시뮬사진/스크린샷 2026-05-31 201127.png,1916,884,31,EXACT-0185,COU-38c6b2759b18,Exact Duplicate,Byte-identical to preferred source COU-38c6b2759b18,,electrical-engineering-coursework-portfolio:docs/gallery/rf-microwave/l-section-smith-response.png
COU-3feac1e3b012,RF/Microwave,학부 과제 및 프로젝트/고주파공학/사진/homework5/시뮬사진/스크린샷 2026-05-31 201320.png,1037,321,27,,,Publicly Withheld,"Lower-value, incomplete, redundant-context, or unverified visual",,
COU-dba9d7949f6b,RF/Microwave,학부 과제 및 프로젝트/고주파공학/사진/homework5/시뮬사진/스크린샷 2026-05-31 203551.png,1017,235,27,,,Publicly Withheld,"Lower-value, incomplete, redundant-context, or unverified visual",,
COU-72a981b93fff,RF/Microwave,학부 과제 및 프로젝트/고주파공학/사진/homework5/시뮬사진/스크린샷 2026-05-31 203601.png,1013,215,27,,,Publicly Withheld,"Lower-value, incomplete, redundant-context, or unverified visual",,
COU-1c73cd67b748,RF/Microwave,학부 과제 및 프로젝트/고주파공학/사진/homework5/시뮬사진/스크린샷 2026-05-31 203608.png,1024,206,27,,,Publicly Withheld,"Lower-value, incomplete, redundant-context, or unverified visual",,
COU-95167ac3631e,RF/Microwave,학부 과제 및 프로젝트/고주파공학/사진/homework5/시뮬사진/스크린샷 2026-06-01 164836.png,1211,774,30,,,Publicly Withheld,"Lower-value, incomplete, redundant-context, or unverified visual",,
COU-9f010c23dc0a,RF/Microwave,학부 과제 및 프로젝트/고주파공학/사진/homework5/시뮬사진/스크린샷 2026-06-01 193348.png,600,409,28,,,Publicly Withheld,"Lower-value, incomplete, redundant-context, or unverified visual",,
COU-bbb51a0a7602,RF/Microwave,학부 과제 및 프로젝트/고주파공학/사진/homework5/시뮬사진/스크린샷 2026-06-01 193352.png,1167,775,30,NEAR-0054,COU-bbb51a0a7602,Publicly Withheld,"Lower-value, incomplete, redundant-context, or unverified visual",,
COU-71098ab810e1,RF/Microwave,학부 과제 및 프로젝트/고주파공학/사진/homework5/시뮬사진/스크린샷 2026-06-01 193657.png,624,757,30,,,Publicly Withheld,"Lower-value, incomplete, redundant-context, or unverified visual",,
COU-32f3ea3d6ea3,RF/Microwave,학부 과제 및 프로젝트/고주파공학/사진/homework5/시뮬사진/스크린샷 2026-06-01 193707.png,597,649,28,,,Publicly Withheld,"Lower-value, incomplete, redundant-context, or unverified visual",,
COU-4f3a17c719b9,RF/Microwave,학부 과제 및 프로젝트/고주파공학/사진/homework5/시뮬사진/스크린샷 2026-06-01 193717.png,1154,795,30,,,Publicly Withheld,"Lower-value, incomplete, redundant-context, or unverified visual",,
COU-9440e6909a5b,RF/Microwave,학부 과제 및 프로젝트/고주파공학/사진/homework5/시뮬사진/스크린샷 2026-06-01 193724.png,1176,816,30,,,Publicly Withheld,"Lower-value, incomplete, redundant-context, or unverified visual",,
COU-7367e086ab8b,RF/Microwave,학부 과제 및 프로젝트/고주파공학/사진/homework5/시뮬사진/스크린샷 2026-06-01 193732.png,1117,783,30,NEAR-0054,COU-bbb51a0a7602,Near Duplicate,Visually similar to higher-resolution/preferred source COU-bbb51a0a7602,,
COU-f17fe397bfc1,RF/Microwave,학부 과제 및 프로젝트/고주파공학/사진/homework5/시뮬사진/스크린샷 2026-06-01 193741.png,1106,534,29,,,Publicly Withheld,"Lower-value, incomplete, redundant-context, or unverified visual",,
COU-5c11231c4595,RF/Microwave,학부 과제 및 프로젝트/고주파공학/사진/homework5/시뮬사진/스크린샷 2026-06-01 194023.png,774,517,29,,,Publicly Withheld,"Lower-value, incomplete, redundant-context, or unverified visual",,
COU-4d9331e99989,RF/Microwave,학부 과제 및 프로젝트/고주파공학/사진/homework5/시뮬사진/스크린샷 2026-06-01 194421.png,1101,760,30,,,Publicly Withheld,"Lower-value, incomplete, redundant-context, or unverified visual",,
COU-1706d70bac03,RF/Microwave,학부 과제 및 프로젝트/고주파공학/사진/homework5/시뮬사진/스크린샷 2026-06-01 194426.png,1157,749,30,,,Publicly Withheld,"Lower-value, incomplete, redundant-context, or unverified visual",,
COU-054a45bbf5dc,RF/Microwave,학부 과제 및 프로젝트/고주파공학/사진/homework5/시뮬사진/스크린샷 2026-06-01 220830.png,560,634,28,,,Publicly Withheld,"Lower-value, incomplete, redundant-context, or unverified visual",,
COU-d0edc1a5b32d,RF/Microwave,학부 과제 및 프로젝트/고주파공학/사진/homework5/시뮬사진/스크린샷 2026-06-01 220841.png,631,750,30,,,Publicly Withheld,"Lower-value, incomplete, redundant-context, or unverified visual",,
COU-0d06f06eba43,RF/Microwave,학부 과제 및 프로젝트/고주파공학/사진/homework5/시뮬사진/스크린샷 2026-06-01 220913.png,1116,751,30,,,Publicly Withheld,"Lower-value, incomplete, redundant-context, or unverified visual",,
COU-a503775776c7,RF/Microwave,학부 과제 및 프로젝트/고주파공학/사진/homework5/시뮬사진/스크린샷 2026-06-01 220946.png,1128,736,30,,,Publicly Withheld,"Lower-value, incomplete, redundant-context, or unverified visual",,
COU-277bf10f12cb,RF/Microwave,학부 과제 및 프로젝트/고주파공학/사진/homework5/시뮬사진/스크린샷 2026-06-01 220956.png,1143,822,30,,,Publicly Withheld,"Lower-value, incomplete, redundant-context, or unverified visual",,
COU-8ad40e4d57bc,RF/Microwave,학부 과제 및 프로젝트/고주파공학/사진/homework5/시뮬사진/스크린샷 2026-06-01 221002.png,1154,800,30,,,Publicly Withheld,"Lower-value, incomplete, redundant-context, or unverified visual",,
COU-e8994ca98d75,RF/Microwave,학부 과제 및 프로젝트/고주파공학/사진/homework5/시뮬사진/스크린샷 2026-06-01 221007.png,1082,627,30,,,Publicly Withheld,"Lower-value, incomplete, redundant-context, or unverified visual",,
COU-43ece60afcfb,RF/Microwave,학부 과제 및 프로젝트/고주파공학/사진/homework5/시뮬사진/스크린샷 2026-06-01 221018.png,1074,778,30,,,Publicly Withheld,"Lower-value, incomplete, redundant-context, or unverified visual",,
COU-519ebaf3db5b,RF/Microwave,학부 과제 및 프로젝트/고주파공학/사진/homework5/시뮬사진/스크린샷 2026-06-01 221029.png,1099,788,30,,,Publicly Withheld,"Lower-value, incomplete, redundant-context, or unverified visual",,
COU-691102ea1c10,RF/Microwave,학부 과제 및 프로젝트/고주파공학/사진/homework5/시뮬사진/스크린샷 2026-06-01 221035.png,1144,806,30,,,Publicly Withheld,"Lower-value, incomplete, redundant-context, or unverified visual",,
COU-9f10940cf63a,RF/Microwave,학부 과제 및 프로젝트/고주파공학/사진/homework5/시뮬사진/스크린샷 2026-06-01 221041.png,1019,845,30,,,Publicly Withheld,"Lower-value, incomplete, redundant-context, or unverified visual",,
COU-b72c8e1535a9,RF/Microwave,학부 과제 및 프로젝트/고주파공학/사진/homework5/시뮬사진/스크린샷 2026-06-01 221207.png,1100,768,30,,,Publicly Withheld,"Lower-value, incomplete, redundant-context, or unverified visual",,
COU-656f3f4a586a,RF/Microwave,학부 과제 및 프로젝트/고주파공학/사진/homework5/시뮬사진/스크린샷 2026-06-01 221213.png,1129,785,30,,,Publicly Withheld,"Lower-value, incomplete, redundant-context, or unverified visual",,
COU-d040a4859180,RF/Microwave,학부 과제 및 프로젝트/고주파공학/사진/homework5/시뮬사진/스크린샷 2026-06-01 221218.png,1112,778,30,,,Publicly Withheld,"Lower-value, incomplete, redundant-context, or unverified visual",,
COU-88ac44ca6e17,RF/Microwave,학부 과제 및 프로젝트/고주파공학/사진/homework5/시뮬사진/스크린샷 2026-06-01 221227.png,1186,873,31,,,Requires User Review,High-scoring technical visual; requires manual content/copyright review,,
COU-6a292a0eb897,RF/Microwave,학부 과제 및 프로젝트/고주파공학/사진/homework5/시뮬사진/스크린샷 2026-06-01 221231.png,1093,771,30,,,Publicly Withheld,"Lower-value, incomplete, redundant-context, or unverified visual",,
COU-33a4946a9d1f,RF/Microwave,학부 과제 및 프로젝트/고주파공학/사진/homework5/시뮬사진/스크린샷 2026-06-01 221236.png,1051,793,30,,,Publicly Withheld,"Lower-value, incomplete, redundant-context, or unverified visual",,
COU-d4e744ff2fc6,RF/Microwave,학부 과제 및 프로젝트/고주파공학/사진/homework5/시뮬사진/스크린샷 2026-06-01 221241.png,1139,834,30,NEAR-0055,COU-d4e744ff2fc6,Publicly Withheld,"Lower-value, incomplete, redundant-context, or unverified visual",,
COU-31f8f4ac5272,RF/Microwave,학부 과제 및 프로젝트/고주파공학/사진/homework5/시뮬사진/스크린샷 2026-06-01 221245.png,1149,822,30,NEAR-0055,COU-d4e744ff2fc6,Near Duplicate,Visually similar to higher-resolution/preferred source COU-d4e744ff2fc6,,
COU-30462e67b745,RF/Microwave,학부 과제 및 프로젝트/고주파공학/사진/homework5/시뮬사진/스크린샷 2026-06-01 221251.png,1147,792,30,,,Publicly Withheld,"Lower-value, incomplete, redundant-context, or unverified visual",,
COU-9c93e7eaf80f,RF/Microwave,학부 과제 및 프로젝트/고주파공학/사진/homework5/시뮬사진/스크린샷 2026-06-01 221258.png,1106,830,30,,,Publicly Withheld,"Lower-value, incomplete, redundant-context, or unverified visual",,
COU-3ba54b102e77,RF/Microwave,학부 과제 및 프로젝트/고주파공학/사진/homework5/시뮬사진/스크린샷 2026-06-01 221306.png,1101,835,30,,,Publicly Withheld,"Lower-value, incomplete, redundant-context, or unverified visual",,
COU-ecaa5ffeeb5e,RF/Microwave,학부 과제 및 프로젝트/고주파공학/사진/homework5/시뮬사진/스크린샷 2026-06-02 013019.png,972,615,30,EXACT-0182,COU-ecaa5ffeeb5e,Exact Duplicate,Byte-identical to preferred source COU-ecaa5ffeeb5e,,
COU-12cdb251b6cc,RF/Microwave,학부 과제 및 프로젝트/고주파공학/사진/homework5/시뮬사진/스크린샷 2026-06-02 013103.png,980,663,30,EXACT-0183,COU-12cdb251b6cc,Exact Duplicate,Byte-identical to preferred source COU-12cdb251b6cc,,
COU-9e678c9eee5a,RF/Microwave,학부 과제 및 프로젝트/고주파공학/사진/homework5/시뮬사진/스크린샷 2026-06-02 013442.png,986,662,30,EXACT-0184,COU-9e678c9eee5a,Exact Duplicate,Byte-identical to preferred source COU-9e678c9eee5a,,
COU-725732f7f445,RF/Microwave,학부 과제 및 프로젝트/고주파공학/사진/homework5/시뮬사진/스크린샷 2026-06-02 015309.png,836,534,29,EXACT-0181,COU-725732f7f445,Exact Duplicate,Byte-identical to preferred source COU-725732f7f445,,electrical-engineering-coursework-portfolio:docs/gallery/rf-microwave/l-section-schematic.png
COU-ca639edb2bb1,RF/Microwave,학부 과제 및 프로젝트/고주파공학/사진/homework5/시뮬사진/스크린샷 2026-06-08 131213.png,601,131,26,,,Publicly Withheld,"Lower-value, incomplete, redundant-context, or unverified visual",,
COU-140563ad441d,RF/Microwave,학부 과제 및 프로젝트/고주파공학/사진/homework5/시뮬사진/스크린샷 2026-06-08 131331.png,647,80,26,,,Publicly Withheld,"Lower-value, incomplete, redundant-context, or unverified visual",,
COU-f4d6c3fa7535,RF/Microwave,학부 과제 및 프로젝트/고주파공학/사진/homework5/시뮬사진/스크린샷 2026-06-08 131346.png,636,110,26,,,Publicly Withheld,"Lower-value, incomplete, redundant-context, or unverified visual",,
COU-1f287963b2a5,RF/Microwave,학부 과제 및 프로젝트/고주파공학/사진/homework5/시뮬사진/스크린샷 2026-06-08 131423.png,610,73,26,,,Publicly Withheld,"Lower-value, incomplete, redundant-context, or unverified visual",,
COU-63e4f7177510,RF/Microwave,학부 과제 및 프로젝트/고주파공학/사진/homework5/시뮬사진/스크린샷 2026-06-08 131439.png,602,68,26,,,Publicly Withheld,"Lower-value, incomplete, redundant-context, or unverified visual",,
COU-4147d8fa55a9,RF/Microwave,학부 과제 및 프로젝트/고주파공학/사진/homework5/시뮬사진/스크린샷 2026-06-08 131539.png,608,93,26,,,Publicly Withheld,"Lower-value, incomplete, redundant-context, or unverified visual",,
COU-7e39afee162f,RF/Microwave,학부 과제 및 프로젝트/고주파공학/사진/homework5/시뮬사진/스크린샷 2026-06-08 131553.png,603,51,26,,,Publicly Withheld,"Lower-value, incomplete, redundant-context, or unverified visual",,
COU-23eb777cae8f,RF/Microwave,학부 과제 및 프로젝트/고주파공학/사진/homework5/시뮬사진/스크린샷 2026-06-08 131604.png,613,33,26,,,Publicly Withheld,"Lower-value, incomplete, redundant-context, or unverified visual",,
COU-b94324fdcb70,RF/Microwave,학부 과제 및 프로젝트/고주파공학/사진/homework5/시뮬사진/스크린샷 2026-06-08 131617.png,618,72,26,,,Publicly Withheld,"Lower-value, incomplete, redundant-context, or unverified visual",,
COU-8131c4185332,RF/Microwave,학부 과제 및 프로젝트/고주파공학/사진/homework5/시뮬사진/스크린샷 2026-06-08 131630.png,620,70,26,,,Publicly Withheld,"Lower-value, incomplete, redundant-context, or unverified visual",,
COU-49f1c00c23a6,RF/Microwave,학부 과제 및 프로젝트/고주파공학/사진/homework5/시뮬사진/스크린샷 2026-06-08 131828.png,515,97,26,,,Publicly Withheld,"Lower-value, incomplete, redundant-context, or unverified visual",,
COU-4548fd6bfad6,RF/Microwave,학부 과제 및 프로젝트/고주파공학/사진/homework5/시뮬사진/스크린샷 2026-06-08 151942.png,368,407,28,,,Publicly Withheld,"Lower-value, incomplete, redundant-context, or unverified visual",,
COU-c0806968365a,RF/Microwave,학부 과제 및 프로젝트/고주파공학/사진/homework5/시뮬사진/스크린샷 2026-06-08 162010.png,326,406,27,,,Publicly Withheld,"Lower-value, incomplete, redundant-context, or unverified visual",,
COU-2b6f2abf1136,RF/Microwave,학부 과제 및 프로젝트/고주파공학/사진/homework5/시뮬사진/스크린샷 2026-06-08 164932.png,1036,541,29,,,Publicly Withheld,"Lower-value, incomplete, redundant-context, or unverified visual",,
COU-56be51347ced,RF/Microwave,학부 과제 및 프로젝트/고주파공학/사진/homework5/시뮬사진/스크린샷 2026-06-08 165021.png,646,387,28,,,Publicly Withheld,"Lower-value, incomplete, redundant-context, or unverified visual",,
COU-1d4f12331716,RF/Microwave,학부 과제 및 프로젝트/고주파공학/사진/homework5/시뮬사진/스크린샷 2026-06-08 165420.png,1312,431,29,,,Publicly Withheld,"Lower-value, incomplete, redundant-context, or unverified visual",,
COU-1a6b67d7e1d9,RF/Microwave,학부 과제 및 프로젝트/고주파공학/사진/homework5/시뮬사진/스크린샷 2026-06-08 165457.png,1292,357,29,,,Publicly Withheld,"Lower-value, incomplete, redundant-context, or unverified visual",,
COU-0e00f6b8c294,RF/Microwave,학부 과제 및 프로젝트/고주파공학/사진/homework5/시뮬사진/스크린샷 2026-06-08 171620.png,1069,763,30,,,Publicly Withheld,"Lower-value, incomplete, redundant-context, or unverified visual",,
COU-be76eb22f872,RF/Microwave,학부 과제 및 프로젝트/고주파공학/사진/homework5/시뮬사진/스크린샷 2026-06-09 144807.png,1020,191,27,EXACT-0210,COU-be76eb22f872,Exact Duplicate,Byte-identical to preferred source COU-be76eb22f872,,
COU-3bdff42b8b56,RF/Microwave,학부 과제 및 프로젝트/고주파공학/사진/homework5/시뮬사진/스크린샷 2026-06-09 144855.png,1020,269,27,EXACT-0218,COU-3bdff42b8b56,Exact Duplicate,Byte-identical to preferred source COU-3bdff42b8b56,,
COU-a2f5a3d1a0a7,RF/Microwave,학부 과제 및 프로젝트/고주파공학/사진/homework5/시뮬사진/스크린샷 2026-06-09 144914.png,1023,299,27,,,Publicly Withheld,"Lower-value, incomplete, redundant-context, or unverified visual",,
COU-b2a4aac76924,RF/Microwave,학부 과제 및 프로젝트/고주파공학/사진/homework5/시뮬사진/스크린샷 2026-06-09 182007.png,1573,681,31,,,Requires User Review,High-scoring technical visual; requires manual content/copyright review,,
COU-e87053a71230,RF/Microwave,학부 과제 및 프로젝트/고주파공학/사진/homework5/시뮬사진/스크린샷 2026-06-09 182858.png,1059,228,27,,,Publicly Withheld,"Lower-value, incomplete, redundant-context, or unverified visual",,
COU-46fbff032ecc,RF/Microwave,학부 과제 및 프로젝트/고주파공학/사진/homework5/시뮬사진/스크린샷 2026-06-09 183956.png,474,843,28,,,Publicly Withheld,"Lower-value, incomplete, redundant-context, or unverified visual",,
COU-95ddf81e8ca7,RF/Microwave,학부 과제 및 프로젝트/고주파공학/사진/homework5/시뮬사진/스크린샷 2026-06-09 184010.png,752,821,30,,,Publicly Withheld,"Lower-value, incomplete, redundant-context, or unverified visual",,
COU-81fc663867ae,RF/Microwave,학부 과제 및 프로젝트/고주파공학/사진/homework5/시뮬사진/스크린샷 2026-06-09 184020.png,664,751,30,,,Publicly Withheld,"Lower-value, incomplete, redundant-context, or unverified visual",,
COU-da99771b02fe,RF/Microwave,학부 과제 및 프로젝트/고주파공학/사진/homework5/시뮬사진/스크린샷 2026-06-09 184611.png,997,828,30,NEAR-0048,COU-da99771b02fe,Publicly Withheld,"Lower-value, incomplete, redundant-context, or unverified visual",,
COU-dfd57c10b9c7,RF/Microwave,학부 과제 및 프로젝트/고주파공학/사진/homework5/시뮬사진/스크린샷 2026-06-09 184620.png,621,309,27,,,Publicly Withheld,"Lower-value, incomplete, redundant-context, or unverified visual",,
COU-ce4b93d0cc05,RF/Microwave,학부 과제 및 프로젝트/고주파공학/사진/homework5/시뮬사진/스크린샷 2026-06-09 185008.png,993,684,30,NEAR-0042,COU-ce4b93d0cc05,Publicly Withheld,"Lower-value, incomplete, redundant-context, or unverified visual",,
COU-71cbfee34995,RF/Microwave,학부 과제 및 프로젝트/고주파공학/사진/homework5/시뮬사진/스크린샷 2026-06-09 185258.png,990,661,30,NEAR-0042,COU-ce4b93d0cc05,Near Duplicate,Visually similar to higher-resolution/preferred source COU-ce4b93d0cc05,,
COU-43eb7b5e887f,RF/Microwave,학부 과제 및 프로젝트/고주파공학/사진/homework5/시뮬사진/스크린샷 2026-06-09 185409.png,979,646,30,,,Publicly Withheld,"Lower-value, incomplete, redundant-context, or unverified visual",,
COU-e32bd5667ac7,RF/Microwave,학부 과제 및 프로젝트/고주파공학/사진/homework5/시뮬사진/스크린샷 2026-06-09 185520.png,551,686,28,,,Publicly Withheld,"Lower-value, incomplete, redundant-context, or unverified visual",,
COU-a4d36dedad56,RF/Microwave,학부 과제 및 프로젝트/고주파공학/사진/homework5/시뮬사진/스크린샷 2026-06-09 190122.png,1000,306,27,,,Publicly Withheld,"Lower-value, incomplete, redundant-context, or unverified visual",,
COU-d3758b0ea305,RF/Microwave,학부 과제 및 프로젝트/고주파공학/사진/homework5/시뮬사진/스크린샷 2026-06-09 190713.png,450,628,28,,,Publicly Withheld,"Lower-value, incomplete, redundant-context, or unverified visual",,
COU-056134d8632a,RF/Microwave,학부 과제 및 프로젝트/고주파공학/사진/homework5/시뮬사진/스크린샷 2026-06-09 191415.png,984,679,30,,,Publicly Withheld,"Lower-value, incomplete, redundant-context, or unverified visual",,
COU-1e5abfbdc9ab,RF/Microwave,학부 과제 및 프로젝트/고주파공학/사진/homework5/시뮬사진/스크린샷 2026-06-09 191813.png,989,679,30,NEAR-0056,COU-1e5abfbdc9ab,Publicly Withheld,"Lower-value, incomplete, redundant-context, or unverified visual",,
COU-5246e8cf2f22,RF/Microwave,학부 과제 및 프로젝트/고주파공학/사진/homework5/시뮬사진/스크린샷 2026-06-09 192550.png,986,629,30,NEAR-0057,COU-3c4b1b5e2196,Near Duplicate,Visually similar to higher-resolution/preferred source COU-3c4b1b5e2196,,
COU-3c4b1b5e2196,RF/Microwave,학부 과제 및 프로젝트/고주파공학/사진/homework5/시뮬사진/스크린샷 2026-06-09 192817.png,997,651,30,NEAR-0057,COU-3c4b1b5e2196,Publicly Withheld,"Lower-value, incomplete, redundant-context, or unverified visual",,
COU-1ba39f3b6b21,RF/Microwave,학부 과제 및 프로젝트/고주파공학/사진/homework5/시뮬사진/스크린샷 2026-06-09 210058.png,962,771,30,NEAR-0041,COU-c22113d4a65d,Near Duplicate,Visually similar to higher-resolution/preferred source COU-c22113d4a65d,,
COU-fb3ab9fd7b16,RF/Microwave,학부 과제 및 프로젝트/고주파공학/사진/homework5/시뮬사진/스크린샷 2026-06-09 210211.png,1206,676,30,EXACT-0202,COU-fb3ab9fd7b16,Exact Duplicate,Byte-identical to preferred source COU-fb3ab9fd7b16,,electrical-engineering-coursework-portfolio:docs/gallery/rf-microwave/wilkinson-schematic.png
COU-3f58b8002a9f,RF/Microwave,학부 과제 및 프로젝트/고주파공학/사진/homework5/시뮬사진/스크린샷 2026-06-09 210229.png,993,660,30,NEAR-0056,COU-1e5abfbdc9ab,Near Duplicate,Visually similar to higher-resolution/preferred source COU-1e5abfbdc9ab,,
COU-3b161adce444,RF/Microwave,학부 과제 및 프로젝트/고주파공학/사진/homework5/시뮬사진/스크린샷 2026-06-09 210307.png,980,786,30,EXACT-0204,COU-3b161adce444,Exact Duplicate,Byte-identical to preferred source COU-3b161adce444,,electrical-engineering-coursework-portfolio:docs/gallery/rf-microwave/wilkinson-sparameter.png
COU-da2ed4b1eec5,RF/Microwave,학부 과제 및 프로젝트/고주파공학/사진/homework5/시뮬사진/스크린샷 2026-06-09 210327.png,1336,823,31,EXACT-0203,COU-da2ed4b1eec5,Exact Duplicate,Byte-identical to preferred source COU-da2ed4b1eec5,,
COU-280f3015a5fb,RF/Microwave,학부 과제 및 프로젝트/고주파공학/사진/homework5/시뮬사진/스크린샷 2026-06-09 210424.png,976,779,30,NEAR-0041,COU-c22113d4a65d,Near Duplicate,Visually similar to higher-resolution/preferred source COU-c22113d4a65d,,
COU-97efea5820d1,RF/Microwave,학부 과제 및 프로젝트/고주파공학/사진/homework5/시뮬사진/스크린샷 2026-06-09 210519.png,687,495,28,EXACT-0205,COU-97efea5820d1,Exact Duplicate,Byte-identical to preferred source COU-97efea5820d1,,
COU-6aa306516008,RF/Microwave,학부 과제 및 프로젝트/고주파공학/사진/homework5/시뮬사진/스크린샷 2026-06-09 210903.png,1004,781,30,EXACT-0206,COU-6aa306516008,Exact Duplicate,Byte-identical to preferred source COU-6aa306516008,,
COU-92490c001707,RF/Microwave,학부 과제 및 프로젝트/고주파공학/사진/homework5/시뮬사진/스크린샷 2026-06-09 211310.png,997,811,30,NEAR-0050,COU-92490c001707,Publicly Withheld,"Lower-value, incomplete, redundant-context, or unverified visual",,
COU-07b93bff80d0,RF/Microwave,학부 과제 및 프로젝트/고주파공학/사진/homework5/시뮬사진/스크린샷 2026-06-09 211654.png,1000,802,30,,,Publicly Withheld,"Lower-value, incomplete, redundant-context, or unverified visual",,
COU-dca7e5af0747,RF/Microwave,학부 과제 및 프로젝트/고주파공학/사진/homework5/시뮬사진/스크린샷 2026-06-09 211700.png,1164,726,30,,,Publicly Withheld,"Lower-value, incomplete, redundant-context, or unverified visual",,
COU-eeacc9f262e9,RF/Microwave,학부 과제 및 프로젝트/고주파공학/사진/homework5/시뮬사진/스크린샷 2026-06-09 211707.png,670,292,27,,,Publicly Withheld,"Lower-value, incomplete, redundant-context, or unverified visual",,
COU-4b5cf85e6a31,RF/Microwave,학부 과제 및 프로젝트/고주파공학/사진/homework5/시뮬사진/스크린샷 2026-06-09 212749.png,1001,785,30,,,Publicly Withheld,"Lower-value, incomplete, redundant-context, or unverified visual",,
COU-09591b129cf2,RF/Microwave,학부 과제 및 프로젝트/고주파공학/사진/homework5/시뮬사진/스크린샷 2026-06-09 212753.png,1156,660,30,,,Publicly Withheld,"Lower-value, incomplete, redundant-context, or unverified visual",,
COU-2a233a9cdb35,RF/Microwave,학부 과제 및 프로젝트/고주파공학/사진/homework5/시뮬사진/스크린샷 2026-06-09 212801.png,668,386,28,,,Publicly Withheld,"Lower-value, incomplete, redundant-context, or unverified visual",,
COU-517a073a09f3,RF/Microwave,학부 과제 및 프로젝트/고주파공학/사진/homework5/시뮬사진/스크린샷 2026-06-09 213044.png,1177,682,30,,,Publicly Withheld,"Lower-value, incomplete, redundant-context, or unverified visual",,
COU-a5ff8ee71dd8,RF/Microwave,학부 과제 및 프로젝트/고주파공학/사진/homework5/시뮬사진/스크린샷 2026-06-09 213839.png,1002,777,30,NEAR-0058,COU-939e5528a524,Near Duplicate,Visually similar to higher-resolution/preferred source COU-939e5528a524,,
COU-1372776f5bc9,RF/Microwave,학부 과제 및 프로젝트/고주파공학/사진/homework5/시뮬사진/스크린샷 2026-06-09 214022.png,980,757,30,,,Publicly Withheld,"Lower-value, incomplete, redundant-context, or unverified visual",,
COU-5eb24def51cf,RF/Microwave,학부 과제 및 프로젝트/고주파공학/사진/homework5/시뮬사진/스크린샷 2026-06-09 214125.png,986,685,30,NEAR-0042,COU-ce4b93d0cc05,Near Duplicate,Visually similar to higher-resolution/preferred source COU-ce4b93d0cc05,,
COU-ad3242db61da,RF/Microwave,학부 과제 및 프로젝트/고주파공학/사진/homework5/시뮬사진/스크린샷 2026-06-09 214432.png,996,707,30,,,Publicly Withheld,"Lower-value, incomplete, redundant-context, or unverified visual",,
COU-02b728222b19,RF/Microwave,학부 과제 및 프로젝트/고주파공학/사진/homework5/시뮬사진/스크린샷 2026-06-09 214508.png,1223,703,30,NEAR-0029,COU-02b728222b19,Published,Near-identical public derivative already in use,,electrical-engineering-coursework-portfolio:docs/gallery/rf-microwave/wilkinson-schematic.png
COU-e60f343efc94,RF/Microwave,학부 과제 및 프로젝트/고주파공학/사진/homework5/시뮬사진/스크린샷 2026-06-09 214518.png,676,498,28,,,Publicly Withheld,"Lower-value, incomplete, redundant-context, or unverified visual",,
COU-8486b69d3062,RF/Microwave,학부 과제 및 프로젝트/고주파공학/사진/homework5/시뮬사진/스크린샷 2026-06-09 214537.png,691,500,28,,,Publicly Withheld,"Lower-value, incomplete, redundant-context, or unverified visual",,
COU-1c0524886c01,RF/Microwave,학부 과제 및 프로젝트/고주파공학/사진/homework5/시뮬사진/스크린샷 2026-06-09 214550.png,1030,629,30,,,Publicly Withheld,"Lower-value, incomplete, redundant-context, or unverified visual",,
COU-e3b0a5b1633f,RF/Microwave,학부 과제 및 프로젝트/고주파공학/사진/homework5/시뮬사진/스크린샷 2026-06-09 214607.png,2,5,26,,,Publicly Withheld,"Lower-value, incomplete, redundant-context, or unverified visual",,
COU-8cc3f93bbd59,RF/Microwave,학부 과제 및 프로젝트/고주파공학/사진/homework5/시뮬사진/스크린샷 2026-06-09 214612.png,1564,745,31,EXACT-0207,COU-8cc3f93bbd59,Exact Duplicate,Byte-identical to preferred source COU-8cc3f93bbd59,,
COU-371a5f17f1ea,RF/Microwave,학부 과제 및 프로젝트/고주파공학/사진/homework5/시뮬사진/스크린샷 2026-06-09 214737.png,686,452,28,EXACT-0208,COU-371a5f17f1ea,Exact Duplicate,Byte-identical to preferred source COU-371a5f17f1ea,,
COU-613c668c120f,RF/Microwave,학부 과제 및 프로젝트/고주파공학/사진/homework5/시뮬사진/스크린샷 2026-06-09 214827.png,989,788,30,EXACT-0209,COU-613c668c120f,Exact Duplicate,Byte-identical to preferred source COU-613c668c120f,,
COU-bda67b40eb43,RF/Microwave,학부 과제 및 프로젝트/고주파공학/사진/homework5/시뮬사진/스크린샷 2026-06-09 221801.png,1329,821,31,,,Requires User Review,High-scoring technical visual; requires manual content/copyright review,,
COU-3667bbeca788,RF/Microwave,학부 과제 및 프로젝트/고주파공학/사진/homework5/시뮬사진/스크린샷 2026-06-09 221825.png,938,664,30,EXACT-0211,COU-3667bbeca788,Exact Duplicate,Byte-identical to preferred source COU-3667bbeca788,,electrical-engineering-coursework-portfolio:docs/gallery/rf-microwave/hybrid-schematic.png
COU-afbb8bcef957,RF/Microwave,학부 과제 및 프로젝트/고주파공학/사진/homework5/시뮬사진/스크린샷 2026-06-09 221848.png,679,498,28,EXACT-0212,COU-afbb8bcef957,Exact Duplicate,Byte-identical to preferred source COU-afbb8bcef957,,
COU-0a9bcda08552,RF/Microwave,학부 과제 및 프로젝트/고주파공학/사진/homework5/시뮬사진/스크린샷 2026-06-09 221938.png,998,823,30,EXACT-0213,COU-0a9bcda08552,Exact Duplicate,Byte-identical to preferred source COU-0a9bcda08552,,
COU-f16fb602bdf8,RF/Microwave,학부 과제 및 프로젝트/고주파공학/사진/homework5/시뮬사진/스크린샷 2026-06-09 222102.png,992,803,30,,,Publicly Withheld,"Lower-value, incomplete, redundant-context, or unverified visual",,
COU-5efb0ef20c7b,RF/Microwave,학부 과제 및 프로젝트/고주파공학/사진/homework5/시뮬사진/스크린샷 2026-06-09 222110.png,809,694,30,,,Publicly Withheld,"Lower-value, incomplete, redundant-context, or unverified visual",,
COU-17d46cb4c02a,RF/Microwave,학부 과제 및 프로젝트/고주파공학/사진/homework5/시뮬사진/스크린샷 2026-06-09 222242.png,772,693,30,,,Publicly Withheld,"Lower-value, incomplete, redundant-context, or unverified visual",,
COU-c22113d4a65d,RF/Microwave,학부 과제 및 프로젝트/고주파공학/사진/homework5/시뮬사진/스크린샷 2026-06-09 222426.png,1003,788,30,NEAR-0041,COU-c22113d4a65d,Publicly Withheld,"Lower-value, incomplete, redundant-context, or unverified visual",,
COU-1071976ade3b,RF/Microwave,학부 과제 및 프로젝트/고주파공학/사진/homework5/시뮬사진/스크린샷 2026-06-09 222640.png,1001,704,30,,,Publicly Withheld,"Lower-value, incomplete, redundant-context, or unverified visual",,
COU-f94b3dc06d89,RF/Microwave,학부 과제 및 프로젝트/고주파공학/사진/homework5/시뮬사진/스크린샷 2026-06-09 222712.png,989,675,30,EXACT-0216,COU-f94b3dc06d89,Exact Duplicate,Byte-identical to preferred source COU-f94b3dc06d89,,
COU-74926fa0428e,RF/Microwave,학부 과제 및 프로젝트/고주파공학/사진/homework5/시뮬사진/스크린샷 2026-06-09 222728.png,1892,896,31,EXACT-0217,COU-74926fa0428e,Exact Duplicate,Byte-identical to preferred source COU-74926fa0428e,,electrical-engineering-coursework-portfolio:docs/gallery/rf-microwave/hybrid-sparameter.png
COU-d94c17e5a33b,RF/Microwave,학부 과제 및 프로젝트/고주파공학/사진/homework5/시뮬사진/스크린샷 2026-06-09 222753.png,1244,959,32,EXACT-0214,COU-d94c17e5a33b,Exact Duplicate,Byte-identical to preferred source COU-d94c17e5a33b,,electrical-engineering-coursework-portfolio:docs/gallery/rf-microwave/hybrid-line-parameter-a.png; electrical-engineering-coursework-portfolio:docs/gallery/rf-microwave/hybrid-line-parameter-b.png
COU-f39336d0303a,RF/Microwave,학부 과제 및 프로젝트/고주파공학/사진/homework5/시뮬사진/스크린샷 2026-06-09 222815.png,1318,964,32,EXACT-0215,COU-f39336d0303a,Exact Duplicate,Byte-identical to preferred source COU-f39336d0303a,,electrical-engineering-coursework-portfolio:docs/gallery/rf-microwave/hybrid-line-parameter-a.png; electrical-engineering-coursework-portfolio:docs/gallery/rf-microwave/hybrid-line-parameter-b.png
COU-2787708f62a2,RF/Microwave,학부 과제 및 프로젝트/고주파공학/사진/homework5/시뮬사진/스크린샷 2026-06-09 223246.png,442,377,28,,,Publicly Withheld,"Lower-value, incomplete, redundant-context, or unverified visual",,
COU-50205581a3e9,RF/Microwave,학부 과제 및 프로젝트/고주파공학/사진/homework5/시뮬사진/스크린샷 2026-06-09 223553.png,466,223,27,,,Publicly Withheld,"Lower-value, incomplete, redundant-context, or unverified visual",,
COU-e19f597bf4cf,RF/Microwave,학부 과제 및 프로젝트/고주파공학/사진/homework5/시뮬사진/스크린샷 2026-06-09 223618.png,337,230,27,,,Publicly Withheld,"Lower-value, incomplete, redundant-context, or unverified visual",,
COU-2936cdd32624,RF/Microwave,학부 과제 및 프로젝트/고주파공학/사진/homework5/시뮬사진/스크린샷 2026-06-09 225617.png,774,590,29,,,Publicly Withheld,"Lower-value, incomplete, redundant-context, or unverified visual",,
COU-e653179a8b7f,RF/Microwave,학부 과제 및 프로젝트/고주파공학/사진/homework5/시뮬사진/스크린샷 2026-06-09 225624.png,288,263,27,,,Publicly Withheld,"Lower-value, incomplete, redundant-context, or unverified visual",,
COU-939e5528a524,RF/Microwave,학부 과제 및 프로젝트/고주파공학/사진/homework5/시뮬사진/스크린샷 2026-06-09 230236.png,998,784,30,NEAR-0058,COU-939e5528a524,Publicly Withheld,"Lower-value, incomplete, redundant-context, or unverified visual",,
COU-2926a5e7c9af,RF/Microwave,학부 과제 및 프로젝트/고주파공학/사진/homework5/시뮬사진/스크린샷 2026-06-09 230421.png,824,544,29,,,Publicly Withheld,"Lower-value, incomplete, redundant-context, or unverified visual",,
COU-41584433461a,RF/Microwave,학부 과제 및 프로젝트/고주파공학/사진/homework5/시뮬사진/스크린샷 2026-06-09 230451.png,735,617,30,,,Publicly Withheld,"Lower-value, incomplete, redundant-context, or unverified visual",,
COU-1e11ae66d496,RF/Microwave,학부 과제 및 프로젝트/고주파공학/사진/homework5/시뮬사진/스크린샷 2026-06-09 230504.png,1238,825,31,,,Requires User Review,High-scoring technical visual; requires manual content/copyright review,,
COU-84068f4bd27d,RF/Microwave,학부 과제 및 프로젝트/고주파공학/사진/homework5/시뮬사진/스크린샷 2026-06-09 230647.png,988,802,30,NEAR-0049,COU-988da8eef2fe,Near Duplicate,Visually similar to higher-resolution/preferred source COU-988da8eef2fe,,electrical-engineering-coursework-portfolio:docs/gallery/rf-microwave/microstrip-response-marker.png
COU-4c87a38e9232,RF/Microwave,학부 과제 및 프로젝트/고주파공학/사진/homework5/시뮬사진/스크린샷 2026-06-09 230926.png,993,805,30,,,Publicly Withheld,"Lower-value, incomplete, redundant-context, or unverified visual",,
COU-480d436446d1,RF/Microwave,학부 과제 및 프로젝트/고주파공학/사진/homework5/시뮬사진/스크린샷 2026-06-09 233922.png,1017,823,30,EXACT-0192,COU-480d436446d1,Exact Duplicate,Byte-identical to preferred source COU-480d436446d1,,
COU-bc85f5e8e5f4,RF/Microwave,학부 과제 및 프로젝트/고주파공학/사진/homework5/시뮬사진/스크린샷 2026-06-09 233950.png,693,431,28,EXACT-0195,COU-bc85f5e8e5f4,Exact Duplicate,Byte-identical to preferred source COU-bc85f5e8e5f4,,
COU-b51e9c437b6f,RF/Microwave,학부 과제 및 프로젝트/고주파공학/사진/homework5/시뮬사진/스크린샷 2026-06-09 234018.png,991,781,30,EXACT-0196,COU-b51e9c437b6f,Exact Duplicate,Byte-identical to preferred source COU-b51e9c437b6f,,
COU-e19d3e933930,RF/Microwave,학부 과제 및 프로젝트/고주파공학/사진/homework5/시뮬사진/스크린샷 2026-06-09 234414.png,975,798,30,,,Publicly Withheld,"Lower-value, incomplete, redundant-context, or unverified visual",,
COU-5e89fd2b2c16,RF/Microwave,학부 과제 및 프로젝트/고주파공학/사진/homework5/시뮬사진/스크린샷 2026-06-09 234525.png,991,815,30,EXACT-0199,COU-5e89fd2b2c16,Exact Duplicate,Byte-identical to preferred source COU-5e89fd2b2c16,,
COU-00e051bcb6d9,RF/Microwave,학부 과제 및 프로젝트/고주파공학/사진/homework5/시뮬사진/스크린샷 2026-06-09 234714.png,676,496,28,EXACT-0198,COU-00e051bcb6d9,Exact Duplicate,Byte-identical to preferred source COU-00e051bcb6d9,,
COU-669317b9c9ef,RF/Microwave,학부 과제 및 프로젝트/고주파공학/사진/homework5/시뮬사진/스크린샷 2026-06-09 234731.png,1148,778,30,EXACT-0197,COU-669317b9c9ef,Exact Duplicate,Byte-identical to preferred source COU-669317b9c9ef,,
COU-d02dd6ea2a1d,RF/Microwave,학부 과제 및 프로젝트/고주파공학/사진/homework5/시뮬사진/스크린샷 2026-06-09 234938.png,999,793,30,,,Publicly Withheld,"Lower-value, incomplete, redundant-context, or unverified visual",,
COU-f37493c95554,RF/Microwave,학부 과제 및 프로젝트/고주파공학/사진/homework5/시뮬사진/스크린샷 2026-06-09 235101.png,992,821,30,EXACT-0200,COU-f37493c95554,Exact Duplicate,Byte-identical to preferred source COU-f37493c95554,,
COU-963856f1a4d6,RF/Microwave,학부 과제 및 프로젝트/고주파공학/사진/homework5/시뮬사진/스크린샷 2026-06-09 235200.png,997,774,30,,,Publicly Withheld,"Lower-value, incomplete, redundant-context, or unverified visual",,
COU-f679d88153ee,RF/Microwave,학부 과제 및 프로젝트/고주파공학/사진/homework5/시뮬사진/스크린샷 2026-06-09 235350.png,986,781,30,EXACT-0201,COU-f679d88153ee,Exact Duplicate,Byte-identical to preferred source COU-f679d88153ee,,
COU-fc7fc5b66187,RF/Microwave,학부 과제 및 프로젝트/고주파공학/사진/homework5/시뮬사진/스크린샷 2026-06-09 235410.png,687,372,28,,,Publicly Withheld,"Lower-value, incomplete, redundant-context, or unverified visual",,
COU-7e2763d2b0d5,RF/Microwave,학부 과제 및 프로젝트/고주파공학/사진/homework5/시뮬사진/스크린샷 2026-06-09 235700.png,1003,680,30,EXACT-0193,COU-7e2763d2b0d5,Exact Duplicate,Byte-identical to preferred source COU-7e2763d2b0d5,,
COU-a5a5e0375825,RF/Microwave,학부 과제 및 프로젝트/고주파공학/사진/homework5/시뮬사진/스크린샷 2026-06-09 235751.png,1000,801,30,EXACT-0194,COU-a5a5e0375825,Exact Duplicate,Byte-identical to preferred source COU-a5a5e0375825,,
COU-2125a339db44,RF/Microwave,학부 과제 및 프로젝트/고주파공학/사진/homework5/시뮬사진/스크린샷 2026-06-09 235823.png,486,600,28,,,Publicly Withheld,"Lower-value, incomplete, redundant-context, or unverified visual",,
COU-b025d5d751a3,RF/Microwave,학부 과제 및 프로젝트/고주파공학/사진/homework5/시뮬사진/스크린샷 2026-06-10 000140.png,336,305,27,,,Publicly Withheld,"Lower-value, incomplete, redundant-context, or unverified visual",,
COU-50ee5d7b0b88,RF/Microwave,학부 과제 및 프로젝트/고주파공학/사진/homework5/시뮬사진/스크린샷 2026-06-10 000154.png,922,852,30,,,Publicly Withheld,"Lower-value, incomplete, redundant-context, or unverified visual",,
COU-755b5d4b3858,RF/Microwave,학부 과제 및 프로젝트/고주파공학/사진/homework5/시뮬사진/스크린샷 2026-06-10 000156.png,1214,839,31,,,Requires User Review,High-scoring technical visual; requires manual content/copyright review,,
COU-fb5751864c32,RF/Microwave,학부 과제 및 프로젝트/고주파공학/사진/homework5/시뮬사진/스크린샷 2026-06-10 000228.png,468,740,28,,,Publicly Withheld,"Lower-value, incomplete, redundant-context, or unverified visual",,
COU-1823b86f2e27,RF/Microwave,학부 과제 및 프로젝트/고주파공학/사진/homework5/시뮬사진/스크린샷 2026-06-10 001638.png,1091,788,30,NEAR-0059,COU-1823b86f2e27,Publicly Withheld,"Lower-value, incomplete, redundant-context, or unverified visual",,
COU-6f354f7c43d5,RF/Microwave,학부 과제 및 프로젝트/고주파공학/사진/homework5/시뮬사진/스크린샷 2026-06-10 001652.png,1104,768,30,NEAR-0059,COU-1823b86f2e27,Near Duplicate,Visually similar to higher-resolution/preferred source COU-1823b86f2e27,,
COU-057e22f0bbd0,RF/Microwave,학부 과제 및 프로젝트/고주파공학/사진/homework5/시뮬사진/스크린샷 2026-06-10 002147.png,463,722,28,,,Publicly Withheld,"Lower-value, incomplete, redundant-context, or unverified visual",,
COU-70ebcc78d5f3,Sensor Applications,학부 과제 및 프로젝트/센서응용공학/사진/센서응용공학_[student-id-redacted]_류형록_4학년_AESA 기반 레이더 센서 시스템 분석 및 Diffusion Model 기반 SAR 영상 향상 방안.docx::word/media/image1.png,648,132,21,NEAR-0060,COU-70ebcc78d5f3,Publicly Withheld,"Lower-value, incomplete, redundant-context, or unverified visual",,
COU-304895b7ea19,Sensor Applications,학부 과제 및 프로젝트/센서응용공학/사진/센서응용공학_[student-id-redacted]_류형록_4학년_AESA 기반 레이더 센서 시스템 분석 및 Diffusion Model 기반 SAR 영상 향상 방안.docx::word/media/image2.png,648,226,22,NEAR-0061,COU-304895b7ea19,Publicly Withheld,"Lower-value, incomplete, redundant-context, or unverified visual",,
COU-0c7bb7e83dee,Sensor Applications,학부 과제 및 프로젝트/센서응용공학/사진/센서응용공학_[student-id-redacted]_류형록_4학년_AESA 기반 레이더 센서 시스템 분석 및 Diffusion Model 기반 SAR 영상 향상 방안.docx::word/media/image3.png,648,194,22,NEAR-0062,COU-0c7bb7e83dee,Publicly Withheld,"Lower-value, incomplete, redundant-context, or unverified visual",,
COU-b0430372e510,Sensor Applications,학부 과제 및 프로젝트/센서응용공학/사진/센서응용공학_[student-id-redacted]_류형록_4학년_AESA 기반 레이더 센서 시스템 분석 및 Diffusion Model 기반 SAR 영상 향상 방안.docx::word/media/image4.png,648,90,21,NEAR-0063,COU-b0430372e510,Publicly Withheld,"Lower-value, incomplete, redundant-context, or unverified visual",,
COU-6352f072e77e,Sensor Applications,학부 과제 및 프로젝트/센서응용공학/센서응용공학_[student-id-redacted]_류형록_4학년_AESA 기반 레이더 센서 시스템 분석 및 Diffusion Model 기반 SAR 영상 향상 방안.pdf::page-3::Image45.png,648,132,21,NEAR-0060,COU-70ebcc78d5f3,Near Duplicate,Visually similar to higher-resolution/preferred source COU-70ebcc78d5f3,,
COU-50b619a50c61,Sensor Applications,학부 과제 및 프로젝트/센서응용공학/센서응용공학_[student-id-redacted]_류형록_4학년_AESA 기반 레이더 센서 시스템 분석 및 Diffusion Model 기반 SAR 영상 향상 방안.pdf::page-5::Image50.png,648,226,22,NEAR-0061,COU-304895b7ea19,Near Duplicate,Visually similar to higher-resolution/preferred source COU-304895b7ea19,,
COU-f4ca458b6ba5,Sensor Applications,학부 과제 및 프로젝트/센서응용공학/센서응용공학_[student-id-redacted]_류형록_4학년_AESA 기반 레이더 센서 시스템 분석 및 Diffusion Model 기반 SAR 영상 향상 방안.pdf::page-7::Image55.png,648,194,22,NEAR-0062,COU-0c7bb7e83dee,Near Duplicate,Visually similar to higher-resolution/preferred source COU-0c7bb7e83dee,,
COU-024e9d32be09,Sensor Applications,학부 과제 및 프로젝트/센서응용공학/센서응용공학_[student-id-redacted]_류형록_4학년_AESA 기반 레이더 센서 시스템 분석 및 Diffusion Model 기반 SAR 영상 향상 방안.pdf::page-7::Image56.png,648,90,21,NEAR-0063,COU-b0430372e510,Near Duplicate,Visually similar to higher-resolution/preferred source COU-b0430372e510,,
COU-b4a7cb4b1493,Unmapped,Project2025.pdf::page-1::I4.jpg,442,70,19,EXACT-0230,COU-b4a7cb4b1493,Exact Duplicate,Byte-identical to preferred source COU-b4a7cb4b1493,,
COU-b6109337b183,Unmapped,Project2025.pdf::page-1::I7.jpg,258,127,19,EXACT-0231,COU-b6109337b183,Exact Duplicate,Byte-identical to preferred source COU-b6109337b183,,
COU-b4a7cb4b1493,Unmapped,Project2025.pdf::page-2::I13.jpg,442,70,19,EXACT-0230,COU-b4a7cb4b1493,Exact Duplicate,Byte-identical to preferred source COU-b4a7cb4b1493,,
COU-b6109337b183,Unmapped,Project2025.pdf::page-2::I14.jpg,258,127,19,EXACT-0231,COU-b6109337b183,Exact Duplicate,Byte-identical to preferred source COU-b6109337b183,,
COU-b6109337b183,Unmapped,Project2025.pdf::page-3::I14.jpg,258,127,19,EXACT-0231,COU-b6109337b183,Exact Duplicate,Byte-identical to preferred source COU-b6109337b183,,
COU-b4a7cb4b1493,Unmapped,Project2025.pdf::page-3::I26.jpg,442,70,19,EXACT-0230,COU-b4a7cb4b1493,Exact Duplicate,Byte-identical to preferred source COU-b4a7cb4b1493,,
COU-4182dd316c2a,Unmapped,Project2025.pdf::page-3::I27.jpg,2341,328,21,EXACT-0232,COU-4182dd316c2a,Exact Duplicate,Byte-identical to preferred source COU-4182dd316c2a,,
COU-07ee914f9954,Unmapped,Project2025.pdf::page-3::I28.jpg,2341,328,21,EXACT-0233,COU-07ee914f9954,Exact Duplicate,Byte-identical to preferred source COU-07ee914f9954,,
COU-7ae86e70a73f,Unmapped,Project2025.pdf::page-3::I29.png,2341,328,21,EXACT-0234,COU-7ae86e70a73f,Exact Duplicate,Byte-identical to preferred source COU-7ae86e70a73f,,
COU-b4a7cb4b1493,Unmapped,Project2025.pdf::page-4::I13.jpg,442,70,19,EXACT-0230,COU-b4a7cb4b1493,Exact Duplicate,Byte-identical to preferred source COU-b4a7cb4b1493,,
COU-b6109337b183,Unmapped,Project2025.pdf::page-4::I34.jpg,258,127,19,EXACT-0231,COU-b6109337b183,Exact Duplicate,Byte-identical to preferred source COU-b6109337b183,,
COU-3c140bbae217,Unmapped,Project2025.pdf::page-4::I35.jpg,619,547,21,EXACT-0235,COU-3c140bbae217,Exact Duplicate,Byte-identical to preferred source COU-3c140bbae217,,
COU-eb2a062925fb,Unmapped,Project2025.pdf::page-4::I36.jpg,620,423,21,EXACT-0236,COU-eb2a062925fb,Exact Duplicate,Byte-identical to preferred source COU-eb2a062925fb,,
COU-b4a7cb4b1493,Unmapped,Project2025.pdf::page-5::I40.jpg,442,70,19,EXACT-0230,COU-b4a7cb4b1493,Exact Duplicate,Byte-identical to preferred source COU-b4a7cb4b1493,,
COU-b6109337b183,Unmapped,Project2025.pdf::page-5::I7.jpg,258,127,19,EXACT-0231,COU-b6109337b183,Exact Duplicate,Byte-identical to preferred source COU-b6109337b183,,
COU-b6109337b183,Unmapped,Project2025.pdf::page-6::I14.jpg,258,127,19,EXACT-0231,COU-b6109337b183,Exact Duplicate,Byte-identical to preferred source COU-b6109337b183,,
COU-b4a7cb4b1493,Unmapped,Project2025.pdf::page-6::I26.jpg,442,70,19,EXACT-0230,COU-b4a7cb4b1493,Exact Duplicate,Byte-identical to preferred source COU-b4a7cb4b1493,,
COU-ca01ed4d8f65,Unmapped,aim3 결과.png,1401,590,24,EXACT-0221,COU-ca01ed4d8f65,Exact Duplicate,Byte-identical to preferred source COU-ca01ed4d8f65,,electrical-engineering-coursework-portfolio:03_motor_control/dc_motor_pi_control/figures/archive/field_weakening_archive.png; electrical-engineering-coursework-portfolio:docs/assets/archive/motor/field_weakening_archive.png
COU-65e2214fb62a,Unmapped,서지임피던스 계산 및 프로그램 실행_[student-id-redacted]_류형록.pdf::page-10::Im15.jpg,1282,475,19,EXACT-0268,COU-65e2214fb62a,Exact Duplicate,Byte-identical to preferred source COU-65e2214fb62a,,
COU-afe1b06119b5,Unmapped,서지임피던스 계산 및 프로그램 실행_[student-id-redacted]_류형록.pdf::page-10::Im16.jpg,1206,574,19,EXACT-0269,COU-afe1b06119b5,Exact Duplicate,Byte-identical to preferred source COU-afe1b06119b5,,
COU-49adf95a21d2,Unmapped,서지임피던스 계산 및 프로그램 실행_[student-id-redacted]_류형록.pdf::page-10::Im17.jpg,1246,442,19,EXACT-0270,COU-49adf95a21d2,Exact Duplicate,Byte-identical to preferred source COU-49adf95a21d2,,
COU-a5df7b40c38c,Unmapped,서지임피던스 계산 및 프로그램 실행_[student-id-redacted]_류형록.pdf::page-3::Im1.jpg,1124,607,20,EXACT-0254,COU-a5df7b40c38c,Exact Duplicate,Byte-identical to preferred source COU-a5df7b40c38c,,
COU-0dc4b115da7b,Unmapped,서지임피던스 계산 및 프로그램 실행_[student-id-redacted]_류형록.pdf::page-4::Im2.jpg,873,524,19,EXACT-0255,COU-0dc4b115da7b,Exact Duplicate,Byte-identical to preferred source COU-0dc4b115da7b,,
COU-4e7cee6e32a0,Unmapped,서지임피던스 계산 및 프로그램 실행_[student-id-redacted]_류형록.pdf::page-4::Im3.jpg,882,542,19,EXACT-0256,COU-4e7cee6e32a0,Exact Duplicate,Byte-identical to preferred source COU-4e7cee6e32a0,,
COU-955a9649bf09,Unmapped,서지임피던스 계산 및 프로그램 실행_[student-id-redacted]_류형록.pdf::page-5::Im4.jpg,968,536,19,EXACT-0257,COU-955a9649bf09,Exact Duplicate,Byte-identical to preferred source COU-955a9649bf09,,
COU-2fe70c186480,Unmapped,서지임피던스 계산 및 프로그램 실행_[student-id-redacted]_류형록.pdf::page-5::Im5.jpg,981,529,19,EXACT-0258,COU-2fe70c186480,Exact Duplicate,Byte-identical to preferred source COU-2fe70c186480,,
COU-0f4f6a7dfef6,Unmapped,서지임피던스 계산 및 프로그램 실행_[student-id-redacted]_류형록.pdf::page-6::Im6.jpg,988,536,19,EXACT-0259,COU-0f4f6a7dfef6,Exact Duplicate,Byte-identical to preferred source COU-0f4f6a7dfef6,,
COU-840ee1a40233,Unmapped,서지임피던스 계산 및 프로그램 실행_[student-id-redacted]_류형록.pdf::page-7::Im7.jpg,990,712,20,EXACT-0260,COU-840ee1a40233,Exact Duplicate,Byte-identical to preferred source COU-840ee1a40233,,
COU-ff1801413552,Unmapped,서지임피던스 계산 및 프로그램 실행_[student-id-redacted]_류형록.pdf::page-7::Im8.jpg,982,652,20,EXACT-0261,COU-ff1801413552,Exact Duplicate,Byte-identical to preferred source COU-ff1801413552,,
COU-b625e4c76433,Unmapped,서지임피던스 계산 및 프로그램 실행_[student-id-redacted]_류형록.pdf::page-9::Im10.jpg,1369,612,20,EXACT-0262,COU-b625e4c76433,Exact Duplicate,Byte-identical to preferred source COU-b625e4c76433,,
COU-d06b2af550a8,Unmapped,서지임피던스 계산 및 프로그램 실행_[student-id-redacted]_류형록.pdf::page-9::Im11.jpg,1315,543,19,EXACT-0263,COU-d06b2af550a8,Exact Duplicate,Byte-identical to preferred source COU-d06b2af550a8,,
COU-dd884bf5001c,Unmapped,서지임피던스 계산 및 프로그램 실행_[student-id-redacted]_류형록.pdf::page-9::Im12.jpg,1134,433,19,EXACT-0264,COU-dd884bf5001c,Exact Duplicate,Byte-identical to preferred source COU-dd884bf5001c,,
COU-56aadb668caf,Unmapped,서지임피던스 계산 및 프로그램 실행_[student-id-redacted]_류형록.pdf::page-9::Im13.jpg,1426,561,19,EXACT-0265,COU-56aadb668caf,Exact Duplicate,Byte-identical to preferred source COU-56aadb668caf,,
COU-a7321a5db4dc,Unmapped,서지임피던스 계산 및 프로그램 실행_[student-id-redacted]_류형록.pdf::page-9::Im14.jpg,1372,678,20,EXACT-0266,COU-a7321a5db4dc,Exact Duplicate,Byte-identical to preferred source COU-a7321a5db4dc,,
COU-c2bbc43cca99,Unmapped,서지임피던스 계산 및 프로그램 실행_[student-id-redacted]_류형록.pdf::page-9::Im9.jpg,1300,523,19,EXACT-0267,COU-c2bbc43cca99,Exact Duplicate,Byte-identical to preferred source COU-c2bbc43cca99,,
COU-37997c252bb8,Unmapped,속도응답.png,1400,589,24,EXACT-0222,COU-37997c252bb8,Exact Duplicate,Byte-identical to preferred source COU-37997c252bb8,,electrical-engineering-coursework-portfolio:03_motor_control/dc_motor_pi_control/figures/archive/speed_response_psim_archive.png; electrical-engineering-coursework-portfolio:docs/assets/motor/speed_response_psim_archive.png; electrical-engineering-coursework-portfolio:docs/assets/archive/motor/speed_response_psim_archive.png
COU-de22f62939c6,Unmapped,속도응답matlab.png,1731,830,26,EXACT-0223,COU-de22f62939c6,Exact Duplicate,Byte-identical to preferred source COU-de22f62939c6,,electrical-engineering-coursework-portfolio:03_motor_control/dc_motor_pi_control/figures/archive/speed_response_matlab_archive.png; electrical-engineering-coursework-portfolio:docs/assets/archive/motor/speed_response_matlab_archive.png
COU-7f53692b82f4,Unmapped,전류응답.png,1404,595,24,EXACT-0224,COU-7f53692b82f4,Exact Duplicate,Byte-identical to preferred source COU-7f53692b82f4,,electrical-engineering-coursework-portfolio:03_motor_control/dc_motor_pi_control/figures/archive/current_response_psim_archive.png; electrical-engineering-coursework-portfolio:docs/assets/motor/current_response_psim_archive.png; electrical-engineering-coursework-portfolio:docs/assets/archive/motor/current_response_psim_archive.png
COU-44379583071a,Unmapped,전류응답matlab.png,1648,820,26,EXACT-0225,COU-44379583071a,Exact Duplicate,Byte-identical to preferred source COU-44379583071a,,electrical-engineering-coursework-portfolio:03_motor_control/dc_motor_pi_control/figures/archive/current_response_matlab_archive.png; electrical-engineering-coursework-portfolio:docs/assets/archive/motor/current_response_matlab_archive.png
COU-7bf4735131a7,Unmapped,토크리플 10000.png,1897,886,26,EXACT-0226,COU-7bf4735131a7,Exact Duplicate,Byte-identical to preferred source COU-7bf4735131a7,,electrical-engineering-coursework-portfolio:03_motor_control/dc_motor_pi_control/figures/archive/torque_ripple_10khz_archive.png; electrical-engineering-coursework-portfolio:docs/assets/motor/torque_ripple_10khz_archive.png; electrical-engineering-coursework-portfolio:docs/assets/archive/motor/torque_ripple_10khz_archive.png
COU-f474e2106b70,Unmapped,토크리플 25000.png,1899,889,26,EXACT-0227,COU-f474e2106b70,Exact Duplicate,Byte-identical to preferred source COU-f474e2106b70,,electrical-engineering-coursework-portfolio:03_motor_control/dc_motor_pi_control/figures/archive/torque_ripple_25khz_archive.png; electrical-engineering-coursework-portfolio:docs/assets/archive/motor/torque_ripple_25khz_archive.png
COU-6dc4f0b86f13,Unmapped,프정격조건 속도 그래.png,1401,579,24,EXACT-0228,COU-6dc4f0b86f13,Exact Duplicate,Byte-identical to preferred source COU-6dc4f0b86f13,,electrical-engineering-coursework-portfolio:03_motor_control/dc_motor_pi_control/figures/archive/reference_speed_profile_archive.png; electrical-engineering-coursework-portfolio:docs/assets/archive/motor/reference_speed_profile_archive.png
COU-f3f295981cf2,Unmapped,회로도.png,1041,630,25,EXACT-0229,COU-f3f295981cf2,Exact Duplicate,Byte-identical to preferred source COU-f3f295981cf2,,electrical-engineering-coursework-portfolio:03_motor_control/dc_motor_pi_control/figures/archive/psim_circuit_archive.png; electrical-engineering-coursework-portfolio:docs/assets/motor/psim_circuit_archive.png; electrical-engineering-coursework-portfolio:docs/assets/archive/motor/psim_circuit_archive.png
COU-53d23c752128,VRET / External Project,학부 과제 및 프로젝트/VRET 사업과제/[서식1] (필수) 연구개발계획서_2026.02.27 (1).hwp::BinData/BIN0001.png,10326,2981,28,,,Instructor/Third-Party Material,"Tutorial, instructor material, data sheet, or external template",,
COU-717cf2a2dea4,VRET / External Project,학부 과제 및 프로젝트/VRET 사업과제/[서식1] (필수) 연구개발계획서_2026.02.27 (1).hwp::BinData/BIN0002.png,798,647,25,,,Instructor/Third-Party Material,"Tutorial, instructor material, data sheet, or external template",,
COU-173adb080c42,VRET / External Project,학부 과제 및 프로젝트/VRET 사업과제/[서식1] (필수) 연구개발계획서_2026.02.27 (1).hwp::BinData/BIN0003.png,4326,1702,28,,,Instructor/Third-Party Material,"Tutorial, instructor material, data sheet, or external template",,
COU-33315c63b90c,VRET / External Project,학부 과제 및 프로젝트/VRET 사업과제/[서식1] (필수) 연구개발계획서_2026.02.27 (1).hwp::BinData/BIN0004.png,3991,2262,28,,,Instructor/Third-Party Material,"Tutorial, instructor material, data sheet, or external template",,
COU-c18bd5497d88,VRET / External Project,학부 과제 및 프로젝트/VRET 사업과제/[서식1] (필수) 연구개발계획서_2026.02.27 (1).hwp::BinData/BIN0005.png,5573,2331,28,,,Instructor/Third-Party Material,"Tutorial, instructor material, data sheet, or external template",,
COU-495b5c8ee0bd,VRET / External Project,학부 과제 및 프로젝트/VRET 사업과제/[서식1] (필수) 연구개발계획서_2026.02.27 (1).hwp::BinData/BIN0006.png,6037,1930,28,,,Instructor/Third-Party Material,"Tutorial, instructor material, data sheet, or external template",,
COU-fd9ecaf6f3f8,VRET / External Project,학부 과제 및 프로젝트/VRET 사업과제/[서식1] (필수) 연구개발계획서_2026.02.27 (1).hwp::BinData/BIN0007.png,1114,615,25,,,Instructor/Third-Party Material,"Tutorial, instructor material, data sheet, or external template",,
COU-4cea004598fe,VRET / External Project,학부 과제 및 프로젝트/VRET 사업과제/[서식1] (필수) 연구개발계획서_2026.02.27 (1).hwp::BinData/BIN0008.png,619,667,25,,,Instructor/Third-Party Material,"Tutorial, instructor material, data sheet, or external template",,
COU-e146c18c8349,VRET / External Project,학부 과제 및 프로젝트/VRET 사업과제/[서식1] (필수) 연구개발계획서_2026.02.27 (1).hwp::BinData/BIN0009.png,521,577,23,,,Instructor/Third-Party Material,"Tutorial, instructor material, data sheet, or external template",,
COU-b4ff5dcacf47,VRET / External Project,학부 과제 및 프로젝트/VRET 사업과제/[서식1] (필수) 연구개발계획서_2026.02.27 (1).hwp::BinData/BIN000A.png,772,546,24,,,Instructor/Third-Party Material,"Tutorial, instructor material, data sheet, or external template",,
COU-f426496abe6f,VRET / External Project,학부 과제 및 프로젝트/VRET 사업과제/[서식1] (필수) 연구개발계획서_2026.02.27 (1).hwp::BinData/BIN000B.bmp,0,0,21,,,Instructor/Third-Party Material,"Tutorial, instructor material, data sheet, or external template",,
COU-7dc6ddcbf6ee,VRET / External Project,학부 과제 및 프로젝트/VRET 사업과제/[서식1] (필수) 연구개발계획서_2026.02.27 (1).hwp::BinData/BIN000C.bmp,0,0,21,,,Instructor/Third-Party Material,"Tutorial, instructor material, data sheet, or external template",,
COU-20e1168c8fb5,VRET / External Project,학부 과제 및 프로젝트/VRET 사업과제/[서식1] (필수) 연구개발계획서_2026.02.27 (1).hwp::BinData/BIN000D.bmp,0,0,21,,,Instructor/Third-Party Material,"Tutorial, instructor material, data sheet, or external template",,
COU-ece00e2690b1,VRET / External Project,학부 과제 및 프로젝트/VRET 사업과제/[서식1] (필수) 연구개발계획서_2026.02.27 (1).hwp::BinData/BIN000E.bmp,0,0,21,,,Instructor/Third-Party Material,"Tutorial, instructor material, data sheet, or external template",,
COU-dd30c01c188d,VRET / External Project,학부 과제 및 프로젝트/VRET 사업과제/[서식1] (필수) 연구개발계획서_2026.02.27 (1).hwp::BinData/BIN000F.bmp,0,0,21,,,Instructor/Third-Party Material,"Tutorial, instructor material, data sheet, or external template",,
COU-5c6add791bb6,VRET / External Project,학부 과제 및 프로젝트/VRET 사업과제/hmd.docx::word/media/image1.png,658,434,23,,,Requires User Review,Unmapped external/government project; IP approval required,,
PAP-9f7a6294eea2,FMCW Radar,논문/fmcw-aoac/paper_FMCW 레이더 비접촉 측정 기반 심박 신호의 대동맥판 개방 및 폐쇄 시점 분석에 관한 연구_류형록.pdf::page-1::Im1.png,1395,681,28,,,Publicly Withheld,"Lower-value, incomplete, redundant-context, or unverified visual",,
PAP-4cb5fef59360,FMCW Radar,논문/fmcw-aoac/paper_FMCW 레이더 비접촉 측정 기반 심박 신호의 대동맥판 개방 및 폐쇄 시점 분석에 관한 연구_류형록.pdf::page-1::Im2.jpg,1395,681,28,,,Published,Near-identical public derivative already in use,,fmcw-radar:docs/figures/paper-source/acquisition-to-aoac-workflow.png
PAP-90f486fc8adc,FMCW Radar,논문/fmcw-aoac/paper_FMCW 레이더 비접촉 측정 기반 심박 신호의 대동맥판 개방 및 폐쇄 시점 분석에 관한 연구_류형록.pdf::page-1::Im3.png,1011,642,28,,,Publicly Withheld,"Lower-value, incomplete, redundant-context, or unverified visual",,
PAP-cab4d8e1222c,FMCW Radar,논문/fmcw-aoac/paper_FMCW 레이더 비접촉 측정 기반 심박 신호의 대동맥판 개방 및 폐쇄 시점 분석에 관한 연구_류형록.pdf::page-1::Im4.jpg,1011,642,28,,,Published,Near-identical public derivative already in use,,fmcw-radar:docs/figures/paper-source/ecg-scg-radar-waveform-excerpt.png
PAP-4f8d045cf93e,FMCW Radar,논문/fmcw-aoac/paper_FMCW 레이더 비접촉 측정 기반 심박 신호의 대동맥판 개방 및 폐쇄 시점 분석에 관한 연구_류형록.pdf::page-2::Im5.jpg,820,685,28,,,Published,Near-identical public derivative already in use,,fmcw-radar:docs/figures/paper-source/beat-relative-aoac-landmarks.png
PAP-de3226ece1ba,FMCW Radar,논문/fmcw-aoac/paper_FMCW 레이더 비접촉 측정 기반 심박 신호의 대동맥판 개방 및 폐쇄 시점 분석에 관한 연구_류형록.pdf::page-2::Im6.png,842,499,27,,,Publicly Withheld,"Lower-value, incomplete, redundant-context, or unverified visual",,
PAP-a9b1f8768c0b,FMCW Radar,논문/fmcw-aoac/paper_FMCW 레이더 비접촉 측정 기반 심박 신호의 대동맥판 개방 및 폐쇄 시점 분석에 관한 연구_류형록.pdf::page-2::Im7.jpg,842,499,27,,,Published,Near-identical public derivative already in use,,fmcw-radar:docs/figures/paper-source/scg-radar-relative-timing-boxplot.png
PAP-d256b7fde572,PPG-HRV,논문/CNN-HRV/PPG회로 사진.png,778,348,29,,,Published,Near-identical public derivative already in use,,ppg-hrv:docs/figures/circuit/ppg_analog_frontend_circuit.png
PAP-4c23c1bb932d,PPG-HRV,논문/CNN-HRV/confusion_high_low.jpg,1080,900,32,NEAR-0069,PAP-4c23c1bb932d,Published,Exact public match,,ppg-hrv:docs/figures/results/fold_5/confusion_high_low.jpg
PAP-d9c041cadc9d,PPG-HRV,논문/CNN-HRV/loss 그래프.png,595,373,29,,,Published,Near-identical public derivative already in use,,ppg-hrv:docs/figures/results/aggregate-source-evidence/fold5-loss-history.png
PAP-86caad5773a5,PPG-HRV,논문/CNN-HRV/loss.jpg,1080,720,31,,,Published,Exact public match,,ppg-hrv:docs/figures/results/fold_5/loss.jpg
PAP-7012353ded1d,PPG-HRV,논문/CNN-HRV/roc_pr_cal.jpg,2160,720,33,,,Published,Exact public match,,ppg-hrv:docs/figures/results/fold_5/roc_pr_cal.jpg
PAP-1c51cde2e61b,PPG-HRV,논문/CNN-HRV/youdenJ_metrics_bar.jpg,1080,720,31,,,Published,Exact public match,,ppg-hrv:docs/figures/results/fold_5/youdenJ_metrics_bar.jpg
WITHHELD-1785,PPG-HRV,[private-source-redacted],672,553,24,NEAR-0070,[private-source-redacted],Private or Sensitive,Participant-level biosignal/result or raw physiological evidence; not public,,
WITHHELD-1786,PPG-HRV,[private-source-redacted],664,548,24,NEAR-0070,[private-source-redacted],Private or Sensitive,Participant-level biosignal/result or raw physiological evidence; not public,,
WITHHELD-1787,PPG-HRV,[private-source-redacted],680,564,24,NEAR-0071,[private-source-redacted],Private or Sensitive,Participant-level biosignal/result or raw physiological evidence; not public,,
WITHHELD-1788,PPG-HRV,[private-source-redacted],697,570,24,NEAR-0071,[private-source-redacted],Private or Sensitive,Participant-level biosignal/result or raw physiological evidence; not public,,
WITHHELD-1789,PPG-HRV,[private-source-redacted],690,559,24,NEAR-0070,[private-source-redacted],Private or Sensitive,Participant-level biosignal/result or raw physiological evidence; not public,,
WITHHELD-1790,PPG-HRV,[private-source-redacted],664,557,24,NEAR-0070,[private-source-redacted],Private or Sensitive,Participant-level biosignal/result or raw physiological evidence; not public,,
WITHHELD-1791,PPG-HRV,[private-source-redacted],629,502,24,NEAR-0072,[private-source-redacted],Private or Sensitive,Participant-level biosignal/result or raw physiological evidence; not public,,
WITHHELD-1792,PPG-HRV,[private-source-redacted],689,558,24,NEAR-0070,[private-source-redacted],Private or Sensitive,Participant-level biosignal/result or raw physiological evidence; not public,,
WITHHELD-1793,PPG-HRV,[private-source-redacted],718,564,25,,[private-source-redacted],Private or Sensitive,Participant-level biosignal/result or raw physiological evidence; not public,,
WITHHELD-1794,PPG-HRV,[private-source-redacted],671,526,24,NEAR-0072,[private-source-redacted],Private or Sensitive,Participant-level biosignal/result or raw physiological evidence; not public,,
WITHHELD-1795,PPG-HRV,[private-source-redacted],625,542,24,NEAR-0073,[private-source-redacted],Private or Sensitive,Participant-level biosignal/result or raw physiological evidence; not public,,
WITHHELD-1796,PPG-HRV,[private-source-redacted],611,535,24,,[private-source-redacted],Private or Sensitive,Participant-level biosignal/result or raw physiological evidence; not public,,
WITHHELD-1797,PPG-HRV,[private-source-redacted],770,580,25,,[private-source-redacted],Private or Sensitive,Participant-level biosignal/result or raw physiological evidence; not public,,
WITHHELD-1798,PPG-HRV,[private-source-redacted],635,541,24,,[private-source-redacted],Private or Sensitive,Participant-level biosignal/result or raw physiological evidence; not public,,
WITHHELD-1799,PPG-HRV,[private-source-redacted],597,531,24,NEAR-0073,[private-source-redacted],Private or Sensitive,Participant-level biosignal/result or raw physiological evidence; not public,,
PAP-0221f13f6bd1,PPG-HRV,논문/CNN-HRV/실험 결과값 모음/가상그룹 상위그룹 nback.jpg,1187,852,32,NEAR-0074,PAP-74643d5699d1,Near Duplicate,Visually similar to higher-resolution/preferred source PAP-74643d5699d1,,ppg-hrv:docs/figures/results/aggregate-source-evidence/synthetic-low-group-hrv.png
PAP-74643d5699d1,PPG-HRV,논문/CNN-HRV/실험 결과값 모음/가상그룹 하위그룹 nback.jpg,1189,901,33,NEAR-0074,PAP-74643d5699d1,Published,Near-identical public derivative already in use,,ppg-hrv:docs/figures/results/aggregate-source-evidence/synthetic-low-group-hrv.png
PAP-2261a196e6b3,PPG-HRV,논문/CNN-HRV/실험 결과값 모음/그룹별 HRV특징 Box plot.jpg,1387,913,34,,,Published,Near-identical public derivative already in use,,ppg-hrv:docs/figures/results/aggregate-source-evidence/group-hrv-boxplots.png
PAP-65e09bf58aee,PPG-HRV,논문/CNN-HRV/실험 결과값 모음/그룹별 HRV특징 heat map.jpg,972,616,32,,,Published,Near-identical public derivative already in use,,ppg-hrv:docs/figures/results/aggregate-source-evidence/group-hrv-heatmap.png
WITHHELD-1804,PPG-HRV,[private-source-redacted],1185,962,33,,[private-source-redacted],Private or Sensitive,Participant-level biosignal/result or raw physiological evidence; not public,,
PAP-dfbf1b932d3a,PPG-HRV,논문/CNN-HRV/실험 결과값 모음/실제와 가상 데이터 비교.jpg,1590,947,33,,,Published,Near-identical public derivative already in use,,ppg-hrv:docs/figures/results/aggregate-source-evidence/real-vs-synthetic-boxplots.png
PAP-8e2eb45b96d9,PPG-HRV,논문/CNN-HRV/실험 결과값 모음/정확도 및 loss.jpg,1184,497,31,,,Published,Near-identical public derivative already in use,,ppg-hrv:docs/figures/results/aggregate-source-evidence/accuracy-loss-history.png
PAP-b3549b52d534,PPG-HRV,논문/CNN-HRV/실험 결과값 모음/혼돈행렬 k fold.jpg,855,569,30,,,Published,Near-identical public derivative already in use,,ppg-hrv:docs/figures/results/aggregate-source-evidence/kfold-confusion-matrix.png
WITHHELD-1808,PPG-HRV,[private-source-redacted],1046,875,31,,[private-source-redacted],Private or Sensitive,Participant-level biosignal/result or raw physiological evidence; not public,,
WITHHELD-1809,PPG-HRV,[private-source-redacted],1039,832,31,,[private-source-redacted],Private or Sensitive,Participant-level biosignal/result or raw physiological evidence; not public,,
PAP-f2b7cc27e6b5,PPG-HRV,논문/CNN-HRV/행렬.jpg,805,648,30,NEAR-0069,PAP-4c23c1bb932d,Near Duplicate,Visually similar to higher-resolution/preferred source PAP-4c23c1bb932d,,ppg-hrv:docs/figures/results/fold_1/confusion_high_low.jpg; ppg-hrv:docs/figures/results/fold_2/confusion_high_low.jpg; ppg-hrv:docs/figures/results/fold_3/confusion_high_low.jpg; ppg-hrv:docs/figures/results/fold_4/confusion_high_low.jpg; ppg-hrv:docs/figures/results/fold_5/confusion_high_low.jpg; ppg-hrv:docs/figures/results/holdout_test/confusion_high_low.jpg
PAP-767516a6f008,PPG-HRV,논문/CNN-HRV/혼돈행렬.png,760,604,30,NEAR-0069,PAP-4c23c1bb932d,Near Duplicate,Visually similar to higher-resolution/preferred source PAP-4c23c1bb932d,,ppg-hrv:docs/figures/results/fold_1/confusion_high_low.jpg; ppg-hrv:docs/figures/results/fold_2/confusion_high_low.jpg; ppg-hrv:docs/figures/results/fold_3/confusion_high_low.jpg; ppg-hrv:docs/figures/results/fold_4/confusion_high_low.jpg; ppg-hrv:docs/figures/results/fold_5/confusion_high_low.jpg; ppg-hrv:docs/figures/results/holdout_test/confusion_high_low.jpg
